{"timestamp":"2026-01-20T01:42:45.480896Z","level":"info","event":"DAG bundles loaded: dags-folder","logger":"airflow.dag_processing.bundles.manager.DagBundlesManager","filename":"manager.py","lineno":179}
{"timestamp":"2026-01-20T01:42:45.481718Z","level":"info","event":"Filling up the DagBag from /opt/airflow/dags/scrapy_pipeline.py","logger":"airflow.models.dagbag.DagBag","filename":"dagbag.py","lineno":593}
{"timestamp":"2026-01-20T01:42:45.532733Z","level":"info","event":"Tmp dir root location: /tmp","logger":"airflow.task.hooks.airflow.providers.standard.hooks.subprocess.SubprocessHook","filename":"subprocess.py","lineno":78}
{"timestamp":"2026-01-20T01:42:45.532893Z","level":"info","event":"Running command: ['/usr/bin/bash', '-c', 'export PYTHONPATH=$PYTHONPATH:/opt/airflow/project/ecommerce_scraper && python3 -m scrapy crawl cute_mercado_livre_spider']","logger":"airflow.task.hooks.airflow.providers.standard.hooks.subprocess.SubprocessHook","filename":"subprocess.py","lineno":80}
{"timestamp":"2026-01-20T01:42:45.533685Z","level":"info","event":"Output:","logger":"airflow.task.hooks.airflow.providers.standard.hooks.subprocess.SubprocessHook","filename":"subprocess.py","lineno":92}
{"timestamp":"2026-01-20T01:42:46.540559Z","level":"info","event":"2026-01-20 01:42:46 [scrapy.utils.log] INFO: Scrapy 2.13.4 started (bot: ecommerce_scraper)","logger":"airflow.task.hooks.airflow.providers.standard.hooks.subprocess.SubprocessHook","filename":"subprocess.py","lineno":99}
{"timestamp":"2026-01-20T01:42:46.549654Z","level":"info","event":"2026-01-20 01:42:46 [scrapy.utils.log] INFO: Versions:","logger":"airflow.task.hooks.airflow.providers.standard.hooks.subprocess.SubprocessHook","filename":"subprocess.py","lineno":99}
{"timestamp":"2026-01-20T01:42:46.549831Z","level":"info","event":"{'lxml': '6.0.2',","logger":"airflow.task.hooks.airflow.providers.standard.hooks.subprocess.SubprocessHook","filename":"subprocess.py","lineno":99}
{"timestamp":"2026-01-20T01:42:46.549906Z","level":"info","event":" 'libxml2': '2.9.14',","logger":"airflow.task.hooks.airflow.providers.standard.hooks.subprocess.SubprocessHook","filename":"subprocess.py","lineno":99}
{"timestamp":"2026-01-20T01:42:46.549962Z","level":"info","event":" 'cssselect': '1.3.0',","logger":"airflow.task.hooks.airflow.providers.standard.hooks.subprocess.SubprocessHook","filename":"subprocess.py","lineno":99}
{"timestamp":"2026-01-20T01:42:46.549997Z","level":"info","event":" 'parsel': '1.10.0',","logger":"airflow.task.hooks.airflow.providers.standard.hooks.subprocess.SubprocessHook","filename":"subprocess.py","lineno":99}
{"timestamp":"2026-01-20T01:42:46.550036Z","level":"info","event":" 'w3lib': '2.3.1',","logger":"airflow.task.hooks.airflow.providers.standard.hooks.subprocess.SubprocessHook","filename":"subprocess.py","lineno":99}
{"timestamp":"2026-01-20T01:42:46.550068Z","level":"info","event":" 'Twisted': '25.5.0',","logger":"airflow.task.hooks.airflow.providers.standard.hooks.subprocess.SubprocessHook","filename":"subprocess.py","lineno":99}
{"timestamp":"2026-01-20T01:42:46.550102Z","level":"info","event":" 'Python': '3.12.12 (main, Dec 12 2025, 21:44:08) [GCC 12.2.0]',","logger":"airflow.task.hooks.airflow.providers.standard.hooks.subprocess.SubprocessHook","filename":"subprocess.py","lineno":99}
{"timestamp":"2026-01-20T01:42:46.550139Z","level":"info","event":" 'pyOpenSSL': '25.3.0 (OpenSSL 3.5.4 30 Sep 2025)',","logger":"airflow.task.hooks.airflow.providers.standard.hooks.subprocess.SubprocessHook","filename":"subprocess.py","lineno":99}
{"timestamp":"2026-01-20T01:42:46.550174Z","level":"info","event":" 'cryptography': '46.0.3',","logger":"airflow.task.hooks.airflow.providers.standard.hooks.subprocess.SubprocessHook","filename":"subprocess.py","lineno":99}
{"timestamp":"2026-01-20T01:42:46.550208Z","level":"info","event":" 'Platform': 'Linux-6.6.87.2-microsoft-standard-WSL2-x86_64-with-glibc2.36'}","logger":"airflow.task.hooks.airflow.providers.standard.hooks.subprocess.SubprocessHook","filename":"subprocess.py","lineno":99}
{"timestamp":"2026-01-20T01:42:46.551555Z","level":"info","event":"2026-01-20 01:42:46 [scrapy.addons] INFO: Enabled addons:","logger":"airflow.task.hooks.airflow.providers.standard.hooks.subprocess.SubprocessHook","filename":"subprocess.py","lineno":99}
{"timestamp":"2026-01-20T01:42:46.551644Z","level":"info","event":"[]","logger":"airflow.task.hooks.airflow.providers.standard.hooks.subprocess.SubprocessHook","filename":"subprocess.py","lineno":99}
{"timestamp":"2026-01-20T01:42:46.554420Z","level":"info","event":"2026-01-20 01:42:46 [asyncio] DEBUG: Using selector: EpollSelector","logger":"airflow.task.hooks.airflow.providers.standard.hooks.subprocess.SubprocessHook","filename":"subprocess.py","lineno":99}
{"timestamp":"2026-01-20T01:42:46.554770Z","level":"info","event":"2026-01-20 01:42:46 [scrapy.utils.log] DEBUG: Using reactor: twisted.internet.asyncioreactor.AsyncioSelectorReactor","logger":"airflow.task.hooks.airflow.providers.standard.hooks.subprocess.SubprocessHook","filename":"subprocess.py","lineno":99}
{"timestamp":"2026-01-20T01:42:46.554855Z","level":"info","event":"2026-01-20 01:42:46 [scrapy.utils.log] DEBUG: Using asyncio event loop: asyncio.unix_events._UnixSelectorEventLoop","logger":"airflow.task.hooks.airflow.providers.standard.hooks.subprocess.SubprocessHook","filename":"subprocess.py","lineno":99}
{"timestamp":"2026-01-20T01:42:46.558414Z","level":"info","event":"2026-01-20 01:42:46 [scrapy.extensions.telnet] INFO: Telnet Password: e019ba21742b111e","logger":"airflow.task.hooks.airflow.providers.standard.hooks.subprocess.SubprocessHook","filename":"subprocess.py","lineno":99}
{"timestamp":"2026-01-20T01:42:46.573197Z","level":"info","event":"2026-01-20 01:42:46 [scrapy.middleware] INFO: Enabled extensions:","logger":"airflow.task.hooks.airflow.providers.standard.hooks.subprocess.SubprocessHook","filename":"subprocess.py","lineno":99}
{"timestamp":"2026-01-20T01:42:46.573345Z","level":"info","event":"['scrapy.extensions.corestats.CoreStats',","logger":"airflow.task.hooks.airflow.providers.standard.hooks.subprocess.SubprocessHook","filename":"subprocess.py","lineno":99}
{"timestamp":"2026-01-20T01:42:46.573400Z","level":"info","event":" 'scrapy.extensions.telnet.TelnetConsole',","logger":"airflow.task.hooks.airflow.providers.standard.hooks.subprocess.SubprocessHook","filename":"subprocess.py","lineno":99}
{"timestamp":"2026-01-20T01:42:46.573440Z","level":"info","event":" 'scrapy.extensions.memusage.MemoryUsage',","logger":"airflow.task.hooks.airflow.providers.standard.hooks.subprocess.SubprocessHook","filename":"subprocess.py","lineno":99}
{"timestamp":"2026-01-20T01:42:46.573472Z","level":"info","event":" 'scrapy.extensions.logstats.LogStats',","logger":"airflow.task.hooks.airflow.providers.standard.hooks.subprocess.SubprocessHook","filename":"subprocess.py","lineno":99}
{"timestamp":"2026-01-20T01:42:46.573502Z","level":"info","event":" 'scrapy.extensions.throttle.AutoThrottle']","logger":"airflow.task.hooks.airflow.providers.standard.hooks.subprocess.SubprocessHook","filename":"subprocess.py","lineno":99}
{"timestamp":"2026-01-20T01:42:46.573535Z","level":"info","event":"2026-01-20 01:42:46 [scrapy.crawler] INFO: Overridden settings:","logger":"airflow.task.hooks.airflow.providers.standard.hooks.subprocess.SubprocessHook","filename":"subprocess.py","lineno":99}
{"timestamp":"2026-01-20T01:42:46.573565Z","level":"info","event":"{'AUTOTHROTTLE_ENABLED': True,","logger":"airflow.task.hooks.airflow.providers.standard.hooks.subprocess.SubprocessHook","filename":"subprocess.py","lineno":99}
{"timestamp":"2026-01-20T01:42:46.573594Z","level":"info","event":" 'BOT_NAME': 'ecommerce_scraper',","logger":"airflow.task.hooks.airflow.providers.standard.hooks.subprocess.SubprocessHook","filename":"subprocess.py","lineno":99}
{"timestamp":"2026-01-20T01:42:46.573622Z","level":"info","event":" 'CONCURRENT_REQUESTS_PER_DOMAIN': 1,","logger":"airflow.task.hooks.airflow.providers.standard.hooks.subprocess.SubprocessHook","filename":"subprocess.py","lineno":99}
{"timestamp":"2026-01-20T01:42:46.573649Z","level":"info","event":" 'DOWNLOAD_DELAY': 1,","logger":"airflow.task.hooks.airflow.providers.standard.hooks.subprocess.SubprocessHook","filename":"subprocess.py","lineno":99}
{"timestamp":"2026-01-20T01:42:46.573678Z","level":"info","event":" 'FEED_EXPORT_ENCODING': 'utf-8',","logger":"airflow.task.hooks.airflow.providers.standard.hooks.subprocess.SubprocessHook","filename":"subprocess.py","lineno":99}
{"timestamp":"2026-01-20T01:42:46.573704Z","level":"info","event":" 'NEWSPIDER_MODULE': 'ecommerce_scraper.spiders',","logger":"airflow.task.hooks.airflow.providers.standard.hooks.subprocess.SubprocessHook","filename":"subprocess.py","lineno":99}
{"timestamp":"2026-01-20T01:42:46.573785Z","level":"info","event":" 'ROBOTSTXT_OBEY': True,","logger":"airflow.task.hooks.airflow.providers.standard.hooks.subprocess.SubprocessHook","filename":"subprocess.py","lineno":99}
{"timestamp":"2026-01-20T01:42:46.573855Z","level":"info","event":" 'SPIDER_MODULES': ['ecommerce_scraper.spiders']}","logger":"airflow.task.hooks.airflow.providers.standard.hooks.subprocess.SubprocessHook","filename":"subprocess.py","lineno":99}
{"timestamp":"2026-01-20T01:42:47.569820Z","level":"info","event":"2026-01-20 01:42:47 [faker.factory] DEBUG: Not in REPL -> leaving logger event level as is.","logger":"airflow.task.hooks.airflow.providers.standard.hooks.subprocess.SubprocessHook","filename":"subprocess.py","lineno":99}
{"timestamp":"2026-01-20T01:42:47.646522Z","level":"info","event":"2026-01-20 01:42:47 [scrapy_ua_rotator.middleware] DEBUG: Loaded User-Agent provider: scrapy_ua_rotator.providers.FakeUserAgentProvider","logger":"airflow.task.hooks.airflow.providers.standard.hooks.subprocess.SubprocessHook","filename":"subprocess.py","lineno":99}
{"timestamp":"2026-01-20T01:42:47.713419Z","level":"info","event":"2026-01-20 01:42:47 [scrapy.middleware] INFO: Enabled downloader middlewares:","logger":"airflow.task.hooks.airflow.providers.standard.hooks.subprocess.SubprocessHook","filename":"subprocess.py","lineno":99}
{"timestamp":"2026-01-20T01:42:47.713596Z","level":"info","event":"['scrapy.downloadermiddlewares.offsite.OffsiteMiddleware',","logger":"airflow.task.hooks.airflow.providers.standard.hooks.subprocess.SubprocessHook","filename":"subprocess.py","lineno":99}
{"timestamp":"2026-01-20T01:42:47.713680Z","level":"info","event":" 'scrapy.downloadermiddlewares.robotstxt.RobotsTxtMiddleware',","logger":"airflow.task.hooks.airflow.providers.standard.hooks.subprocess.SubprocessHook","filename":"subprocess.py","lineno":99}
{"timestamp":"2026-01-20T01:42:47.713732Z","level":"info","event":" 'scrapy.downloadermiddlewares.httpauth.HttpAuthMiddleware',","logger":"airflow.task.hooks.airflow.providers.standard.hooks.subprocess.SubprocessHook","filename":"subprocess.py","lineno":99}
{"timestamp":"2026-01-20T01:42:47.713771Z","level":"info","event":" 'scrapy.downloadermiddlewares.downloadtimeout.DownloadTimeoutMiddleware',","logger":"airflow.task.hooks.airflow.providers.standard.hooks.subprocess.SubprocessHook","filename":"subprocess.py","lineno":99}
{"timestamp":"2026-01-20T01:42:47.713805Z","level":"info","event":" 'scrapy.downloadermiddlewares.defaultheaders.DefaultHeadersMiddleware',","logger":"airflow.task.hooks.airflow.providers.standard.hooks.subprocess.SubprocessHook","filename":"subprocess.py","lineno":99}
{"timestamp":"2026-01-20T01:42:47.713839Z","level":"info","event":" 'scrapy_ua_rotator.middleware.RandomUserAgentMiddleware',","logger":"airflow.task.hooks.airflow.providers.standard.hooks.subprocess.SubprocessHook","filename":"subprocess.py","lineno":99}
{"timestamp":"2026-01-20T01:42:47.713870Z","level":"info","event":" 'scrapy.downloadermiddlewares.retry.RetryMiddleware',","logger":"airflow.task.hooks.airflow.providers.standard.hooks.subprocess.SubprocessHook","filename":"subprocess.py","lineno":99}
{"timestamp":"2026-01-20T01:42:47.713960Z","level":"info","event":" 'scrapy.downloadermiddlewares.redirect.MetaRefreshMiddleware',","logger":"airflow.task.hooks.airflow.providers.standard.hooks.subprocess.SubprocessHook","filename":"subprocess.py","lineno":99}
{"timestamp":"2026-01-20T01:42:47.713998Z","level":"info","event":" 'scrapy.downloadermiddlewares.httpcompression.HttpCompressionMiddleware',","logger":"airflow.task.hooks.airflow.providers.standard.hooks.subprocess.SubprocessHook","filename":"subprocess.py","lineno":99}
{"timestamp":"2026-01-20T01:42:47.714030Z","level":"info","event":" 'scrapy.downloadermiddlewares.redirect.RedirectMiddleware',","logger":"airflow.task.hooks.airflow.providers.standard.hooks.subprocess.SubprocessHook","filename":"subprocess.py","lineno":99}
{"timestamp":"2026-01-20T01:42:47.714060Z","level":"info","event":" 'scrapy.downloadermiddlewares.cookies.CookiesMiddleware',","logger":"airflow.task.hooks.airflow.providers.standard.hooks.subprocess.SubprocessHook","filename":"subprocess.py","lineno":99}
{"timestamp":"2026-01-20T01:42:47.714089Z","level":"info","event":" 'scrapy.downloadermiddlewares.httpproxy.HttpProxyMiddleware',","logger":"airflow.task.hooks.airflow.providers.standard.hooks.subprocess.SubprocessHook","filename":"subprocess.py","lineno":99}
{"timestamp":"2026-01-20T01:42:47.714146Z","level":"info","event":" 'scrapy.downloadermiddlewares.stats.DownloaderStats']","logger":"airflow.task.hooks.airflow.providers.standard.hooks.subprocess.SubprocessHook","filename":"subprocess.py","lineno":99}
{"timestamp":"2026-01-20T01:42:47.719695Z","level":"info","event":"2026-01-20 01:42:47 [scrapy.middleware] INFO: Enabled spider middlewares:","logger":"airflow.task.hooks.airflow.providers.standard.hooks.subprocess.SubprocessHook","filename":"subprocess.py","lineno":99}
{"timestamp":"2026-01-20T01:42:47.719866Z","level":"info","event":"['scrapy.spidermiddlewares.start.StartSpiderMiddleware',","logger":"airflow.task.hooks.airflow.providers.standard.hooks.subprocess.SubprocessHook","filename":"subprocess.py","lineno":99}
{"timestamp":"2026-01-20T01:42:47.719923Z","level":"info","event":" 'scrapy.spidermiddlewares.httperror.HttpErrorMiddleware',","logger":"airflow.task.hooks.airflow.providers.standard.hooks.subprocess.SubprocessHook","filename":"subprocess.py","lineno":99}
{"timestamp":"2026-01-20T01:42:47.719962Z","level":"info","event":" 'scrapy.spidermiddlewares.referer.RefererMiddleware',","logger":"airflow.task.hooks.airflow.providers.standard.hooks.subprocess.SubprocessHook","filename":"subprocess.py","lineno":99}
{"timestamp":"2026-01-20T01:42:47.719996Z","level":"info","event":" 'scrapy.spidermiddlewares.urllength.UrlLengthMiddleware',","logger":"airflow.task.hooks.airflow.providers.standard.hooks.subprocess.SubprocessHook","filename":"subprocess.py","lineno":99}
{"timestamp":"2026-01-20T01:42:47.720027Z","level":"info","event":" 'scrapy.spidermiddlewares.depth.DepthMiddleware']","logger":"airflow.task.hooks.airflow.providers.standard.hooks.subprocess.SubprocessHook","filename":"subprocess.py","lineno":99}
{"timestamp":"2026-01-20T01:42:47.741593Z","level":"info","event":"2026-01-20 01:42:47 [scrapy.middleware] INFO: Enabled item pipelines:","logger":"airflow.task.hooks.airflow.providers.standard.hooks.subprocess.SubprocessHook","filename":"subprocess.py","lineno":99}
{"timestamp":"2026-01-20T01:42:47.741784Z","level":"info","event":"['ecommerce_scraper.pipelines.PostgresPipeline']","logger":"airflow.task.hooks.airflow.providers.standard.hooks.subprocess.SubprocessHook","filename":"subprocess.py","lineno":99}
{"timestamp":"2026-01-20T01:42:47.742212Z","level":"info","event":"2026-01-20 01:42:47 [scrapy.core.engine] INFO: Spider opened","logger":"airflow.task.hooks.airflow.providers.standard.hooks.subprocess.SubprocessHook","filename":"subprocess.py","lineno":99}
{"timestamp":"2026-01-20T01:42:47.760583Z","level":"info","event":"2026-01-20 01:42:47 [py.warnings] WARNING: /home/airflow/.local/lib/python3.12/site-packages/scrapy/core/spidermw.py:433: ScrapyDeprecationWarning: ecommerce_scraper.spiders.mercado_livre_scraper.MercadoLivreSpider defines the deprecated start_requests() method. start_requests() has been deprecated in favor of a new method, start(), to support asynchronous code execution. start_requests() will stop being called in a future version of Scrapy. If you use Scrapy 2.13 or higher only, replace start_requests() with start(); note that start() is a coroutine (async def). If you need to maintain compatibility with lower Scrapy versions, when overriding start_requests() in a spider class, override start() as well; you can use super() to reuse the inherited start() implementation without copy-pasting. See the release notes of Scrapy 2.13 for details: https://docs.scrapy.org/en/2.13/news.html","logger":"airflow.task.hooks.airflow.providers.standard.hooks.subprocess.SubprocessHook","filename":"subprocess.py","lineno":99}
{"timestamp":"2026-01-20T01:42:47.760753Z","level":"info","event":"  warn(","logger":"airflow.task.hooks.airflow.providers.standard.hooks.subprocess.SubprocessHook","filename":"subprocess.py","lineno":99}
{"timestamp":"2026-01-20T01:42:47.760809Z","level":"info","event":"","logger":"airflow.task.hooks.airflow.providers.standard.hooks.subprocess.SubprocessHook","filename":"subprocess.py","lineno":99}
{"timestamp":"2026-01-20T01:42:47.777776Z","level":"info","event":"2026-01-20 01:42:47 [scrapy.extensions.logstats] INFO: Crawled 0 pages (at 0 pages/min), scraped 0 items (at 0 items/min)","logger":"airflow.task.hooks.airflow.providers.standard.hooks.subprocess.SubprocessHook","filename":"subprocess.py","lineno":99}
{"timestamp":"2026-01-20T01:42:47.779007Z","level":"info","event":"2026-01-20 01:42:47 [scrapy.extensions.telnet] INFO: Telnet console listening on 127.0.0.1:6023","logger":"airflow.task.hooks.airflow.providers.standard.hooks.subprocess.SubprocessHook","filename":"subprocess.py","lineno":99}
{"timestamp":"2026-01-20T01:42:48.076440Z","level":"info","event":"2026-01-20 01:42:48 [urllib3.connectionpool] DEBUG: Starting new HTTPS connection (1): publicsuffix.org:443","logger":"airflow.task.hooks.airflow.providers.standard.hooks.subprocess.SubprocessHook","filename":"subprocess.py","lineno":99}
{"timestamp":"2026-01-20T01:42:48.186238Z","level":"info","event":"2026-01-20 01:42:48 [urllib3.connectionpool] DEBUG: https://publicsuffix.org:443 \"GET /list/public_suffix_list.dat HTTP/1.1\" 200 89568","logger":"airflow.task.hooks.airflow.providers.standard.hooks.subprocess.SubprocessHook","filename":"subprocess.py","lineno":99}
{"timestamp":"2026-01-20T01:42:48.280509Z","level":"info","event":"2026-01-20 01:42:48 [scrapy.core.engine] DEBUG: Crawled (200) <GET https://lista.mercadolivre.com.br/robots.txt> (referer: None)","logger":"airflow.task.hooks.airflow.providers.standard.hooks.subprocess.SubprocessHook","filename":"subprocess.py","lineno":99}
{"timestamp":"2026-01-20T01:42:53.543914Z","level":"info","event":"2026-01-20 01:42:53 [scrapy.core.engine] DEBUG: Crawled (200) <GET https://lista.mercadolivre.com.br/notebook#D%5BA:notebook%5D> (referer: None)","logger":"airflow.task.hooks.airflow.providers.standard.hooks.subprocess.SubprocessHook","filename":"subprocess.py","lineno":99}
{"timestamp":"2026-01-20T01:42:53.709596Z","level":"info","event":"2026-01-20 01:42:53 [scrapy.core.scraper] DEBUG: Scraped from <200 https://lista.mercadolivre.com.br/notebook>","logger":"airflow.task.hooks.airflow.providers.standard.hooks.subprocess.SubprocessHook","filename":"subprocess.py","lineno":99}
{"timestamp":"2026-01-20T01:42:53.709772Z","level":"info","event":"{'color': 'N/A',","logger":"airflow.task.hooks.airflow.providers.standard.hooks.subprocess.SubprocessHook","filename":"subprocess.py","lineno":99}
{"timestamp":"2026-01-20T01:42:53.709826Z","level":"info","event":" 'full_title': 'Notebook ASUS Vivobook Go 15 E1504, AMD RYZEN 5 7520U 2,8 GHz, '","logger":"airflow.task.hooks.airflow.providers.standard.hooks.subprocess.SubprocessHook","filename":"subprocess.py","lineno":99}
{"timestamp":"2026-01-20T01:42:53.709867Z","level":"info","event":"               '8GB Ram, 256GB SSD, Windows 11 Home, Tela 15,6\" FHD, Black - '","logger":"airflow.task.hooks.airflow.providers.standard.hooks.subprocess.SubprocessHook","filename":"subprocess.py","lineno":99}
{"timestamp":"2026-01-20T01:42:53.709912Z","level":"info","event":"               'E1504FA-NJ825W',","logger":"airflow.task.hooks.airflow.providers.standard.hooks.subprocess.SubprocessHook","filename":"subprocess.py","lineno":99}
{"timestamp":"2026-01-20T01:42:53.709953Z","level":"info","event":" 'memory': '8GB',","logger":"airflow.task.hooks.airflow.providers.standard.hooks.subprocess.SubprocessHook","filename":"subprocess.py","lineno":99}
{"timestamp":"2026-01-20T01:42:53.709986Z","level":"info","event":" 'price': '2.999',","logger":"airflow.task.hooks.airflow.providers.standard.hooks.subprocess.SubprocessHook","filename":"subprocess.py","lineno":99}
{"timestamp":"2026-01-20T01:42:53.710021Z","level":"info","event":" 'rating': '4.9',","logger":"airflow.task.hooks.airflow.providers.standard.hooks.subprocess.SubprocessHook","filename":"subprocess.py","lineno":99}
{"timestamp":"2026-01-20T01:42:53.710051Z","level":"info","event":" 'site_name': 'mercado_livre',","logger":"airflow.task.hooks.airflow.providers.standard.hooks.subprocess.SubprocessHook","filename":"subprocess.py","lineno":99}
{"timestamp":"2026-01-20T01:42:53.710080Z","level":"info","event":" 'storage': '256GB'}","logger":"airflow.task.hooks.airflow.providers.standard.hooks.subprocess.SubprocessHook","filename":"subprocess.py","lineno":99}
{"timestamp":"2026-01-20T01:42:53.720457Z","level":"info","event":"2026-01-20 01:42:53 [scrapy.core.scraper] DEBUG: Scraped from <200 https://lista.mercadolivre.com.br/notebook>","logger":"airflow.task.hooks.airflow.providers.standard.hooks.subprocess.SubprocessHook","filename":"subprocess.py","lineno":99}
{"timestamp":"2026-01-20T01:42:53.720572Z","level":"info","event":"{'color': 'Grey',","logger":"airflow.task.hooks.airflow.providers.standard.hooks.subprocess.SubprocessHook","filename":"subprocess.py","lineno":99}
{"timestamp":"2026-01-20T01:42:53.720639Z","level":"info","event":" 'full_title': 'Notebook Asus X515 Intel Celeron Dual Core N4500 4GB Ram 128GB '","logger":"airflow.task.hooks.airflow.providers.standard.hooks.subprocess.SubprocessHook","filename":"subprocess.py","lineno":99}
{"timestamp":"2026-01-20T01:42:53.720675Z","level":"info","event":"               'SSD Windows 11 Home Tela 15,6 Slate Grey - X515KA-BR309WS',","logger":"airflow.task.hooks.airflow.providers.standard.hooks.subprocess.SubprocessHook","filename":"subprocess.py","lineno":99}
{"timestamp":"2026-01-20T01:42:53.720712Z","level":"info","event":" 'memory': '4GB',","logger":"airflow.task.hooks.airflow.providers.standard.hooks.subprocess.SubprocessHook","filename":"subprocess.py","lineno":99}
{"timestamp":"2026-01-20T01:42:53.720753Z","level":"info","event":" 'price': '1.899',","logger":"airflow.task.hooks.airflow.providers.standard.hooks.subprocess.SubprocessHook","filename":"subprocess.py","lineno":99}
{"timestamp":"2026-01-20T01:42:53.720786Z","level":"info","event":" 'rating': '4.8',","logger":"airflow.task.hooks.airflow.providers.standard.hooks.subprocess.SubprocessHook","filename":"subprocess.py","lineno":99}
{"timestamp":"2026-01-20T01:42:53.720828Z","level":"info","event":" 'site_name': 'mercado_livre',","logger":"airflow.task.hooks.airflow.providers.standard.hooks.subprocess.SubprocessHook","filename":"subprocess.py","lineno":99}
{"timestamp":"2026-01-20T01:42:53.720857Z","level":"info","event":" 'storage': '128GB'}","logger":"airflow.task.hooks.airflow.providers.standard.hooks.subprocess.SubprocessHook","filename":"subprocess.py","lineno":99}
{"timestamp":"2026-01-20T01:42:53.721960Z","level":"info","event":"2026-01-20 01:42:53 [scrapy.core.scraper] DEBUG: Scraped from <200 https://lista.mercadolivre.com.br/notebook>","logger":"airflow.task.hooks.airflow.providers.standard.hooks.subprocess.SubprocessHook","filename":"subprocess.py","lineno":99}
{"timestamp":"2026-01-20T01:42:53.722053Z","level":"info","event":"{'color': 'N/A',","logger":"airflow.task.hooks.airflow.providers.standard.hooks.subprocess.SubprocessHook","filename":"subprocess.py","lineno":99}
{"timestamp":"2026-01-20T01:42:53.722104Z","level":"info","event":" 'full_title': \"Notebook Multi Ultra Celeron N4020c 4gb 128gb W11 15,6'' Cinza \"","logger":"airflow.task.hooks.airflow.providers.standard.hooks.subprocess.SubprocessHook","filename":"subprocess.py","lineno":99}
{"timestamp":"2026-01-20T01:42:53.722140Z","level":"info","event":"               '- Ub261',","logger":"airflow.task.hooks.airflow.providers.standard.hooks.subprocess.SubprocessHook","filename":"subprocess.py","lineno":99}
{"timestamp":"2026-01-20T01:42:53.722171Z","level":"info","event":" 'memory': 'N/A',","logger":"airflow.task.hooks.airflow.providers.standard.hooks.subprocess.SubprocessHook","filename":"subprocess.py","lineno":99}
{"timestamp":"2026-01-20T01:42:53.722202Z","level":"info","event":" 'price': '2.098',","logger":"airflow.task.hooks.airflow.providers.standard.hooks.subprocess.SubprocessHook","filename":"subprocess.py","lineno":99}
{"timestamp":"2026-01-20T01:42:53.722231Z","level":"info","event":" 'rating': '4.6',","logger":"airflow.task.hooks.airflow.providers.standard.hooks.subprocess.SubprocessHook","filename":"subprocess.py","lineno":99}
{"timestamp":"2026-01-20T01:42:53.722260Z","level":"info","event":" 'site_name': 'mercado_livre',","logger":"airflow.task.hooks.airflow.providers.standard.hooks.subprocess.SubprocessHook","filename":"subprocess.py","lineno":99}
{"timestamp":"2026-01-20T01:42:53.722289Z","level":"info","event":" 'storage': 'N/A'}","logger":"airflow.task.hooks.airflow.providers.standard.hooks.subprocess.SubprocessHook","filename":"subprocess.py","lineno":99}
{"timestamp":"2026-01-20T01:42:53.723338Z","level":"info","event":"2026-01-20 01:42:53 [scrapy.core.scraper] DEBUG: Scraped from <200 https://lista.mercadolivre.com.br/notebook>","logger":"airflow.task.hooks.airflow.providers.standard.hooks.subprocess.SubprocessHook","filename":"subprocess.py","lineno":99}
{"timestamp":"2026-01-20T01:42:53.723431Z","level":"info","event":"{'color': 'N/A',","logger":"airflow.task.hooks.airflow.providers.standard.hooks.subprocess.SubprocessHook","filename":"subprocess.py","lineno":99}
{"timestamp":"2026-01-20T01:42:53.723484Z","level":"info","event":" 'full_title': 'Notebook Positivo Vision R15m Amd Ryzen 5-5625u Linux 8gb Ram '","logger":"airflow.task.hooks.airflow.providers.standard.hooks.subprocess.SubprocessHook","filename":"subprocess.py","lineno":99}
{"timestamp":"2026-01-20T01:42:53.723555Z","level":"info","event":"               '256gb Ssd Wi-fi 6 Tela 15 Full Hd Ips Antirreflexo - Permite '","logger":"airflow.task.hooks.airflow.providers.standard.hooks.subprocess.SubprocessHook","filename":"subprocess.py","lineno":99}
{"timestamp":"2026-01-20T01:42:53.723628Z","level":"info","event":"               'Upgrade De Memória Ram E Ssd - Preto',","logger":"airflow.task.hooks.airflow.providers.standard.hooks.subprocess.SubprocessHook","filename":"subprocess.py","lineno":99}
{"timestamp":"2026-01-20T01:42:53.723692Z","level":"info","event":" 'memory': '8gb',","logger":"airflow.task.hooks.airflow.providers.standard.hooks.subprocess.SubprocessHook","filename":"subprocess.py","lineno":99}
{"timestamp":"2026-01-20T01:42:53.723756Z","level":"info","event":" 'price': '3.855',","logger":"airflow.task.hooks.airflow.providers.standard.hooks.subprocess.SubprocessHook","filename":"subprocess.py","lineno":99}
{"timestamp":"2026-01-20T01:42:53.723821Z","level":"info","event":" 'rating': '4.8',","logger":"airflow.task.hooks.airflow.providers.standard.hooks.subprocess.SubprocessHook","filename":"subprocess.py","lineno":99}
{"timestamp":"2026-01-20T01:42:53.723893Z","level":"info","event":" 'site_name': 'mercado_livre',","logger":"airflow.task.hooks.airflow.providers.standard.hooks.subprocess.SubprocessHook","filename":"subprocess.py","lineno":99}
{"timestamp":"2026-01-20T01:42:53.723943Z","level":"info","event":" 'storage': '256gb'}","logger":"airflow.task.hooks.airflow.providers.standard.hooks.subprocess.SubprocessHook","filename":"subprocess.py","lineno":99}
{"timestamp":"2026-01-20T01:42:53.724758Z","level":"info","event":"2026-01-20 01:42:53 [scrapy.core.scraper] DEBUG: Scraped from <200 https://lista.mercadolivre.com.br/notebook>","logger":"airflow.task.hooks.airflow.providers.standard.hooks.subprocess.SubprocessHook","filename":"subprocess.py","lineno":99}
{"timestamp":"2026-01-20T01:42:53.724848Z","level":"info","event":"{'color': 'N/A',","logger":"airflow.task.hooks.airflow.providers.standard.hooks.subprocess.SubprocessHook","filename":"subprocess.py","lineno":99}
{"timestamp":"2026-01-20T01:42:53.724900Z","level":"info","event":" 'full_title': 'Notebook Samsung Galaxy Book Go, Windows 11 Home, Snapdragon '","logger":"airflow.task.hooks.airflow.providers.standard.hooks.subprocess.SubprocessHook","filename":"subprocess.py","lineno":99}
{"timestamp":"2026-01-20T01:42:53.724937Z","level":"info","event":"               \"7c, 4gb, 128gb Ufs, 14'' Full Hd Led, 1.38kg Com Copilot \"","logger":"airflow.task.hooks.airflow.providers.standard.hooks.subprocess.SubprocessHook","filename":"subprocess.py","lineno":99}
{"timestamp":"2026-01-20T01:42:53.724969Z","level":"info","event":"               'Integrado',","logger":"airflow.task.hooks.airflow.providers.standard.hooks.subprocess.SubprocessHook","filename":"subprocess.py","lineno":99}
{"timestamp":"2026-01-20T01:42:53.724999Z","level":"info","event":" 'memory': 'N/A',","logger":"airflow.task.hooks.airflow.providers.standard.hooks.subprocess.SubprocessHook","filename":"subprocess.py","lineno":99}
{"timestamp":"2026-01-20T01:42:53.725028Z","level":"info","event":" 'price': '2.199',","logger":"airflow.task.hooks.airflow.providers.standard.hooks.subprocess.SubprocessHook","filename":"subprocess.py","lineno":99}
{"timestamp":"2026-01-20T01:42:53.725056Z","level":"info","event":" 'rating': '4.8',","logger":"airflow.task.hooks.airflow.providers.standard.hooks.subprocess.SubprocessHook","filename":"subprocess.py","lineno":99}
{"timestamp":"2026-01-20T01:42:53.725102Z","level":"info","event":" 'site_name': 'mercado_livre',","logger":"airflow.task.hooks.airflow.providers.standard.hooks.subprocess.SubprocessHook","filename":"subprocess.py","lineno":99}
{"timestamp":"2026-01-20T01:42:53.725134Z","level":"info","event":" 'storage': 'N/A'}","logger":"airflow.task.hooks.airflow.providers.standard.hooks.subprocess.SubprocessHook","filename":"subprocess.py","lineno":99}
{"timestamp":"2026-01-20T01:42:53.726061Z","level":"info","event":"2026-01-20 01:42:53 [scrapy.core.scraper] DEBUG: Scraped from <200 https://lista.mercadolivre.com.br/notebook>","logger":"airflow.task.hooks.airflow.providers.standard.hooks.subprocess.SubprocessHook","filename":"subprocess.py","lineno":99}
{"timestamp":"2026-01-20T01:42:53.726153Z","level":"info","event":"{'color': 'Silver',","logger":"airflow.task.hooks.airflow.providers.standard.hooks.subprocess.SubprocessHook","filename":"subprocess.py","lineno":99}
{"timestamp":"2026-01-20T01:42:53.726205Z","level":"info","event":" 'full_title': 'Notebook ASUS Vivobook 15, Intel Core i5 1334U 1,3 GHz, 8GB '","logger":"airflow.task.hooks.airflow.providers.standard.hooks.subprocess.SubprocessHook","filename":"subprocess.py","lineno":99}
{"timestamp":"2026-01-20T01:42:53.726242Z","level":"info","event":"               'Ram, 256GB SSD, KeepOS Linux, Tela 15,6\" FHD, Cool Silver - '","logger":"airflow.task.hooks.airflow.providers.standard.hooks.subprocess.SubprocessHook","filename":"subprocess.py","lineno":99}
{"timestamp":"2026-01-20T01:42:53.726274Z","level":"info","event":"               'X1504VA-NJ1739',","logger":"airflow.task.hooks.airflow.providers.standard.hooks.subprocess.SubprocessHook","filename":"subprocess.py","lineno":99}
{"timestamp":"2026-01-20T01:42:53.726307Z","level":"info","event":" 'memory': '8GB',","logger":"airflow.task.hooks.airflow.providers.standard.hooks.subprocess.SubprocessHook","filename":"subprocess.py","lineno":99}
{"timestamp":"2026-01-20T01:42:53.726340Z","level":"info","event":" 'price': '2.899',","logger":"airflow.task.hooks.airflow.providers.standard.hooks.subprocess.SubprocessHook","filename":"subprocess.py","lineno":99}
{"timestamp":"2026-01-20T01:42:53.726371Z","level":"info","event":" 'rating': '4.9',","logger":"airflow.task.hooks.airflow.providers.standard.hooks.subprocess.SubprocessHook","filename":"subprocess.py","lineno":99}
{"timestamp":"2026-01-20T01:42:53.726398Z","level":"info","event":" 'site_name': 'mercado_livre',","logger":"airflow.task.hooks.airflow.providers.standard.hooks.subprocess.SubprocessHook","filename":"subprocess.py","lineno":99}
{"timestamp":"2026-01-20T01:42:53.726426Z","level":"info","event":" 'storage': '256GB'}","logger":"airflow.task.hooks.airflow.providers.standard.hooks.subprocess.SubprocessHook","filename":"subprocess.py","lineno":99}
{"timestamp":"2026-01-20T01:42:53.727337Z","level":"info","event":"2026-01-20 01:42:53 [scrapy.core.scraper] DEBUG: Scraped from <200 https://lista.mercadolivre.com.br/notebook>","logger":"airflow.task.hooks.airflow.providers.standard.hooks.subprocess.SubprocessHook","filename":"subprocess.py","lineno":99}
{"timestamp":"2026-01-20T01:42:53.727424Z","level":"info","event":"{'color': 'N/A',","logger":"airflow.task.hooks.airflow.providers.standard.hooks.subprocess.SubprocessHook","filename":"subprocess.py","lineno":99}
{"timestamp":"2026-01-20T01:42:53.727477Z","level":"info","event":" 'full_title': 'Notebook Positivo Vision C15m Intel Celeron N4500 Windows 11 '","logger":"airflow.task.hooks.airflow.providers.standard.hooks.subprocess.SubprocessHook","filename":"subprocess.py","lineno":99}
{"timestamp":"2026-01-20T01:42:53.727513Z","level":"info","event":"               'Home 8gb Ram 128gb Emmc Tela 15 Full Hd Ips Antirreflexo - '","logger":"airflow.task.hooks.airflow.providers.standard.hooks.subprocess.SubprocessHook","filename":"subprocess.py","lineno":99}
{"timestamp":"2026-01-20T01:42:53.727545Z","level":"info","event":"               'Minitela E Tecla Copilot - Permite Upgrade De Memória Ssd - '","logger":"airflow.task.hooks.airflow.providers.standard.hooks.subprocess.SubprocessHook","filename":"subprocess.py","lineno":99}
{"timestamp":"2026-01-20T01:42:53.727576Z","level":"info","event":"               'Cinza',","logger":"airflow.task.hooks.airflow.providers.standard.hooks.subprocess.SubprocessHook","filename":"subprocess.py","lineno":99}
{"timestamp":"2026-01-20T01:42:53.727606Z","level":"info","event":" 'memory': '8gb',","logger":"airflow.task.hooks.airflow.providers.standard.hooks.subprocess.SubprocessHook","filename":"subprocess.py","lineno":99}
{"timestamp":"2026-01-20T01:42:53.727634Z","level":"info","event":" 'price': '2.855',","logger":"airflow.task.hooks.airflow.providers.standard.hooks.subprocess.SubprocessHook","filename":"subprocess.py","lineno":99}
{"timestamp":"2026-01-20T01:42:53.727663Z","level":"info","event":" 'rating': '4.8',","logger":"airflow.task.hooks.airflow.providers.standard.hooks.subprocess.SubprocessHook","filename":"subprocess.py","lineno":99}
{"timestamp":"2026-01-20T01:42:53.727691Z","level":"info","event":" 'site_name': 'mercado_livre',","logger":"airflow.task.hooks.airflow.providers.standard.hooks.subprocess.SubprocessHook","filename":"subprocess.py","lineno":99}
{"timestamp":"2026-01-20T01:42:53.727718Z","level":"info","event":" 'storage': 'N/A'}","logger":"airflow.task.hooks.airflow.providers.standard.hooks.subprocess.SubprocessHook","filename":"subprocess.py","lineno":99}
{"timestamp":"2026-01-20T01:42:53.728592Z","level":"info","event":"2026-01-20 01:42:53 [scrapy.core.scraper] DEBUG: Scraped from <200 https://lista.mercadolivre.com.br/notebook>","logger":"airflow.task.hooks.airflow.providers.standard.hooks.subprocess.SubprocessHook","filename":"subprocess.py","lineno":99}
{"timestamp":"2026-01-20T01:42:53.728679Z","level":"info","event":"{'color': 'N/A',","logger":"airflow.task.hooks.airflow.providers.standard.hooks.subprocess.SubprocessHook","filename":"subprocess.py","lineno":99}
{"timestamp":"2026-01-20T01:42:53.728729Z","level":"info","event":" 'full_title': 'Notebook Positivo Vision R15 Lumina Bar, AMD Ryzen 5 8GB '","logger":"airflow.task.hooks.airflow.providers.standard.hooks.subprocess.SubprocessHook","filename":"subprocess.py","lineno":99}
{"timestamp":"2026-01-20T01:42:53.728763Z","level":"info","event":"               '256GB, Tela 15 polegadas Full HD Antirreflexo, Linux - Preto',","logger":"airflow.task.hooks.airflow.providers.standard.hooks.subprocess.SubprocessHook","filename":"subprocess.py","lineno":99}
{"timestamp":"2026-01-20T01:42:53.728794Z","level":"info","event":" 'memory': 'N/A',","logger":"airflow.task.hooks.airflow.providers.standard.hooks.subprocess.SubprocessHook","filename":"subprocess.py","lineno":99}
{"timestamp":"2026-01-20T01:42:53.728824Z","level":"info","event":" 'price': '3.570',","logger":"airflow.task.hooks.airflow.providers.standard.hooks.subprocess.SubprocessHook","filename":"subprocess.py","lineno":99}
{"timestamp":"2026-01-20T01:42:53.728853Z","level":"info","event":" 'rating': '4.8',","logger":"airflow.task.hooks.airflow.providers.standard.hooks.subprocess.SubprocessHook","filename":"subprocess.py","lineno":99}
{"timestamp":"2026-01-20T01:42:53.728880Z","level":"info","event":" 'site_name': 'mercado_livre',","logger":"airflow.task.hooks.airflow.providers.standard.hooks.subprocess.SubprocessHook","filename":"subprocess.py","lineno":99}
{"timestamp":"2026-01-20T01:42:53.728909Z","level":"info","event":" 'storage': 'N/A'}","logger":"airflow.task.hooks.airflow.providers.standard.hooks.subprocess.SubprocessHook","filename":"subprocess.py","lineno":99}
{"timestamp":"2026-01-20T01:42:53.729815Z","level":"info","event":"2026-01-20 01:42:53 [scrapy.core.scraper] DEBUG: Scraped from <200 https://lista.mercadolivre.com.br/notebook>","logger":"airflow.task.hooks.airflow.providers.standard.hooks.subprocess.SubprocessHook","filename":"subprocess.py","lineno":99}
{"timestamp":"2026-01-20T01:42:53.729905Z","level":"info","event":"{'color': 'Preto',","logger":"airflow.task.hooks.airflow.providers.standard.hooks.subprocess.SubprocessHook","filename":"subprocess.py","lineno":99}
{"timestamp":"2026-01-20T01:42:53.729958Z","level":"info","event":" 'full_title': 'Notebook Dell Inspiron I15-i1300-a15p Core 3 8gb 512gb W11 '","logger":"airflow.task.hooks.airflow.providers.standard.hooks.subprocess.SubprocessHook","filename":"subprocess.py","lineno":99}
{"timestamp":"2026-01-20T01:42:53.729996Z","level":"info","event":"               'Preto',","logger":"airflow.task.hooks.airflow.providers.standard.hooks.subprocess.SubprocessHook","filename":"subprocess.py","lineno":99}
{"timestamp":"2026-01-20T01:42:53.730029Z","level":"info","event":" 'memory': 'N/A',","logger":"airflow.task.hooks.airflow.providers.standard.hooks.subprocess.SubprocessHook","filename":"subprocess.py","lineno":99}
{"timestamp":"2026-01-20T01:42:53.730058Z","level":"info","event":" 'price': '3.042',","logger":"airflow.task.hooks.airflow.providers.standard.hooks.subprocess.SubprocessHook","filename":"subprocess.py","lineno":99}
{"timestamp":"2026-01-20T01:42:53.730087Z","level":"info","event":" 'rating': '4.9',","logger":"airflow.task.hooks.airflow.providers.standard.hooks.subprocess.SubprocessHook","filename":"subprocess.py","lineno":99}
{"timestamp":"2026-01-20T01:42:53.730116Z","level":"info","event":" 'site_name': 'mercado_livre',","logger":"airflow.task.hooks.airflow.providers.standard.hooks.subprocess.SubprocessHook","filename":"subprocess.py","lineno":99}
{"timestamp":"2026-01-20T01:42:53.730143Z","level":"info","event":" 'storage': 'N/A'}","logger":"airflow.task.hooks.airflow.providers.standard.hooks.subprocess.SubprocessHook","filename":"subprocess.py","lineno":99}
{"timestamp":"2026-01-20T01:42:53.731104Z","level":"info","event":"2026-01-20 01:42:53 [scrapy.core.scraper] DEBUG: Scraped from <200 https://lista.mercadolivre.com.br/notebook>","logger":"airflow.task.hooks.airflow.providers.standard.hooks.subprocess.SubprocessHook","filename":"subprocess.py","lineno":99}
{"timestamp":"2026-01-20T01:42:53.731190Z","level":"info","event":"{'color': 'Grey',","logger":"airflow.task.hooks.airflow.providers.standard.hooks.subprocess.SubprocessHook","filename":"subprocess.py","lineno":99}
{"timestamp":"2026-01-20T01:42:53.731240Z","level":"info","event":" 'full_title': 'Notebook Lenovo Ideapad 1 15iru7 Intel Core i3-1315u 8gb 256gb '","logger":"airflow.task.hooks.airflow.providers.standard.hooks.subprocess.SubprocessHook","filename":"subprocess.py","lineno":99}
{"timestamp":"2026-01-20T01:42:53.731275Z","level":"info","event":"               'Ssd Windows 11 15.6 - 83qj0001bo Cloud Grey',","logger":"airflow.task.hooks.airflow.providers.standard.hooks.subprocess.SubprocessHook","filename":"subprocess.py","lineno":99}
{"timestamp":"2026-01-20T01:42:53.731305Z","level":"info","event":" 'memory': 'N/A',","logger":"airflow.task.hooks.airflow.providers.standard.hooks.subprocess.SubprocessHook","filename":"subprocess.py","lineno":99}
{"timestamp":"2026-01-20T01:42:53.731334Z","level":"info","event":" 'price': '4.150',","logger":"airflow.task.hooks.airflow.providers.standard.hooks.subprocess.SubprocessHook","filename":"subprocess.py","lineno":99}
{"timestamp":"2026-01-20T01:42:53.731363Z","level":"info","event":" 'rating': '4.9',","logger":"airflow.task.hooks.airflow.providers.standard.hooks.subprocess.SubprocessHook","filename":"subprocess.py","lineno":99}
{"timestamp":"2026-01-20T01:42:53.731391Z","level":"info","event":" 'site_name': 'mercado_livre',","logger":"airflow.task.hooks.airflow.providers.standard.hooks.subprocess.SubprocessHook","filename":"subprocess.py","lineno":99}
{"timestamp":"2026-01-20T01:42:53.731421Z","level":"info","event":" 'storage': '256gb'}","logger":"airflow.task.hooks.airflow.providers.standard.hooks.subprocess.SubprocessHook","filename":"subprocess.py","lineno":99}
{"timestamp":"2026-01-20T01:42:53.732363Z","level":"info","event":"2026-01-20 01:42:53 [scrapy.core.scraper] DEBUG: Scraped from <200 https://lista.mercadolivre.com.br/notebook>","logger":"airflow.task.hooks.airflow.providers.standard.hooks.subprocess.SubprocessHook","filename":"subprocess.py","lineno":99}
{"timestamp":"2026-01-20T01:42:53.732448Z","level":"info","event":"{'color': 'N/A',","logger":"airflow.task.hooks.airflow.providers.standard.hooks.subprocess.SubprocessHook","filename":"subprocess.py","lineno":99}
{"timestamp":"2026-01-20T01:42:53.732498Z","level":"info","event":" 'full_title': 'Notebook HP IA PC Probook 14\" 440 G11 I Intel Core Ultra '","logger":"airflow.task.hooks.airflow.providers.standard.hooks.subprocess.SubprocessHook","filename":"subprocess.py","lineno":99}
{"timestamp":"2026-01-20T01:42:53.732532Z","level":"info","event":"               '5-125u, 16GB RAM, SSD 512GB, Windows 11 Home - SKU CL5X4LA',","logger":"airflow.task.hooks.airflow.providers.standard.hooks.subprocess.SubprocessHook","filename":"subprocess.py","lineno":99}
{"timestamp":"2026-01-20T01:42:53.732562Z","level":"info","event":" 'memory': '16GB',","logger":"airflow.task.hooks.airflow.providers.standard.hooks.subprocess.SubprocessHook","filename":"subprocess.py","lineno":99}
{"timestamp":"2026-01-20T01:42:53.732591Z","level":"info","event":" 'price': '7.999',","logger":"airflow.task.hooks.airflow.providers.standard.hooks.subprocess.SubprocessHook","filename":"subprocess.py","lineno":99}
{"timestamp":"2026-01-20T01:42:53.732619Z","level":"info","event":" 'rating': '5.0',","logger":"airflow.task.hooks.airflow.providers.standard.hooks.subprocess.SubprocessHook","filename":"subprocess.py","lineno":99}
{"timestamp":"2026-01-20T01:42:53.732646Z","level":"info","event":" 'site_name': 'mercado_livre',","logger":"airflow.task.hooks.airflow.providers.standard.hooks.subprocess.SubprocessHook","filename":"subprocess.py","lineno":99}
{"timestamp":"2026-01-20T01:42:53.732673Z","level":"info","event":" 'storage': 'N/A'}","logger":"airflow.task.hooks.airflow.providers.standard.hooks.subprocess.SubprocessHook","filename":"subprocess.py","lineno":99}
{"timestamp":"2026-01-20T01:42:53.733670Z","level":"info","event":"2026-01-20 01:42:53 [scrapy.core.scraper] DEBUG: Scraped from <200 https://lista.mercadolivre.com.br/notebook>","logger":"airflow.task.hooks.airflow.providers.standard.hooks.subprocess.SubprocessHook","filename":"subprocess.py","lineno":99}
{"timestamp":"2026-01-20T01:42:53.733765Z","level":"info","event":"{'color': 'N/A',","logger":"airflow.task.hooks.airflow.providers.standard.hooks.subprocess.SubprocessHook","filename":"subprocess.py","lineno":99}
{"timestamp":"2026-01-20T01:42:53.733815Z","level":"info","event":" 'full_title': 'Notebook HP 256R G9 Intel Core i3-1315U 15.6 HD Intel UHD '","logger":"airflow.task.hooks.airflow.providers.standard.hooks.subprocess.SubprocessHook","filename":"subprocess.py","lineno":99}
{"timestamp":"2026-01-20T01:42:53.733849Z","level":"info","event":"               'Graphics 256GB SSD 8GB RAM Windows 11 Home 64 SL - BQ9K8AT#AK4',","logger":"airflow.task.hooks.airflow.providers.standard.hooks.subprocess.SubprocessHook","filename":"subprocess.py","lineno":99}
{"timestamp":"2026-01-20T01:42:53.733880Z","level":"info","event":" 'memory': '8GB',","logger":"airflow.task.hooks.airflow.providers.standard.hooks.subprocess.SubprocessHook","filename":"subprocess.py","lineno":99}
{"timestamp":"2026-01-20T01:42:53.733907Z","level":"info","event":" 'price': '3.707',","logger":"airflow.task.hooks.airflow.providers.standard.hooks.subprocess.SubprocessHook","filename":"subprocess.py","lineno":99}
{"timestamp":"2026-01-20T01:42:53.733935Z","level":"info","event":" 'rating': '4.9',","logger":"airflow.task.hooks.airflow.providers.standard.hooks.subprocess.SubprocessHook","filename":"subprocess.py","lineno":99}
{"timestamp":"2026-01-20T01:42:53.733963Z","level":"info","event":" 'site_name': 'mercado_livre',","logger":"airflow.task.hooks.airflow.providers.standard.hooks.subprocess.SubprocessHook","filename":"subprocess.py","lineno":99}
{"timestamp":"2026-01-20T01:42:53.733990Z","level":"info","event":" 'storage': '256GB'}","logger":"airflow.task.hooks.airflow.providers.standard.hooks.subprocess.SubprocessHook","filename":"subprocess.py","lineno":99}
{"timestamp":"2026-01-20T01:42:53.734894Z","level":"info","event":"2026-01-20 01:42:53 [scrapy.core.scraper] DEBUG: Scraped from <200 https://lista.mercadolivre.com.br/notebook>","logger":"airflow.task.hooks.airflow.providers.standard.hooks.subprocess.SubprocessHook","filename":"subprocess.py","lineno":99}
{"timestamp":"2026-01-20T01:42:53.734978Z","level":"info","event":"{'color': 'Grey',","logger":"airflow.task.hooks.airflow.providers.standard.hooks.subprocess.SubprocessHook","filename":"subprocess.py","lineno":99}
{"timestamp":"2026-01-20T01:42:53.735027Z","level":"info","event":" 'full_title': 'Notebook Lenovo Ideapad Slim 3 15irh10 Intel Core i5-13420h '","logger":"airflow.task.hooks.airflow.providers.standard.hooks.subprocess.SubprocessHook","filename":"subprocess.py","lineno":99}
{"timestamp":"2026-01-20T01:42:53.735060Z","level":"info","event":"               '8gb 256gb Ssd Windows 11 15.3 - 83ns0003br Luna Grey',","logger":"airflow.task.hooks.airflow.providers.standard.hooks.subprocess.SubprocessHook","filename":"subprocess.py","lineno":99}
{"timestamp":"2026-01-20T01:42:53.735090Z","level":"info","event":" 'memory': 'N/A',","logger":"airflow.task.hooks.airflow.providers.standard.hooks.subprocess.SubprocessHook","filename":"subprocess.py","lineno":99}
{"timestamp":"2026-01-20T01:42:53.735118Z","level":"info","event":" 'price': '3.399',","logger":"airflow.task.hooks.airflow.providers.standard.hooks.subprocess.SubprocessHook","filename":"subprocess.py","lineno":99}
{"timestamp":"2026-01-20T01:42:53.735146Z","level":"info","event":" 'rating': '4.9',","logger":"airflow.task.hooks.airflow.providers.standard.hooks.subprocess.SubprocessHook","filename":"subprocess.py","lineno":99}
{"timestamp":"2026-01-20T01:42:53.735173Z","level":"info","event":" 'site_name': 'mercado_livre',","logger":"airflow.task.hooks.airflow.providers.standard.hooks.subprocess.SubprocessHook","filename":"subprocess.py","lineno":99}
{"timestamp":"2026-01-20T01:42:53.735201Z","level":"info","event":" 'storage': '256gb'}","logger":"airflow.task.hooks.airflow.providers.standard.hooks.subprocess.SubprocessHook","filename":"subprocess.py","lineno":99}
{"timestamp":"2026-01-20T01:42:53.736347Z","level":"info","event":"2026-01-20 01:42:53 [scrapy.core.scraper] DEBUG: Scraped from <200 https://lista.mercadolivre.com.br/notebook>","logger":"airflow.task.hooks.airflow.providers.standard.hooks.subprocess.SubprocessHook","filename":"subprocess.py","lineno":99}
{"timestamp":"2026-01-20T01:42:53.736437Z","level":"info","event":"{'color': 'N/A',","logger":"airflow.task.hooks.airflow.providers.standard.hooks.subprocess.SubprocessHook","filename":"subprocess.py","lineno":99}
{"timestamp":"2026-01-20T01:42:53.736490Z","level":"info","event":" 'full_title': 'Notebook Lenovo Ideapad 1i Celeron Office 365 4gb 128gb W11',","logger":"airflow.task.hooks.airflow.providers.standard.hooks.subprocess.SubprocessHook","filename":"subprocess.py","lineno":99}
{"timestamp":"2026-01-20T01:42:53.736527Z","level":"info","event":" 'memory': 'N/A',","logger":"airflow.task.hooks.airflow.providers.standard.hooks.subprocess.SubprocessHook","filename":"subprocess.py","lineno":99}
{"timestamp":"2026-01-20T01:42:53.736558Z","level":"info","event":" 'price': '2.712',","logger":"airflow.task.hooks.airflow.providers.standard.hooks.subprocess.SubprocessHook","filename":"subprocess.py","lineno":99}
{"timestamp":"2026-01-20T01:42:53.736587Z","level":"info","event":" 'rating': '4.8',","logger":"airflow.task.hooks.airflow.providers.standard.hooks.subprocess.SubprocessHook","filename":"subprocess.py","lineno":99}
{"timestamp":"2026-01-20T01:42:53.736615Z","level":"info","event":" 'site_name': 'mercado_livre',","logger":"airflow.task.hooks.airflow.providers.standard.hooks.subprocess.SubprocessHook","filename":"subprocess.py","lineno":99}
{"timestamp":"2026-01-20T01:42:53.736643Z","level":"info","event":" 'storage': 'N/A'}","logger":"airflow.task.hooks.airflow.providers.standard.hooks.subprocess.SubprocessHook","filename":"subprocess.py","lineno":99}
{"timestamp":"2026-01-20T01:42:53.737663Z","level":"info","event":"2026-01-20 01:42:53 [scrapy.core.scraper] DEBUG: Scraped from <200 https://lista.mercadolivre.com.br/notebook>","logger":"airflow.task.hooks.airflow.providers.standard.hooks.subprocess.SubprocessHook","filename":"subprocess.py","lineno":99}
{"timestamp":"2026-01-20T01:42:53.737747Z","level":"info","event":"{'color': 'Cinza',","logger":"airflow.task.hooks.airflow.providers.standard.hooks.subprocess.SubprocessHook","filename":"subprocess.py","lineno":99}
{"timestamp":"2026-01-20T01:42:53.737797Z","level":"info","event":" 'full_title': 'Notebook 2 Em 1 Positivo Duo Intel Celeron N4500 4gb Ram 128gb '","logger":"airflow.task.hooks.airflow.providers.standard.hooks.subprocess.SubprocessHook","filename":"subprocess.py","lineno":99}
{"timestamp":"2026-01-20T01:42:53.737832Z","level":"info","event":"               'De Armazenamento, Tela 11\" Hd Ips Touch Com Caneta Capacitiva, '","logger":"airflow.task.hooks.airflow.providers.standard.hooks.subprocess.SubprocessHook","filename":"subprocess.py","lineno":99}
{"timestamp":"2026-01-20T01:42:53.737862Z","level":"info","event":"               'Windows 11 Home Cinza C4128e',","logger":"airflow.task.hooks.airflow.providers.standard.hooks.subprocess.SubprocessHook","filename":"subprocess.py","lineno":99}
{"timestamp":"2026-01-20T01:42:53.737892Z","level":"info","event":" 'memory': '4gb',","logger":"airflow.task.hooks.airflow.providers.standard.hooks.subprocess.SubprocessHook","filename":"subprocess.py","lineno":99}
{"timestamp":"2026-01-20T01:42:53.737919Z","level":"info","event":" 'price': '1.699',","logger":"airflow.task.hooks.airflow.providers.standard.hooks.subprocess.SubprocessHook","filename":"subprocess.py","lineno":99}
{"timestamp":"2026-01-20T01:42:53.737946Z","level":"info","event":" 'rating': '4.9',","logger":"airflow.task.hooks.airflow.providers.standard.hooks.subprocess.SubprocessHook","filename":"subprocess.py","lineno":99}
{"timestamp":"2026-01-20T01:42:53.737973Z","level":"info","event":" 'site_name': 'mercado_livre',","logger":"airflow.task.hooks.airflow.providers.standard.hooks.subprocess.SubprocessHook","filename":"subprocess.py","lineno":99}
{"timestamp":"2026-01-20T01:42:53.738000Z","level":"info","event":" 'storage': 'N/A'}","logger":"airflow.task.hooks.airflow.providers.standard.hooks.subprocess.SubprocessHook","filename":"subprocess.py","lineno":99}
{"timestamp":"2026-01-20T01:42:53.738918Z","level":"info","event":"2026-01-20 01:42:53 [scrapy.core.scraper] DEBUG: Scraped from <200 https://lista.mercadolivre.com.br/notebook>","logger":"airflow.task.hooks.airflow.providers.standard.hooks.subprocess.SubprocessHook","filename":"subprocess.py","lineno":99}
{"timestamp":"2026-01-20T01:42:53.739002Z","level":"info","event":"{'color': 'N/A',","logger":"airflow.task.hooks.airflow.providers.standard.hooks.subprocess.SubprocessHook","filename":"subprocess.py","lineno":99}
{"timestamp":"2026-01-20T01:42:53.739051Z","level":"info","event":" 'full_title': 'Notebook Lenovo Yoga Slim 7i Intel Core Ultra 5 125H 16gb RAM '","logger":"airflow.task.hooks.airflow.providers.standard.hooks.subprocess.SubprocessHook","filename":"subprocess.py","lineno":99}
{"timestamp":"2026-01-20T01:42:53.739086Z","level":"info","event":"               '512gb SSD Windows 11 Home Tela 14\" 83GM0003BR',","logger":"airflow.task.hooks.airflow.providers.standard.hooks.subprocess.SubprocessHook","filename":"subprocess.py","lineno":99}
{"timestamp":"2026-01-20T01:42:53.739116Z","level":"info","event":" 'memory': '16gb',","logger":"airflow.task.hooks.airflow.providers.standard.hooks.subprocess.SubprocessHook","filename":"subprocess.py","lineno":99}
{"timestamp":"2026-01-20T01:42:53.739143Z","level":"info","event":" 'price': '5.133',","logger":"airflow.task.hooks.airflow.providers.standard.hooks.subprocess.SubprocessHook","filename":"subprocess.py","lineno":99}
{"timestamp":"2026-01-20T01:42:53.739171Z","level":"info","event":" 'rating': '5.0',","logger":"airflow.task.hooks.airflow.providers.standard.hooks.subprocess.SubprocessHook","filename":"subprocess.py","lineno":99}
{"timestamp":"2026-01-20T01:42:53.739197Z","level":"info","event":" 'site_name': 'mercado_livre',","logger":"airflow.task.hooks.airflow.providers.standard.hooks.subprocess.SubprocessHook","filename":"subprocess.py","lineno":99}
{"timestamp":"2026-01-20T01:42:53.739225Z","level":"info","event":" 'storage': '512gb'}","logger":"airflow.task.hooks.airflow.providers.standard.hooks.subprocess.SubprocessHook","filename":"subprocess.py","lineno":99}
{"timestamp":"2026-01-20T01:42:53.740386Z","level":"info","event":"2026-01-20 01:42:53 [scrapy.core.scraper] DEBUG: Scraped from <200 https://lista.mercadolivre.com.br/notebook>","logger":"airflow.task.hooks.airflow.providers.standard.hooks.subprocess.SubprocessHook","filename":"subprocess.py","lineno":99}
{"timestamp":"2026-01-20T01:42:53.740520Z","level":"info","event":"{'color': 'N/A',","logger":"airflow.task.hooks.airflow.providers.standard.hooks.subprocess.SubprocessHook","filename":"subprocess.py","lineno":99}
{"timestamp":"2026-01-20T01:42:53.740584Z","level":"info","event":" 'full_title': 'Notebook Lenovo Slim3 R7 8gb 256gb Ssd 15.3 Fhd Linux',","logger":"airflow.task.hooks.airflow.providers.standard.hooks.subprocess.SubprocessHook","filename":"subprocess.py","lineno":99}
{"timestamp":"2026-01-20T01:42:53.740632Z","level":"info","event":" 'memory': 'N/A',","logger":"airflow.task.hooks.airflow.providers.standard.hooks.subprocess.SubprocessHook","filename":"subprocess.py","lineno":99}
{"timestamp":"2026-01-20T01:42:53.740670Z","level":"info","event":" 'price': '3.499',","logger":"airflow.task.hooks.airflow.providers.standard.hooks.subprocess.SubprocessHook","filename":"subprocess.py","lineno":99}
{"timestamp":"2026-01-20T01:42:53.740705Z","level":"info","event":" 'rating': '4.9',","logger":"airflow.task.hooks.airflow.providers.standard.hooks.subprocess.SubprocessHook","filename":"subprocess.py","lineno":99}
{"timestamp":"2026-01-20T01:42:53.740741Z","level":"info","event":" 'site_name': 'mercado_livre',","logger":"airflow.task.hooks.airflow.providers.standard.hooks.subprocess.SubprocessHook","filename":"subprocess.py","lineno":99}
{"timestamp":"2026-01-20T01:42:53.740775Z","level":"info","event":" 'storage': '256gb'}","logger":"airflow.task.hooks.airflow.providers.standard.hooks.subprocess.SubprocessHook","filename":"subprocess.py","lineno":99}
{"timestamp":"2026-01-20T01:42:53.742015Z","level":"info","event":"2026-01-20 01:42:53 [scrapy.core.scraper] DEBUG: Scraped from <200 https://lista.mercadolivre.com.br/notebook>","logger":"airflow.task.hooks.airflow.providers.standard.hooks.subprocess.SubprocessHook","filename":"subprocess.py","lineno":99}
{"timestamp":"2026-01-20T01:42:53.742102Z","level":"info","event":"{'color': 'Grey',","logger":"airflow.task.hooks.airflow.providers.standard.hooks.subprocess.SubprocessHook","filename":"subprocess.py","lineno":99}
{"timestamp":"2026-01-20T01:42:53.742153Z","level":"info","event":" 'full_title': 'Notebook Lenovo LOQ-e 15iax9e Intel Core i7-12650hx 16gb 512gb '","logger":"airflow.task.hooks.airflow.providers.standard.hooks.subprocess.SubprocessHook","filename":"subprocess.py","lineno":99}
{"timestamp":"2026-01-20T01:42:53.742189Z","level":"info","event":"               'SSD RTX 4050 Linux 15.6 - 83mes00200 Luna Grey',","logger":"airflow.task.hooks.airflow.providers.standard.hooks.subprocess.SubprocessHook","filename":"subprocess.py","lineno":99}
{"timestamp":"2026-01-20T01:42:53.742221Z","level":"info","event":" 'memory': 'N/A',","logger":"airflow.task.hooks.airflow.providers.standard.hooks.subprocess.SubprocessHook","filename":"subprocess.py","lineno":99}
{"timestamp":"2026-01-20T01:42:53.742250Z","level":"info","event":" 'price': '5.999',","logger":"airflow.task.hooks.airflow.providers.standard.hooks.subprocess.SubprocessHook","filename":"subprocess.py","lineno":99}
{"timestamp":"2026-01-20T01:42:53.742277Z","level":"info","event":" 'rating': '4.7',","logger":"airflow.task.hooks.airflow.providers.standard.hooks.subprocess.SubprocessHook","filename":"subprocess.py","lineno":99}
{"timestamp":"2026-01-20T01:42:53.742304Z","level":"info","event":" 'site_name': 'mercado_livre',","logger":"airflow.task.hooks.airflow.providers.standard.hooks.subprocess.SubprocessHook","filename":"subprocess.py","lineno":99}
{"timestamp":"2026-01-20T01:42:53.742345Z","level":"info","event":" 'storage': '512gb'}","logger":"airflow.task.hooks.airflow.providers.standard.hooks.subprocess.SubprocessHook","filename":"subprocess.py","lineno":99}
{"timestamp":"2026-01-20T01:42:53.743390Z","level":"info","event":"2026-01-20 01:42:53 [scrapy.core.scraper] DEBUG: Scraped from <200 https://lista.mercadolivre.com.br/notebook>","logger":"airflow.task.hooks.airflow.providers.standard.hooks.subprocess.SubprocessHook","filename":"subprocess.py","lineno":99}
{"timestamp":"2026-01-20T01:42:53.743480Z","level":"info","event":"{'color': 'N/A',","logger":"airflow.task.hooks.airflow.providers.standard.hooks.subprocess.SubprocessHook","filename":"subprocess.py","lineno":99}
{"timestamp":"2026-01-20T01:42:53.743534Z","level":"info","event":" 'full_title': 'Notebook Acer Nitro V15 ANV15-52-737P Intel Core i7-13620H '","logger":"airflow.task.hooks.airflow.providers.standard.hooks.subprocess.SubprocessHook","filename":"subprocess.py","lineno":99}
{"timestamp":"2026-01-20T01:42:53.743573Z","level":"info","event":"               '13ªG 16GB RAM 512GB SSD RTX4050 FHD 15.6”',","logger":"airflow.task.hooks.airflow.providers.standard.hooks.subprocess.SubprocessHook","filename":"subprocess.py","lineno":99}
{"timestamp":"2026-01-20T01:42:53.743606Z","level":"info","event":" 'memory': '16GB',","logger":"airflow.task.hooks.airflow.providers.standard.hooks.subprocess.SubprocessHook","filename":"subprocess.py","lineno":99}
{"timestamp":"2026-01-20T01:42:53.743637Z","level":"info","event":" 'price': '8.999',","logger":"airflow.task.hooks.airflow.providers.standard.hooks.subprocess.SubprocessHook","filename":"subprocess.py","lineno":99}
{"timestamp":"2026-01-20T01:42:53.743667Z","level":"info","event":" 'rating': '5.0',","logger":"airflow.task.hooks.airflow.providers.standard.hooks.subprocess.SubprocessHook","filename":"subprocess.py","lineno":99}
{"timestamp":"2026-01-20T01:42:53.743697Z","level":"info","event":" 'site_name': 'mercado_livre',","logger":"airflow.task.hooks.airflow.providers.standard.hooks.subprocess.SubprocessHook","filename":"subprocess.py","lineno":99}
{"timestamp":"2026-01-20T01:42:53.743725Z","level":"info","event":" 'storage': '512GB'}","logger":"airflow.task.hooks.airflow.providers.standard.hooks.subprocess.SubprocessHook","filename":"subprocess.py","lineno":99}
{"timestamp":"2026-01-20T01:42:53.744721Z","level":"info","event":"2026-01-20 01:42:53 [scrapy.core.scraper] DEBUG: Scraped from <200 https://lista.mercadolivre.com.br/notebook>","logger":"airflow.task.hooks.airflow.providers.standard.hooks.subprocess.SubprocessHook","filename":"subprocess.py","lineno":99}
{"timestamp":"2026-01-20T01:42:53.744805Z","level":"info","event":"{'color': 'Cinza',","logger":"airflow.task.hooks.airflow.providers.standard.hooks.subprocess.SubprocessHook","filename":"subprocess.py","lineno":99}
{"timestamp":"2026-01-20T01:42:53.744856Z","level":"info","event":" 'full_title': 'Notebook Vaio Fe16 Amd Ryzen 7-5825u Linux 16gb RAM 512gb Ssd '","logger":"airflow.task.hooks.airflow.providers.standard.hooks.subprocess.SubprocessHook","filename":"subprocess.py","lineno":99}
{"timestamp":"2026-01-20T01:42:53.744892Z","level":"info","event":"               'Wi-Fi 6 Tela 16\" Ips Wuxga Antirreflexo Cinza Grafite '","logger":"airflow.task.hooks.airflow.providers.standard.hooks.subprocess.SubprocessHook","filename":"subprocess.py","lineno":99}
{"timestamp":"2026-01-20T01:42:53.744923Z","level":"info","event":"               'Vjfe69f11xb0121h - Permite upgrade de memória RAM e SSD',","logger":"airflow.task.hooks.airflow.providers.standard.hooks.subprocess.SubprocessHook","filename":"subprocess.py","lineno":99}
{"timestamp":"2026-01-20T01:42:53.744953Z","level":"info","event":" 'memory': '16gb',","logger":"airflow.task.hooks.airflow.providers.standard.hooks.subprocess.SubprocessHook","filename":"subprocess.py","lineno":99}
{"timestamp":"2026-01-20T01:42:53.744982Z","level":"info","event":" 'price': '4.999',","logger":"airflow.task.hooks.airflow.providers.standard.hooks.subprocess.SubprocessHook","filename":"subprocess.py","lineno":99}
{"timestamp":"2026-01-20T01:42:53.745010Z","level":"info","event":" 'rating': '4.8',","logger":"airflow.task.hooks.airflow.providers.standard.hooks.subprocess.SubprocessHook","filename":"subprocess.py","lineno":99}
{"timestamp":"2026-01-20T01:42:53.745037Z","level":"info","event":" 'site_name': 'mercado_livre',","logger":"airflow.task.hooks.airflow.providers.standard.hooks.subprocess.SubprocessHook","filename":"subprocess.py","lineno":99}
{"timestamp":"2026-01-20T01:42:53.745063Z","level":"info","event":" 'storage': '512gb'}","logger":"airflow.task.hooks.airflow.providers.standard.hooks.subprocess.SubprocessHook","filename":"subprocess.py","lineno":99}
{"timestamp":"2026-01-20T01:42:53.746001Z","level":"info","event":"2026-01-20 01:42:53 [scrapy.core.scraper] DEBUG: Scraped from <200 https://lista.mercadolivre.com.br/notebook>","logger":"airflow.task.hooks.airflow.providers.standard.hooks.subprocess.SubprocessHook","filename":"subprocess.py","lineno":99}
{"timestamp":"2026-01-20T01:42:53.746090Z","level":"info","event":"{'color': 'Grey',","logger":"airflow.task.hooks.airflow.providers.standard.hooks.subprocess.SubprocessHook","filename":"subprocess.py","lineno":99}
{"timestamp":"2026-01-20T01:42:53.746142Z","level":"info","event":" 'full_title': 'Notebook Lenovo Ideapad Slim 3 15irh10 Intel Core i7-13620h '","logger":"airflow.task.hooks.airflow.providers.standard.hooks.subprocess.SubprocessHook","filename":"subprocess.py","lineno":99}
{"timestamp":"2026-01-20T01:42:53.746180Z","level":"info","event":"               '16gb 512gb Ssd Linux 15.3 - 83nss00100 Luna Grey',","logger":"airflow.task.hooks.airflow.providers.standard.hooks.subprocess.SubprocessHook","filename":"subprocess.py","lineno":99}
{"timestamp":"2026-01-20T01:42:53.746221Z","level":"info","event":" 'memory': 'N/A',","logger":"airflow.task.hooks.airflow.providers.standard.hooks.subprocess.SubprocessHook","filename":"subprocess.py","lineno":99}
{"timestamp":"2026-01-20T01:42:53.746257Z","level":"info","event":" 'price': '4.799',","logger":"airflow.task.hooks.airflow.providers.standard.hooks.subprocess.SubprocessHook","filename":"subprocess.py","lineno":99}
{"timestamp":"2026-01-20T01:42:53.746308Z","level":"info","event":" 'rating': '4.9',","logger":"airflow.task.hooks.airflow.providers.standard.hooks.subprocess.SubprocessHook","filename":"subprocess.py","lineno":99}
{"timestamp":"2026-01-20T01:42:53.746354Z","level":"info","event":" 'site_name': 'mercado_livre',","logger":"airflow.task.hooks.airflow.providers.standard.hooks.subprocess.SubprocessHook","filename":"subprocess.py","lineno":99}
{"timestamp":"2026-01-20T01:42:53.746385Z","level":"info","event":" 'storage': '512gb'}","logger":"airflow.task.hooks.airflow.providers.standard.hooks.subprocess.SubprocessHook","filename":"subprocess.py","lineno":99}
{"timestamp":"2026-01-20T01:42:53.747467Z","level":"info","event":"2026-01-20 01:42:53 [scrapy.core.scraper] DEBUG: Scraped from <200 https://lista.mercadolivre.com.br/notebook>","logger":"airflow.task.hooks.airflow.providers.standard.hooks.subprocess.SubprocessHook","filename":"subprocess.py","lineno":99}
{"timestamp":"2026-01-20T01:42:53.747553Z","level":"info","event":"{'color': 'N/A',","logger":"airflow.task.hooks.airflow.providers.standard.hooks.subprocess.SubprocessHook","filename":"subprocess.py","lineno":99}
{"timestamp":"2026-01-20T01:42:53.747603Z","level":"info","event":" 'full_title': 'Notebook Ideapad Slim 3 Ryzen 7 7735hs 8gb 512gb Ssd Amd '","logger":"airflow.task.hooks.airflow.providers.standard.hooks.subprocess.SubprocessHook","filename":"subprocess.py","lineno":99}
{"timestamp":"2026-01-20T01:42:53.747639Z","level":"info","event":"               'Radeon Graphics 15.3 (1920x1200) Linux 83mms00100',","logger":"airflow.task.hooks.airflow.providers.standard.hooks.subprocess.SubprocessHook","filename":"subprocess.py","lineno":99}
{"timestamp":"2026-01-20T01:42:53.747669Z","level":"info","event":" 'memory': 'N/A',","logger":"airflow.task.hooks.airflow.providers.standard.hooks.subprocess.SubprocessHook","filename":"subprocess.py","lineno":99}
{"timestamp":"2026-01-20T01:42:53.747698Z","level":"info","event":" 'price': '6.299',","logger":"airflow.task.hooks.airflow.providers.standard.hooks.subprocess.SubprocessHook","filename":"subprocess.py","lineno":99}
{"timestamp":"2026-01-20T01:42:53.747727Z","level":"info","event":" 'rating': '4.9',","logger":"airflow.task.hooks.airflow.providers.standard.hooks.subprocess.SubprocessHook","filename":"subprocess.py","lineno":99}
{"timestamp":"2026-01-20T01:42:53.747754Z","level":"info","event":" 'site_name': 'mercado_livre',","logger":"airflow.task.hooks.airflow.providers.standard.hooks.subprocess.SubprocessHook","filename":"subprocess.py","lineno":99}
{"timestamp":"2026-01-20T01:42:53.747781Z","level":"info","event":" 'storage': '512gb'}","logger":"airflow.task.hooks.airflow.providers.standard.hooks.subprocess.SubprocessHook","filename":"subprocess.py","lineno":99}
{"timestamp":"2026-01-20T01:42:53.752910Z","level":"info","event":"2026-01-20 01:42:53 [scrapy.core.scraper] DEBUG: Scraped from <200 https://lista.mercadolivre.com.br/notebook>","logger":"airflow.task.hooks.airflow.providers.standard.hooks.subprocess.SubprocessHook","filename":"subprocess.py","lineno":99}
{"timestamp":"2026-01-20T01:42:53.752994Z","level":"info","event":"{'color': 'N/A',","logger":"airflow.task.hooks.airflow.providers.standard.hooks.subprocess.SubprocessHook","filename":"subprocess.py","lineno":99}
{"timestamp":"2026-01-20T01:42:53.753043Z","level":"info","event":" 'full_title': 'Notebook Aspire Ag15-71pt-58sx Ci5 8gb 512gb Ssd Touch Led W11 '","logger":"airflow.task.hooks.airflow.providers.standard.hooks.subprocess.SubprocessHook","filename":"subprocess.py","lineno":99}
{"timestamp":"2026-01-20T01:42:53.753077Z","level":"info","event":"               'Acer',","logger":"airflow.task.hooks.airflow.providers.standard.hooks.subprocess.SubprocessHook","filename":"subprocess.py","lineno":99}
{"timestamp":"2026-01-20T01:42:53.753106Z","level":"info","event":" 'memory': 'N/A',","logger":"airflow.task.hooks.airflow.providers.standard.hooks.subprocess.SubprocessHook","filename":"subprocess.py","lineno":99}
{"timestamp":"2026-01-20T01:42:53.753135Z","level":"info","event":" 'price': '4.012',","logger":"airflow.task.hooks.airflow.providers.standard.hooks.subprocess.SubprocessHook","filename":"subprocess.py","lineno":99}
{"timestamp":"2026-01-20T01:42:53.753163Z","level":"info","event":" 'rating': '4.9',","logger":"airflow.task.hooks.airflow.providers.standard.hooks.subprocess.SubprocessHook","filename":"subprocess.py","lineno":99}
{"timestamp":"2026-01-20T01:42:53.753191Z","level":"info","event":" 'site_name': 'mercado_livre',","logger":"airflow.task.hooks.airflow.providers.standard.hooks.subprocess.SubprocessHook","filename":"subprocess.py","lineno":99}
{"timestamp":"2026-01-20T01:42:53.753218Z","level":"info","event":" 'storage': '512gb'}","logger":"airflow.task.hooks.airflow.providers.standard.hooks.subprocess.SubprocessHook","filename":"subprocess.py","lineno":99}
{"timestamp":"2026-01-20T01:42:53.754278Z","level":"info","event":"2026-01-20 01:42:53 [scrapy.core.scraper] DEBUG: Scraped from <200 https://lista.mercadolivre.com.br/notebook>","logger":"airflow.task.hooks.airflow.providers.standard.hooks.subprocess.SubprocessHook","filename":"subprocess.py","lineno":99}
{"timestamp":"2026-01-20T01:42:53.754368Z","level":"info","event":"{'color': 'Silver',","logger":"airflow.task.hooks.airflow.providers.standard.hooks.subprocess.SubprocessHook","filename":"subprocess.py","lineno":99}
{"timestamp":"2026-01-20T01:42:53.754420Z","level":"info","event":" 'full_title': 'Notebook ASUS Vivobook 15, Intel Core i5 1334U 1,3 GHz, 8GB '","logger":"airflow.task.hooks.airflow.providers.standard.hooks.subprocess.SubprocessHook","filename":"subprocess.py","lineno":99}
{"timestamp":"2026-01-20T01:42:53.754456Z","level":"info","event":"               'Ram, 256GB SSD, KeepOS Linux, Tela 15,6\" FHD, Cool Silver - '","logger":"airflow.task.hooks.airflow.providers.standard.hooks.subprocess.SubprocessHook","filename":"subprocess.py","lineno":99}
{"timestamp":"2026-01-20T01:42:53.754487Z","level":"info","event":"               'X1504VA-NJ1739',","logger":"airflow.task.hooks.airflow.providers.standard.hooks.subprocess.SubprocessHook","filename":"subprocess.py","lineno":99}
{"timestamp":"2026-01-20T01:42:53.754517Z","level":"info","event":" 'memory': '8GB',","logger":"airflow.task.hooks.airflow.providers.standard.hooks.subprocess.SubprocessHook","filename":"subprocess.py","lineno":99}
{"timestamp":"2026-01-20T01:42:53.754575Z","level":"info","event":" 'price': '2.899',","logger":"airflow.task.hooks.airflow.providers.standard.hooks.subprocess.SubprocessHook","filename":"subprocess.py","lineno":99}
{"timestamp":"2026-01-20T01:42:53.754605Z","level":"info","event":" 'rating': '4.9',","logger":"airflow.task.hooks.airflow.providers.standard.hooks.subprocess.SubprocessHook","filename":"subprocess.py","lineno":99}
{"timestamp":"2026-01-20T01:42:53.754634Z","level":"info","event":" 'site_name': 'mercado_livre',","logger":"airflow.task.hooks.airflow.providers.standard.hooks.subprocess.SubprocessHook","filename":"subprocess.py","lineno":99}
{"timestamp":"2026-01-20T01:42:53.754661Z","level":"info","event":" 'storage': '256GB'}","logger":"airflow.task.hooks.airflow.providers.standard.hooks.subprocess.SubprocessHook","filename":"subprocess.py","lineno":99}
{"timestamp":"2026-01-20T01:42:53.755569Z","level":"info","event":"2026-01-20 01:42:53 [scrapy.core.scraper] DEBUG: Scraped from <200 https://lista.mercadolivre.com.br/notebook>","logger":"airflow.task.hooks.airflow.providers.standard.hooks.subprocess.SubprocessHook","filename":"subprocess.py","lineno":99}
{"timestamp":"2026-01-20T01:42:53.755655Z","level":"info","event":"{'color': 'Cinza',","logger":"airflow.task.hooks.airflow.providers.standard.hooks.subprocess.SubprocessHook","filename":"subprocess.py","lineno":99}
{"timestamp":"2026-01-20T01:42:53.755706Z","level":"info","event":" 'full_title': 'Notebook Acer Aspire Go 15 I3 1305u 8gb 256gb Ssd Linux Cor '","logger":"airflow.task.hooks.airflow.providers.standard.hooks.subprocess.SubprocessHook","filename":"subprocess.py","lineno":99}
{"timestamp":"2026-01-20T01:42:53.755740Z","level":"info","event":"               'Cinza',","logger":"airflow.task.hooks.airflow.providers.standard.hooks.subprocess.SubprocessHook","filename":"subprocess.py","lineno":99}
{"timestamp":"2026-01-20T01:42:53.755770Z","level":"info","event":" 'memory': 'N/A',","logger":"airflow.task.hooks.airflow.providers.standard.hooks.subprocess.SubprocessHook","filename":"subprocess.py","lineno":99}
{"timestamp":"2026-01-20T01:42:53.755799Z","level":"info","event":" 'price': '3.699',","logger":"airflow.task.hooks.airflow.providers.standard.hooks.subprocess.SubprocessHook","filename":"subprocess.py","lineno":99}
{"timestamp":"2026-01-20T01:42:53.755826Z","level":"info","event":" 'rating': '4.9',","logger":"airflow.task.hooks.airflow.providers.standard.hooks.subprocess.SubprocessHook","filename":"subprocess.py","lineno":99}
{"timestamp":"2026-01-20T01:42:53.755854Z","level":"info","event":" 'site_name': 'mercado_livre',","logger":"airflow.task.hooks.airflow.providers.standard.hooks.subprocess.SubprocessHook","filename":"subprocess.py","lineno":99}
{"timestamp":"2026-01-20T01:42:53.755882Z","level":"info","event":" 'storage': '256gb'}","logger":"airflow.task.hooks.airflow.providers.standard.hooks.subprocess.SubprocessHook","filename":"subprocess.py","lineno":99}
{"timestamp":"2026-01-20T01:42:53.756886Z","level":"info","event":"2026-01-20 01:42:53 [scrapy.core.scraper] DEBUG: Scraped from <200 https://lista.mercadolivre.com.br/notebook>","logger":"airflow.task.hooks.airflow.providers.standard.hooks.subprocess.SubprocessHook","filename":"subprocess.py","lineno":99}
{"timestamp":"2026-01-20T01:42:53.756974Z","level":"info","event":"{'color': 'Grey',","logger":"airflow.task.hooks.airflow.providers.standard.hooks.subprocess.SubprocessHook","filename":"subprocess.py","lineno":99}
{"timestamp":"2026-01-20T01:42:53.757026Z","level":"info","event":" 'full_title': 'Notebook Lenovo Ideapad Slim 3 15irh10 Intel Core i5-13420h '","logger":"airflow.task.hooks.airflow.providers.standard.hooks.subprocess.SubprocessHook","filename":"subprocess.py","lineno":99}
{"timestamp":"2026-01-20T01:42:53.757059Z","level":"info","event":"               '16gb 512gb Ssd Windows 11 15.3 - 83ns0001br Luna Grey',","logger":"airflow.task.hooks.airflow.providers.standard.hooks.subprocess.SubprocessHook","filename":"subprocess.py","lineno":99}
{"timestamp":"2026-01-20T01:42:53.757089Z","level":"info","event":" 'memory': 'N/A',","logger":"airflow.task.hooks.airflow.providers.standard.hooks.subprocess.SubprocessHook","filename":"subprocess.py","lineno":99}
{"timestamp":"2026-01-20T01:42:53.757118Z","level":"info","event":" 'price': '3.999',","logger":"airflow.task.hooks.airflow.providers.standard.hooks.subprocess.SubprocessHook","filename":"subprocess.py","lineno":99}
{"timestamp":"2026-01-20T01:42:53.757146Z","level":"info","event":" 'rating': '4.9',","logger":"airflow.task.hooks.airflow.providers.standard.hooks.subprocess.SubprocessHook","filename":"subprocess.py","lineno":99}
{"timestamp":"2026-01-20T01:42:53.757173Z","level":"info","event":" 'site_name': 'mercado_livre',","logger":"airflow.task.hooks.airflow.providers.standard.hooks.subprocess.SubprocessHook","filename":"subprocess.py","lineno":99}
{"timestamp":"2026-01-20T01:42:53.757200Z","level":"info","event":" 'storage': '512gb'}","logger":"airflow.task.hooks.airflow.providers.standard.hooks.subprocess.SubprocessHook","filename":"subprocess.py","lineno":99}
{"timestamp":"2026-01-20T01:42:53.758390Z","level":"info","event":"2026-01-20 01:42:53 [scrapy.core.scraper] DEBUG: Scraped from <200 https://lista.mercadolivre.com.br/notebook>","logger":"airflow.task.hooks.airflow.providers.standard.hooks.subprocess.SubprocessHook","filename":"subprocess.py","lineno":99}
{"timestamp":"2026-01-20T01:42:53.758485Z","level":"info","event":"{'color': 'N/A',","logger":"airflow.task.hooks.airflow.providers.standard.hooks.subprocess.SubprocessHook","filename":"subprocess.py","lineno":99}
{"timestamp":"2026-01-20T01:42:53.758536Z","level":"info","event":" 'full_title': 'Notebook Lenovo Ideapad 1 Amd Ryzen 3 8gb 256gb Windows 11 '","logger":"airflow.task.hooks.airflow.providers.standard.hooks.subprocess.SubprocessHook","filename":"subprocess.py","lineno":99}
{"timestamp":"2026-01-20T01:42:53.758569Z","level":"info","event":"               'Cloudgrey',","logger":"airflow.task.hooks.airflow.providers.standard.hooks.subprocess.SubprocessHook","filename":"subprocess.py","lineno":99}
{"timestamp":"2026-01-20T01:42:53.758599Z","level":"info","event":" 'memory': 'N/A',","logger":"airflow.task.hooks.airflow.providers.standard.hooks.subprocess.SubprocessHook","filename":"subprocess.py","lineno":99}
{"timestamp":"2026-01-20T01:42:53.758628Z","level":"info","event":" 'price': '2.299',","logger":"airflow.task.hooks.airflow.providers.standard.hooks.subprocess.SubprocessHook","filename":"subprocess.py","lineno":99}
{"timestamp":"2026-01-20T01:42:53.758656Z","level":"info","event":" 'rating': '+5 vendidos',","logger":"airflow.task.hooks.airflow.providers.standard.hooks.subprocess.SubprocessHook","filename":"subprocess.py","lineno":99}
{"timestamp":"2026-01-20T01:42:53.758683Z","level":"info","event":" 'site_name': 'mercado_livre',","logger":"airflow.task.hooks.airflow.providers.standard.hooks.subprocess.SubprocessHook","filename":"subprocess.py","lineno":99}
{"timestamp":"2026-01-20T01:42:53.758710Z","level":"info","event":" 'storage': 'N/A'}","logger":"airflow.task.hooks.airflow.providers.standard.hooks.subprocess.SubprocessHook","filename":"subprocess.py","lineno":99}
{"timestamp":"2026-01-20T01:42:53.759699Z","level":"info","event":"2026-01-20 01:42:53 [scrapy.core.scraper] DEBUG: Scraped from <200 https://lista.mercadolivre.com.br/notebook>","logger":"airflow.task.hooks.airflow.providers.standard.hooks.subprocess.SubprocessHook","filename":"subprocess.py","lineno":99}
{"timestamp":"2026-01-20T01:42:53.759783Z","level":"info","event":"{'color': 'N/A',","logger":"airflow.task.hooks.airflow.providers.standard.hooks.subprocess.SubprocessHook","filename":"subprocess.py","lineno":99}
{"timestamp":"2026-01-20T01:42:53.759833Z","level":"info","event":" 'full_title': 'Notebook Vaio Fe16 Amd Ryzen 7 5825u Linux 8gb RAM 512gb Ssd '","logger":"airflow.task.hooks.airflow.providers.standard.hooks.subprocess.SubprocessHook","filename":"subprocess.py","lineno":99}
{"timestamp":"2026-01-20T01:42:53.759867Z","level":"info","event":"               'Wi-Fi 6 Tela 16\" Ips Wuxga Antirreflexo - Cinza Grafite '","logger":"airflow.task.hooks.airflow.providers.standard.hooks.subprocess.SubprocessHook","filename":"subprocess.py","lineno":99}
{"timestamp":"2026-01-20T01:42:53.759897Z","level":"info","event":"               'Vjfe69f11xb0321h - Permite upgrade de memória RAM e SSD',","logger":"airflow.task.hooks.airflow.providers.standard.hooks.subprocess.SubprocessHook","filename":"subprocess.py","lineno":99}
{"timestamp":"2026-01-20T01:42:53.759927Z","level":"info","event":" 'memory': '8gb',","logger":"airflow.task.hooks.airflow.providers.standard.hooks.subprocess.SubprocessHook","filename":"subprocess.py","lineno":99}
{"timestamp":"2026-01-20T01:42:53.759956Z","level":"info","event":" 'price': '3.999',","logger":"airflow.task.hooks.airflow.providers.standard.hooks.subprocess.SubprocessHook","filename":"subprocess.py","lineno":99}
{"timestamp":"2026-01-20T01:42:53.759983Z","level":"info","event":" 'rating': '4.8',","logger":"airflow.task.hooks.airflow.providers.standard.hooks.subprocess.SubprocessHook","filename":"subprocess.py","lineno":99}
{"timestamp":"2026-01-20T01:42:53.760010Z","level":"info","event":" 'site_name': 'mercado_livre',","logger":"airflow.task.hooks.airflow.providers.standard.hooks.subprocess.SubprocessHook","filename":"subprocess.py","lineno":99}
{"timestamp":"2026-01-20T01:42:53.760036Z","level":"info","event":" 'storage': '512gb'}","logger":"airflow.task.hooks.airflow.providers.standard.hooks.subprocess.SubprocessHook","filename":"subprocess.py","lineno":99}
{"timestamp":"2026-01-20T01:42:53.761200Z","level":"info","event":"2026-01-20 01:42:53 [scrapy.core.scraper] DEBUG: Scraped from <200 https://lista.mercadolivre.com.br/notebook>","logger":"airflow.task.hooks.airflow.providers.standard.hooks.subprocess.SubprocessHook","filename":"subprocess.py","lineno":99}
{"timestamp":"2026-01-20T01:42:53.761286Z","level":"info","event":"{'color': 'N/A',","logger":"airflow.task.hooks.airflow.providers.standard.hooks.subprocess.SubprocessHook","filename":"subprocess.py","lineno":99}
{"timestamp":"2026-01-20T01:42:53.761336Z","level":"info","event":" 'full_title': 'Notebook Acer Aspire Go 15 Ag15-51p-55c8 Intel Core I5 13ª '","logger":"airflow.task.hooks.airflow.providers.standard.hooks.subprocess.SubprocessHook","filename":"subprocess.py","lineno":99}
{"timestamp":"2026-01-20T01:42:53.761370Z","level":"info","event":"               'Ger. 8gb Ram 512gb Ssd W11 15.3 Ips Full Hd',","logger":"airflow.task.hooks.airflow.providers.standard.hooks.subprocess.SubprocessHook","filename":"subprocess.py","lineno":99}
{"timestamp":"2026-01-20T01:42:53.761400Z","level":"info","event":" 'memory': '8gb',","logger":"airflow.task.hooks.airflow.providers.standard.hooks.subprocess.SubprocessHook","filename":"subprocess.py","lineno":99}
{"timestamp":"2026-01-20T01:42:53.761428Z","level":"info","event":" 'price': '5.599',","logger":"airflow.task.hooks.airflow.providers.standard.hooks.subprocess.SubprocessHook","filename":"subprocess.py","lineno":99}
{"timestamp":"2026-01-20T01:42:53.761455Z","level":"info","event":" 'rating': '5.0',","logger":"airflow.task.hooks.airflow.providers.standard.hooks.subprocess.SubprocessHook","filename":"subprocess.py","lineno":99}
{"timestamp":"2026-01-20T01:42:53.761482Z","level":"info","event":" 'site_name': 'mercado_livre',","logger":"airflow.task.hooks.airflow.providers.standard.hooks.subprocess.SubprocessHook","filename":"subprocess.py","lineno":99}
{"timestamp":"2026-01-20T01:42:53.761509Z","level":"info","event":" 'storage': '512gb'}","logger":"airflow.task.hooks.airflow.providers.standard.hooks.subprocess.SubprocessHook","filename":"subprocess.py","lineno":99}
{"timestamp":"2026-01-20T01:42:53.762549Z","level":"info","event":"2026-01-20 01:42:53 [scrapy.core.scraper] DEBUG: Scraped from <200 https://lista.mercadolivre.com.br/notebook>","logger":"airflow.task.hooks.airflow.providers.standard.hooks.subprocess.SubprocessHook","filename":"subprocess.py","lineno":99}
{"timestamp":"2026-01-20T01:42:53.762633Z","level":"info","event":"{'color': 'N/A',","logger":"airflow.task.hooks.airflow.providers.standard.hooks.subprocess.SubprocessHook","filename":"subprocess.py","lineno":99}
{"timestamp":"2026-01-20T01:42:53.762682Z","level":"info","event":" 'full_title': 'Notebook Positivo Vision C15m Intel Celeron N4500 Windows 11 '","logger":"airflow.task.hooks.airflow.providers.standard.hooks.subprocess.SubprocessHook","filename":"subprocess.py","lineno":99}
{"timestamp":"2026-01-20T01:42:53.762715Z","level":"info","event":"               'Home 8gb Ram 128gb Emmc Tela 15 Full Hd Ips Antirreflexo - '","logger":"airflow.task.hooks.airflow.providers.standard.hooks.subprocess.SubprocessHook","filename":"subprocess.py","lineno":99}
{"timestamp":"2026-01-20T01:42:53.762745Z","level":"info","event":"               'Minitela E Tecla Copilot - Permite Upgrade De Memória Ssd - '","logger":"airflow.task.hooks.airflow.providers.standard.hooks.subprocess.SubprocessHook","filename":"subprocess.py","lineno":99}
{"timestamp":"2026-01-20T01:42:53.762774Z","level":"info","event":"               'Cinza',","logger":"airflow.task.hooks.airflow.providers.standard.hooks.subprocess.SubprocessHook","filename":"subprocess.py","lineno":99}
{"timestamp":"2026-01-20T01:42:53.762801Z","level":"info","event":" 'memory': '8gb',","logger":"airflow.task.hooks.airflow.providers.standard.hooks.subprocess.SubprocessHook","filename":"subprocess.py","lineno":99}
{"timestamp":"2026-01-20T01:42:53.762829Z","level":"info","event":" 'price': '2.855',","logger":"airflow.task.hooks.airflow.providers.standard.hooks.subprocess.SubprocessHook","filename":"subprocess.py","lineno":99}
{"timestamp":"2026-01-20T01:42:53.762856Z","level":"info","event":" 'rating': '4.8',","logger":"airflow.task.hooks.airflow.providers.standard.hooks.subprocess.SubprocessHook","filename":"subprocess.py","lineno":99}
{"timestamp":"2026-01-20T01:42:53.762883Z","level":"info","event":" 'site_name': 'mercado_livre',","logger":"airflow.task.hooks.airflow.providers.standard.hooks.subprocess.SubprocessHook","filename":"subprocess.py","lineno":99}
{"timestamp":"2026-01-20T01:42:53.762911Z","level":"info","event":" 'storage': 'N/A'}","logger":"airflow.task.hooks.airflow.providers.standard.hooks.subprocess.SubprocessHook","filename":"subprocess.py","lineno":99}
{"timestamp":"2026-01-20T01:42:53.763841Z","level":"info","event":"2026-01-20 01:42:53 [scrapy.core.scraper] DEBUG: Scraped from <200 https://lista.mercadolivre.com.br/notebook>","logger":"airflow.task.hooks.airflow.providers.standard.hooks.subprocess.SubprocessHook","filename":"subprocess.py","lineno":99}
{"timestamp":"2026-01-20T01:42:53.763923Z","level":"info","event":"{'color': 'N/A',","logger":"airflow.task.hooks.airflow.providers.standard.hooks.subprocess.SubprocessHook","filename":"subprocess.py","lineno":99}
{"timestamp":"2026-01-20T01:42:53.763973Z","level":"info","event":" 'full_title': 'Notebook Acer Nitro V15 Anv15-52-514z Intel Core I5-13420h '","logger":"airflow.task.hooks.airflow.providers.standard.hooks.subprocess.SubprocessHook","filename":"subprocess.py","lineno":99}
{"timestamp":"2026-01-20T01:42:53.764006Z","level":"info","event":"               '15.6 Led Ips Nvidia Geforce Rtx3050 512gb Ssd 8gb Ram Linux 64',","logger":"airflow.task.hooks.airflow.providers.standard.hooks.subprocess.SubprocessHook","filename":"subprocess.py","lineno":99}
{"timestamp":"2026-01-20T01:42:53.764034Z","level":"info","event":" 'memory': '8gb',","logger":"airflow.task.hooks.airflow.providers.standard.hooks.subprocess.SubprocessHook","filename":"subprocess.py","lineno":99}
{"timestamp":"2026-01-20T01:42:53.764061Z","level":"info","event":" 'price': '8.999',","logger":"airflow.task.hooks.airflow.providers.standard.hooks.subprocess.SubprocessHook","filename":"subprocess.py","lineno":99}
{"timestamp":"2026-01-20T01:42:53.764089Z","level":"info","event":" 'rating': '4.9',","logger":"airflow.task.hooks.airflow.providers.standard.hooks.subprocess.SubprocessHook","filename":"subprocess.py","lineno":99}
{"timestamp":"2026-01-20T01:42:53.764115Z","level":"info","event":" 'site_name': 'mercado_livre',","logger":"airflow.task.hooks.airflow.providers.standard.hooks.subprocess.SubprocessHook","filename":"subprocess.py","lineno":99}
{"timestamp":"2026-01-20T01:42:53.764142Z","level":"info","event":" 'storage': '512gb'}","logger":"airflow.task.hooks.airflow.providers.standard.hooks.subprocess.SubprocessHook","filename":"subprocess.py","lineno":99}
{"timestamp":"2026-01-20T01:42:53.765033Z","level":"info","event":"2026-01-20 01:42:53 [scrapy.core.scraper] DEBUG: Scraped from <200 https://lista.mercadolivre.com.br/notebook>","logger":"airflow.task.hooks.airflow.providers.standard.hooks.subprocess.SubprocessHook","filename":"subprocess.py","lineno":99}
{"timestamp":"2026-01-20T01:42:53.765116Z","level":"info","event":"{'color': 'N/A',","logger":"airflow.task.hooks.airflow.providers.standard.hooks.subprocess.SubprocessHook","filename":"subprocess.py","lineno":99}
{"timestamp":"2026-01-20T01:42:53.765165Z","level":"info","event":" 'full_title': \"Notebook Multi Ultra Celeron N4020c 4gb 128gb W11 14'' Cinza\",","logger":"airflow.task.hooks.airflow.providers.standard.hooks.subprocess.SubprocessHook","filename":"subprocess.py","lineno":99}
{"timestamp":"2026-01-20T01:42:53.765199Z","level":"info","event":" 'memory': 'N/A',","logger":"airflow.task.hooks.airflow.providers.standard.hooks.subprocess.SubprocessHook","filename":"subprocess.py","lineno":99}
{"timestamp":"2026-01-20T01:42:53.765227Z","level":"info","event":" 'price': '2.064',","logger":"airflow.task.hooks.airflow.providers.standard.hooks.subprocess.SubprocessHook","filename":"subprocess.py","lineno":99}
{"timestamp":"2026-01-20T01:42:53.765255Z","level":"info","event":" 'rating': '4.6',","logger":"airflow.task.hooks.airflow.providers.standard.hooks.subprocess.SubprocessHook","filename":"subprocess.py","lineno":99}
{"timestamp":"2026-01-20T01:42:53.765283Z","level":"info","event":" 'site_name': 'mercado_livre',","logger":"airflow.task.hooks.airflow.providers.standard.hooks.subprocess.SubprocessHook","filename":"subprocess.py","lineno":99}
{"timestamp":"2026-01-20T01:42:53.765311Z","level":"info","event":" 'storage': 'N/A'}","logger":"airflow.task.hooks.airflow.providers.standard.hooks.subprocess.SubprocessHook","filename":"subprocess.py","lineno":99}
{"timestamp":"2026-01-20T01:42:53.766308Z","level":"info","event":"2026-01-20 01:42:53 [scrapy.core.scraper] DEBUG: Scraped from <200 https://lista.mercadolivre.com.br/notebook>","logger":"airflow.task.hooks.airflow.providers.standard.hooks.subprocess.SubprocessHook","filename":"subprocess.py","lineno":99}
{"timestamp":"2026-01-20T01:42:53.766438Z","level":"info","event":"{'color': 'Cinza',","logger":"airflow.task.hooks.airflow.providers.standard.hooks.subprocess.SubprocessHook","filename":"subprocess.py","lineno":99}
{"timestamp":"2026-01-20T01:42:53.766492Z","level":"info","event":" 'full_title': 'Notebook Lenovo Ideapad I3-1315 8gb 512gb Ssd 15.6 Fhd Linux '","logger":"airflow.task.hooks.airflow.providers.standard.hooks.subprocess.SubprocessHook","filename":"subprocess.py","lineno":99}
{"timestamp":"2026-01-20T01:42:53.766532Z","level":"info","event":"               'Cinza',","logger":"airflow.task.hooks.airflow.providers.standard.hooks.subprocess.SubprocessHook","filename":"subprocess.py","lineno":99}
{"timestamp":"2026-01-20T01:42:53.766564Z","level":"info","event":" 'memory': 'N/A',","logger":"airflow.task.hooks.airflow.providers.standard.hooks.subprocess.SubprocessHook","filename":"subprocess.py","lineno":99}
{"timestamp":"2026-01-20T01:42:53.766593Z","level":"info","event":" 'price': '3.499',","logger":"airflow.task.hooks.airflow.providers.standard.hooks.subprocess.SubprocessHook","filename":"subprocess.py","lineno":99}
{"timestamp":"2026-01-20T01:42:53.766621Z","level":"info","event":" 'rating': '4.9',","logger":"airflow.task.hooks.airflow.providers.standard.hooks.subprocess.SubprocessHook","filename":"subprocess.py","lineno":99}
{"timestamp":"2026-01-20T01:42:53.766649Z","level":"info","event":" 'site_name': 'mercado_livre',","logger":"airflow.task.hooks.airflow.providers.standard.hooks.subprocess.SubprocessHook","filename":"subprocess.py","lineno":99}
{"timestamp":"2026-01-20T01:42:53.766676Z","level":"info","event":" 'storage': '512gb'}","logger":"airflow.task.hooks.airflow.providers.standard.hooks.subprocess.SubprocessHook","filename":"subprocess.py","lineno":99}
{"timestamp":"2026-01-20T01:42:53.768335Z","level":"info","event":"2026-01-20 01:42:53 [scrapy.core.scraper] DEBUG: Scraped from <200 https://lista.mercadolivre.com.br/notebook>","logger":"airflow.task.hooks.airflow.providers.standard.hooks.subprocess.SubprocessHook","filename":"subprocess.py","lineno":99}
{"timestamp":"2026-01-20T01:42:53.768424Z","level":"info","event":"{'color': 'N/A',","logger":"airflow.task.hooks.airflow.providers.standard.hooks.subprocess.SubprocessHook","filename":"subprocess.py","lineno":99}
{"timestamp":"2026-01-20T01:42:53.768477Z","level":"info","event":" 'full_title': 'Notebook Acer Vero AV15-53P-56HM Intel Core i5 – 1335U 15.6” '","logger":"airflow.task.hooks.airflow.providers.standard.hooks.subprocess.SubprocessHook","filename":"subprocess.py","lineno":99}
{"timestamp":"2026-01-20T01:42:53.768516Z","level":"info","event":"               'Full HD Intel Iris Xe 512 GB SSD 8 GB RAM Windows 11 Home',","logger":"airflow.task.hooks.airflow.providers.standard.hooks.subprocess.SubprocessHook","filename":"subprocess.py","lineno":99}
{"timestamp":"2026-01-20T01:42:53.768548Z","level":"info","event":" 'memory': '8 GB',","logger":"airflow.task.hooks.airflow.providers.standard.hooks.subprocess.SubprocessHook","filename":"subprocess.py","lineno":99}
{"timestamp":"2026-01-20T01:42:53.768577Z","level":"info","event":" 'price': '4.440',","logger":"airflow.task.hooks.airflow.providers.standard.hooks.subprocess.SubprocessHook","filename":"subprocess.py","lineno":99}
{"timestamp":"2026-01-20T01:42:53.768605Z","level":"info","event":" 'rating': '4.9',","logger":"airflow.task.hooks.airflow.providers.standard.hooks.subprocess.SubprocessHook","filename":"subprocess.py","lineno":99}
{"timestamp":"2026-01-20T01:42:53.768634Z","level":"info","event":" 'site_name': 'mercado_livre',","logger":"airflow.task.hooks.airflow.providers.standard.hooks.subprocess.SubprocessHook","filename":"subprocess.py","lineno":99}
{"timestamp":"2026-01-20T01:42:53.768660Z","level":"info","event":" 'storage': '512 GB'}","logger":"airflow.task.hooks.airflow.providers.standard.hooks.subprocess.SubprocessHook","filename":"subprocess.py","lineno":99}
{"timestamp":"2026-01-20T01:42:53.770063Z","level":"info","event":"2026-01-20 01:42:53 [scrapy.core.scraper] DEBUG: Scraped from <200 https://lista.mercadolivre.com.br/notebook>","logger":"airflow.task.hooks.airflow.providers.standard.hooks.subprocess.SubprocessHook","filename":"subprocess.py","lineno":99}
{"timestamp":"2026-01-20T01:42:53.770153Z","level":"info","event":"{'color': 'N/A',","logger":"airflow.task.hooks.airflow.providers.standard.hooks.subprocess.SubprocessHook","filename":"subprocess.py","lineno":99}
{"timestamp":"2026-01-20T01:42:53.770207Z","level":"info","event":" 'full_title': 'Notebook Vaio Fe16 Intel Core I5 13ª Gen Windows 11 Home 16gb '","logger":"airflow.task.hooks.airflow.providers.standard.hooks.subprocess.SubprocessHook","filename":"subprocess.py","lineno":99}
{"timestamp":"2026-01-20T01:42:53.770244Z","level":"info","event":"               '512gb Ssd Wi-fi 6 Tela 16\" Ips Wuxga Antirreflexo - Cinza '","logger":"airflow.task.hooks.airflow.providers.standard.hooks.subprocess.SubprocessHook","filename":"subprocess.py","lineno":99}
{"timestamp":"2026-01-20T01:42:53.770276Z","level":"info","event":"               'Grafite - Vjfe62f11x-b0321h - Memória Expansível Até 64gb',","logger":"airflow.task.hooks.airflow.providers.standard.hooks.subprocess.SubprocessHook","filename":"subprocess.py","lineno":99}
{"timestamp":"2026-01-20T01:42:53.770306Z","level":"info","event":" 'memory': 'N/A',","logger":"airflow.task.hooks.airflow.providers.standard.hooks.subprocess.SubprocessHook","filename":"subprocess.py","lineno":99}
{"timestamp":"2026-01-20T01:42:53.770351Z","level":"info","event":" 'price': '5.799',","logger":"airflow.task.hooks.airflow.providers.standard.hooks.subprocess.SubprocessHook","filename":"subprocess.py","lineno":99}
{"timestamp":"2026-01-20T01:42:53.770383Z","level":"info","event":" 'rating': '4.8',","logger":"airflow.task.hooks.airflow.providers.standard.hooks.subprocess.SubprocessHook","filename":"subprocess.py","lineno":99}
{"timestamp":"2026-01-20T01:42:53.770410Z","level":"info","event":" 'site_name': 'mercado_livre',","logger":"airflow.task.hooks.airflow.providers.standard.hooks.subprocess.SubprocessHook","filename":"subprocess.py","lineno":99}
{"timestamp":"2026-01-20T01:42:53.770438Z","level":"info","event":" 'storage': '512gb'}","logger":"airflow.task.hooks.airflow.providers.standard.hooks.subprocess.SubprocessHook","filename":"subprocess.py","lineno":99}
{"timestamp":"2026-01-20T01:42:53.771343Z","level":"info","event":"2026-01-20 01:42:53 [scrapy.core.scraper] DEBUG: Scraped from <200 https://lista.mercadolivre.com.br/notebook>","logger":"airflow.task.hooks.airflow.providers.standard.hooks.subprocess.SubprocessHook","filename":"subprocess.py","lineno":99}
{"timestamp":"2026-01-20T01:42:53.771427Z","level":"info","event":"{'color': 'N/A',","logger":"airflow.task.hooks.airflow.providers.standard.hooks.subprocess.SubprocessHook","filename":"subprocess.py","lineno":99}
{"timestamp":"2026-01-20T01:42:53.771477Z","level":"info","event":" 'full_title': 'Notebook VAIO FE 16 Intel Core i5-1334U Linux, 32GB RAM 512GB '","logger":"airflow.task.hooks.airflow.providers.standard.hooks.subprocess.SubprocessHook","filename":"subprocess.py","lineno":99}
{"timestamp":"2026-01-20T01:42:53.771510Z","level":"info","event":"               'SSD Tela 16\" IPS WUXGA Antireflexo - Cinza Grafite - '","logger":"airflow.task.hooks.airflow.providers.standard.hooks.subprocess.SubprocessHook","filename":"subprocess.py","lineno":99}
{"timestamp":"2026-01-20T01:42:53.771541Z","level":"info","event":"               'VJFE62F11X-B0111H - Permite upgrade de memória RAM e SSD',","logger":"airflow.task.hooks.airflow.providers.standard.hooks.subprocess.SubprocessHook","filename":"subprocess.py","lineno":99}
{"timestamp":"2026-01-20T01:42:53.771572Z","level":"info","event":" 'memory': '32GB',","logger":"airflow.task.hooks.airflow.providers.standard.hooks.subprocess.SubprocessHook","filename":"subprocess.py","lineno":99}
{"timestamp":"2026-01-20T01:42:53.771601Z","level":"info","event":" 'price': '6.499',","logger":"airflow.task.hooks.airflow.providers.standard.hooks.subprocess.SubprocessHook","filename":"subprocess.py","lineno":99}
{"timestamp":"2026-01-20T01:42:53.771629Z","level":"info","event":" 'rating': '4.9',","logger":"airflow.task.hooks.airflow.providers.standard.hooks.subprocess.SubprocessHook","filename":"subprocess.py","lineno":99}
{"timestamp":"2026-01-20T01:42:53.771657Z","level":"info","event":" 'site_name': 'mercado_livre',","logger":"airflow.task.hooks.airflow.providers.standard.hooks.subprocess.SubprocessHook","filename":"subprocess.py","lineno":99}
{"timestamp":"2026-01-20T01:42:53.771684Z","level":"info","event":" 'storage': '512GB'}","logger":"airflow.task.hooks.airflow.providers.standard.hooks.subprocess.SubprocessHook","filename":"subprocess.py","lineno":99}
{"timestamp":"2026-01-20T01:42:53.773687Z","level":"info","event":"2026-01-20 01:42:53 [scrapy.core.scraper] DEBUG: Scraped from <200 https://lista.mercadolivre.com.br/notebook>","logger":"airflow.task.hooks.airflow.providers.standard.hooks.subprocess.SubprocessHook","filename":"subprocess.py","lineno":99}
{"timestamp":"2026-01-20T01:42:53.773772Z","level":"info","event":"{'color': 'Cinza',","logger":"airflow.task.hooks.airflow.providers.standard.hooks.subprocess.SubprocessHook","filename":"subprocess.py","lineno":99}
{"timestamp":"2026-01-20T01:42:53.773822Z","level":"info","event":" 'full_title': 'Notebook Asus Tuf Gaming F16 Fx607vj Nvidia Rtx 3050 Intel '","logger":"airflow.task.hooks.airflow.providers.standard.hooks.subprocess.SubprocessHook","filename":"subprocess.py","lineno":99}
{"timestamp":"2026-01-20T01:42:53.773856Z","level":"info","event":"               'Core 5 210h 16gb Ram 512gb Ssd Windows 11 Home Tela 16 Nível '","logger":"airflow.task.hooks.airflow.providers.standard.hooks.subprocess.SubprocessHook","filename":"subprocess.py","lineno":99}
{"timestamp":"2026-01-20T01:42:53.773887Z","level":"info","event":"               'Ips 144hz Cinza - Rl007w',","logger":"airflow.task.hooks.airflow.providers.standard.hooks.subprocess.SubprocessHook","filename":"subprocess.py","lineno":99}
{"timestamp":"2026-01-20T01:42:53.773916Z","level":"info","event":" 'memory': '16gb',","logger":"airflow.task.hooks.airflow.providers.standard.hooks.subprocess.SubprocessHook","filename":"subprocess.py","lineno":99}
{"timestamp":"2026-01-20T01:42:53.773943Z","level":"info","event":" 'price': '8.999',","logger":"airflow.task.hooks.airflow.providers.standard.hooks.subprocess.SubprocessHook","filename":"subprocess.py","lineno":99}
{"timestamp":"2026-01-20T01:42:53.773972Z","level":"info","event":" 'rating': '5.0',","logger":"airflow.task.hooks.airflow.providers.standard.hooks.subprocess.SubprocessHook","filename":"subprocess.py","lineno":99}
{"timestamp":"2026-01-20T01:42:53.774035Z","level":"info","event":" 'site_name': 'mercado_livre',","logger":"airflow.task.hooks.airflow.providers.standard.hooks.subprocess.SubprocessHook","filename":"subprocess.py","lineno":99}
{"timestamp":"2026-01-20T01:42:53.774100Z","level":"info","event":" 'storage': '512gb'}","logger":"airflow.task.hooks.airflow.providers.standard.hooks.subprocess.SubprocessHook","filename":"subprocess.py","lineno":99}
{"timestamp":"2026-01-20T01:42:53.775162Z","level":"info","event":"2026-01-20 01:42:53 [scrapy.core.scraper] DEBUG: Scraped from <200 https://lista.mercadolivre.com.br/notebook>","logger":"airflow.task.hooks.airflow.providers.standard.hooks.subprocess.SubprocessHook","filename":"subprocess.py","lineno":99}
{"timestamp":"2026-01-20T01:42:53.775273Z","level":"info","event":"{'color': 'Black',","logger":"airflow.task.hooks.airflow.providers.standard.hooks.subprocess.SubprocessHook","filename":"subprocess.py","lineno":99}
{"timestamp":"2026-01-20T01:42:53.775367Z","level":"info","event":" 'full_title': 'Notebook ASUS TUF Gaming A15, NVIDIA RTX 2050, AMD RYZEN 7 '","logger":"airflow.task.hooks.airflow.providers.standard.hooks.subprocess.SubprocessHook","filename":"subprocess.py","lineno":99}
{"timestamp":"2026-01-20T01:42:53.775426Z","level":"info","event":"               '7435HS 3,1 GHz , 16GB RAM, 512GB SSD, Windows 11 Home, Tela '","logger":"airflow.task.hooks.airflow.providers.standard.hooks.subprocess.SubprocessHook","filename":"subprocess.py","lineno":99}
{"timestamp":"2026-01-20T01:42:53.775489Z","level":"info","event":"               '15,6\" FHD Nível IPS 144Hz, Graphite Black - FA506NFR-HN060W',","logger":"airflow.task.hooks.airflow.providers.standard.hooks.subprocess.SubprocessHook","filename":"subprocess.py","lineno":99}
{"timestamp":"2026-01-20T01:42:53.775539Z","level":"info","event":" 'memory': '16GB',","logger":"airflow.task.hooks.airflow.providers.standard.hooks.subprocess.SubprocessHook","filename":"subprocess.py","lineno":99}
{"timestamp":"2026-01-20T01:42:53.775572Z","level":"info","event":" 'price': '6.999',","logger":"airflow.task.hooks.airflow.providers.standard.hooks.subprocess.SubprocessHook","filename":"subprocess.py","lineno":99}
{"timestamp":"2026-01-20T01:42:53.775600Z","level":"info","event":" 'rating': '4.9',","logger":"airflow.task.hooks.airflow.providers.standard.hooks.subprocess.SubprocessHook","filename":"subprocess.py","lineno":99}
{"timestamp":"2026-01-20T01:42:53.775628Z","level":"info","event":" 'site_name': 'mercado_livre',","logger":"airflow.task.hooks.airflow.providers.standard.hooks.subprocess.SubprocessHook","filename":"subprocess.py","lineno":99}
{"timestamp":"2026-01-20T01:42:53.775655Z","level":"info","event":" 'storage': '512GB'}","logger":"airflow.task.hooks.airflow.providers.standard.hooks.subprocess.SubprocessHook","filename":"subprocess.py","lineno":99}
{"timestamp":"2026-01-20T01:42:53.776628Z","level":"info","event":"2026-01-20 01:42:53 [scrapy.core.scraper] DEBUG: Scraped from <200 https://lista.mercadolivre.com.br/notebook>","logger":"airflow.task.hooks.airflow.providers.standard.hooks.subprocess.SubprocessHook","filename":"subprocess.py","lineno":99}
{"timestamp":"2026-01-20T01:42:53.776717Z","level":"info","event":"{'color': 'N/A',","logger":"airflow.task.hooks.airflow.providers.standard.hooks.subprocess.SubprocessHook","filename":"subprocess.py","lineno":99}
{"timestamp":"2026-01-20T01:42:53.776768Z","level":"info","event":" 'full_title': 'Notebook Acer Nitro V ANV15-51-57WS Intel Core i5-13420H '","logger":"airflow.task.hooks.airflow.providers.standard.hooks.subprocess.SubprocessHook","filename":"subprocess.py","lineno":99}
{"timestamp":"2026-01-20T01:42:53.776804Z","level":"info","event":"               '13ªGeração 512SSD 8GB Nvidia GeForce RTX 3050 GDDR6 Linux '","logger":"airflow.task.hooks.airflow.providers.standard.hooks.subprocess.SubprocessHook","filename":"subprocess.py","lineno":99}
{"timestamp":"2026-01-20T01:42:53.776836Z","level":"info","event":"               \"Gutta 15,6'\",","logger":"airflow.task.hooks.airflow.providers.standard.hooks.subprocess.SubprocessHook","filename":"subprocess.py","lineno":99}
{"timestamp":"2026-01-20T01:42:53.776865Z","level":"info","event":" 'memory': 'N/A',","logger":"airflow.task.hooks.airflow.providers.standard.hooks.subprocess.SubprocessHook","filename":"subprocess.py","lineno":99}
{"timestamp":"2026-01-20T01:42:53.776894Z","level":"info","event":" 'price': '4.989',","logger":"airflow.task.hooks.airflow.providers.standard.hooks.subprocess.SubprocessHook","filename":"subprocess.py","lineno":99}
{"timestamp":"2026-01-20T01:42:53.776923Z","level":"info","event":" 'rating': '4.8',","logger":"airflow.task.hooks.airflow.providers.standard.hooks.subprocess.SubprocessHook","filename":"subprocess.py","lineno":99}
{"timestamp":"2026-01-20T01:42:53.776951Z","level":"info","event":" 'site_name': 'mercado_livre',","logger":"airflow.task.hooks.airflow.providers.standard.hooks.subprocess.SubprocessHook","filename":"subprocess.py","lineno":99}
{"timestamp":"2026-01-20T01:42:53.776978Z","level":"info","event":" 'storage': 'N/A'}","logger":"airflow.task.hooks.airflow.providers.standard.hooks.subprocess.SubprocessHook","filename":"subprocess.py","lineno":99}
{"timestamp":"2026-01-20T01:42:53.777882Z","level":"info","event":"2026-01-20 01:42:53 [scrapy.core.scraper] DEBUG: Scraped from <200 https://lista.mercadolivre.com.br/notebook>","logger":"airflow.task.hooks.airflow.providers.standard.hooks.subprocess.SubprocessHook","filename":"subprocess.py","lineno":99}
{"timestamp":"2026-01-20T01:42:53.777975Z","level":"info","event":"{'color': 'Cinza',","logger":"airflow.task.hooks.airflow.providers.standard.hooks.subprocess.SubprocessHook","filename":"subprocess.py","lineno":99}
{"timestamp":"2026-01-20T01:42:53.778028Z","level":"info","event":" 'full_title': 'Notebook Lenovo Ideapad I5-13420h 8gb 1tb Ssd15.3 Fhd Linux '","logger":"airflow.task.hooks.airflow.providers.standard.hooks.subprocess.SubprocessHook","filename":"subprocess.py","lineno":99}
{"timestamp":"2026-01-20T01:42:53.778066Z","level":"info","event":"               'Cinza',","logger":"airflow.task.hooks.airflow.providers.standard.hooks.subprocess.SubprocessHook","filename":"subprocess.py","lineno":99}
{"timestamp":"2026-01-20T01:42:53.778097Z","level":"info","event":" 'memory': 'N/A',","logger":"airflow.task.hooks.airflow.providers.standard.hooks.subprocess.SubprocessHook","filename":"subprocess.py","lineno":99}
{"timestamp":"2026-01-20T01:42:53.778126Z","level":"info","event":" 'price': '3.999',","logger":"airflow.task.hooks.airflow.providers.standard.hooks.subprocess.SubprocessHook","filename":"subprocess.py","lineno":99}
{"timestamp":"2026-01-20T01:42:53.778155Z","level":"info","event":" 'rating': '4.9',","logger":"airflow.task.hooks.airflow.providers.standard.hooks.subprocess.SubprocessHook","filename":"subprocess.py","lineno":99}
{"timestamp":"2026-01-20T01:42:53.778182Z","level":"info","event":" 'site_name': 'mercado_livre',","logger":"airflow.task.hooks.airflow.providers.standard.hooks.subprocess.SubprocessHook","filename":"subprocess.py","lineno":99}
{"timestamp":"2026-01-20T01:42:53.778209Z","level":"info","event":" 'storage': '1tb'}","logger":"airflow.task.hooks.airflow.providers.standard.hooks.subprocess.SubprocessHook","filename":"subprocess.py","lineno":99}
{"timestamp":"2026-01-20T01:42:53.779669Z","level":"info","event":"2026-01-20 01:42:53 [scrapy.core.scraper] DEBUG: Scraped from <200 https://lista.mercadolivre.com.br/notebook>","logger":"airflow.task.hooks.airflow.providers.standard.hooks.subprocess.SubprocessHook","filename":"subprocess.py","lineno":99}
{"timestamp":"2026-01-20T01:42:53.779756Z","level":"info","event":"{'color': 'N/A',","logger":"airflow.task.hooks.airflow.providers.standard.hooks.subprocess.SubprocessHook","filename":"subprocess.py","lineno":99}
{"timestamp":"2026-01-20T01:42:53.779807Z","level":"info","event":" 'full_title': 'Notebook HP Intel Core i5 13ª Geração 1335U, Windows 11 Pro, '","logger":"airflow.task.hooks.airflow.providers.standard.hooks.subprocess.SubprocessHook","filename":"subprocess.py","lineno":99}
{"timestamp":"2026-01-20T01:42:53.779843Z","level":"info","event":"               'com inteligência artificial, Tela de 15.6\", 8GB DDR4, 256GB '","logger":"airflow.task.hooks.airflow.providers.standard.hooks.subprocess.SubprocessHook","filename":"subprocess.py","lineno":99}
{"timestamp":"2026-01-20T01:42:53.779874Z","level":"info","event":"               'SSD PCIe, Wifi 6, Bluetooth 5.3, Intel Iris X Graphics - 250R '","logger":"airflow.task.hooks.airflow.providers.standard.hooks.subprocess.SubprocessHook","filename":"subprocess.py","lineno":99}
{"timestamp":"2026-01-20T01:42:53.779903Z","level":"info","event":"               'G9 AY6W3LA#AK4',","logger":"airflow.task.hooks.airflow.providers.standard.hooks.subprocess.SubprocessHook","filename":"subprocess.py","lineno":99}
{"timestamp":"2026-01-20T01:42:53.779932Z","level":"info","event":" 'memory': 'N/A',","logger":"airflow.task.hooks.airflow.providers.standard.hooks.subprocess.SubprocessHook","filename":"subprocess.py","lineno":99}
{"timestamp":"2026-01-20T01:42:53.779961Z","level":"info","event":" 'price': '4.465',","logger":"airflow.task.hooks.airflow.providers.standard.hooks.subprocess.SubprocessHook","filename":"subprocess.py","lineno":99}
{"timestamp":"2026-01-20T01:42:53.779988Z","level":"info","event":" 'rating': '4.8',","logger":"airflow.task.hooks.airflow.providers.standard.hooks.subprocess.SubprocessHook","filename":"subprocess.py","lineno":99}
{"timestamp":"2026-01-20T01:42:53.780015Z","level":"info","event":" 'site_name': 'mercado_livre',","logger":"airflow.task.hooks.airflow.providers.standard.hooks.subprocess.SubprocessHook","filename":"subprocess.py","lineno":99}
{"timestamp":"2026-01-20T01:42:53.780043Z","level":"info","event":" 'storage': '256GB'}","logger":"airflow.task.hooks.airflow.providers.standard.hooks.subprocess.SubprocessHook","filename":"subprocess.py","lineno":99}
{"timestamp":"2026-01-20T01:42:53.781137Z","level":"info","event":"2026-01-20 01:42:53 [scrapy.core.scraper] DEBUG: Scraped from <200 https://lista.mercadolivre.com.br/notebook>","logger":"airflow.task.hooks.airflow.providers.standard.hooks.subprocess.SubprocessHook","filename":"subprocess.py","lineno":99}
{"timestamp":"2026-01-20T01:42:53.781220Z","level":"info","event":"{'color': 'Gray',","logger":"airflow.task.hooks.airflow.providers.standard.hooks.subprocess.SubprocessHook","filename":"subprocess.py","lineno":99}
{"timestamp":"2026-01-20T01:42:53.781271Z","level":"info","event":" 'full_title': 'Notebook ASUS TUF Gaming F16, NVIDIA RTX 3050, Intel Core 5 '","logger":"airflow.task.hooks.airflow.providers.standard.hooks.subprocess.SubprocessHook","filename":"subprocess.py","lineno":99}
{"timestamp":"2026-01-20T01:42:53.781305Z","level":"info","event":"               '210H 2,2 GHz, 8GB RAM, 512GB SSD, KeepOS Linux, Tela 16\" FHD+ '","logger":"airflow.task.hooks.airflow.providers.standard.hooks.subprocess.SubprocessHook","filename":"subprocess.py","lineno":99}
{"timestamp":"2026-01-20T01:42:53.781336Z","level":"info","event":"               'Nível IPS 144Hz, Mecha Gray - FX607VJ-RL002',","logger":"airflow.task.hooks.airflow.providers.standard.hooks.subprocess.SubprocessHook","filename":"subprocess.py","lineno":99}
{"timestamp":"2026-01-20T01:42:53.781366Z","level":"info","event":" 'memory': '8GB',","logger":"airflow.task.hooks.airflow.providers.standard.hooks.subprocess.SubprocessHook","filename":"subprocess.py","lineno":99}
{"timestamp":"2026-01-20T01:42:53.781395Z","level":"info","event":" 'price': '4.949',","logger":"airflow.task.hooks.airflow.providers.standard.hooks.subprocess.SubprocessHook","filename":"subprocess.py","lineno":99}
{"timestamp":"2026-01-20T01:42:53.781422Z","level":"info","event":" 'rating': '4.9',","logger":"airflow.task.hooks.airflow.providers.standard.hooks.subprocess.SubprocessHook","filename":"subprocess.py","lineno":99}
{"timestamp":"2026-01-20T01:42:53.781449Z","level":"info","event":" 'site_name': 'mercado_livre',","logger":"airflow.task.hooks.airflow.providers.standard.hooks.subprocess.SubprocessHook","filename":"subprocess.py","lineno":99}
{"timestamp":"2026-01-20T01:42:53.781475Z","level":"info","event":" 'storage': '512GB'}","logger":"airflow.task.hooks.airflow.providers.standard.hooks.subprocess.SubprocessHook","filename":"subprocess.py","lineno":99}
{"timestamp":"2026-01-20T01:42:53.782658Z","level":"info","event":"2026-01-20 01:42:53 [scrapy.core.scraper] DEBUG: Scraped from <200 https://lista.mercadolivre.com.br/notebook>","logger":"airflow.task.hooks.airflow.providers.standard.hooks.subprocess.SubprocessHook","filename":"subprocess.py","lineno":99}
{"timestamp":"2026-01-20T01:42:53.782745Z","level":"info","event":"{'color': 'N/A',","logger":"airflow.task.hooks.airflow.providers.standard.hooks.subprocess.SubprocessHook","filename":"subprocess.py","lineno":99}
{"timestamp":"2026-01-20T01:42:53.782794Z","level":"info","event":" 'full_title': 'Notebook Vaio Fe16 Intel Core I3-1315u Linux 8gb Ram 256gb Ssd '","logger":"airflow.task.hooks.airflow.providers.standard.hooks.subprocess.SubprocessHook","filename":"subprocess.py","lineno":99}
{"timestamp":"2026-01-20T01:42:53.782827Z","level":"info","event":"               'Tela 16 Ips Wuxga Antirreflexo - Cinza Grafite - '","logger":"airflow.task.hooks.airflow.providers.standard.hooks.subprocess.SubprocessHook","filename":"subprocess.py","lineno":99}
{"timestamp":"2026-01-20T01:42:53.782858Z","level":"info","event":"               'Vjfe62f11x-b0811h',","logger":"airflow.task.hooks.airflow.providers.standard.hooks.subprocess.SubprocessHook","filename":"subprocess.py","lineno":99}
{"timestamp":"2026-01-20T01:42:53.782888Z","level":"info","event":" 'memory': '8gb',","logger":"airflow.task.hooks.airflow.providers.standard.hooks.subprocess.SubprocessHook","filename":"subprocess.py","lineno":99}
{"timestamp":"2026-01-20T01:42:53.782916Z","level":"info","event":" 'price': '3.290',","logger":"airflow.task.hooks.airflow.providers.standard.hooks.subprocess.SubprocessHook","filename":"subprocess.py","lineno":99}
{"timestamp":"2026-01-20T01:42:53.782942Z","level":"info","event":" 'rating': '5.0',","logger":"airflow.task.hooks.airflow.providers.standard.hooks.subprocess.SubprocessHook","filename":"subprocess.py","lineno":99}
{"timestamp":"2026-01-20T01:42:53.782968Z","level":"info","event":" 'site_name': 'mercado_livre',","logger":"airflow.task.hooks.airflow.providers.standard.hooks.subprocess.SubprocessHook","filename":"subprocess.py","lineno":99}
{"timestamp":"2026-01-20T01:42:53.782995Z","level":"info","event":" 'storage': '256gb'}","logger":"airflow.task.hooks.airflow.providers.standard.hooks.subprocess.SubprocessHook","filename":"subprocess.py","lineno":99}
{"timestamp":"2026-01-20T01:42:53.784106Z","level":"info","event":"2026-01-20 01:42:53 [scrapy.core.scraper] DEBUG: Scraped from <200 https://lista.mercadolivre.com.br/notebook>","logger":"airflow.task.hooks.airflow.providers.standard.hooks.subprocess.SubprocessHook","filename":"subprocess.py","lineno":99}
{"timestamp":"2026-01-20T01:42:53.784189Z","level":"info","event":"{'color': 'N/A',","logger":"airflow.task.hooks.airflow.providers.standard.hooks.subprocess.SubprocessHook","filename":"subprocess.py","lineno":99}
{"timestamp":"2026-01-20T01:42:53.784239Z","level":"info","event":" 'full_title': 'Notebook Asus Vivobook Go 15 Intel Celeron 4gb 128gb Wind11',","logger":"airflow.task.hooks.airflow.providers.standard.hooks.subprocess.SubprocessHook","filename":"subprocess.py","lineno":99}
{"timestamp":"2026-01-20T01:42:53.784272Z","level":"info","event":" 'memory': 'N/A',","logger":"airflow.task.hooks.airflow.providers.standard.hooks.subprocess.SubprocessHook","filename":"subprocess.py","lineno":99}
{"timestamp":"2026-01-20T01:42:53.784301Z","level":"info","event":" 'price': '7.000',","logger":"airflow.task.hooks.airflow.providers.standard.hooks.subprocess.SubprocessHook","filename":"subprocess.py","lineno":99}
{"timestamp":"2026-01-20T01:42:53.784330Z","level":"info","event":" 'rating': '4.8',","logger":"airflow.task.hooks.airflow.providers.standard.hooks.subprocess.SubprocessHook","filename":"subprocess.py","lineno":99}
{"timestamp":"2026-01-20T01:42:53.784356Z","level":"info","event":" 'site_name': 'mercado_livre',","logger":"airflow.task.hooks.airflow.providers.standard.hooks.subprocess.SubprocessHook","filename":"subprocess.py","lineno":99}
{"timestamp":"2026-01-20T01:42:53.784383Z","level":"info","event":" 'storage': 'N/A'}","logger":"airflow.task.hooks.airflow.providers.standard.hooks.subprocess.SubprocessHook","filename":"subprocess.py","lineno":99}
{"timestamp":"2026-01-20T01:42:53.785511Z","level":"info","event":"2026-01-20 01:42:53 [scrapy.core.scraper] DEBUG: Scraped from <200 https://lista.mercadolivre.com.br/notebook>","logger":"airflow.task.hooks.airflow.providers.standard.hooks.subprocess.SubprocessHook","filename":"subprocess.py","lineno":99}
{"timestamp":"2026-01-20T01:42:53.785595Z","level":"info","event":"{'color': 'N/A',","logger":"airflow.task.hooks.airflow.providers.standard.hooks.subprocess.SubprocessHook","filename":"subprocess.py","lineno":99}
{"timestamp":"2026-01-20T01:42:53.785645Z","level":"info","event":" 'full_title': 'Notebook Vaio Fe16 Amd Ryzen 5-5625u Windows 11 Home 12gb RAM '","logger":"airflow.task.hooks.airflow.providers.standard.hooks.subprocess.SubprocessHook","filename":"subprocess.py","lineno":99}
{"timestamp":"2026-01-20T01:42:53.785678Z","level":"info","event":"               '512gb Ssd Wi-fi 6 Tela 16\" Ips Wuxga Antirreflexo - Cinza '","logger":"airflow.task.hooks.airflow.providers.standard.hooks.subprocess.SubprocessHook","filename":"subprocess.py","lineno":99}
{"timestamp":"2026-01-20T01:42:53.785708Z","level":"info","event":"               'Grafite Vjfe69f11x-b1221h - Permite upgrade de memória RAM e '","logger":"airflow.task.hooks.airflow.providers.standard.hooks.subprocess.SubprocessHook","filename":"subprocess.py","lineno":99}
{"timestamp":"2026-01-20T01:42:53.785737Z","level":"info","event":"               'SSD',","logger":"airflow.task.hooks.airflow.providers.standard.hooks.subprocess.SubprocessHook","filename":"subprocess.py","lineno":99}
{"timestamp":"2026-01-20T01:42:53.785765Z","level":"info","event":" 'memory': '12gb',","logger":"airflow.task.hooks.airflow.providers.standard.hooks.subprocess.SubprocessHook","filename":"subprocess.py","lineno":99}
{"timestamp":"2026-01-20T01:42:53.785793Z","level":"info","event":" 'price': '4.718',","logger":"airflow.task.hooks.airflow.providers.standard.hooks.subprocess.SubprocessHook","filename":"subprocess.py","lineno":99}
{"timestamp":"2026-01-20T01:42:53.785820Z","level":"info","event":" 'rating': '4.9',","logger":"airflow.task.hooks.airflow.providers.standard.hooks.subprocess.SubprocessHook","filename":"subprocess.py","lineno":99}
{"timestamp":"2026-01-20T01:42:53.785847Z","level":"info","event":" 'site_name': 'mercado_livre',","logger":"airflow.task.hooks.airflow.providers.standard.hooks.subprocess.SubprocessHook","filename":"subprocess.py","lineno":99}
{"timestamp":"2026-01-20T01:42:53.785874Z","level":"info","event":" 'storage': '512gb'}","logger":"airflow.task.hooks.airflow.providers.standard.hooks.subprocess.SubprocessHook","filename":"subprocess.py","lineno":99}
{"timestamp":"2026-01-20T01:42:53.786842Z","level":"info","event":"2026-01-20 01:42:53 [scrapy.core.scraper] DEBUG: Scraped from <200 https://lista.mercadolivre.com.br/notebook>","logger":"airflow.task.hooks.airflow.providers.standard.hooks.subprocess.SubprocessHook","filename":"subprocess.py","lineno":99}
{"timestamp":"2026-01-20T01:42:53.786929Z","level":"info","event":"{'color': 'N/A',","logger":"airflow.task.hooks.airflow.providers.standard.hooks.subprocess.SubprocessHook","filename":"subprocess.py","lineno":99}
{"timestamp":"2026-01-20T01:42:53.786983Z","level":"info","event":" 'full_title': 'Notebook Lenovo Ideapad 1 Intel Core i3 1215U 8GB RAM 256GB '","logger":"airflow.task.hooks.airflow.providers.standard.hooks.subprocess.SubprocessHook","filename":"subprocess.py","lineno":99}
{"timestamp":"2026-01-20T01:42:53.787021Z","level":"info","event":"               'SSD Windows 11 Home Tela 15,6\" 82VY000SBR',","logger":"airflow.task.hooks.airflow.providers.standard.hooks.subprocess.SubprocessHook","filename":"subprocess.py","lineno":99}
{"timestamp":"2026-01-20T01:42:53.787054Z","level":"info","event":" 'memory': '8GB',","logger":"airflow.task.hooks.airflow.providers.standard.hooks.subprocess.SubprocessHook","filename":"subprocess.py","lineno":99}
{"timestamp":"2026-01-20T01:42:53.787084Z","level":"info","event":" 'price': '3.500',","logger":"airflow.task.hooks.airflow.providers.standard.hooks.subprocess.SubprocessHook","filename":"subprocess.py","lineno":99}
{"timestamp":"2026-01-20T01:42:53.787113Z","level":"info","event":" 'rating': '4.8',","logger":"airflow.task.hooks.airflow.providers.standard.hooks.subprocess.SubprocessHook","filename":"subprocess.py","lineno":99}
{"timestamp":"2026-01-20T01:42:53.787157Z","level":"info","event":" 'site_name': 'mercado_livre',","logger":"airflow.task.hooks.airflow.providers.standard.hooks.subprocess.SubprocessHook","filename":"subprocess.py","lineno":99}
{"timestamp":"2026-01-20T01:42:53.787184Z","level":"info","event":" 'storage': '256GB'}","logger":"airflow.task.hooks.airflow.providers.standard.hooks.subprocess.SubprocessHook","filename":"subprocess.py","lineno":99}
{"timestamp":"2026-01-20T01:42:53.788203Z","level":"info","event":"2026-01-20 01:42:53 [scrapy.core.scraper] DEBUG: Scraped from <200 https://lista.mercadolivre.com.br/notebook>","logger":"airflow.task.hooks.airflow.providers.standard.hooks.subprocess.SubprocessHook","filename":"subprocess.py","lineno":99}
{"timestamp":"2026-01-20T01:42:53.788290Z","level":"info","event":"{'color': 'Silver',","logger":"airflow.task.hooks.airflow.providers.standard.hooks.subprocess.SubprocessHook","filename":"subprocess.py","lineno":99}
{"timestamp":"2026-01-20T01:42:53.788342Z","level":"info","event":" 'full_title': 'Notebook ASUS Vivobook S14 S3407CA Intel Core Ultra 5 225H '","logger":"airflow.task.hooks.airflow.providers.standard.hooks.subprocess.SubprocessHook","filename":"subprocess.py","lineno":99}
{"timestamp":"2026-01-20T01:42:53.788376Z","level":"info","event":"               '16GB Ram 512GB SSD Windows 11 Tela 14\" LED FHD Silver - LY113W',","logger":"airflow.task.hooks.airflow.providers.standard.hooks.subprocess.SubprocessHook","filename":"subprocess.py","lineno":99}
{"timestamp":"2026-01-20T01:42:53.788408Z","level":"info","event":" 'memory': '16GB',","logger":"airflow.task.hooks.airflow.providers.standard.hooks.subprocess.SubprocessHook","filename":"subprocess.py","lineno":99}
{"timestamp":"2026-01-20T01:42:53.788437Z","level":"info","event":" 'price': '8.499',","logger":"airflow.task.hooks.airflow.providers.standard.hooks.subprocess.SubprocessHook","filename":"subprocess.py","lineno":99}
{"timestamp":"2026-01-20T01:42:53.788465Z","level":"info","event":" 'rating': '5.0',","logger":"airflow.task.hooks.airflow.providers.standard.hooks.subprocess.SubprocessHook","filename":"subprocess.py","lineno":99}
{"timestamp":"2026-01-20T01:42:53.788493Z","level":"info","event":" 'site_name': 'mercado_livre',","logger":"airflow.task.hooks.airflow.providers.standard.hooks.subprocess.SubprocessHook","filename":"subprocess.py","lineno":99}
{"timestamp":"2026-01-20T01:42:53.788520Z","level":"info","event":" 'storage': '512GB'}","logger":"airflow.task.hooks.airflow.providers.standard.hooks.subprocess.SubprocessHook","filename":"subprocess.py","lineno":99}
{"timestamp":"2026-01-20T01:42:53.789724Z","level":"info","event":"2026-01-20 01:42:53 [scrapy.core.scraper] DEBUG: Scraped from <200 https://lista.mercadolivre.com.br/notebook>","logger":"airflow.task.hooks.airflow.providers.standard.hooks.subprocess.SubprocessHook","filename":"subprocess.py","lineno":99}
{"timestamp":"2026-01-20T01:42:53.789809Z","level":"info","event":"{'color': 'Cinza',","logger":"airflow.task.hooks.airflow.providers.standard.hooks.subprocess.SubprocessHook","filename":"subprocess.py","lineno":99}
{"timestamp":"2026-01-20T01:42:53.789859Z","level":"info","event":" 'full_title': 'Notebook ASUS TUF Gaming F16 FX608JHR NVIDIA RTX 5050 Intel '","logger":"airflow.task.hooks.airflow.providers.standard.hooks.subprocess.SubprocessHook","filename":"subprocess.py","lineno":99}
{"timestamp":"2026-01-20T01:42:53.789894Z","level":"info","event":"               'Core i7 14650HX 8GB Ram 512GB SSD Linux KeepOS Tela 16\" 165Hz '","logger":"airflow.task.hooks.airflow.providers.standard.hooks.subprocess.SubprocessHook","filename":"subprocess.py","lineno":99}
{"timestamp":"2026-01-20T01:42:53.789926Z","level":"info","event":"               'Nível IPS Cinza - RV019',","logger":"airflow.task.hooks.airflow.providers.standard.hooks.subprocess.SubprocessHook","filename":"subprocess.py","lineno":99}
{"timestamp":"2026-01-20T01:42:53.789958Z","level":"info","event":" 'memory': '8GB',","logger":"airflow.task.hooks.airflow.providers.standard.hooks.subprocess.SubprocessHook","filename":"subprocess.py","lineno":99}
{"timestamp":"2026-01-20T01:42:53.789987Z","level":"info","event":" 'price': '10.499',","logger":"airflow.task.hooks.airflow.providers.standard.hooks.subprocess.SubprocessHook","filename":"subprocess.py","lineno":99}
{"timestamp":"2026-01-20T01:42:53.790013Z","level":"info","event":" 'rating': '5.0',","logger":"airflow.task.hooks.airflow.providers.standard.hooks.subprocess.SubprocessHook","filename":"subprocess.py","lineno":99}
{"timestamp":"2026-01-20T01:42:53.790040Z","level":"info","event":" 'site_name': 'mercado_livre',","logger":"airflow.task.hooks.airflow.providers.standard.hooks.subprocess.SubprocessHook","filename":"subprocess.py","lineno":99}
{"timestamp":"2026-01-20T01:42:53.790067Z","level":"info","event":" 'storage': '512GB'}","logger":"airflow.task.hooks.airflow.providers.standard.hooks.subprocess.SubprocessHook","filename":"subprocess.py","lineno":99}
{"timestamp":"2026-01-20T01:42:53.791069Z","level":"info","event":"2026-01-20 01:42:53 [scrapy.core.scraper] DEBUG: Scraped from <200 https://lista.mercadolivre.com.br/notebook>","logger":"airflow.task.hooks.airflow.providers.standard.hooks.subprocess.SubprocessHook","filename":"subprocess.py","lineno":99}
{"timestamp":"2026-01-20T01:42:53.791164Z","level":"info","event":"{'color': 'Cinza',","logger":"airflow.task.hooks.airflow.providers.standard.hooks.subprocess.SubprocessHook","filename":"subprocess.py","lineno":99}
{"timestamp":"2026-01-20T01:42:53.791218Z","level":"info","event":" 'full_title': 'Notebook Dell Latitude 3410 Core I7 10th 16gb 256gb Ssd Nvme '","logger":"airflow.task.hooks.airflow.providers.standard.hooks.subprocess.SubprocessHook","filename":"subprocess.py","lineno":99}
{"timestamp":"2026-01-20T01:42:53.791276Z","level":"info","event":"               'Cor Cinza - Excelente (Recondicionado)',","logger":"airflow.task.hooks.airflow.providers.standard.hooks.subprocess.SubprocessHook","filename":"subprocess.py","lineno":99}
{"timestamp":"2026-01-20T01:42:53.791367Z","level":"info","event":" 'memory': 'N/A',","logger":"airflow.task.hooks.airflow.providers.standard.hooks.subprocess.SubprocessHook","filename":"subprocess.py","lineno":99}
{"timestamp":"2026-01-20T01:42:53.791417Z","level":"info","event":" 'price': '2.779',","logger":"airflow.task.hooks.airflow.providers.standard.hooks.subprocess.SubprocessHook","filename":"subprocess.py","lineno":99}
{"timestamp":"2026-01-20T01:42:53.791449Z","level":"info","event":" 'rating': '4.6',","logger":"airflow.task.hooks.airflow.providers.standard.hooks.subprocess.SubprocessHook","filename":"subprocess.py","lineno":99}
{"timestamp":"2026-01-20T01:42:53.791489Z","level":"info","event":" 'site_name': 'mercado_livre',","logger":"airflow.task.hooks.airflow.providers.standard.hooks.subprocess.SubprocessHook","filename":"subprocess.py","lineno":99}
{"timestamp":"2026-01-20T01:42:53.791525Z","level":"info","event":" 'storage': '256gb'}","logger":"airflow.task.hooks.airflow.providers.standard.hooks.subprocess.SubprocessHook","filename":"subprocess.py","lineno":99}
{"timestamp":"2026-01-20T01:42:53.792600Z","level":"info","event":"2026-01-20 01:42:53 [scrapy.core.scraper] DEBUG: Scraped from <200 https://lista.mercadolivre.com.br/notebook>","logger":"airflow.task.hooks.airflow.providers.standard.hooks.subprocess.SubprocessHook","filename":"subprocess.py","lineno":99}
{"timestamp":"2026-01-20T01:42:53.792688Z","level":"info","event":"{'color': 'Cinza',","logger":"airflow.task.hooks.airflow.providers.standard.hooks.subprocess.SubprocessHook","filename":"subprocess.py","lineno":99}
{"timestamp":"2026-01-20T01:42:53.792739Z","level":"info","event":" 'full_title': 'Notebook Asus Tuf Gaming F16 Fx608jhr Nvidia Rtx 5050 Intel '","logger":"airflow.task.hooks.airflow.providers.standard.hooks.subprocess.SubprocessHook","filename":"subprocess.py","lineno":99}
{"timestamp":"2026-01-20T01:42:53.792774Z","level":"info","event":"               'Core I7 14650hx 16gb Ram 512gb Ssd Windows 11 Home Tela 16 '","logger":"airflow.task.hooks.airflow.providers.standard.hooks.subprocess.SubprocessHook","filename":"subprocess.py","lineno":99}
{"timestamp":"2026-01-20T01:42:53.792806Z","level":"info","event":"               '165hz Nível Ips Cinza - Rv016w',","logger":"airflow.task.hooks.airflow.providers.standard.hooks.subprocess.SubprocessHook","filename":"subprocess.py","lineno":99}
{"timestamp":"2026-01-20T01:42:53.792837Z","level":"info","event":" 'memory': '16gb',","logger":"airflow.task.hooks.airflow.providers.standard.hooks.subprocess.SubprocessHook","filename":"subprocess.py","lineno":99}
{"timestamp":"2026-01-20T01:42:53.792866Z","level":"info","event":" 'price': '11.999',","logger":"airflow.task.hooks.airflow.providers.standard.hooks.subprocess.SubprocessHook","filename":"subprocess.py","lineno":99}
{"timestamp":"2026-01-20T01:42:53.792893Z","level":"info","event":" 'rating': '4.9',","logger":"airflow.task.hooks.airflow.providers.standard.hooks.subprocess.SubprocessHook","filename":"subprocess.py","lineno":99}
{"timestamp":"2026-01-20T01:42:53.792920Z","level":"info","event":" 'site_name': 'mercado_livre',","logger":"airflow.task.hooks.airflow.providers.standard.hooks.subprocess.SubprocessHook","filename":"subprocess.py","lineno":99}
{"timestamp":"2026-01-20T01:42:53.792947Z","level":"info","event":" 'storage': '512gb'}","logger":"airflow.task.hooks.airflow.providers.standard.hooks.subprocess.SubprocessHook","filename":"subprocess.py","lineno":99}
{"timestamp":"2026-01-20T01:42:53.794193Z","level":"info","event":"2026-01-20 01:42:53 [scrapy.core.scraper] DEBUG: Scraped from <200 https://lista.mercadolivre.com.br/notebook>","logger":"airflow.task.hooks.airflow.providers.standard.hooks.subprocess.SubprocessHook","filename":"subprocess.py","lineno":99}
{"timestamp":"2026-01-20T01:42:53.794294Z","level":"info","event":"{'color': 'Silver',","logger":"airflow.task.hooks.airflow.providers.standard.hooks.subprocess.SubprocessHook","filename":"subprocess.py","lineno":99}
{"timestamp":"2026-01-20T01:42:53.794389Z","level":"info","event":" 'full_title': 'Notebook Asus Vivobook S14 S3407va Intel Core I7 13620h 16gb '","logger":"airflow.task.hooks.airflow.providers.standard.hooks.subprocess.SubprocessHook","filename":"subprocess.py","lineno":99}
{"timestamp":"2026-01-20T01:42:53.794437Z","level":"info","event":"               'Ram 512gb Ssd Windows 11 Tela 14 Led Fhd Silver - Ly043w',","logger":"airflow.task.hooks.airflow.providers.standard.hooks.subprocess.SubprocessHook","filename":"subprocess.py","lineno":99}
{"timestamp":"2026-01-20T01:42:53.794472Z","level":"info","event":" 'memory': '16gb',","logger":"airflow.task.hooks.airflow.providers.standard.hooks.subprocess.SubprocessHook","filename":"subprocess.py","lineno":99}
{"timestamp":"2026-01-20T01:42:53.794503Z","level":"info","event":" 'price': '7.999',","logger":"airflow.task.hooks.airflow.providers.standard.hooks.subprocess.SubprocessHook","filename":"subprocess.py","lineno":99}
{"timestamp":"2026-01-20T01:42:53.794533Z","level":"info","event":" 'rating': '4.8',","logger":"airflow.task.hooks.airflow.providers.standard.hooks.subprocess.SubprocessHook","filename":"subprocess.py","lineno":99}
{"timestamp":"2026-01-20T01:42:53.794561Z","level":"info","event":" 'site_name': 'mercado_livre',","logger":"airflow.task.hooks.airflow.providers.standard.hooks.subprocess.SubprocessHook","filename":"subprocess.py","lineno":99}
{"timestamp":"2026-01-20T01:42:53.794589Z","level":"info","event":" 'storage': '512gb'}","logger":"airflow.task.hooks.airflow.providers.standard.hooks.subprocess.SubprocessHook","filename":"subprocess.py","lineno":99}
{"timestamp":"2026-01-20T01:42:53.795742Z","level":"info","event":"2026-01-20 01:42:53 [scrapy.core.scraper] DEBUG: Scraped from <200 https://lista.mercadolivre.com.br/notebook>","logger":"airflow.task.hooks.airflow.providers.standard.hooks.subprocess.SubprocessHook","filename":"subprocess.py","lineno":99}
{"timestamp":"2026-01-20T01:42:53.795827Z","level":"info","event":"{'color': 'Gray',","logger":"airflow.task.hooks.airflow.providers.standard.hooks.subprocess.SubprocessHook","filename":"subprocess.py","lineno":99}
{"timestamp":"2026-01-20T01:42:53.795878Z","level":"info","event":" 'full_title': 'Notebook ASUS TUF Gaming F16 Core 5 NVIDIA RTX 4050 16GB Ram '","logger":"airflow.task.hooks.airflow.providers.standard.hooks.subprocess.SubprocessHook","filename":"subprocess.py","lineno":99}
{"timestamp":"2026-01-20T01:42:53.795913Z","level":"info","event":"               '512GB SSD Windows 11 Home Tela 16\" FHD+ Mecha Gray - '","logger":"airflow.task.hooks.airflow.providers.standard.hooks.subprocess.SubprocessHook","filename":"subprocess.py","lineno":99}
{"timestamp":"2026-01-20T01:42:53.795943Z","level":"info","event":"               'FX607VU-RL053W',","logger":"airflow.task.hooks.airflow.providers.standard.hooks.subprocess.SubprocessHook","filename":"subprocess.py","lineno":99}
{"timestamp":"2026-01-20T01:42:53.795972Z","level":"info","event":" 'memory': '16GB',","logger":"airflow.task.hooks.airflow.providers.standard.hooks.subprocess.SubprocessHook","filename":"subprocess.py","lineno":99}
{"timestamp":"2026-01-20T01:42:53.796001Z","level":"info","event":" 'price': '9.999',","logger":"airflow.task.hooks.airflow.providers.standard.hooks.subprocess.SubprocessHook","filename":"subprocess.py","lineno":99}
{"timestamp":"2026-01-20T01:42:53.796029Z","level":"info","event":" 'rating': '4.9',","logger":"airflow.task.hooks.airflow.providers.standard.hooks.subprocess.SubprocessHook","filename":"subprocess.py","lineno":99}
{"timestamp":"2026-01-20T01:42:53.796057Z","level":"info","event":" 'site_name': 'mercado_livre',","logger":"airflow.task.hooks.airflow.providers.standard.hooks.subprocess.SubprocessHook","filename":"subprocess.py","lineno":99}
{"timestamp":"2026-01-20T01:42:53.796084Z","level":"info","event":" 'storage': '512GB'}","logger":"airflow.task.hooks.airflow.providers.standard.hooks.subprocess.SubprocessHook","filename":"subprocess.py","lineno":99}
{"timestamp":"2026-01-20T01:42:53.797238Z","level":"info","event":"2026-01-20 01:42:53 [scrapy.core.scraper] DEBUG: Scraped from <200 https://lista.mercadolivre.com.br/notebook>","logger":"airflow.task.hooks.airflow.providers.standard.hooks.subprocess.SubprocessHook","filename":"subprocess.py","lineno":99}
{"timestamp":"2026-01-20T01:42:53.797321Z","level":"info","event":"{'color': 'N/A',","logger":"airflow.task.hooks.airflow.providers.standard.hooks.subprocess.SubprocessHook","filename":"subprocess.py","lineno":99}
{"timestamp":"2026-01-20T01:42:53.797370Z","level":"info","event":" 'full_title': 'Notebook Lenovo Ideapad 1i Intel Core i5 - 1235U, 8GB RAM, '","logger":"airflow.task.hooks.airflow.providers.standard.hooks.subprocess.SubprocessHook","filename":"subprocess.py","lineno":99}
{"timestamp":"2026-01-20T01:42:53.797404Z","level":"info","event":"               \"512GB SSD, Windows 11 Home, Tela 15,6'' HD - 82VY000QBR\",","logger":"airflow.task.hooks.airflow.providers.standard.hooks.subprocess.SubprocessHook","filename":"subprocess.py","lineno":99}
{"timestamp":"2026-01-20T01:42:53.797434Z","level":"info","event":" 'memory': '8GB',","logger":"airflow.task.hooks.airflow.providers.standard.hooks.subprocess.SubprocessHook","filename":"subprocess.py","lineno":99}
{"timestamp":"2026-01-20T01:42:53.797462Z","level":"info","event":" 'price': '4.500',","logger":"airflow.task.hooks.airflow.providers.standard.hooks.subprocess.SubprocessHook","filename":"subprocess.py","lineno":99}
{"timestamp":"2026-01-20T01:42:53.797491Z","level":"info","event":" 'rating': '4.9',","logger":"airflow.task.hooks.airflow.providers.standard.hooks.subprocess.SubprocessHook","filename":"subprocess.py","lineno":99}
{"timestamp":"2026-01-20T01:42:53.797519Z","level":"info","event":" 'site_name': 'mercado_livre',","logger":"airflow.task.hooks.airflow.providers.standard.hooks.subprocess.SubprocessHook","filename":"subprocess.py","lineno":99}
{"timestamp":"2026-01-20T01:42:53.797545Z","level":"info","event":" 'storage': '512GB'}","logger":"airflow.task.hooks.airflow.providers.standard.hooks.subprocess.SubprocessHook","filename":"subprocess.py","lineno":99}
{"timestamp":"2026-01-20T01:42:53.798658Z","level":"info","event":"2026-01-20 01:42:53 [scrapy.core.scraper] DEBUG: Scraped from <200 https://lista.mercadolivre.com.br/notebook>","logger":"airflow.task.hooks.airflow.providers.standard.hooks.subprocess.SubprocessHook","filename":"subprocess.py","lineno":99}
{"timestamp":"2026-01-20T01:42:53.798741Z","level":"info","event":"{'color': 'N/A',","logger":"airflow.task.hooks.airflow.providers.standard.hooks.subprocess.SubprocessHook","filename":"subprocess.py","lineno":99}
{"timestamp":"2026-01-20T01:42:53.798790Z","level":"info","event":" 'full_title': 'Notebook Positivo Vision C15m Intel Celeron N4500 Windows 11 '","logger":"airflow.task.hooks.airflow.providers.standard.hooks.subprocess.SubprocessHook","filename":"subprocess.py","lineno":99}
{"timestamp":"2026-01-20T01:42:53.798823Z","level":"info","event":"               'Home 4gb Ram 128gb Emmc Tela 15 Full Hd Ips Antirreflexo - '","logger":"airflow.task.hooks.airflow.providers.standard.hooks.subprocess.SubprocessHook","filename":"subprocess.py","lineno":99}
{"timestamp":"2026-01-20T01:42:53.798853Z","level":"info","event":"               'Minitela E Tecla Copilot - Permite Upgrade De Memória Ssd - '","logger":"airflow.task.hooks.airflow.providers.standard.hooks.subprocess.SubprocessHook","filename":"subprocess.py","lineno":99}
{"timestamp":"2026-01-20T01:42:53.798881Z","level":"info","event":"               'Cinza',","logger":"airflow.task.hooks.airflow.providers.standard.hooks.subprocess.SubprocessHook","filename":"subprocess.py","lineno":99}
{"timestamp":"2026-01-20T01:42:53.798909Z","level":"info","event":" 'memory': '4gb',","logger":"airflow.task.hooks.airflow.providers.standard.hooks.subprocess.SubprocessHook","filename":"subprocess.py","lineno":99}
{"timestamp":"2026-01-20T01:42:53.798937Z","level":"info","event":" 'price': '1.899',","logger":"airflow.task.hooks.airflow.providers.standard.hooks.subprocess.SubprocessHook","filename":"subprocess.py","lineno":99}
{"timestamp":"2026-01-20T01:42:53.798963Z","level":"info","event":" 'rating': '4.8',","logger":"airflow.task.hooks.airflow.providers.standard.hooks.subprocess.SubprocessHook","filename":"subprocess.py","lineno":99}
{"timestamp":"2026-01-20T01:42:53.798990Z","level":"info","event":" 'site_name': 'mercado_livre',","logger":"airflow.task.hooks.airflow.providers.standard.hooks.subprocess.SubprocessHook","filename":"subprocess.py","lineno":99}
{"timestamp":"2026-01-20T01:42:53.799016Z","level":"info","event":" 'storage': 'N/A'}","logger":"airflow.task.hooks.airflow.providers.standard.hooks.subprocess.SubprocessHook","filename":"subprocess.py","lineno":99}
{"timestamp":"2026-01-20T01:42:53.800143Z","level":"info","event":"2026-01-20 01:42:53 [scrapy.core.scraper] DEBUG: Scraped from <200 https://lista.mercadolivre.com.br/notebook>","logger":"airflow.task.hooks.airflow.providers.standard.hooks.subprocess.SubprocessHook","filename":"subprocess.py","lineno":99}
{"timestamp":"2026-01-20T01:42:53.800229Z","level":"info","event":"{'color': 'Grey',","logger":"airflow.task.hooks.airflow.providers.standard.hooks.subprocess.SubprocessHook","filename":"subprocess.py","lineno":99}
{"timestamp":"2026-01-20T01:42:53.800279Z","level":"info","event":" 'full_title': 'Notebook Lenovo LOQ-e 15iax9e Intel Core i5-12450hx 16gb 512gb '","logger":"airflow.task.hooks.airflow.providers.standard.hooks.subprocess.SubprocessHook","filename":"subprocess.py","lineno":99}
{"timestamp":"2026-01-20T01:42:53.800312Z","level":"info","event":"               'Ssd Rtx 3050 Windows 11 15.6 - 83me0007br Luna Grey',","logger":"airflow.task.hooks.airflow.providers.standard.hooks.subprocess.SubprocessHook","filename":"subprocess.py","lineno":99}
{"timestamp":"2026-01-20T01:42:53.800342Z","level":"info","event":" 'memory': 'N/A',","logger":"airflow.task.hooks.airflow.providers.standard.hooks.subprocess.SubprocessHook","filename":"subprocess.py","lineno":99}
{"timestamp":"2026-01-20T01:42:53.800370Z","level":"info","event":" 'price': '6.799',","logger":"airflow.task.hooks.airflow.providers.standard.hooks.subprocess.SubprocessHook","filename":"subprocess.py","lineno":99}
{"timestamp":"2026-01-20T01:42:53.800397Z","level":"info","event":" 'rating': '4.9',","logger":"airflow.task.hooks.airflow.providers.standard.hooks.subprocess.SubprocessHook","filename":"subprocess.py","lineno":99}
{"timestamp":"2026-01-20T01:42:53.800424Z","level":"info","event":" 'site_name': 'mercado_livre',","logger":"airflow.task.hooks.airflow.providers.standard.hooks.subprocess.SubprocessHook","filename":"subprocess.py","lineno":99}
{"timestamp":"2026-01-20T01:42:53.800451Z","level":"info","event":" 'storage': '512gb'}","logger":"airflow.task.hooks.airflow.providers.standard.hooks.subprocess.SubprocessHook","filename":"subprocess.py","lineno":99}
{"timestamp":"2026-01-20T01:42:53.801567Z","level":"info","event":"2026-01-20 01:42:53 [scrapy.core.scraper] DEBUG: Scraped from <200 https://lista.mercadolivre.com.br/notebook>","logger":"airflow.task.hooks.airflow.providers.standard.hooks.subprocess.SubprocessHook","filename":"subprocess.py","lineno":99}
{"timestamp":"2026-01-20T01:42:53.801650Z","level":"info","event":"{'color': 'Preto',","logger":"airflow.task.hooks.airflow.providers.standard.hooks.subprocess.SubprocessHook","filename":"subprocess.py","lineno":99}
{"timestamp":"2026-01-20T01:42:53.801700Z","level":"info","event":" 'full_title': 'Notebook Dell Latitude 3420 Preto 14\" 1366 px x 768 px disco '","logger":"airflow.task.hooks.airflow.providers.standard.hooks.subprocess.SubprocessHook","filename":"subprocess.py","lineno":99}
{"timestamp":"2026-01-20T01:42:53.801734Z","level":"info","event":"               'SSD PCIe 256 GB Intel 1135G7 8GB de Ram - Excelente '","logger":"airflow.task.hooks.airflow.providers.standard.hooks.subprocess.SubprocessHook","filename":"subprocess.py","lineno":99}
{"timestamp":"2026-01-20T01:42:53.801764Z","level":"info","event":"               '(Recondicionado)',","logger":"airflow.task.hooks.airflow.providers.standard.hooks.subprocess.SubprocessHook","filename":"subprocess.py","lineno":99}
{"timestamp":"2026-01-20T01:42:53.801793Z","level":"info","event":" 'memory': 'N/A',","logger":"airflow.task.hooks.airflow.providers.standard.hooks.subprocess.SubprocessHook","filename":"subprocess.py","lineno":99}
{"timestamp":"2026-01-20T01:42:53.801820Z","level":"info","event":" 'price': '2.444',","logger":"airflow.task.hooks.airflow.providers.standard.hooks.subprocess.SubprocessHook","filename":"subprocess.py","lineno":99}
{"timestamp":"2026-01-20T01:42:53.801847Z","level":"info","event":" 'rating': '4.9',","logger":"airflow.task.hooks.airflow.providers.standard.hooks.subprocess.SubprocessHook","filename":"subprocess.py","lineno":99}
{"timestamp":"2026-01-20T01:42:53.801875Z","level":"info","event":" 'site_name': 'mercado_livre',","logger":"airflow.task.hooks.airflow.providers.standard.hooks.subprocess.SubprocessHook","filename":"subprocess.py","lineno":99}
{"timestamp":"2026-01-20T01:42:53.801902Z","level":"info","event":" 'storage': 'N/A'}","logger":"airflow.task.hooks.airflow.providers.standard.hooks.subprocess.SubprocessHook","filename":"subprocess.py","lineno":99}
{"timestamp":"2026-01-20T01:42:53.802013Z","level":"info","event":"2026-01-20 01:42:53 [scrapy.downloadermiddlewares.robotstxt] DEBUG: Forbidden by robots.txt: <GET https://lista.mercadolivre.com.br/informatica/portateis-acessorios/notebooks/notebook_Desde_51_NoIndex_True>","logger":"airflow.task.hooks.airflow.providers.standard.hooks.subprocess.SubprocessHook","filename":"subprocess.py","lineno":99}
{"timestamp":"2026-01-20T01:42:53.904400Z","level":"info","event":"2026-01-20 01:42:53 [scrapy.core.engine] INFO: Closing spider (finished)","logger":"airflow.task.hooks.airflow.providers.standard.hooks.subprocess.SubprocessHook","filename":"subprocess.py","lineno":99}
{"timestamp":"2026-01-20T01:42:53.905227Z","level":"info","event":"2026-01-20 01:42:53 [scrapy.statscollectors] INFO: Dumping Scrapy stats:","logger":"airflow.task.hooks.airflow.providers.standard.hooks.subprocess.SubprocessHook","filename":"subprocess.py","lineno":99}
{"timestamp":"2026-01-20T01:42:53.905317Z","level":"info","event":"{'downloader/exception_count': 1,","logger":"airflow.task.hooks.airflow.providers.standard.hooks.subprocess.SubprocessHook","filename":"subprocess.py","lineno":99}
{"timestamp":"2026-01-20T01:42:53.905371Z","level":"info","event":" 'downloader/exception_type_count/scrapy.exceptions.IgnoreRequest': 1,","logger":"airflow.task.hooks.airflow.providers.standard.hooks.subprocess.SubprocessHook","filename":"subprocess.py","lineno":99}
{"timestamp":"2026-01-20T01:42:53.905408Z","level":"info","event":" 'downloader/request_bytes': 676,","logger":"airflow.task.hooks.airflow.providers.standard.hooks.subprocess.SubprocessHook","filename":"subprocess.py","lineno":99}
{"timestamp":"2026-01-20T01:42:53.905441Z","level":"info","event":" 'downloader/request_count': 2,","logger":"airflow.task.hooks.airflow.providers.standard.hooks.subprocess.SubprocessHook","filename":"subprocess.py","lineno":99}
{"timestamp":"2026-01-20T01:42:53.905506Z","level":"info","event":" 'downloader/request_method_count/GET': 2,","logger":"airflow.task.hooks.airflow.providers.standard.hooks.subprocess.SubprocessHook","filename":"subprocess.py","lineno":99}
{"timestamp":"2026-01-20T01:42:53.905566Z","level":"info","event":" 'downloader/response_bytes': 453595,","logger":"airflow.task.hooks.airflow.providers.standard.hooks.subprocess.SubprocessHook","filename":"subprocess.py","lineno":99}
{"timestamp":"2026-01-20T01:42:53.905600Z","level":"info","event":" 'downloader/response_count': 2,","logger":"airflow.task.hooks.airflow.providers.standard.hooks.subprocess.SubprocessHook","filename":"subprocess.py","lineno":99}
{"timestamp":"2026-01-20T01:42:53.905630Z","level":"info","event":" 'downloader/response_status_count/200': 2,","logger":"airflow.task.hooks.airflow.providers.standard.hooks.subprocess.SubprocessHook","filename":"subprocess.py","lineno":99}
{"timestamp":"2026-01-20T01:42:53.905658Z","level":"info","event":" 'elapsed_time_seconds': 6.127237,","logger":"airflow.task.hooks.airflow.providers.standard.hooks.subprocess.SubprocessHook","filename":"subprocess.py","lineno":99}
{"timestamp":"2026-01-20T01:42:53.905686Z","level":"info","event":" 'finish_reason': 'finished',","logger":"airflow.task.hooks.airflow.providers.standard.hooks.subprocess.SubprocessHook","filename":"subprocess.py","lineno":99}
{"timestamp":"2026-01-20T01:42:53.905715Z","level":"info","event":" 'finish_time': datetime.datetime(2026, 1, 20, 1, 42, 53, 904666, tzinfo=datetime.timezone.utc),","logger":"airflow.task.hooks.airflow.providers.standard.hooks.subprocess.SubprocessHook","filename":"subprocess.py","lineno":99}
{"timestamp":"2026-01-20T01:42:53.905743Z","level":"info","event":" 'httpcompression/response_bytes': 2975498,","logger":"airflow.task.hooks.airflow.providers.standard.hooks.subprocess.SubprocessHook","filename":"subprocess.py","lineno":99}
{"timestamp":"2026-01-20T01:42:53.905771Z","level":"info","event":" 'httpcompression/response_count': 2,","logger":"airflow.task.hooks.airflow.providers.standard.hooks.subprocess.SubprocessHook","filename":"subprocess.py","lineno":99}
{"timestamp":"2026-01-20T01:42:53.905799Z","level":"info","event":" 'item_scraped_count': 56,","logger":"airflow.task.hooks.airflow.providers.standard.hooks.subprocess.SubprocessHook","filename":"subprocess.py","lineno":99}
{"timestamp":"2026-01-20T01:42:53.905825Z","level":"info","event":" 'items_per_minute': 560.0,","logger":"airflow.task.hooks.airflow.providers.standard.hooks.subprocess.SubprocessHook","filename":"subprocess.py","lineno":99}
{"timestamp":"2026-01-20T01:42:53.905853Z","level":"info","event":" 'log_count/DEBUG': 66,","logger":"airflow.task.hooks.airflow.providers.standard.hooks.subprocess.SubprocessHook","filename":"subprocess.py","lineno":99}
{"timestamp":"2026-01-20T01:42:53.905881Z","level":"info","event":" 'log_count/INFO': 10,","logger":"airflow.task.hooks.airflow.providers.standard.hooks.subprocess.SubprocessHook","filename":"subprocess.py","lineno":99}
{"timestamp":"2026-01-20T01:42:53.905908Z","level":"info","event":" 'log_count/WARNING': 1,","logger":"airflow.task.hooks.airflow.providers.standard.hooks.subprocess.SubprocessHook","filename":"subprocess.py","lineno":99}
{"timestamp":"2026-01-20T01:42:53.905934Z","level":"info","event":" 'memusage/max': 226267136,","logger":"airflow.task.hooks.airflow.providers.standard.hooks.subprocess.SubprocessHook","filename":"subprocess.py","lineno":99}
{"timestamp":"2026-01-20T01:42:53.905960Z","level":"info","event":" 'memusage/startup': 226267136,","logger":"airflow.task.hooks.airflow.providers.standard.hooks.subprocess.SubprocessHook","filename":"subprocess.py","lineno":99}
{"timestamp":"2026-01-20T01:42:53.906013Z","level":"info","event":" 'request_depth_max': 1,","logger":"airflow.task.hooks.airflow.providers.standard.hooks.subprocess.SubprocessHook","filename":"subprocess.py","lineno":99}
{"timestamp":"2026-01-20T01:42:53.906104Z","level":"info","event":" 'response_received_count': 2,","logger":"airflow.task.hooks.airflow.providers.standard.hooks.subprocess.SubprocessHook","filename":"subprocess.py","lineno":99}
{"timestamp":"2026-01-20T01:42:53.906143Z","level":"info","event":" 'responses_per_minute': 20.0,","logger":"airflow.task.hooks.airflow.providers.standard.hooks.subprocess.SubprocessHook","filename":"subprocess.py","lineno":99}
{"timestamp":"2026-01-20T01:42:53.906197Z","level":"info","event":" 'robotstxt/forbidden': 1,","logger":"airflow.task.hooks.airflow.providers.standard.hooks.subprocess.SubprocessHook","filename":"subprocess.py","lineno":99}
{"timestamp":"2026-01-20T01:42:53.906252Z","level":"info","event":" 'robotstxt/request_count': 1,","logger":"airflow.task.hooks.airflow.providers.standard.hooks.subprocess.SubprocessHook","filename":"subprocess.py","lineno":99}
{"timestamp":"2026-01-20T01:42:53.906303Z","level":"info","event":" 'robotstxt/response_count': 1,","logger":"airflow.task.hooks.airflow.providers.standard.hooks.subprocess.SubprocessHook","filename":"subprocess.py","lineno":99}
{"timestamp":"2026-01-20T01:42:53.906332Z","level":"info","event":" 'robotstxt/response_status_count/200': 1,","logger":"airflow.task.hooks.airflow.providers.standard.hooks.subprocess.SubprocessHook","filename":"subprocess.py","lineno":99}
{"timestamp":"2026-01-20T01:42:53.906359Z","level":"info","event":" 'scheduler/dequeued': 2,","logger":"airflow.task.hooks.airflow.providers.standard.hooks.subprocess.SubprocessHook","filename":"subprocess.py","lineno":99}
{"timestamp":"2026-01-20T01:42:53.906387Z","level":"info","event":" 'scheduler/dequeued/memory': 2,","logger":"airflow.task.hooks.airflow.providers.standard.hooks.subprocess.SubprocessHook","filename":"subprocess.py","lineno":99}
{"timestamp":"2026-01-20T01:42:53.906413Z","level":"info","event":" 'scheduler/enqueued': 2,","logger":"airflow.task.hooks.airflow.providers.standard.hooks.subprocess.SubprocessHook","filename":"subprocess.py","lineno":99}
{"timestamp":"2026-01-20T01:42:53.906440Z","level":"info","event":" 'scheduler/enqueued/memory': 2,","logger":"airflow.task.hooks.airflow.providers.standard.hooks.subprocess.SubprocessHook","filename":"subprocess.py","lineno":99}
{"timestamp":"2026-01-20T01:42:53.906485Z","level":"info","event":" 'start_time': datetime.datetime(2026, 1, 20, 1, 42, 47, 777429, tzinfo=datetime.timezone.utc)}","logger":"airflow.task.hooks.airflow.providers.standard.hooks.subprocess.SubprocessHook","filename":"subprocess.py","lineno":99}
{"timestamp":"2026-01-20T01:42:53.906517Z","level":"info","event":"2026-01-20 01:42:53 [scrapy.core.engine] INFO: Spider closed (finished)","logger":"airflow.task.hooks.airflow.providers.standard.hooks.subprocess.SubprocessHook","filename":"subprocess.py","lineno":99}
{"timestamp":"2026-01-20T01:42:54.179454Z","level":"info","event":"Command exited with return code 0","logger":"airflow.task.hooks.airflow.providers.standard.hooks.subprocess.SubprocessHook","filename":"subprocess.py","lineno":103}
{"timestamp":"2026-01-20T01:42:54.179850Z","level":"info","event":"Pushing xcom","ti":"RuntimeTaskInstance(id=UUID('019bd911-44e3-718d-a6db-6247f4cbbac0'), task_id='run_scrapy', dag_id='scrapy_pipeline', run_id='scheduled__2026-01-20T00:00:00+00:00', try_number=1, dag_version_id=UUID('019bc472-70f3-7d89-9f0c-dbdc5725b3ef'), map_index=-1, hostname='4fc5979f3cf4', context_carrier={}, task=<Task(BashOperator): run_scrapy>, bundle_instance=LocalDagBundle(name=dags-folder), max_tries=0, start_date=datetime.datetime(2026, 1, 20, 1, 42, 43, 436928, tzinfo=datetime.timezone.utc), end_date=None, state=<TaskInstanceState.RUNNING: 'running'>, is_mapped=False, rendered_map_index=None)","logger":"task","filename":"task_runner.py","lineno":1370}
