{"timestamp":"2026-02-08T22:47:54.853606Z","level":"info","event":"DAG bundles loaded: dags-folder","logger":"airflow.dag_processing.bundles.manager.DagBundlesManager","filename":"manager.py","lineno":179}
{"timestamp":"2026-02-08T22:47:54.854212Z","level":"info","event":"Filling up the DagBag from /opt/airflow/dags/scrapy_pipeline.py","logger":"airflow.models.dagbag.DagBag","filename":"dagbag.py","lineno":593}
{"timestamp":"2026-02-08T22:47:55.024740Z","level":"info","event":"Tmp dir root location: /tmp","logger":"airflow.task.hooks.airflow.providers.standard.hooks.subprocess.SubprocessHook","filename":"subprocess.py","lineno":78}
{"timestamp":"2026-02-08T22:47:55.025813Z","level":"info","event":"Running command: ['/usr/bin/bash', '-c', 'cd /opt/airflow/project/ecommerce_scraper && python3 -m scrapy crawl cute_mercado_livre_spider']","logger":"airflow.task.hooks.airflow.providers.standard.hooks.subprocess.SubprocessHook","filename":"subprocess.py","lineno":80}
{"timestamp":"2026-02-08T22:47:55.026579Z","level":"info","event":"Output:","logger":"airflow.task.hooks.airflow.providers.standard.hooks.subprocess.SubprocessHook","filename":"subprocess.py","lineno":92}
{"timestamp":"2026-02-08T22:47:55.845755Z","level":"info","event":"2026-02-08 22:47:55 [scrapy.utils.log] INFO: Scrapy 2.13.4 started (bot: ecommerce_scraper)","logger":"airflow.task.hooks.airflow.providers.standard.hooks.subprocess.SubprocessHook","filename":"subprocess.py","lineno":99}
{"timestamp":"2026-02-08T22:47:55.854051Z","level":"info","event":"2026-02-08 22:47:55 [scrapy.utils.log] INFO: Versions:","logger":"airflow.task.hooks.airflow.providers.standard.hooks.subprocess.SubprocessHook","filename":"subprocess.py","lineno":99}
{"timestamp":"2026-02-08T22:47:55.854196Z","level":"info","event":"{'lxml': '5.4.0',","logger":"airflow.task.hooks.airflow.providers.standard.hooks.subprocess.SubprocessHook","filename":"subprocess.py","lineno":99}
{"timestamp":"2026-02-08T22:47:55.854250Z","level":"info","event":" 'libxml2': '2.13.8',","logger":"airflow.task.hooks.airflow.providers.standard.hooks.subprocess.SubprocessHook","filename":"subprocess.py","lineno":99}
{"timestamp":"2026-02-08T22:47:55.854287Z","level":"info","event":" 'cssselect': '1.3.0',","logger":"airflow.task.hooks.airflow.providers.standard.hooks.subprocess.SubprocessHook","filename":"subprocess.py","lineno":99}
{"timestamp":"2026-02-08T22:47:55.854319Z","level":"info","event":" 'parsel': '1.10.0',","logger":"airflow.task.hooks.airflow.providers.standard.hooks.subprocess.SubprocessHook","filename":"subprocess.py","lineno":99}
{"timestamp":"2026-02-08T22:47:55.854348Z","level":"info","event":" 'w3lib': '2.3.1',","logger":"airflow.task.hooks.airflow.providers.standard.hooks.subprocess.SubprocessHook","filename":"subprocess.py","lineno":99}
{"timestamp":"2026-02-08T22:47:55.854379Z","level":"info","event":" 'Twisted': '25.5.0',","logger":"airflow.task.hooks.airflow.providers.standard.hooks.subprocess.SubprocessHook","filename":"subprocess.py","lineno":99}
{"timestamp":"2026-02-08T22:47:55.854407Z","level":"info","event":" 'Python': '3.12.12 (main, Dec 12 2025, 21:44:08) [GCC 12.2.0]',","logger":"airflow.task.hooks.airflow.providers.standard.hooks.subprocess.SubprocessHook","filename":"subprocess.py","lineno":99}
{"timestamp":"2026-02-08T22:47:55.854436Z","level":"info","event":" 'pyOpenSSL': '25.3.0 (OpenSSL 3.5.4 30 Sep 2025)',","logger":"airflow.task.hooks.airflow.providers.standard.hooks.subprocess.SubprocessHook","filename":"subprocess.py","lineno":99}
{"timestamp":"2026-02-08T22:47:55.854462Z","level":"info","event":" 'cryptography': '46.0.3',","logger":"airflow.task.hooks.airflow.providers.standard.hooks.subprocess.SubprocessHook","filename":"subprocess.py","lineno":99}
{"timestamp":"2026-02-08T22:47:55.854488Z","level":"info","event":" 'Platform': 'Linux-6.6.87.2-microsoft-standard-WSL2-x86_64-with-glibc2.36'}","logger":"airflow.task.hooks.airflow.providers.standard.hooks.subprocess.SubprocessHook","filename":"subprocess.py","lineno":99}
{"timestamp":"2026-02-08T22:47:55.855790Z","level":"info","event":"2026-02-08 22:47:55 [scrapy.addons] INFO: Enabled addons:","logger":"airflow.task.hooks.airflow.providers.standard.hooks.subprocess.SubprocessHook","filename":"subprocess.py","lineno":99}
{"timestamp":"2026-02-08T22:47:55.855880Z","level":"info","event":"[]","logger":"airflow.task.hooks.airflow.providers.standard.hooks.subprocess.SubprocessHook","filename":"subprocess.py","lineno":99}
{"timestamp":"2026-02-08T22:47:55.858735Z","level":"info","event":"2026-02-08 22:47:55 [asyncio] DEBUG: Using selector: EpollSelector","logger":"airflow.task.hooks.airflow.providers.standard.hooks.subprocess.SubprocessHook","filename":"subprocess.py","lineno":99}
{"timestamp":"2026-02-08T22:47:55.859038Z","level":"info","event":"2026-02-08 22:47:55 [scrapy.utils.log] DEBUG: Using reactor: twisted.internet.asyncioreactor.AsyncioSelectorReactor","logger":"airflow.task.hooks.airflow.providers.standard.hooks.subprocess.SubprocessHook","filename":"subprocess.py","lineno":99}
{"timestamp":"2026-02-08T22:47:55.859123Z","level":"info","event":"2026-02-08 22:47:55 [scrapy.utils.log] DEBUG: Using asyncio event loop: asyncio.unix_events._UnixSelectorEventLoop","logger":"airflow.task.hooks.airflow.providers.standard.hooks.subprocess.SubprocessHook","filename":"subprocess.py","lineno":99}
{"timestamp":"2026-02-08T22:47:55.862385Z","level":"info","event":"2026-02-08 22:47:55 [scrapy.extensions.telnet] INFO: Telnet Password: 986624f861573da0","logger":"airflow.task.hooks.airflow.providers.standard.hooks.subprocess.SubprocessHook","filename":"subprocess.py","lineno":99}
{"timestamp":"2026-02-08T22:47:55.876687Z","level":"info","event":"2026-02-08 22:47:55 [scrapy.middleware] INFO: Enabled extensions:","logger":"airflow.task.hooks.airflow.providers.standard.hooks.subprocess.SubprocessHook","filename":"subprocess.py","lineno":99}
{"timestamp":"2026-02-08T22:47:55.876821Z","level":"info","event":"['scrapy.extensions.corestats.CoreStats',","logger":"airflow.task.hooks.airflow.providers.standard.hooks.subprocess.SubprocessHook","filename":"subprocess.py","lineno":99}
{"timestamp":"2026-02-08T22:47:55.876873Z","level":"info","event":" 'scrapy.extensions.telnet.TelnetConsole',","logger":"airflow.task.hooks.airflow.providers.standard.hooks.subprocess.SubprocessHook","filename":"subprocess.py","lineno":99}
{"timestamp":"2026-02-08T22:47:55.876910Z","level":"info","event":" 'scrapy.extensions.memusage.MemoryUsage',","logger":"airflow.task.hooks.airflow.providers.standard.hooks.subprocess.SubprocessHook","filename":"subprocess.py","lineno":99}
{"timestamp":"2026-02-08T22:47:55.876941Z","level":"info","event":" 'scrapy.extensions.logstats.LogStats',","logger":"airflow.task.hooks.airflow.providers.standard.hooks.subprocess.SubprocessHook","filename":"subprocess.py","lineno":99}
{"timestamp":"2026-02-08T22:47:55.876970Z","level":"info","event":" 'scrapy.extensions.throttle.AutoThrottle']","logger":"airflow.task.hooks.airflow.providers.standard.hooks.subprocess.SubprocessHook","filename":"subprocess.py","lineno":99}
{"timestamp":"2026-02-08T22:47:55.877001Z","level":"info","event":"2026-02-08 22:47:55 [scrapy.crawler] INFO: Overridden settings:","logger":"airflow.task.hooks.airflow.providers.standard.hooks.subprocess.SubprocessHook","filename":"subprocess.py","lineno":99}
{"timestamp":"2026-02-08T22:47:55.877030Z","level":"info","event":"{'AUTOTHROTTLE_ENABLED': True,","logger":"airflow.task.hooks.airflow.providers.standard.hooks.subprocess.SubprocessHook","filename":"subprocess.py","lineno":99}
{"timestamp":"2026-02-08T22:47:55.877057Z","level":"info","event":" 'BOT_NAME': 'ecommerce_scraper',","logger":"airflow.task.hooks.airflow.providers.standard.hooks.subprocess.SubprocessHook","filename":"subprocess.py","lineno":99}
{"timestamp":"2026-02-08T22:47:55.877084Z","level":"info","event":" 'CONCURRENT_REQUESTS_PER_DOMAIN': 1,","logger":"airflow.task.hooks.airflow.providers.standard.hooks.subprocess.SubprocessHook","filename":"subprocess.py","lineno":99}
{"timestamp":"2026-02-08T22:47:55.877110Z","level":"info","event":" 'DOWNLOAD_DELAY': 5,","logger":"airflow.task.hooks.airflow.providers.standard.hooks.subprocess.SubprocessHook","filename":"subprocess.py","lineno":99}
{"timestamp":"2026-02-08T22:47:55.877136Z","level":"info","event":" 'FEED_EXPORT_ENCODING': 'utf-8',","logger":"airflow.task.hooks.airflow.providers.standard.hooks.subprocess.SubprocessHook","filename":"subprocess.py","lineno":99}
{"timestamp":"2026-02-08T22:47:55.877162Z","level":"info","event":" 'NEWSPIDER_MODULE': 'ecommerce_scraper.spiders',","logger":"airflow.task.hooks.airflow.providers.standard.hooks.subprocess.SubprocessHook","filename":"subprocess.py","lineno":99}
{"timestamp":"2026-02-08T22:47:55.877188Z","level":"info","event":" 'ROBOTSTXT_OBEY': True,","logger":"airflow.task.hooks.airflow.providers.standard.hooks.subprocess.SubprocessHook","filename":"subprocess.py","lineno":99}
{"timestamp":"2026-02-08T22:47:55.877213Z","level":"info","event":" 'SPIDER_MODULES': ['ecommerce_scraper.spiders']}","logger":"airflow.task.hooks.airflow.providers.standard.hooks.subprocess.SubprocessHook","filename":"subprocess.py","lineno":99}
{"timestamp":"2026-02-08T22:47:56.639619Z","level":"info","event":"2026-02-08 22:47:56 [faker.factory] DEBUG: Not in REPL -> leaving logger event level as is.","logger":"airflow.task.hooks.airflow.providers.standard.hooks.subprocess.SubprocessHook","filename":"subprocess.py","lineno":99}
{"timestamp":"2026-02-08T22:47:56.698712Z","level":"info","event":"2026-02-08 22:47:56 [scrapy_ua_rotator.middleware] DEBUG: Loaded User-Agent provider: scrapy_ua_rotator.providers.FakeUserAgentProvider","logger":"airflow.task.hooks.airflow.providers.standard.hooks.subprocess.SubprocessHook","filename":"subprocess.py","lineno":99}
{"timestamp":"2026-02-08T22:47:56.757213Z","level":"info","event":"2026-02-08 22:47:56 [scrapy.middleware] INFO: Enabled downloader middlewares:","logger":"airflow.task.hooks.airflow.providers.standard.hooks.subprocess.SubprocessHook","filename":"subprocess.py","lineno":99}
{"timestamp":"2026-02-08T22:47:56.757395Z","level":"info","event":"['scrapy.downloadermiddlewares.offsite.OffsiteMiddleware',","logger":"airflow.task.hooks.airflow.providers.standard.hooks.subprocess.SubprocessHook","filename":"subprocess.py","lineno":99}
{"timestamp":"2026-02-08T22:47:56.757460Z","level":"info","event":" 'scrapy.downloadermiddlewares.robotstxt.RobotsTxtMiddleware',","logger":"airflow.task.hooks.airflow.providers.standard.hooks.subprocess.SubprocessHook","filename":"subprocess.py","lineno":99}
{"timestamp":"2026-02-08T22:47:56.757506Z","level":"info","event":" 'scrapy.downloadermiddlewares.httpauth.HttpAuthMiddleware',","logger":"airflow.task.hooks.airflow.providers.standard.hooks.subprocess.SubprocessHook","filename":"subprocess.py","lineno":99}
{"timestamp":"2026-02-08T22:47:56.757544Z","level":"info","event":" 'scrapy.downloadermiddlewares.downloadtimeout.DownloadTimeoutMiddleware',","logger":"airflow.task.hooks.airflow.providers.standard.hooks.subprocess.SubprocessHook","filename":"subprocess.py","lineno":99}
{"timestamp":"2026-02-08T22:47:56.757579Z","level":"info","event":" 'scrapy.downloadermiddlewares.defaultheaders.DefaultHeadersMiddleware',","logger":"airflow.task.hooks.airflow.providers.standard.hooks.subprocess.SubprocessHook","filename":"subprocess.py","lineno":99}
{"timestamp":"2026-02-08T22:47:56.757614Z","level":"info","event":" 'scrapy_ua_rotator.middleware.RandomUserAgentMiddleware',","logger":"airflow.task.hooks.airflow.providers.standard.hooks.subprocess.SubprocessHook","filename":"subprocess.py","lineno":99}
{"timestamp":"2026-02-08T22:47:56.757648Z","level":"info","event":" 'scrapy.downloadermiddlewares.retry.RetryMiddleware',","logger":"airflow.task.hooks.airflow.providers.standard.hooks.subprocess.SubprocessHook","filename":"subprocess.py","lineno":99}
{"timestamp":"2026-02-08T22:47:56.757686Z","level":"info","event":" 'scrapy.downloadermiddlewares.redirect.MetaRefreshMiddleware',","logger":"airflow.task.hooks.airflow.providers.standard.hooks.subprocess.SubprocessHook","filename":"subprocess.py","lineno":99}
{"timestamp":"2026-02-08T22:47:56.757721Z","level":"info","event":" 'scrapy.downloadermiddlewares.httpcompression.HttpCompressionMiddleware',","logger":"airflow.task.hooks.airflow.providers.standard.hooks.subprocess.SubprocessHook","filename":"subprocess.py","lineno":99}
{"timestamp":"2026-02-08T22:47:56.757752Z","level":"info","event":" 'scrapy.downloadermiddlewares.redirect.RedirectMiddleware',","logger":"airflow.task.hooks.airflow.providers.standard.hooks.subprocess.SubprocessHook","filename":"subprocess.py","lineno":99}
{"timestamp":"2026-02-08T22:47:56.757780Z","level":"info","event":" 'scrapy.downloadermiddlewares.cookies.CookiesMiddleware',","logger":"airflow.task.hooks.airflow.providers.standard.hooks.subprocess.SubprocessHook","filename":"subprocess.py","lineno":99}
{"timestamp":"2026-02-08T22:47:56.757807Z","level":"info","event":" 'scrapy.downloadermiddlewares.httpproxy.HttpProxyMiddleware',","logger":"airflow.task.hooks.airflow.providers.standard.hooks.subprocess.SubprocessHook","filename":"subprocess.py","lineno":99}
{"timestamp":"2026-02-08T22:47:56.757833Z","level":"info","event":" 'scrapy.downloadermiddlewares.stats.DownloaderStats']","logger":"airflow.task.hooks.airflow.providers.standard.hooks.subprocess.SubprocessHook","filename":"subprocess.py","lineno":99}
{"timestamp":"2026-02-08T22:47:56.761518Z","level":"info","event":"2026-02-08 22:47:56 [scrapy.middleware] INFO: Enabled spider middlewares:","logger":"airflow.task.hooks.airflow.providers.standard.hooks.subprocess.SubprocessHook","filename":"subprocess.py","lineno":99}
{"timestamp":"2026-02-08T22:47:56.761629Z","level":"info","event":"['scrapy.spidermiddlewares.start.StartSpiderMiddleware',","logger":"airflow.task.hooks.airflow.providers.standard.hooks.subprocess.SubprocessHook","filename":"subprocess.py","lineno":99}
{"timestamp":"2026-02-08T22:47:56.761692Z","level":"info","event":" 'scrapy.spidermiddlewares.httperror.HttpErrorMiddleware',","logger":"airflow.task.hooks.airflow.providers.standard.hooks.subprocess.SubprocessHook","filename":"subprocess.py","lineno":99}
{"timestamp":"2026-02-08T22:47:56.761734Z","level":"info","event":" 'scrapy.spidermiddlewares.referer.RefererMiddleware',","logger":"airflow.task.hooks.airflow.providers.standard.hooks.subprocess.SubprocessHook","filename":"subprocess.py","lineno":99}
{"timestamp":"2026-02-08T22:47:56.761770Z","level":"info","event":" 'scrapy.spidermiddlewares.urllength.UrlLengthMiddleware',","logger":"airflow.task.hooks.airflow.providers.standard.hooks.subprocess.SubprocessHook","filename":"subprocess.py","lineno":99}
{"timestamp":"2026-02-08T22:47:56.761804Z","level":"info","event":" 'scrapy.spidermiddlewares.depth.DepthMiddleware']","logger":"airflow.task.hooks.airflow.providers.standard.hooks.subprocess.SubprocessHook","filename":"subprocess.py","lineno":99}
{"timestamp":"2026-02-08T22:47:56.777564Z","level":"info","event":"2026-02-08 22:47:56 [scrapy.middleware] INFO: Enabled item pipelines:","logger":"airflow.task.hooks.airflow.providers.standard.hooks.subprocess.SubprocessHook","filename":"subprocess.py","lineno":99}
{"timestamp":"2026-02-08T22:47:56.777730Z","level":"info","event":"['ecommerce_scraper.pipelines.PostgresPipeline']","logger":"airflow.task.hooks.airflow.providers.standard.hooks.subprocess.SubprocessHook","filename":"subprocess.py","lineno":99}
{"timestamp":"2026-02-08T22:47:56.778086Z","level":"info","event":"2026-02-08 22:47:56 [scrapy.core.engine] INFO: Spider opened","logger":"airflow.task.hooks.airflow.providers.standard.hooks.subprocess.SubprocessHook","filename":"subprocess.py","lineno":99}
{"timestamp":"2026-02-08T22:47:56.814067Z","level":"info","event":"2026-02-08 22:47:56 [scrapy.extensions.logstats] INFO: Crawled 0 pages (at 0 pages/min), scraped 0 items (at 0 items/min)","logger":"airflow.task.hooks.airflow.providers.standard.hooks.subprocess.SubprocessHook","filename":"subprocess.py","lineno":99}
{"timestamp":"2026-02-08T22:47:56.815185Z","level":"info","event":"2026-02-08 22:47:56 [scrapy.extensions.telnet] INFO: Telnet console listening on 127.0.0.1:6023","logger":"airflow.task.hooks.airflow.providers.standard.hooks.subprocess.SubprocessHook","filename":"subprocess.py","lineno":99}
{"timestamp":"2026-02-08T22:47:57.042074Z","level":"info","event":"2026-02-08 22:47:57 [urllib3.connectionpool] DEBUG: Starting new HTTPS connection (1): publicsuffix.org:443","logger":"airflow.task.hooks.airflow.providers.standard.hooks.subprocess.SubprocessHook","filename":"subprocess.py","lineno":99}
{"timestamp":"2026-02-08T22:47:57.192582Z","level":"info","event":"2026-02-08 22:47:57 [urllib3.connectionpool] DEBUG: https://publicsuffix.org:443 \"GET /list/public_suffix_list.dat HTTP/1.1\" 200 89855","logger":"airflow.task.hooks.airflow.providers.standard.hooks.subprocess.SubprocessHook","filename":"subprocess.py","lineno":99}
{"timestamp":"2026-02-08T22:47:57.282573Z","level":"info","event":"2026-02-08 22:47:57 [scrapy.core.engine] DEBUG: Crawled (200) <GET https://lista.mercadolivre.com.br/robots.txt> (referer: None)","logger":"airflow.task.hooks.airflow.providers.standard.hooks.subprocess.SubprocessHook","filename":"subprocess.py","lineno":99}
{"timestamp":"2026-02-08T22:48:05.314664Z","level":"info","event":"2026-02-08 22:48:05 [scrapy.core.engine] DEBUG: Crawled (200) <GET https://lista.mercadolivre.com.br/notebook#D%5BA:notebook%5D> (referer: None)","logger":"airflow.task.hooks.airflow.providers.standard.hooks.subprocess.SubprocessHook","filename":"subprocess.py","lineno":99}
{"timestamp":"2026-02-08T22:48:05.477725Z","level":"info","event":"2026-02-08 22:48:05 [scrapy.core.scraper] DEBUG: Scraped from <200 https://lista.mercadolivre.com.br/notebook>","logger":"airflow.task.hooks.airflow.providers.standard.hooks.subprocess.SubprocessHook","filename":"subprocess.py","lineno":99}
{"timestamp":"2026-02-08T22:48:05.477893Z","level":"info","event":"{'color': 'N/A',","logger":"airflow.task.hooks.airflow.providers.standard.hooks.subprocess.SubprocessHook","filename":"subprocess.py","lineno":99}
{"timestamp":"2026-02-08T22:48:05.477976Z","level":"info","event":" 'full_title': 'Notebook HP IA PC Probook 14\" 440 G11 I Intel Core Ultra '","logger":"airflow.task.hooks.airflow.providers.standard.hooks.subprocess.SubprocessHook","filename":"subprocess.py","lineno":99}
{"timestamp":"2026-02-08T22:48:05.478019Z","level":"info","event":"               '5-125u, 16GB RAM, SSD 512GB, Windows 11 Home - SKU CL5X4LA',","logger":"airflow.task.hooks.airflow.providers.standard.hooks.subprocess.SubprocessHook","filename":"subprocess.py","lineno":99}
{"timestamp":"2026-02-08T22:48:05.478052Z","level":"info","event":" 'memory': '16GB',","logger":"airflow.task.hooks.airflow.providers.standard.hooks.subprocess.SubprocessHook","filename":"subprocess.py","lineno":99}
{"timestamp":"2026-02-08T22:48:05.478083Z","level":"info","event":" 'price': '7.999',","logger":"airflow.task.hooks.airflow.providers.standard.hooks.subprocess.SubprocessHook","filename":"subprocess.py","lineno":99}
{"timestamp":"2026-02-08T22:48:05.478110Z","level":"info","event":" 'rating': '4.9',","logger":"airflow.task.hooks.airflow.providers.standard.hooks.subprocess.SubprocessHook","filename":"subprocess.py","lineno":99}
{"timestamp":"2026-02-08T22:48:05.478193Z","level":"info","event":" 'short_title': 'notebook',","logger":"airflow.task.hooks.airflow.providers.standard.hooks.subprocess.SubprocessHook","filename":"subprocess.py","lineno":99}
{"timestamp":"2026-02-08T22:48:05.478237Z","level":"info","event":" 'site_name': 'mercado_livre',","logger":"airflow.task.hooks.airflow.providers.standard.hooks.subprocess.SubprocessHook","filename":"subprocess.py","lineno":99}
{"timestamp":"2026-02-08T22:48:05.478270Z","level":"info","event":" 'storage': 'N/A'}","logger":"airflow.task.hooks.airflow.providers.standard.hooks.subprocess.SubprocessHook","filename":"subprocess.py","lineno":99}
{"timestamp":"2026-02-08T22:48:05.535988Z","level":"info","event":"2026-02-08 22:48:05 [scrapy.core.scraper] DEBUG: Scraped from <200 https://lista.mercadolivre.com.br/notebook>","logger":"airflow.task.hooks.airflow.providers.standard.hooks.subprocess.SubprocessHook","filename":"subprocess.py","lineno":99}
{"timestamp":"2026-02-08T22:48:05.536128Z","level":"info","event":"{'color': 'N/A',","logger":"airflow.task.hooks.airflow.providers.standard.hooks.subprocess.SubprocessHook","filename":"subprocess.py","lineno":99}
{"timestamp":"2026-02-08T22:48:05.536180Z","level":"info","event":" 'full_title': 'Notebook Positivo Vision C15m Intel Celeron N4500 Windows 11 '","logger":"airflow.task.hooks.airflow.providers.standard.hooks.subprocess.SubprocessHook","filename":"subprocess.py","lineno":99}
{"timestamp":"2026-02-08T22:48:05.536215Z","level":"info","event":"               'Home 8gb Ram 128gb Emmc Tela 15 Full Hd Ips Antirreflexo - '","logger":"airflow.task.hooks.airflow.providers.standard.hooks.subprocess.SubprocessHook","filename":"subprocess.py","lineno":99}
{"timestamp":"2026-02-08T22:48:05.536246Z","level":"info","event":"               'Minitela E Tecla Copilot - Permite Upgrade De Memória Ssd - '","logger":"airflow.task.hooks.airflow.providers.standard.hooks.subprocess.SubprocessHook","filename":"subprocess.py","lineno":99}
{"timestamp":"2026-02-08T22:48:05.536276Z","level":"info","event":"               'Cinza',","logger":"airflow.task.hooks.airflow.providers.standard.hooks.subprocess.SubprocessHook","filename":"subprocess.py","lineno":99}
{"timestamp":"2026-02-08T22:48:05.536304Z","level":"info","event":" 'memory': '8gb',","logger":"airflow.task.hooks.airflow.providers.standard.hooks.subprocess.SubprocessHook","filename":"subprocess.py","lineno":99}
{"timestamp":"2026-02-08T22:48:05.536333Z","level":"info","event":" 'price': '2.855',","logger":"airflow.task.hooks.airflow.providers.standard.hooks.subprocess.SubprocessHook","filename":"subprocess.py","lineno":99}
{"timestamp":"2026-02-08T22:48:05.536362Z","level":"info","event":" 'rating': '4.8',","logger":"airflow.task.hooks.airflow.providers.standard.hooks.subprocess.SubprocessHook","filename":"subprocess.py","lineno":99}
{"timestamp":"2026-02-08T22:48:05.536389Z","level":"info","event":" 'short_title': 'notebook',","logger":"airflow.task.hooks.airflow.providers.standard.hooks.subprocess.SubprocessHook","filename":"subprocess.py","lineno":99}
{"timestamp":"2026-02-08T22:48:05.536415Z","level":"info","event":" 'site_name': 'mercado_livre',","logger":"airflow.task.hooks.airflow.providers.standard.hooks.subprocess.SubprocessHook","filename":"subprocess.py","lineno":99}
{"timestamp":"2026-02-08T22:48:05.536443Z","level":"info","event":" 'storage': 'N/A'}","logger":"airflow.task.hooks.airflow.providers.standard.hooks.subprocess.SubprocessHook","filename":"subprocess.py","lineno":99}
{"timestamp":"2026-02-08T22:48:05.538136Z","level":"info","event":"2026-02-08 22:48:05 [scrapy.core.scraper] DEBUG: Scraped from <200 https://lista.mercadolivre.com.br/notebook>","logger":"airflow.task.hooks.airflow.providers.standard.hooks.subprocess.SubprocessHook","filename":"subprocess.py","lineno":99}
{"timestamp":"2026-02-08T22:48:05.538215Z","level":"info","event":"{'color': 'Cinza',","logger":"airflow.task.hooks.airflow.providers.standard.hooks.subprocess.SubprocessHook","filename":"subprocess.py","lineno":99}
{"timestamp":"2026-02-08T22:48:05.538255Z","level":"info","event":" 'full_title': 'Notebook Positivo Vision C14 Lumina Bar Celeron 8gb 128gb Emmc '","logger":"airflow.task.hooks.airflow.providers.standard.hooks.subprocess.SubprocessHook","filename":"subprocess.py","lineno":99}
{"timestamp":"2026-02-08T22:48:05.538287Z","level":"info","event":"               'Tela 14 Polegadas Hd Antirreflexo Windows 11 Tecla Link Cinza',","logger":"airflow.task.hooks.airflow.providers.standard.hooks.subprocess.SubprocessHook","filename":"subprocess.py","lineno":99}
{"timestamp":"2026-02-08T22:48:05.538317Z","level":"info","event":" 'memory': 'N/A',","logger":"airflow.task.hooks.airflow.providers.standard.hooks.subprocess.SubprocessHook","filename":"subprocess.py","lineno":99}
{"timestamp":"2026-02-08T22:48:05.538346Z","level":"info","event":" 'price': '2.299',","logger":"airflow.task.hooks.airflow.providers.standard.hooks.subprocess.SubprocessHook","filename":"subprocess.py","lineno":99}
{"timestamp":"2026-02-08T22:48:05.538374Z","level":"info","event":" 'rating': '4.8',","logger":"airflow.task.hooks.airflow.providers.standard.hooks.subprocess.SubprocessHook","filename":"subprocess.py","lineno":99}
{"timestamp":"2026-02-08T22:48:05.538401Z","level":"info","event":" 'short_title': 'notebook',","logger":"airflow.task.hooks.airflow.providers.standard.hooks.subprocess.SubprocessHook","filename":"subprocess.py","lineno":99}
{"timestamp":"2026-02-08T22:48:05.538428Z","level":"info","event":" 'site_name': 'mercado_livre',","logger":"airflow.task.hooks.airflow.providers.standard.hooks.subprocess.SubprocessHook","filename":"subprocess.py","lineno":99}
{"timestamp":"2026-02-08T22:48:05.538455Z","level":"info","event":" 'storage': 'N/A'}","logger":"airflow.task.hooks.airflow.providers.standard.hooks.subprocess.SubprocessHook","filename":"subprocess.py","lineno":99}
{"timestamp":"2026-02-08T22:48:05.539293Z","level":"info","event":"2026-02-08 22:48:05 [scrapy.core.scraper] DEBUG: Scraped from <200 https://lista.mercadolivre.com.br/notebook>","logger":"airflow.task.hooks.airflow.providers.standard.hooks.subprocess.SubprocessHook","filename":"subprocess.py","lineno":99}
{"timestamp":"2026-02-08T22:48:05.539361Z","level":"info","event":"{'color': 'N/A',","logger":"airflow.task.hooks.airflow.providers.standard.hooks.subprocess.SubprocessHook","filename":"subprocess.py","lineno":99}
{"timestamp":"2026-02-08T22:48:05.539397Z","level":"info","event":" 'full_title': 'Notebook Dell Alienware Ac16-c7240h-d30 Core7 16gb Rtx Linux',","logger":"airflow.task.hooks.airflow.providers.standard.hooks.subprocess.SubprocessHook","filename":"subprocess.py","lineno":99}
{"timestamp":"2026-02-08T22:48:05.539428Z","level":"info","event":" 'memory': 'N/A',","logger":"airflow.task.hooks.airflow.providers.standard.hooks.subprocess.SubprocessHook","filename":"subprocess.py","lineno":99}
{"timestamp":"2026-02-08T22:48:05.539458Z","level":"info","event":" 'price': '8.198',","logger":"airflow.task.hooks.airflow.providers.standard.hooks.subprocess.SubprocessHook","filename":"subprocess.py","lineno":99}
{"timestamp":"2026-02-08T22:48:05.539486Z","level":"info","event":" 'rating': '4.8',","logger":"airflow.task.hooks.airflow.providers.standard.hooks.subprocess.SubprocessHook","filename":"subprocess.py","lineno":99}
{"timestamp":"2026-02-08T22:48:05.539512Z","level":"info","event":" 'short_title': 'notebook',","logger":"airflow.task.hooks.airflow.providers.standard.hooks.subprocess.SubprocessHook","filename":"subprocess.py","lineno":99}
{"timestamp":"2026-02-08T22:48:05.539539Z","level":"info","event":" 'site_name': 'mercado_livre',","logger":"airflow.task.hooks.airflow.providers.standard.hooks.subprocess.SubprocessHook","filename":"subprocess.py","lineno":99}
{"timestamp":"2026-02-08T22:48:05.539565Z","level":"info","event":" 'storage': 'N/A'}","logger":"airflow.task.hooks.airflow.providers.standard.hooks.subprocess.SubprocessHook","filename":"subprocess.py","lineno":99}
{"timestamp":"2026-02-08T22:48:05.540361Z","level":"info","event":"2026-02-08 22:48:05 [scrapy.core.scraper] DEBUG: Scraped from <200 https://lista.mercadolivre.com.br/notebook>","logger":"airflow.task.hooks.airflow.providers.standard.hooks.subprocess.SubprocessHook","filename":"subprocess.py","lineno":99}
{"timestamp":"2026-02-08T22:48:05.540423Z","level":"info","event":"{'color': 'N/A',","logger":"airflow.task.hooks.airflow.providers.standard.hooks.subprocess.SubprocessHook","filename":"subprocess.py","lineno":99}
{"timestamp":"2026-02-08T22:48:05.540460Z","level":"info","event":" 'full_title': 'Notebook Vaio Fe16 Amd Ryzen 5-5625u Windows 11 Home 12gb RAM '","logger":"airflow.task.hooks.airflow.providers.standard.hooks.subprocess.SubprocessHook","filename":"subprocess.py","lineno":99}
{"timestamp":"2026-02-08T22:48:05.540491Z","level":"info","event":"               '512gb Ssd Wi-fi 6 Tela 16\" Ips Wuxga Antirreflexo - Cinza '","logger":"airflow.task.hooks.airflow.providers.standard.hooks.subprocess.SubprocessHook","filename":"subprocess.py","lineno":99}
{"timestamp":"2026-02-08T22:48:05.540520Z","level":"info","event":"               'Grafite Vjfe69f11x-b1221h - Permite upgrade de memória RAM e '","logger":"airflow.task.hooks.airflow.providers.standard.hooks.subprocess.SubprocessHook","filename":"subprocess.py","lineno":99}
{"timestamp":"2026-02-08T22:48:05.540549Z","level":"info","event":"               'SSD',","logger":"airflow.task.hooks.airflow.providers.standard.hooks.subprocess.SubprocessHook","filename":"subprocess.py","lineno":99}
{"timestamp":"2026-02-08T22:48:05.540578Z","level":"info","event":" 'memory': '12gb',","logger":"airflow.task.hooks.airflow.providers.standard.hooks.subprocess.SubprocessHook","filename":"subprocess.py","lineno":99}
{"timestamp":"2026-02-08T22:48:05.540604Z","level":"info","event":" 'price': '4.718',","logger":"airflow.task.hooks.airflow.providers.standard.hooks.subprocess.SubprocessHook","filename":"subprocess.py","lineno":99}
{"timestamp":"2026-02-08T22:48:05.540632Z","level":"info","event":" 'rating': '4.9',","logger":"airflow.task.hooks.airflow.providers.standard.hooks.subprocess.SubprocessHook","filename":"subprocess.py","lineno":99}
{"timestamp":"2026-02-08T22:48:05.540658Z","level":"info","event":" 'short_title': 'notebook',","logger":"airflow.task.hooks.airflow.providers.standard.hooks.subprocess.SubprocessHook","filename":"subprocess.py","lineno":99}
{"timestamp":"2026-02-08T22:48:05.540687Z","level":"info","event":" 'site_name': 'mercado_livre',","logger":"airflow.task.hooks.airflow.providers.standard.hooks.subprocess.SubprocessHook","filename":"subprocess.py","lineno":99}
{"timestamp":"2026-02-08T22:48:05.540715Z","level":"info","event":" 'storage': '512gb'}","logger":"airflow.task.hooks.airflow.providers.standard.hooks.subprocess.SubprocessHook","filename":"subprocess.py","lineno":99}
{"timestamp":"2026-02-08T22:48:05.541507Z","level":"info","event":"2026-02-08 22:48:05 [scrapy.core.scraper] DEBUG: Scraped from <200 https://lista.mercadolivre.com.br/notebook>","logger":"airflow.task.hooks.airflow.providers.standard.hooks.subprocess.SubprocessHook","filename":"subprocess.py","lineno":99}
{"timestamp":"2026-02-08T22:48:05.541571Z","level":"info","event":"{'color': 'N/A',","logger":"airflow.task.hooks.airflow.providers.standard.hooks.subprocess.SubprocessHook","filename":"subprocess.py","lineno":99}
{"timestamp":"2026-02-08T22:48:05.541609Z","level":"info","event":" 'full_title': 'Notebook Acer Nitro V Intel Core I5 - 13420H, 8GB Ram, 512GB '","logger":"airflow.task.hooks.airflow.providers.standard.hooks.subprocess.SubprocessHook","filename":"subprocess.py","lineno":99}
{"timestamp":"2026-02-08T22:48:05.541640Z","level":"info","event":"               'SSD, NVIDIA RTX4050, Windows 11 Home, Tela 15,6\" Full HD - '","logger":"airflow.task.hooks.airflow.providers.standard.hooks.subprocess.SubprocessHook","filename":"subprocess.py","lineno":99}
{"timestamp":"2026-02-08T22:48:05.541672Z","level":"info","event":"               'ANV15-51-54DL',","logger":"airflow.task.hooks.airflow.providers.standard.hooks.subprocess.SubprocessHook","filename":"subprocess.py","lineno":99}
{"timestamp":"2026-02-08T22:48:05.541702Z","level":"info","event":" 'memory': '8GB',","logger":"airflow.task.hooks.airflow.providers.standard.hooks.subprocess.SubprocessHook","filename":"subprocess.py","lineno":99}
{"timestamp":"2026-02-08T22:48:05.541730Z","level":"info","event":" 'price': '5.790',","logger":"airflow.task.hooks.airflow.providers.standard.hooks.subprocess.SubprocessHook","filename":"subprocess.py","lineno":99}
{"timestamp":"2026-02-08T22:48:05.541756Z","level":"info","event":" 'rating': '4.9',","logger":"airflow.task.hooks.airflow.providers.standard.hooks.subprocess.SubprocessHook","filename":"subprocess.py","lineno":99}
{"timestamp":"2026-02-08T22:48:05.541783Z","level":"info","event":" 'short_title': 'notebook',","logger":"airflow.task.hooks.airflow.providers.standard.hooks.subprocess.SubprocessHook","filename":"subprocess.py","lineno":99}
{"timestamp":"2026-02-08T22:48:05.541810Z","level":"info","event":" 'site_name': 'mercado_livre',","logger":"airflow.task.hooks.airflow.providers.standard.hooks.subprocess.SubprocessHook","filename":"subprocess.py","lineno":99}
{"timestamp":"2026-02-08T22:48:05.541836Z","level":"info","event":" 'storage': '512GB'}","logger":"airflow.task.hooks.airflow.providers.standard.hooks.subprocess.SubprocessHook","filename":"subprocess.py","lineno":99}
{"timestamp":"2026-02-08T22:48:05.542630Z","level":"info","event":"2026-02-08 22:48:05 [scrapy.core.scraper] DEBUG: Scraped from <200 https://lista.mercadolivre.com.br/notebook>","logger":"airflow.task.hooks.airflow.providers.standard.hooks.subprocess.SubprocessHook","filename":"subprocess.py","lineno":99}
{"timestamp":"2026-02-08T22:48:05.542692Z","level":"info","event":"{'color': 'Preto',","logger":"airflow.task.hooks.airflow.providers.standard.hooks.subprocess.SubprocessHook","filename":"subprocess.py","lineno":99}
{"timestamp":"2026-02-08T22:48:05.542729Z","level":"info","event":" 'full_title': 'Notebook Dell Inspiron I15-i1300-a30p 15.6 I5 8gb 512gb W11 '","logger":"airflow.task.hooks.airflow.providers.standard.hooks.subprocess.SubprocessHook","filename":"subprocess.py","lineno":99}
{"timestamp":"2026-02-08T22:48:05.542760Z","level":"info","event":"               'Preto',","logger":"airflow.task.hooks.airflow.providers.standard.hooks.subprocess.SubprocessHook","filename":"subprocess.py","lineno":99}
{"timestamp":"2026-02-08T22:48:05.542794Z","level":"info","event":" 'memory': 'N/A',","logger":"airflow.task.hooks.airflow.providers.standard.hooks.subprocess.SubprocessHook","filename":"subprocess.py","lineno":99}
{"timestamp":"2026-02-08T22:48:05.542822Z","level":"info","event":" 'price': '4.198',","logger":"airflow.task.hooks.airflow.providers.standard.hooks.subprocess.SubprocessHook","filename":"subprocess.py","lineno":99}
{"timestamp":"2026-02-08T22:48:05.542849Z","level":"info","event":" 'rating': '4.9',","logger":"airflow.task.hooks.airflow.providers.standard.hooks.subprocess.SubprocessHook","filename":"subprocess.py","lineno":99}
{"timestamp":"2026-02-08T22:48:05.542876Z","level":"info","event":" 'short_title': 'notebook',","logger":"airflow.task.hooks.airflow.providers.standard.hooks.subprocess.SubprocessHook","filename":"subprocess.py","lineno":99}
{"timestamp":"2026-02-08T22:48:05.542903Z","level":"info","event":" 'site_name': 'mercado_livre',","logger":"airflow.task.hooks.airflow.providers.standard.hooks.subprocess.SubprocessHook","filename":"subprocess.py","lineno":99}
{"timestamp":"2026-02-08T22:48:05.542968Z","level":"info","event":" 'storage': 'N/A'}","logger":"airflow.task.hooks.airflow.providers.standard.hooks.subprocess.SubprocessHook","filename":"subprocess.py","lineno":99}
{"timestamp":"2026-02-08T22:48:05.543884Z","level":"info","event":"2026-02-08 22:48:05 [scrapy.core.scraper] DEBUG: Scraped from <200 https://lista.mercadolivre.com.br/notebook>","logger":"airflow.task.hooks.airflow.providers.standard.hooks.subprocess.SubprocessHook","filename":"subprocess.py","lineno":99}
{"timestamp":"2026-02-08T22:48:05.543956Z","level":"info","event":"{'color': 'Preto',","logger":"airflow.task.hooks.airflow.providers.standard.hooks.subprocess.SubprocessHook","filename":"subprocess.py","lineno":99}
{"timestamp":"2026-02-08T22:48:05.543995Z","level":"info","event":" 'full_title': 'Notebook Dell Inspiron I15-i1300-a15p Core 3 8gb 512gb W11 '","logger":"airflow.task.hooks.airflow.providers.standard.hooks.subprocess.SubprocessHook","filename":"subprocess.py","lineno":99}
{"timestamp":"2026-02-08T22:48:05.544026Z","level":"info","event":"               'Preto',","logger":"airflow.task.hooks.airflow.providers.standard.hooks.subprocess.SubprocessHook","filename":"subprocess.py","lineno":99}
{"timestamp":"2026-02-08T22:48:05.544055Z","level":"info","event":" 'memory': 'N/A',","logger":"airflow.task.hooks.airflow.providers.standard.hooks.subprocess.SubprocessHook","filename":"subprocess.py","lineno":99}
{"timestamp":"2026-02-08T22:48:05.544083Z","level":"info","event":" 'price': '3.699',","logger":"airflow.task.hooks.airflow.providers.standard.hooks.subprocess.SubprocessHook","filename":"subprocess.py","lineno":99}
{"timestamp":"2026-02-08T22:48:05.544110Z","level":"info","event":" 'rating': '4.9',","logger":"airflow.task.hooks.airflow.providers.standard.hooks.subprocess.SubprocessHook","filename":"subprocess.py","lineno":99}
{"timestamp":"2026-02-08T22:48:05.544136Z","level":"info","event":" 'short_title': 'notebook',","logger":"airflow.task.hooks.airflow.providers.standard.hooks.subprocess.SubprocessHook","filename":"subprocess.py","lineno":99}
{"timestamp":"2026-02-08T22:48:05.544164Z","level":"info","event":" 'site_name': 'mercado_livre',","logger":"airflow.task.hooks.airflow.providers.standard.hooks.subprocess.SubprocessHook","filename":"subprocess.py","lineno":99}
{"timestamp":"2026-02-08T22:48:05.544195Z","level":"info","event":" 'storage': 'N/A'}","logger":"airflow.task.hooks.airflow.providers.standard.hooks.subprocess.SubprocessHook","filename":"subprocess.py","lineno":99}
{"timestamp":"2026-02-08T22:48:05.544945Z","level":"info","event":"2026-02-08 22:48:05 [scrapy.core.scraper] DEBUG: Scraped from <200 https://lista.mercadolivre.com.br/notebook>","logger":"airflow.task.hooks.airflow.providers.standard.hooks.subprocess.SubprocessHook","filename":"subprocess.py","lineno":99}
{"timestamp":"2026-02-08T22:48:05.545015Z","level":"info","event":"{'color': 'N/A',","logger":"airflow.task.hooks.airflow.providers.standard.hooks.subprocess.SubprocessHook","filename":"subprocess.py","lineno":99}
{"timestamp":"2026-02-08T22:48:05.545051Z","level":"info","event":" 'full_title': 'Notebook Lenovo Slim3 R7 8gb 256gb Ssd 15.3 Fhd Linux',","logger":"airflow.task.hooks.airflow.providers.standard.hooks.subprocess.SubprocessHook","filename":"subprocess.py","lineno":99}
{"timestamp":"2026-02-08T22:48:05.545082Z","level":"info","event":" 'memory': 'N/A',","logger":"airflow.task.hooks.airflow.providers.standard.hooks.subprocess.SubprocessHook","filename":"subprocess.py","lineno":99}
{"timestamp":"2026-02-08T22:48:05.545111Z","level":"info","event":" 'price': '3.499',","logger":"airflow.task.hooks.airflow.providers.standard.hooks.subprocess.SubprocessHook","filename":"subprocess.py","lineno":99}
{"timestamp":"2026-02-08T22:48:05.545137Z","level":"info","event":" 'rating': '4.9',","logger":"airflow.task.hooks.airflow.providers.standard.hooks.subprocess.SubprocessHook","filename":"subprocess.py","lineno":99}
{"timestamp":"2026-02-08T22:48:05.545165Z","level":"info","event":" 'short_title': 'notebook',","logger":"airflow.task.hooks.airflow.providers.standard.hooks.subprocess.SubprocessHook","filename":"subprocess.py","lineno":99}
{"timestamp":"2026-02-08T22:48:05.545194Z","level":"info","event":" 'site_name': 'mercado_livre',","logger":"airflow.task.hooks.airflow.providers.standard.hooks.subprocess.SubprocessHook","filename":"subprocess.py","lineno":99}
{"timestamp":"2026-02-08T22:48:05.545221Z","level":"info","event":" 'storage': '256gb'}","logger":"airflow.task.hooks.airflow.providers.standard.hooks.subprocess.SubprocessHook","filename":"subprocess.py","lineno":99}
{"timestamp":"2026-02-08T22:48:05.546325Z","level":"info","event":"2026-02-08 22:48:05 [scrapy.core.scraper] DEBUG: Scraped from <200 https://lista.mercadolivre.com.br/notebook>","logger":"airflow.task.hooks.airflow.providers.standard.hooks.subprocess.SubprocessHook","filename":"subprocess.py","lineno":99}
{"timestamp":"2026-02-08T22:48:05.546418Z","level":"info","event":"{'color': 'N/A',","logger":"airflow.task.hooks.airflow.providers.standard.hooks.subprocess.SubprocessHook","filename":"subprocess.py","lineno":99}
{"timestamp":"2026-02-08T22:48:05.546570Z","level":"info","event":" 'full_title': 'Notebook Samsung Galaxy Book Go, Windows 11 Home, Snapdragon '","logger":"airflow.task.hooks.airflow.providers.standard.hooks.subprocess.SubprocessHook","filename":"subprocess.py","lineno":99}
{"timestamp":"2026-02-08T22:48:05.546618Z","level":"info","event":"               \"7c, 4gb, 128gb Ufs, 14'' Full Hd Led, 1.38kg Com Copilot \"","logger":"airflow.task.hooks.airflow.providers.standard.hooks.subprocess.SubprocessHook","filename":"subprocess.py","lineno":99}
{"timestamp":"2026-02-08T22:48:05.546726Z","level":"info","event":"               'Integrado',","logger":"airflow.task.hooks.airflow.providers.standard.hooks.subprocess.SubprocessHook","filename":"subprocess.py","lineno":99}
{"timestamp":"2026-02-08T22:48:05.546773Z","level":"info","event":" 'memory': 'N/A',","logger":"airflow.task.hooks.airflow.providers.standard.hooks.subprocess.SubprocessHook","filename":"subprocess.py","lineno":99}
{"timestamp":"2026-02-08T22:48:05.546808Z","level":"info","event":" 'price': '2.799',","logger":"airflow.task.hooks.airflow.providers.standard.hooks.subprocess.SubprocessHook","filename":"subprocess.py","lineno":99}
{"timestamp":"2026-02-08T22:48:05.546839Z","level":"info","event":" 'rating': '4.8',","logger":"airflow.task.hooks.airflow.providers.standard.hooks.subprocess.SubprocessHook","filename":"subprocess.py","lineno":99}
{"timestamp":"2026-02-08T22:48:05.546868Z","level":"info","event":" 'short_title': 'notebook',","logger":"airflow.task.hooks.airflow.providers.standard.hooks.subprocess.SubprocessHook","filename":"subprocess.py","lineno":99}
{"timestamp":"2026-02-08T22:48:05.546970Z","level":"info","event":" 'site_name': 'mercado_livre',","logger":"airflow.task.hooks.airflow.providers.standard.hooks.subprocess.SubprocessHook","filename":"subprocess.py","lineno":99}
{"timestamp":"2026-02-08T22:48:05.547017Z","level":"info","event":" 'storage': 'N/A'}","logger":"airflow.task.hooks.airflow.providers.standard.hooks.subprocess.SubprocessHook","filename":"subprocess.py","lineno":99}
{"timestamp":"2026-02-08T22:48:05.548272Z","level":"info","event":"2026-02-08 22:48:05 [scrapy.core.scraper] DEBUG: Scraped from <200 https://lista.mercadolivre.com.br/notebook>","logger":"airflow.task.hooks.airflow.providers.standard.hooks.subprocess.SubprocessHook","filename":"subprocess.py","lineno":99}
{"timestamp":"2026-02-08T22:48:05.548342Z","level":"info","event":"{'color': 'N/A',","logger":"airflow.task.hooks.airflow.providers.standard.hooks.subprocess.SubprocessHook","filename":"subprocess.py","lineno":99}
{"timestamp":"2026-02-08T22:48:05.548379Z","level":"info","event":" 'full_title': 'Notebook Acer Aspire Go 15 Ag15-51p-55ll Intel Core I5-1334u '","logger":"airflow.task.hooks.airflow.providers.standard.hooks.subprocess.SubprocessHook","filename":"subprocess.py","lineno":99}
{"timestamp":"2026-02-08T22:48:05.548409Z","level":"info","event":"               '15.3 8gb 256gb Ssd Windows 11 Home',","logger":"airflow.task.hooks.airflow.providers.standard.hooks.subprocess.SubprocessHook","filename":"subprocess.py","lineno":99}
{"timestamp":"2026-02-08T22:48:05.548439Z","level":"info","event":" 'memory': 'N/A',","logger":"airflow.task.hooks.airflow.providers.standard.hooks.subprocess.SubprocessHook","filename":"subprocess.py","lineno":99}
{"timestamp":"2026-02-08T22:48:05.548468Z","level":"info","event":" 'price': '4.342',","logger":"airflow.task.hooks.airflow.providers.standard.hooks.subprocess.SubprocessHook","filename":"subprocess.py","lineno":99}
{"timestamp":"2026-02-08T22:48:05.548549Z","level":"info","event":" 'rating': '4.9',","logger":"airflow.task.hooks.airflow.providers.standard.hooks.subprocess.SubprocessHook","filename":"subprocess.py","lineno":99}
{"timestamp":"2026-02-08T22:48:05.548588Z","level":"info","event":" 'short_title': 'notebook',","logger":"airflow.task.hooks.airflow.providers.standard.hooks.subprocess.SubprocessHook","filename":"subprocess.py","lineno":99}
{"timestamp":"2026-02-08T22:48:05.548620Z","level":"info","event":" 'site_name': 'mercado_livre',","logger":"airflow.task.hooks.airflow.providers.standard.hooks.subprocess.SubprocessHook","filename":"subprocess.py","lineno":99}
{"timestamp":"2026-02-08T22:48:05.548650Z","level":"info","event":" 'storage': '256gb'}","logger":"airflow.task.hooks.airflow.providers.standard.hooks.subprocess.SubprocessHook","filename":"subprocess.py","lineno":99}
{"timestamp":"2026-02-08T22:48:05.550557Z","level":"info","event":"2026-02-08 22:48:05 [scrapy.core.scraper] DEBUG: Scraped from <200 https://lista.mercadolivre.com.br/notebook>","logger":"airflow.task.hooks.airflow.providers.standard.hooks.subprocess.SubprocessHook","filename":"subprocess.py","lineno":99}
{"timestamp":"2026-02-08T22:48:05.550644Z","level":"info","event":"{'color': 'Cinza',","logger":"airflow.task.hooks.airflow.providers.standard.hooks.subprocess.SubprocessHook","filename":"subprocess.py","lineno":99}
{"timestamp":"2026-02-08T22:48:05.550682Z","level":"info","event":" 'full_title': 'Notebook 2 Em 1 Positivo Duo Intel Celeron N4500 4gb Ram 128gb '","logger":"airflow.task.hooks.airflow.providers.standard.hooks.subprocess.SubprocessHook","filename":"subprocess.py","lineno":99}
{"timestamp":"2026-02-08T22:48:05.550714Z","level":"info","event":"               'De Armazenamento, Tela 11\" Hd Ips Touch Com Caneta Capacitiva, '","logger":"airflow.task.hooks.airflow.providers.standard.hooks.subprocess.SubprocessHook","filename":"subprocess.py","lineno":99}
{"timestamp":"2026-02-08T22:48:05.550744Z","level":"info","event":"               'Windows 11 Home Cinza C4128e',","logger":"airflow.task.hooks.airflow.providers.standard.hooks.subprocess.SubprocessHook","filename":"subprocess.py","lineno":99}
{"timestamp":"2026-02-08T22:48:05.550773Z","level":"info","event":" 'memory': '4gb',","logger":"airflow.task.hooks.airflow.providers.standard.hooks.subprocess.SubprocessHook","filename":"subprocess.py","lineno":99}
{"timestamp":"2026-02-08T22:48:05.550824Z","level":"info","event":" 'price': '1.899',","logger":"airflow.task.hooks.airflow.providers.standard.hooks.subprocess.SubprocessHook","filename":"subprocess.py","lineno":99}
{"timestamp":"2026-02-08T22:48:05.550872Z","level":"info","event":" 'rating': '4.8',","logger":"airflow.task.hooks.airflow.providers.standard.hooks.subprocess.SubprocessHook","filename":"subprocess.py","lineno":99}
{"timestamp":"2026-02-08T22:48:05.550905Z","level":"info","event":" 'short_title': 'notebook',","logger":"airflow.task.hooks.airflow.providers.standard.hooks.subprocess.SubprocessHook","filename":"subprocess.py","lineno":99}
{"timestamp":"2026-02-08T22:48:05.550934Z","level":"info","event":" 'site_name': 'mercado_livre',","logger":"airflow.task.hooks.airflow.providers.standard.hooks.subprocess.SubprocessHook","filename":"subprocess.py","lineno":99}
{"timestamp":"2026-02-08T22:48:05.550982Z","level":"info","event":" 'storage': 'N/A'}","logger":"airflow.task.hooks.airflow.providers.standard.hooks.subprocess.SubprocessHook","filename":"subprocess.py","lineno":99}
{"timestamp":"2026-02-08T22:48:05.552294Z","level":"info","event":"2026-02-08 22:48:05 [scrapy.core.scraper] DEBUG: Scraped from <200 https://lista.mercadolivre.com.br/notebook>","logger":"airflow.task.hooks.airflow.providers.standard.hooks.subprocess.SubprocessHook","filename":"subprocess.py","lineno":99}
{"timestamp":"2026-02-08T22:48:05.552392Z","level":"info","event":"{'color': 'N/A',","logger":"airflow.task.hooks.airflow.providers.standard.hooks.subprocess.SubprocessHook","filename":"subprocess.py","lineno":99}
{"timestamp":"2026-02-08T22:48:05.552432Z","level":"info","event":" 'full_title': \"Notebook Multi Ultra Celeron N4020c 4gb 128gb W11 15,6'' Cinza \"","logger":"airflow.task.hooks.airflow.providers.standard.hooks.subprocess.SubprocessHook","filename":"subprocess.py","lineno":99}
{"timestamp":"2026-02-08T22:48:05.552465Z","level":"info","event":"               '- Ub261',","logger":"airflow.task.hooks.airflow.providers.standard.hooks.subprocess.SubprocessHook","filename":"subprocess.py","lineno":99}
{"timestamp":"2026-02-08T22:48:05.552664Z","level":"info","event":" 'memory': 'N/A',","logger":"airflow.task.hooks.airflow.providers.standard.hooks.subprocess.SubprocessHook","filename":"subprocess.py","lineno":99}
{"timestamp":"2026-02-08T22:48:05.552741Z","level":"info","event":" 'price': '2.098',","logger":"airflow.task.hooks.airflow.providers.standard.hooks.subprocess.SubprocessHook","filename":"subprocess.py","lineno":99}
{"timestamp":"2026-02-08T22:48:05.552785Z","level":"info","event":" 'rating': '4.6',","logger":"airflow.task.hooks.airflow.providers.standard.hooks.subprocess.SubprocessHook","filename":"subprocess.py","lineno":99}
{"timestamp":"2026-02-08T22:48:05.552818Z","level":"info","event":" 'short_title': 'notebook',","logger":"airflow.task.hooks.airflow.providers.standard.hooks.subprocess.SubprocessHook","filename":"subprocess.py","lineno":99}
{"timestamp":"2026-02-08T22:48:05.552848Z","level":"info","event":" 'site_name': 'mercado_livre',","logger":"airflow.task.hooks.airflow.providers.standard.hooks.subprocess.SubprocessHook","filename":"subprocess.py","lineno":99}
{"timestamp":"2026-02-08T22:48:05.552876Z","level":"info","event":" 'storage': 'N/A'}","logger":"airflow.task.hooks.airflow.providers.standard.hooks.subprocess.SubprocessHook","filename":"subprocess.py","lineno":99}
{"timestamp":"2026-02-08T22:48:05.554243Z","level":"info","event":"2026-02-08 22:48:05 [scrapy.core.scraper] DEBUG: Scraped from <200 https://lista.mercadolivre.com.br/notebook>","logger":"airflow.task.hooks.airflow.providers.standard.hooks.subprocess.SubprocessHook","filename":"subprocess.py","lineno":99}
{"timestamp":"2026-02-08T22:48:05.554318Z","level":"info","event":"{'color': 'Grey',","logger":"airflow.task.hooks.airflow.providers.standard.hooks.subprocess.SubprocessHook","filename":"subprocess.py","lineno":99}
{"timestamp":"2026-02-08T22:48:05.554356Z","level":"info","event":" 'full_title': 'Notebook Asus X515 Intel Celeron Dual Core N4500 4GB Ram 128GB '","logger":"airflow.task.hooks.airflow.providers.standard.hooks.subprocess.SubprocessHook","filename":"subprocess.py","lineno":99}
{"timestamp":"2026-02-08T22:48:05.554659Z","level":"info","event":"               'SSD Windows 11 Home Tela 15,6 Slate Grey - X515KA-BR309WS',","logger":"airflow.task.hooks.airflow.providers.standard.hooks.subprocess.SubprocessHook","filename":"subprocess.py","lineno":99}
{"timestamp":"2026-02-08T22:48:05.554709Z","level":"info","event":" 'memory': '4GB',","logger":"airflow.task.hooks.airflow.providers.standard.hooks.subprocess.SubprocessHook","filename":"subprocess.py","lineno":99}
{"timestamp":"2026-02-08T22:48:05.554742Z","level":"info","event":" 'price': '2.384',","logger":"airflow.task.hooks.airflow.providers.standard.hooks.subprocess.SubprocessHook","filename":"subprocess.py","lineno":99}
{"timestamp":"2026-02-08T22:48:05.554773Z","level":"info","event":" 'rating': '4.8',","logger":"airflow.task.hooks.airflow.providers.standard.hooks.subprocess.SubprocessHook","filename":"subprocess.py","lineno":99}
{"timestamp":"2026-02-08T22:48:05.554801Z","level":"info","event":" 'short_title': 'notebook',","logger":"airflow.task.hooks.airflow.providers.standard.hooks.subprocess.SubprocessHook","filename":"subprocess.py","lineno":99}
{"timestamp":"2026-02-08T22:48:05.554828Z","level":"info","event":" 'site_name': 'mercado_livre',","logger":"airflow.task.hooks.airflow.providers.standard.hooks.subprocess.SubprocessHook","filename":"subprocess.py","lineno":99}
{"timestamp":"2026-02-08T22:48:05.554856Z","level":"info","event":" 'storage': '128GB'}","logger":"airflow.task.hooks.airflow.providers.standard.hooks.subprocess.SubprocessHook","filename":"subprocess.py","lineno":99}
{"timestamp":"2026-02-08T22:48:05.555688Z","level":"info","event":"2026-02-08 22:48:05 [scrapy.core.scraper] DEBUG: Scraped from <200 https://lista.mercadolivre.com.br/notebook>","logger":"airflow.task.hooks.airflow.providers.standard.hooks.subprocess.SubprocessHook","filename":"subprocess.py","lineno":99}
{"timestamp":"2026-02-08T22:48:05.555777Z","level":"info","event":"{'color': 'N/A',","logger":"airflow.task.hooks.airflow.providers.standard.hooks.subprocess.SubprocessHook","filename":"subprocess.py","lineno":99}
{"timestamp":"2026-02-08T22:48:05.555827Z","level":"info","event":" 'full_title': 'Notebook Vaio Fe16 Amd Ryzen 7 5825u Linux 8gb RAM 512gb Ssd '","logger":"airflow.task.hooks.airflow.providers.standard.hooks.subprocess.SubprocessHook","filename":"subprocess.py","lineno":99}
{"timestamp":"2026-02-08T22:48:05.555863Z","level":"info","event":"               'Wi-Fi 6 Tela 16\" Ips Wuxga Antirreflexo - Cinza Grafite '","logger":"airflow.task.hooks.airflow.providers.standard.hooks.subprocess.SubprocessHook","filename":"subprocess.py","lineno":99}
{"timestamp":"2026-02-08T22:48:05.555896Z","level":"info","event":"               'Vjfe69f11xb0321h - Permite upgrade de memória RAM e SSD',","logger":"airflow.task.hooks.airflow.providers.standard.hooks.subprocess.SubprocessHook","filename":"subprocess.py","lineno":99}
{"timestamp":"2026-02-08T22:48:05.555926Z","level":"info","event":" 'memory': '8gb',","logger":"airflow.task.hooks.airflow.providers.standard.hooks.subprocess.SubprocessHook","filename":"subprocess.py","lineno":99}
{"timestamp":"2026-02-08T22:48:05.555954Z","level":"info","event":" 'price': '3.999',","logger":"airflow.task.hooks.airflow.providers.standard.hooks.subprocess.SubprocessHook","filename":"subprocess.py","lineno":99}
{"timestamp":"2026-02-08T22:48:05.555982Z","level":"info","event":" 'rating': '4.9',","logger":"airflow.task.hooks.airflow.providers.standard.hooks.subprocess.SubprocessHook","filename":"subprocess.py","lineno":99}
{"timestamp":"2026-02-08T22:48:05.556009Z","level":"info","event":" 'short_title': 'notebook',","logger":"airflow.task.hooks.airflow.providers.standard.hooks.subprocess.SubprocessHook","filename":"subprocess.py","lineno":99}
{"timestamp":"2026-02-08T22:48:05.556035Z","level":"info","event":" 'site_name': 'mercado_livre',","logger":"airflow.task.hooks.airflow.providers.standard.hooks.subprocess.SubprocessHook","filename":"subprocess.py","lineno":99}
{"timestamp":"2026-02-08T22:48:05.556060Z","level":"info","event":" 'storage': '512gb'}","logger":"airflow.task.hooks.airflow.providers.standard.hooks.subprocess.SubprocessHook","filename":"subprocess.py","lineno":99}
{"timestamp":"2026-02-08T22:48:05.556987Z","level":"info","event":"2026-02-08 22:48:05 [scrapy.core.scraper] DEBUG: Scraped from <200 https://lista.mercadolivre.com.br/notebook>","logger":"airflow.task.hooks.airflow.providers.standard.hooks.subprocess.SubprocessHook","filename":"subprocess.py","lineno":99}
{"timestamp":"2026-02-08T22:48:05.557117Z","level":"info","event":"{'color': 'N/A',","logger":"airflow.task.hooks.airflow.providers.standard.hooks.subprocess.SubprocessHook","filename":"subprocess.py","lineno":99}
{"timestamp":"2026-02-08T22:48:05.557171Z","level":"info","event":" 'full_title': 'Notebook Asus Vivobook Go 15 Intel Celeron 4gb 128gb Wind11',","logger":"airflow.task.hooks.airflow.providers.standard.hooks.subprocess.SubprocessHook","filename":"subprocess.py","lineno":99}
{"timestamp":"2026-02-08T22:48:05.557208Z","level":"info","event":" 'memory': 'N/A',","logger":"airflow.task.hooks.airflow.providers.standard.hooks.subprocess.SubprocessHook","filename":"subprocess.py","lineno":99}
{"timestamp":"2026-02-08T22:48:05.557239Z","level":"info","event":" 'price': '7.000',","logger":"airflow.task.hooks.airflow.providers.standard.hooks.subprocess.SubprocessHook","filename":"subprocess.py","lineno":99}
{"timestamp":"2026-02-08T22:48:05.557269Z","level":"info","event":" 'rating': '4.8',","logger":"airflow.task.hooks.airflow.providers.standard.hooks.subprocess.SubprocessHook","filename":"subprocess.py","lineno":99}
{"timestamp":"2026-02-08T22:48:05.557296Z","level":"info","event":" 'short_title': 'notebook',","logger":"airflow.task.hooks.airflow.providers.standard.hooks.subprocess.SubprocessHook","filename":"subprocess.py","lineno":99}
{"timestamp":"2026-02-08T22:48:05.557322Z","level":"info","event":" 'site_name': 'mercado_livre',","logger":"airflow.task.hooks.airflow.providers.standard.hooks.subprocess.SubprocessHook","filename":"subprocess.py","lineno":99}
{"timestamp":"2026-02-08T22:48:05.557349Z","level":"info","event":" 'storage': 'N/A'}","logger":"airflow.task.hooks.airflow.providers.standard.hooks.subprocess.SubprocessHook","filename":"subprocess.py","lineno":99}
{"timestamp":"2026-02-08T22:48:05.558181Z","level":"info","event":"2026-02-08 22:48:05 [scrapy.core.scraper] DEBUG: Scraped from <200 https://lista.mercadolivre.com.br/notebook>","logger":"airflow.task.hooks.airflow.providers.standard.hooks.subprocess.SubprocessHook","filename":"subprocess.py","lineno":99}
{"timestamp":"2026-02-08T22:48:05.558295Z","level":"info","event":"{'color': 'N/A',","logger":"airflow.task.hooks.airflow.providers.standard.hooks.subprocess.SubprocessHook","filename":"subprocess.py","lineno":99}
{"timestamp":"2026-02-08T22:48:05.558347Z","level":"info","event":" 'full_title': 'Notebook Lenovo Ideapad 1i Celeron Office 365 4gb 128gb W11',","logger":"airflow.task.hooks.airflow.providers.standard.hooks.subprocess.SubprocessHook","filename":"subprocess.py","lineno":99}
{"timestamp":"2026-02-08T22:48:05.558383Z","level":"info","event":" 'memory': 'N/A',","logger":"airflow.task.hooks.airflow.providers.standard.hooks.subprocess.SubprocessHook","filename":"subprocess.py","lineno":99}
{"timestamp":"2026-02-08T22:48:05.558414Z","level":"info","event":" 'price': '3.999',","logger":"airflow.task.hooks.airflow.providers.standard.hooks.subprocess.SubprocessHook","filename":"subprocess.py","lineno":99}
{"timestamp":"2026-02-08T22:48:05.558444Z","level":"info","event":" 'rating': '4.8',","logger":"airflow.task.hooks.airflow.providers.standard.hooks.subprocess.SubprocessHook","filename":"subprocess.py","lineno":99}
{"timestamp":"2026-02-08T22:48:05.558473Z","level":"info","event":" 'short_title': 'notebook',","logger":"airflow.task.hooks.airflow.providers.standard.hooks.subprocess.SubprocessHook","filename":"subprocess.py","lineno":99}
{"timestamp":"2026-02-08T22:48:05.558500Z","level":"info","event":" 'site_name': 'mercado_livre',","logger":"airflow.task.hooks.airflow.providers.standard.hooks.subprocess.SubprocessHook","filename":"subprocess.py","lineno":99}
{"timestamp":"2026-02-08T22:48:05.558527Z","level":"info","event":" 'storage': 'N/A'}","logger":"airflow.task.hooks.airflow.providers.standard.hooks.subprocess.SubprocessHook","filename":"subprocess.py","lineno":99}
{"timestamp":"2026-02-08T22:48:05.560217Z","level":"info","event":"2026-02-08 22:48:05 [scrapy.core.scraper] DEBUG: Scraped from <200 https://lista.mercadolivre.com.br/notebook>","logger":"airflow.task.hooks.airflow.providers.standard.hooks.subprocess.SubprocessHook","filename":"subprocess.py","lineno":99}
{"timestamp":"2026-02-08T22:48:05.560298Z","level":"info","event":"{'color': 'Silver',","logger":"airflow.task.hooks.airflow.providers.standard.hooks.subprocess.SubprocessHook","filename":"subprocess.py","lineno":99}
{"timestamp":"2026-02-08T22:48:05.560337Z","level":"info","event":" 'full_title': 'HP Pavilion 17-CN4153 B87ZZUA Silver 16 GB 1 TB 60 Hz 1600 px '","logger":"airflow.task.hooks.airflow.providers.standard.hooks.subprocess.SubprocessHook","filename":"subprocess.py","lineno":99}
{"timestamp":"2026-02-08T22:48:05.560370Z","level":"info","event":"               'x 900 px Intel Graphics Intel Core 5 120U Windows 11 Home Sim',","logger":"airflow.task.hooks.airflow.providers.standard.hooks.subprocess.SubprocessHook","filename":"subprocess.py","lineno":99}
{"timestamp":"2026-02-08T22:48:05.560400Z","level":"info","event":" 'memory': 'N/A',","logger":"airflow.task.hooks.airflow.providers.standard.hooks.subprocess.SubprocessHook","filename":"subprocess.py","lineno":99}
{"timestamp":"2026-02-08T22:48:05.560429Z","level":"info","event":" 'price': '4.938',","logger":"airflow.task.hooks.airflow.providers.standard.hooks.subprocess.SubprocessHook","filename":"subprocess.py","lineno":99}
{"timestamp":"2026-02-08T22:48:05.560457Z","level":"info","event":" 'rating': '1 vendido',","logger":"airflow.task.hooks.airflow.providers.standard.hooks.subprocess.SubprocessHook","filename":"subprocess.py","lineno":99}
{"timestamp":"2026-02-08T22:48:05.560485Z","level":"info","event":" 'short_title': 'notebook',","logger":"airflow.task.hooks.airflow.providers.standard.hooks.subprocess.SubprocessHook","filename":"subprocess.py","lineno":99}
{"timestamp":"2026-02-08T22:48:05.560512Z","level":"info","event":" 'site_name': 'mercado_livre',","logger":"airflow.task.hooks.airflow.providers.standard.hooks.subprocess.SubprocessHook","filename":"subprocess.py","lineno":99}
{"timestamp":"2026-02-08T22:48:05.560540Z","level":"info","event":" 'storage': 'N/A'}","logger":"airflow.task.hooks.airflow.providers.standard.hooks.subprocess.SubprocessHook","filename":"subprocess.py","lineno":99}
{"timestamp":"2026-02-08T22:48:05.561485Z","level":"info","event":"2026-02-08 22:48:05 [scrapy.core.scraper] DEBUG: Scraped from <200 https://lista.mercadolivre.com.br/notebook>","logger":"airflow.task.hooks.airflow.providers.standard.hooks.subprocess.SubprocessHook","filename":"subprocess.py","lineno":99}
{"timestamp":"2026-02-08T22:48:05.561598Z","level":"info","event":"{'color': 'Grey',","logger":"airflow.task.hooks.airflow.providers.standard.hooks.subprocess.SubprocessHook","filename":"subprocess.py","lineno":99}
{"timestamp":"2026-02-08T22:48:05.561641Z","level":"info","event":" 'full_title': 'Notebook Lenovo Ideapad 1 15iru7 Intel Core i3-1315u 8gb 256gb '","logger":"airflow.task.hooks.airflow.providers.standard.hooks.subprocess.SubprocessHook","filename":"subprocess.py","lineno":99}
{"timestamp":"2026-02-08T22:48:05.561673Z","level":"info","event":"               'Ssd Windows 11 15.6 - 83qj0001bo Cloud Grey',","logger":"airflow.task.hooks.airflow.providers.standard.hooks.subprocess.SubprocessHook","filename":"subprocess.py","lineno":99}
{"timestamp":"2026-02-08T22:48:05.561703Z","level":"info","event":" 'memory': 'N/A',","logger":"airflow.task.hooks.airflow.providers.standard.hooks.subprocess.SubprocessHook","filename":"subprocess.py","lineno":99}
{"timestamp":"2026-02-08T22:48:05.561731Z","level":"info","event":" 'price': '4.499',","logger":"airflow.task.hooks.airflow.providers.standard.hooks.subprocess.SubprocessHook","filename":"subprocess.py","lineno":99}
{"timestamp":"2026-02-08T22:48:05.561765Z","level":"info","event":" 'rating': '4.9',","logger":"airflow.task.hooks.airflow.providers.standard.hooks.subprocess.SubprocessHook","filename":"subprocess.py","lineno":99}
{"timestamp":"2026-02-08T22:48:05.561843Z","level":"info","event":" 'short_title': 'notebook',","logger":"airflow.task.hooks.airflow.providers.standard.hooks.subprocess.SubprocessHook","filename":"subprocess.py","lineno":99}
{"timestamp":"2026-02-08T22:48:05.561907Z","level":"info","event":" 'site_name': 'mercado_livre',","logger":"airflow.task.hooks.airflow.providers.standard.hooks.subprocess.SubprocessHook","filename":"subprocess.py","lineno":99}
{"timestamp":"2026-02-08T22:48:05.561943Z","level":"info","event":" 'storage': '256gb'}","logger":"airflow.task.hooks.airflow.providers.standard.hooks.subprocess.SubprocessHook","filename":"subprocess.py","lineno":99}
{"timestamp":"2026-02-08T22:48:05.563189Z","level":"info","event":"2026-02-08 22:48:05 [scrapy.core.scraper] DEBUG: Scraped from <200 https://lista.mercadolivre.com.br/notebook>","logger":"airflow.task.hooks.airflow.providers.standard.hooks.subprocess.SubprocessHook","filename":"subprocess.py","lineno":99}
{"timestamp":"2026-02-08T22:48:05.563291Z","level":"info","event":"{'color': 'N/A',","logger":"airflow.task.hooks.airflow.providers.standard.hooks.subprocess.SubprocessHook","filename":"subprocess.py","lineno":99}
{"timestamp":"2026-02-08T22:48:05.563342Z","level":"info","event":" 'full_title': 'Notebook Positivo Vision C15m Intel Celeron N4500 Windows 11 '","logger":"airflow.task.hooks.airflow.providers.standard.hooks.subprocess.SubprocessHook","filename":"subprocess.py","lineno":99}
{"timestamp":"2026-02-08T22:48:05.563376Z","level":"info","event":"               'Home 4gb Ram 128gb Emmc Tela 15 Full Hd Ips Antirreflexo - '","logger":"airflow.task.hooks.airflow.providers.standard.hooks.subprocess.SubprocessHook","filename":"subprocess.py","lineno":99}
{"timestamp":"2026-02-08T22:48:05.563408Z","level":"info","event":"               'Minitela E Tecla Copilot - Permite Upgrade De Memória Ssd - '","logger":"airflow.task.hooks.airflow.providers.standard.hooks.subprocess.SubprocessHook","filename":"subprocess.py","lineno":99}
{"timestamp":"2026-02-08T22:48:05.563439Z","level":"info","event":"               'Cinza',","logger":"airflow.task.hooks.airflow.providers.standard.hooks.subprocess.SubprocessHook","filename":"subprocess.py","lineno":99}
{"timestamp":"2026-02-08T22:48:05.563466Z","level":"info","event":" 'memory': '4gb',","logger":"airflow.task.hooks.airflow.providers.standard.hooks.subprocess.SubprocessHook","filename":"subprocess.py","lineno":99}
{"timestamp":"2026-02-08T22:48:05.563493Z","level":"info","event":" 'price': '2.099',","logger":"airflow.task.hooks.airflow.providers.standard.hooks.subprocess.SubprocessHook","filename":"subprocess.py","lineno":99}
{"timestamp":"2026-02-08T22:48:05.563519Z","level":"info","event":" 'rating': '4.8',","logger":"airflow.task.hooks.airflow.providers.standard.hooks.subprocess.SubprocessHook","filename":"subprocess.py","lineno":99}
{"timestamp":"2026-02-08T22:48:05.563544Z","level":"info","event":" 'short_title': 'notebook',","logger":"airflow.task.hooks.airflow.providers.standard.hooks.subprocess.SubprocessHook","filename":"subprocess.py","lineno":99}
{"timestamp":"2026-02-08T22:48:05.563570Z","level":"info","event":" 'site_name': 'mercado_livre',","logger":"airflow.task.hooks.airflow.providers.standard.hooks.subprocess.SubprocessHook","filename":"subprocess.py","lineno":99}
{"timestamp":"2026-02-08T22:48:05.563597Z","level":"info","event":" 'storage': 'N/A'}","logger":"airflow.task.hooks.airflow.providers.standard.hooks.subprocess.SubprocessHook","filename":"subprocess.py","lineno":99}
{"timestamp":"2026-02-08T22:48:05.564770Z","level":"info","event":"2026-02-08 22:48:05 [scrapy.core.scraper] DEBUG: Scraped from <200 https://lista.mercadolivre.com.br/notebook>","logger":"airflow.task.hooks.airflow.providers.standard.hooks.subprocess.SubprocessHook","filename":"subprocess.py","lineno":99}
{"timestamp":"2026-02-08T22:48:05.564840Z","level":"info","event":"{'color': 'N/A',","logger":"airflow.task.hooks.airflow.providers.standard.hooks.subprocess.SubprocessHook","filename":"subprocess.py","lineno":99}
{"timestamp":"2026-02-08T22:48:05.564875Z","level":"info","event":" 'full_title': 'Notebook Positivo Vision R15m Amd Ryzen 5-5625u Linux 8gb Ram '","logger":"airflow.task.hooks.airflow.providers.standard.hooks.subprocess.SubprocessHook","filename":"subprocess.py","lineno":99}
{"timestamp":"2026-02-08T22:48:05.564904Z","level":"info","event":"               '256gb Ssd Wi-fi 6 Tela 15 Full Hd Ips Antirreflexo - Permite '","logger":"airflow.task.hooks.airflow.providers.standard.hooks.subprocess.SubprocessHook","filename":"subprocess.py","lineno":99}
{"timestamp":"2026-02-08T22:48:05.564932Z","level":"info","event":"               'Upgrade De Memória Ram E Ssd - Preto',","logger":"airflow.task.hooks.airflow.providers.standard.hooks.subprocess.SubprocessHook","filename":"subprocess.py","lineno":99}
{"timestamp":"2026-02-08T22:48:05.564960Z","level":"info","event":" 'memory': '8gb',","logger":"airflow.task.hooks.airflow.providers.standard.hooks.subprocess.SubprocessHook","filename":"subprocess.py","lineno":99}
{"timestamp":"2026-02-08T22:48:05.564986Z","level":"info","event":" 'price': '3.855',","logger":"airflow.task.hooks.airflow.providers.standard.hooks.subprocess.SubprocessHook","filename":"subprocess.py","lineno":99}
{"timestamp":"2026-02-08T22:48:05.565013Z","level":"info","event":" 'rating': '4.9',","logger":"airflow.task.hooks.airflow.providers.standard.hooks.subprocess.SubprocessHook","filename":"subprocess.py","lineno":99}
{"timestamp":"2026-02-08T22:48:05.565040Z","level":"info","event":" 'short_title': 'notebook',","logger":"airflow.task.hooks.airflow.providers.standard.hooks.subprocess.SubprocessHook","filename":"subprocess.py","lineno":99}
{"timestamp":"2026-02-08T22:48:05.565066Z","level":"info","event":" 'site_name': 'mercado_livre',","logger":"airflow.task.hooks.airflow.providers.standard.hooks.subprocess.SubprocessHook","filename":"subprocess.py","lineno":99}
{"timestamp":"2026-02-08T22:48:05.565092Z","level":"info","event":" 'storage': '256gb'}","logger":"airflow.task.hooks.airflow.providers.standard.hooks.subprocess.SubprocessHook","filename":"subprocess.py","lineno":99}
{"timestamp":"2026-02-08T22:48:05.566305Z","level":"info","event":"2026-02-08 22:48:05 [scrapy.core.scraper] DEBUG: Scraped from <200 https://lista.mercadolivre.com.br/notebook>","logger":"airflow.task.hooks.airflow.providers.standard.hooks.subprocess.SubprocessHook","filename":"subprocess.py","lineno":99}
{"timestamp":"2026-02-08T22:48:05.566406Z","level":"info","event":"{'color': 'Grey',","logger":"airflow.task.hooks.airflow.providers.standard.hooks.subprocess.SubprocessHook","filename":"subprocess.py","lineno":99}
{"timestamp":"2026-02-08T22:48:05.566459Z","level":"info","event":" 'full_title': 'Notebook Lenovo IdeaPad Slim 3 15IRH10 Intel Core i5-13420H '","logger":"airflow.task.hooks.airflow.providers.standard.hooks.subprocess.SubprocessHook","filename":"subprocess.py","lineno":99}
{"timestamp":"2026-02-08T22:48:05.566497Z","level":"info","event":"               '8GB 512GB SSD Windows 11 15.3\" - 83NS0002BR Luna Grey',","logger":"airflow.task.hooks.airflow.providers.standard.hooks.subprocess.SubprocessHook","filename":"subprocess.py","lineno":99}
{"timestamp":"2026-02-08T22:48:05.566528Z","level":"info","event":" 'memory': 'N/A',","logger":"airflow.task.hooks.airflow.providers.standard.hooks.subprocess.SubprocessHook","filename":"subprocess.py","lineno":99}
{"timestamp":"2026-02-08T22:48:05.566557Z","level":"info","event":" 'price': '3.899',","logger":"airflow.task.hooks.airflow.providers.standard.hooks.subprocess.SubprocessHook","filename":"subprocess.py","lineno":99}
{"timestamp":"2026-02-08T22:48:05.566585Z","level":"info","event":" 'rating': '4.9',","logger":"airflow.task.hooks.airflow.providers.standard.hooks.subprocess.SubprocessHook","filename":"subprocess.py","lineno":99}
{"timestamp":"2026-02-08T22:48:05.566613Z","level":"info","event":" 'short_title': 'notebook',","logger":"airflow.task.hooks.airflow.providers.standard.hooks.subprocess.SubprocessHook","filename":"subprocess.py","lineno":99}
{"timestamp":"2026-02-08T22:48:05.566639Z","level":"info","event":" 'site_name': 'mercado_livre',","logger":"airflow.task.hooks.airflow.providers.standard.hooks.subprocess.SubprocessHook","filename":"subprocess.py","lineno":99}
{"timestamp":"2026-02-08T22:48:05.566667Z","level":"info","event":" 'storage': '512GB'}","logger":"airflow.task.hooks.airflow.providers.standard.hooks.subprocess.SubprocessHook","filename":"subprocess.py","lineno":99}
{"timestamp":"2026-02-08T22:48:05.568187Z","level":"info","event":"2026-02-08 22:48:05 [scrapy.core.scraper] DEBUG: Scraped from <200 https://lista.mercadolivre.com.br/notebook>","logger":"airflow.task.hooks.airflow.providers.standard.hooks.subprocess.SubprocessHook","filename":"subprocess.py","lineno":99}
{"timestamp":"2026-02-08T22:48:05.568277Z","level":"info","event":"{'color': 'Cinza',","logger":"airflow.task.hooks.airflow.providers.standard.hooks.subprocess.SubprocessHook","filename":"subprocess.py","lineno":99}
{"timestamp":"2026-02-08T22:48:05.568328Z","level":"info","event":" 'full_title': 'Notebook Positivo Vision C14 Lumina BAR Celeron 4GB 128GB eMMC '","logger":"airflow.task.hooks.airflow.providers.standard.hooks.subprocess.SubprocessHook","filename":"subprocess.py","lineno":99}
{"timestamp":"2026-02-08T22:48:05.568362Z","level":"info","event":"               'Tela 14 Polegadas HD Antirreflexo Windows 11 Tecla Link Cinza',","logger":"airflow.task.hooks.airflow.providers.standard.hooks.subprocess.SubprocessHook","filename":"subprocess.py","lineno":99}
{"timestamp":"2026-02-08T22:48:05.568392Z","level":"info","event":" 'memory': 'N/A',","logger":"airflow.task.hooks.airflow.providers.standard.hooks.subprocess.SubprocessHook","filename":"subprocess.py","lineno":99}
{"timestamp":"2026-02-08T22:48:05.568422Z","level":"info","event":" 'price': '1.899',","logger":"airflow.task.hooks.airflow.providers.standard.hooks.subprocess.SubprocessHook","filename":"subprocess.py","lineno":99}
{"timestamp":"2026-02-08T22:48:05.568449Z","level":"info","event":" 'rating': '4.6',","logger":"airflow.task.hooks.airflow.providers.standard.hooks.subprocess.SubprocessHook","filename":"subprocess.py","lineno":99}
{"timestamp":"2026-02-08T22:48:05.568476Z","level":"info","event":" 'short_title': 'notebook',","logger":"airflow.task.hooks.airflow.providers.standard.hooks.subprocess.SubprocessHook","filename":"subprocess.py","lineno":99}
{"timestamp":"2026-02-08T22:48:05.568502Z","level":"info","event":" 'site_name': 'mercado_livre',","logger":"airflow.task.hooks.airflow.providers.standard.hooks.subprocess.SubprocessHook","filename":"subprocess.py","lineno":99}
{"timestamp":"2026-02-08T22:48:05.568529Z","level":"info","event":" 'storage': 'N/A'}","logger":"airflow.task.hooks.airflow.providers.standard.hooks.subprocess.SubprocessHook","filename":"subprocess.py","lineno":99}
{"timestamp":"2026-02-08T22:48:05.569556Z","level":"info","event":"2026-02-08 22:48:05 [scrapy.core.scraper] DEBUG: Scraped from <200 https://lista.mercadolivre.com.br/notebook>","logger":"airflow.task.hooks.airflow.providers.standard.hooks.subprocess.SubprocessHook","filename":"subprocess.py","lineno":99}
{"timestamp":"2026-02-08T22:48:05.569647Z","level":"info","event":"{'color': 'Grey',","logger":"airflow.task.hooks.airflow.providers.standard.hooks.subprocess.SubprocessHook","filename":"subprocess.py","lineno":99}
{"timestamp":"2026-02-08T22:48:05.569699Z","level":"info","event":" 'full_title': 'Notebook Lenovo Ideapad Slim 3 15irh10 Intel Core i5-13420h '","logger":"airflow.task.hooks.airflow.providers.standard.hooks.subprocess.SubprocessHook","filename":"subprocess.py","lineno":99}
{"timestamp":"2026-02-08T22:48:05.569736Z","level":"info","event":"               '8gb 256gb Ssd Windows 11 15.3 - 83ns0003br Luna Grey',","logger":"airflow.task.hooks.airflow.providers.standard.hooks.subprocess.SubprocessHook","filename":"subprocess.py","lineno":99}
{"timestamp":"2026-02-08T22:48:05.569768Z","level":"info","event":" 'memory': 'N/A',","logger":"airflow.task.hooks.airflow.providers.standard.hooks.subprocess.SubprocessHook","filename":"subprocess.py","lineno":99}
{"timestamp":"2026-02-08T22:48:05.569798Z","level":"info","event":" 'price': '3.514',","logger":"airflow.task.hooks.airflow.providers.standard.hooks.subprocess.SubprocessHook","filename":"subprocess.py","lineno":99}
{"timestamp":"2026-02-08T22:48:05.569891Z","level":"info","event":" 'rating': '4.9',","logger":"airflow.task.hooks.airflow.providers.standard.hooks.subprocess.SubprocessHook","filename":"subprocess.py","lineno":99}
{"timestamp":"2026-02-08T22:48:05.569930Z","level":"info","event":" 'short_title': 'notebook',","logger":"airflow.task.hooks.airflow.providers.standard.hooks.subprocess.SubprocessHook","filename":"subprocess.py","lineno":99}
{"timestamp":"2026-02-08T22:48:05.569961Z","level":"info","event":" 'site_name': 'mercado_livre',","logger":"airflow.task.hooks.airflow.providers.standard.hooks.subprocess.SubprocessHook","filename":"subprocess.py","lineno":99}
{"timestamp":"2026-02-08T22:48:05.569990Z","level":"info","event":" 'storage': '256gb'}","logger":"airflow.task.hooks.airflow.providers.standard.hooks.subprocess.SubprocessHook","filename":"subprocess.py","lineno":99}
{"timestamp":"2026-02-08T22:48:05.570920Z","level":"info","event":"2026-02-08 22:48:05 [scrapy.core.scraper] DEBUG: Scraped from <200 https://lista.mercadolivre.com.br/notebook>","logger":"airflow.task.hooks.airflow.providers.standard.hooks.subprocess.SubprocessHook","filename":"subprocess.py","lineno":99}
{"timestamp":"2026-02-08T22:48:05.571006Z","level":"info","event":"{'color': 'N/A',","logger":"airflow.task.hooks.airflow.providers.standard.hooks.subprocess.SubprocessHook","filename":"subprocess.py","lineno":99}
{"timestamp":"2026-02-08T22:48:05.571063Z","level":"info","event":" 'full_title': 'Notebook Acer Nitro V ANV15-51-57WS Intel Core i5-13420H '","logger":"airflow.task.hooks.airflow.providers.standard.hooks.subprocess.SubprocessHook","filename":"subprocess.py","lineno":99}
{"timestamp":"2026-02-08T22:48:05.571098Z","level":"info","event":"               '13ªGeração 512SSD 8GB Nvidia GeForce RTX 3050 GDDR6 Linux '","logger":"airflow.task.hooks.airflow.providers.standard.hooks.subprocess.SubprocessHook","filename":"subprocess.py","lineno":99}
{"timestamp":"2026-02-08T22:48:05.571130Z","level":"info","event":"               \"Gutta 15,6'\",","logger":"airflow.task.hooks.airflow.providers.standard.hooks.subprocess.SubprocessHook","filename":"subprocess.py","lineno":99}
{"timestamp":"2026-02-08T22:48:05.571159Z","level":"info","event":" 'memory': 'N/A',","logger":"airflow.task.hooks.airflow.providers.standard.hooks.subprocess.SubprocessHook","filename":"subprocess.py","lineno":99}
{"timestamp":"2026-02-08T22:48:05.571186Z","level":"info","event":" 'price': '5.189',","logger":"airflow.task.hooks.airflow.providers.standard.hooks.subprocess.SubprocessHook","filename":"subprocess.py","lineno":99}
{"timestamp":"2026-02-08T22:48:05.571212Z","level":"info","event":" 'rating': '4.8',","logger":"airflow.task.hooks.airflow.providers.standard.hooks.subprocess.SubprocessHook","filename":"subprocess.py","lineno":99}
{"timestamp":"2026-02-08T22:48:05.571239Z","level":"info","event":" 'short_title': 'notebook',","logger":"airflow.task.hooks.airflow.providers.standard.hooks.subprocess.SubprocessHook","filename":"subprocess.py","lineno":99}
{"timestamp":"2026-02-08T22:48:05.571265Z","level":"info","event":" 'site_name': 'mercado_livre',","logger":"airflow.task.hooks.airflow.providers.standard.hooks.subprocess.SubprocessHook","filename":"subprocess.py","lineno":99}
{"timestamp":"2026-02-08T22:48:05.571293Z","level":"info","event":" 'storage': 'N/A'}","logger":"airflow.task.hooks.airflow.providers.standard.hooks.subprocess.SubprocessHook","filename":"subprocess.py","lineno":99}
{"timestamp":"2026-02-08T22:48:05.572316Z","level":"info","event":"2026-02-08 22:48:05 [scrapy.core.scraper] DEBUG: Scraped from <200 https://lista.mercadolivre.com.br/notebook>","logger":"airflow.task.hooks.airflow.providers.standard.hooks.subprocess.SubprocessHook","filename":"subprocess.py","lineno":99}
{"timestamp":"2026-02-08T22:48:05.572402Z","level":"info","event":"{'color': 'N/A',","logger":"airflow.task.hooks.airflow.providers.standard.hooks.subprocess.SubprocessHook","filename":"subprocess.py","lineno":99}
{"timestamp":"2026-02-08T22:48:05.572453Z","level":"info","event":" 'full_title': \"Notebook Multi Ultra Celeron N4020c 4gb 128gb W11 14'' Cinza\",","logger":"airflow.task.hooks.airflow.providers.standard.hooks.subprocess.SubprocessHook","filename":"subprocess.py","lineno":99}
{"timestamp":"2026-02-08T22:48:05.572489Z","level":"info","event":" 'memory': 'N/A',","logger":"airflow.task.hooks.airflow.providers.standard.hooks.subprocess.SubprocessHook","filename":"subprocess.py","lineno":99}
{"timestamp":"2026-02-08T22:48:05.572519Z","level":"info","event":" 'price': '2.064',","logger":"airflow.task.hooks.airflow.providers.standard.hooks.subprocess.SubprocessHook","filename":"subprocess.py","lineno":99}
{"timestamp":"2026-02-08T22:48:05.572547Z","level":"info","event":" 'rating': '4.6',","logger":"airflow.task.hooks.airflow.providers.standard.hooks.subprocess.SubprocessHook","filename":"subprocess.py","lineno":99}
{"timestamp":"2026-02-08T22:48:05.572626Z","level":"info","event":" 'short_title': 'notebook',","logger":"airflow.task.hooks.airflow.providers.standard.hooks.subprocess.SubprocessHook","filename":"subprocess.py","lineno":99}
{"timestamp":"2026-02-08T22:48:05.572664Z","level":"info","event":" 'site_name': 'mercado_livre',","logger":"airflow.task.hooks.airflow.providers.standard.hooks.subprocess.SubprocessHook","filename":"subprocess.py","lineno":99}
{"timestamp":"2026-02-08T22:48:05.572695Z","level":"info","event":" 'storage': 'N/A'}","logger":"airflow.task.hooks.airflow.providers.standard.hooks.subprocess.SubprocessHook","filename":"subprocess.py","lineno":99}
{"timestamp":"2026-02-08T22:48:05.573572Z","level":"info","event":"2026-02-08 22:48:05 [scrapy.core.scraper] DEBUG: Scraped from <200 https://lista.mercadolivre.com.br/notebook>","logger":"airflow.task.hooks.airflow.providers.standard.hooks.subprocess.SubprocessHook","filename":"subprocess.py","lineno":99}
{"timestamp":"2026-02-08T22:48:05.573657Z","level":"info","event":"{'color': 'N/A',","logger":"airflow.task.hooks.airflow.providers.standard.hooks.subprocess.SubprocessHook","filename":"subprocess.py","lineno":99}
{"timestamp":"2026-02-08T22:48:05.573728Z","level":"info","event":" 'full_title': 'Notebook Xu156 Celeron N5095a 16gb Ram 512gb W10 15.6 Fhd '","logger":"airflow.task.hooks.airflow.providers.standard.hooks.subprocess.SubprocessHook","filename":"subprocess.py","lineno":99}
{"timestamp":"2026-02-08T22:48:05.573775Z","level":"info","event":"               'Prateado',","logger":"airflow.task.hooks.airflow.providers.standard.hooks.subprocess.SubprocessHook","filename":"subprocess.py","lineno":99}
{"timestamp":"2026-02-08T22:48:05.573808Z","level":"info","event":" 'memory': '16gb',","logger":"airflow.task.hooks.airflow.providers.standard.hooks.subprocess.SubprocessHook","filename":"subprocess.py","lineno":99}
{"timestamp":"2026-02-08T22:48:05.573837Z","level":"info","event":" 'price': '2.599',","logger":"airflow.task.hooks.airflow.providers.standard.hooks.subprocess.SubprocessHook","filename":"subprocess.py","lineno":99}
{"timestamp":"2026-02-08T22:48:05.573866Z","level":"info","event":" 'rating': '4.8',","logger":"airflow.task.hooks.airflow.providers.standard.hooks.subprocess.SubprocessHook","filename":"subprocess.py","lineno":99}
{"timestamp":"2026-02-08T22:48:05.573893Z","level":"info","event":" 'short_title': 'notebook',","logger":"airflow.task.hooks.airflow.providers.standard.hooks.subprocess.SubprocessHook","filename":"subprocess.py","lineno":99}
{"timestamp":"2026-02-08T22:48:05.573919Z","level":"info","event":" 'site_name': 'mercado_livre',","logger":"airflow.task.hooks.airflow.providers.standard.hooks.subprocess.SubprocessHook","filename":"subprocess.py","lineno":99}
{"timestamp":"2026-02-08T22:48:05.573945Z","level":"info","event":" 'storage': 'N/A'}","logger":"airflow.task.hooks.airflow.providers.standard.hooks.subprocess.SubprocessHook","filename":"subprocess.py","lineno":99}
{"timestamp":"2026-02-08T22:48:05.574853Z","level":"info","event":"2026-02-08 22:48:05 [scrapy.core.scraper] DEBUG: Scraped from <200 https://lista.mercadolivre.com.br/notebook>","logger":"airflow.task.hooks.airflow.providers.standard.hooks.subprocess.SubprocessHook","filename":"subprocess.py","lineno":99}
{"timestamp":"2026-02-08T22:48:05.574946Z","level":"info","event":"{'color': 'Silver',","logger":"airflow.task.hooks.airflow.providers.standard.hooks.subprocess.SubprocessHook","filename":"subprocess.py","lineno":99}
{"timestamp":"2026-02-08T22:48:05.574996Z","level":"info","event":" 'full_title': 'Notebook Asus Vivobook 15 X1504va Intel Core I5 1334u 8gb Ram '","logger":"airflow.task.hooks.airflow.providers.standard.hooks.subprocess.SubprocessHook","filename":"subprocess.py","lineno":99}
{"timestamp":"2026-02-08T22:48:05.575029Z","level":"info","event":"               '256gb Ssd Windows 11 Home Intel Iris Xe Tela 15,6 Led Fhd '","logger":"airflow.task.hooks.airflow.providers.standard.hooks.subprocess.SubprocessHook","filename":"subprocess.py","lineno":99}
{"timestamp":"2026-02-08T22:48:05.575058Z","level":"info","event":"               'Silver - Nj1738w',","logger":"airflow.task.hooks.airflow.providers.standard.hooks.subprocess.SubprocessHook","filename":"subprocess.py","lineno":99}
{"timestamp":"2026-02-08T22:48:05.575101Z","level":"info","event":" 'memory': '8gb',","logger":"airflow.task.hooks.airflow.providers.standard.hooks.subprocess.SubprocessHook","filename":"subprocess.py","lineno":99}
{"timestamp":"2026-02-08T22:48:05.575140Z","level":"info","event":" 'price': '3.999',","logger":"airflow.task.hooks.airflow.providers.standard.hooks.subprocess.SubprocessHook","filename":"subprocess.py","lineno":99}
{"timestamp":"2026-02-08T22:48:05.575179Z","level":"info","event":" 'rating': '4.9',","logger":"airflow.task.hooks.airflow.providers.standard.hooks.subprocess.SubprocessHook","filename":"subprocess.py","lineno":99}
{"timestamp":"2026-02-08T22:48:05.575208Z","level":"info","event":" 'short_title': 'notebook',","logger":"airflow.task.hooks.airflow.providers.standard.hooks.subprocess.SubprocessHook","filename":"subprocess.py","lineno":99}
{"timestamp":"2026-02-08T22:48:05.575235Z","level":"info","event":" 'site_name': 'mercado_livre',","logger":"airflow.task.hooks.airflow.providers.standard.hooks.subprocess.SubprocessHook","filename":"subprocess.py","lineno":99}
{"timestamp":"2026-02-08T22:48:05.575261Z","level":"info","event":" 'storage': '256gb'}","logger":"airflow.task.hooks.airflow.providers.standard.hooks.subprocess.SubprocessHook","filename":"subprocess.py","lineno":99}
{"timestamp":"2026-02-08T22:48:05.576194Z","level":"info","event":"2026-02-08 22:48:05 [scrapy.core.scraper] DEBUG: Scraped from <200 https://lista.mercadolivre.com.br/notebook>","logger":"airflow.task.hooks.airflow.providers.standard.hooks.subprocess.SubprocessHook","filename":"subprocess.py","lineno":99}
{"timestamp":"2026-02-08T22:48:05.576276Z","level":"info","event":"{'color': 'Silver',","logger":"airflow.task.hooks.airflow.providers.standard.hooks.subprocess.SubprocessHook","filename":"subprocess.py","lineno":99}
{"timestamp":"2026-02-08T22:48:05.576325Z","level":"info","event":" 'full_title': 'Notebook Asus Vivobook 15 X1504va Intel Core I5 1334u 8gb Ram '","logger":"airflow.task.hooks.airflow.providers.standard.hooks.subprocess.SubprocessHook","filename":"subprocess.py","lineno":99}
{"timestamp":"2026-02-08T22:48:05.576356Z","level":"info","event":"               '512gb Ssd Intel Iris Xe Windows 11 Home Tela 15,6 Fhd Silver - '","logger":"airflow.task.hooks.airflow.providers.standard.hooks.subprocess.SubprocessHook","filename":"subprocess.py","lineno":99}
{"timestamp":"2026-02-08T22:48:05.576386Z","level":"info","event":"               'Nj1740w',","logger":"airflow.task.hooks.airflow.providers.standard.hooks.subprocess.SubprocessHook","filename":"subprocess.py","lineno":99}
{"timestamp":"2026-02-08T22:48:05.576414Z","level":"info","event":" 'memory': '8gb',","logger":"airflow.task.hooks.airflow.providers.standard.hooks.subprocess.SubprocessHook","filename":"subprocess.py","lineno":99}
{"timestamp":"2026-02-08T22:48:05.576441Z","level":"info","event":" 'price': '4.000',","logger":"airflow.task.hooks.airflow.providers.standard.hooks.subprocess.SubprocessHook","filename":"subprocess.py","lineno":99}
{"timestamp":"2026-02-08T22:48:05.576468Z","level":"info","event":" 'rating': '4.9',","logger":"airflow.task.hooks.airflow.providers.standard.hooks.subprocess.SubprocessHook","filename":"subprocess.py","lineno":99}
{"timestamp":"2026-02-08T22:48:05.576494Z","level":"info","event":" 'short_title': 'notebook',","logger":"airflow.task.hooks.airflow.providers.standard.hooks.subprocess.SubprocessHook","filename":"subprocess.py","lineno":99}
{"timestamp":"2026-02-08T22:48:05.576520Z","level":"info","event":" 'site_name': 'mercado_livre',","logger":"airflow.task.hooks.airflow.providers.standard.hooks.subprocess.SubprocessHook","filename":"subprocess.py","lineno":99}
{"timestamp":"2026-02-08T22:48:05.576546Z","level":"info","event":" 'storage': '512gb'}","logger":"airflow.task.hooks.airflow.providers.standard.hooks.subprocess.SubprocessHook","filename":"subprocess.py","lineno":99}
{"timestamp":"2026-02-08T22:48:05.577475Z","level":"info","event":"2026-02-08 22:48:05 [scrapy.core.scraper] DEBUG: Scraped from <200 https://lista.mercadolivre.com.br/notebook>","logger":"airflow.task.hooks.airflow.providers.standard.hooks.subprocess.SubprocessHook","filename":"subprocess.py","lineno":99}
{"timestamp":"2026-02-08T22:48:05.577563Z","level":"info","event":"{'color': 'Cinza',","logger":"airflow.task.hooks.airflow.providers.standard.hooks.subprocess.SubprocessHook","filename":"subprocess.py","lineno":99}
{"timestamp":"2026-02-08T22:48:05.577615Z","level":"info","event":" 'full_title': 'Notebook Lenovo Ideapad I3-1315 8gb 512gb Ssd 15.6 Fhd Linux '","logger":"airflow.task.hooks.airflow.providers.standard.hooks.subprocess.SubprocessHook","filename":"subprocess.py","lineno":99}
{"timestamp":"2026-02-08T22:48:05.577652Z","level":"info","event":"               'Cinza',","logger":"airflow.task.hooks.airflow.providers.standard.hooks.subprocess.SubprocessHook","filename":"subprocess.py","lineno":99}
{"timestamp":"2026-02-08T22:48:05.577683Z","level":"info","event":" 'memory': 'N/A',","logger":"airflow.task.hooks.airflow.providers.standard.hooks.subprocess.SubprocessHook","filename":"subprocess.py","lineno":99}
{"timestamp":"2026-02-08T22:48:05.577712Z","level":"info","event":" 'price': '3.499',","logger":"airflow.task.hooks.airflow.providers.standard.hooks.subprocess.SubprocessHook","filename":"subprocess.py","lineno":99}
{"timestamp":"2026-02-08T22:48:05.577740Z","level":"info","event":" 'rating': '4.9',","logger":"airflow.task.hooks.airflow.providers.standard.hooks.subprocess.SubprocessHook","filename":"subprocess.py","lineno":99}
{"timestamp":"2026-02-08T22:48:05.577767Z","level":"info","event":" 'short_title': 'notebook',","logger":"airflow.task.hooks.airflow.providers.standard.hooks.subprocess.SubprocessHook","filename":"subprocess.py","lineno":99}
{"timestamp":"2026-02-08T22:48:05.577793Z","level":"info","event":" 'site_name': 'mercado_livre',","logger":"airflow.task.hooks.airflow.providers.standard.hooks.subprocess.SubprocessHook","filename":"subprocess.py","lineno":99}
{"timestamp":"2026-02-08T22:48:05.577820Z","level":"info","event":" 'storage': '512gb'}","logger":"airflow.task.hooks.airflow.providers.standard.hooks.subprocess.SubprocessHook","filename":"subprocess.py","lineno":99}
{"timestamp":"2026-02-08T22:48:05.578820Z","level":"info","event":"2026-02-08 22:48:05 [scrapy.core.scraper] DEBUG: Scraped from <200 https://lista.mercadolivre.com.br/notebook>","logger":"airflow.task.hooks.airflow.providers.standard.hooks.subprocess.SubprocessHook","filename":"subprocess.py","lineno":99}
{"timestamp":"2026-02-08T22:48:05.578930Z","level":"info","event":"{'color': 'N/A',","logger":"airflow.task.hooks.airflow.providers.standard.hooks.subprocess.SubprocessHook","filename":"subprocess.py","lineno":99}
{"timestamp":"2026-02-08T22:48:05.578980Z","level":"info","event":" 'full_title': \"Notebook Multi Ultra Celeron N4020c 4gb 128gb W11 15,6'' Cinza \"","logger":"airflow.task.hooks.airflow.providers.standard.hooks.subprocess.SubprocessHook","filename":"subprocess.py","lineno":99}
{"timestamp":"2026-02-08T22:48:05.579014Z","level":"info","event":"               '- Ub261',","logger":"airflow.task.hooks.airflow.providers.standard.hooks.subprocess.SubprocessHook","filename":"subprocess.py","lineno":99}
{"timestamp":"2026-02-08T22:48:05.579043Z","level":"info","event":" 'memory': 'N/A',","logger":"airflow.task.hooks.airflow.providers.standard.hooks.subprocess.SubprocessHook","filename":"subprocess.py","lineno":99}
{"timestamp":"2026-02-08T22:48:05.579071Z","level":"info","event":" 'price': '2.098',","logger":"airflow.task.hooks.airflow.providers.standard.hooks.subprocess.SubprocessHook","filename":"subprocess.py","lineno":99}
{"timestamp":"2026-02-08T22:48:05.579097Z","level":"info","event":" 'rating': '4.6',","logger":"airflow.task.hooks.airflow.providers.standard.hooks.subprocess.SubprocessHook","filename":"subprocess.py","lineno":99}
{"timestamp":"2026-02-08T22:48:05.579123Z","level":"info","event":" 'short_title': 'notebook',","logger":"airflow.task.hooks.airflow.providers.standard.hooks.subprocess.SubprocessHook","filename":"subprocess.py","lineno":99}
{"timestamp":"2026-02-08T22:48:05.579148Z","level":"info","event":" 'site_name': 'mercado_livre',","logger":"airflow.task.hooks.airflow.providers.standard.hooks.subprocess.SubprocessHook","filename":"subprocess.py","lineno":99}
{"timestamp":"2026-02-08T22:48:05.579174Z","level":"info","event":" 'storage': 'N/A'}","logger":"airflow.task.hooks.airflow.providers.standard.hooks.subprocess.SubprocessHook","filename":"subprocess.py","lineno":99}
{"timestamp":"2026-02-08T22:48:05.580146Z","level":"info","event":"2026-02-08 22:48:05 [scrapy.core.scraper] DEBUG: Scraped from <200 https://lista.mercadolivre.com.br/notebook>","logger":"airflow.task.hooks.airflow.providers.standard.hooks.subprocess.SubprocessHook","filename":"subprocess.py","lineno":99}
{"timestamp":"2026-02-08T22:48:05.580236Z","level":"info","event":"{'color': 'Cinza',","logger":"airflow.task.hooks.airflow.providers.standard.hooks.subprocess.SubprocessHook","filename":"subprocess.py","lineno":99}
{"timestamp":"2026-02-08T22:48:05.580284Z","level":"info","event":" 'full_title': 'Notebook Lenovo Ideapad I5-13420h 8gb 1tb Ssd15.3 Fhd Linux '","logger":"airflow.task.hooks.airflow.providers.standard.hooks.subprocess.SubprocessHook","filename":"subprocess.py","lineno":99}
{"timestamp":"2026-02-08T22:48:05.580316Z","level":"info","event":"               'Cinza',","logger":"airflow.task.hooks.airflow.providers.standard.hooks.subprocess.SubprocessHook","filename":"subprocess.py","lineno":99}
{"timestamp":"2026-02-08T22:48:05.580345Z","level":"info","event":" 'memory': 'N/A',","logger":"airflow.task.hooks.airflow.providers.standard.hooks.subprocess.SubprocessHook","filename":"subprocess.py","lineno":99}
{"timestamp":"2026-02-08T22:48:05.580372Z","level":"info","event":" 'price': '3.999',","logger":"airflow.task.hooks.airflow.providers.standard.hooks.subprocess.SubprocessHook","filename":"subprocess.py","lineno":99}
{"timestamp":"2026-02-08T22:48:05.580398Z","level":"info","event":" 'rating': '4.9',","logger":"airflow.task.hooks.airflow.providers.standard.hooks.subprocess.SubprocessHook","filename":"subprocess.py","lineno":99}
{"timestamp":"2026-02-08T22:48:05.580424Z","level":"info","event":" 'short_title': 'notebook',","logger":"airflow.task.hooks.airflow.providers.standard.hooks.subprocess.SubprocessHook","filename":"subprocess.py","lineno":99}
{"timestamp":"2026-02-08T22:48:05.580451Z","level":"info","event":" 'site_name': 'mercado_livre',","logger":"airflow.task.hooks.airflow.providers.standard.hooks.subprocess.SubprocessHook","filename":"subprocess.py","lineno":99}
{"timestamp":"2026-02-08T22:48:05.580476Z","level":"info","event":" 'storage': '1tb'}","logger":"airflow.task.hooks.airflow.providers.standard.hooks.subprocess.SubprocessHook","filename":"subprocess.py","lineno":99}
{"timestamp":"2026-02-08T22:48:05.581412Z","level":"info","event":"2026-02-08 22:48:05 [scrapy.core.scraper] DEBUG: Scraped from <200 https://lista.mercadolivre.com.br/notebook>","logger":"airflow.task.hooks.airflow.providers.standard.hooks.subprocess.SubprocessHook","filename":"subprocess.py","lineno":99}
{"timestamp":"2026-02-08T22:48:05.581501Z","level":"info","event":"{'color': 'N/A',","logger":"airflow.task.hooks.airflow.providers.standard.hooks.subprocess.SubprocessHook","filename":"subprocess.py","lineno":99}
{"timestamp":"2026-02-08T22:48:05.581558Z","level":"info","event":" 'full_title': 'Notebook Samsung Galaxy Book4 Intel Core i5-1335U (1.3 Ghz, '","logger":"airflow.task.hooks.airflow.providers.standard.hooks.subprocess.SubprocessHook","filename":"subprocess.py","lineno":99}
{"timestamp":"2026-02-08T22:48:05.581595Z","level":"info","event":"               'até 4.6GHz, 12 MB L3 Cache), Windows 11 Home, 8GB, 512GB SSD, '","logger":"airflow.task.hooks.airflow.providers.standard.hooks.subprocess.SubprocessHook","filename":"subprocess.py","lineno":99}
{"timestamp":"2026-02-08T22:48:05.581626Z","level":"info","event":"               \"Iris Xe, 15.6'' Full HD LED, 1.55kg\",","logger":"airflow.task.hooks.airflow.providers.standard.hooks.subprocess.SubprocessHook","filename":"subprocess.py","lineno":99}
{"timestamp":"2026-02-08T22:48:05.581654Z","level":"info","event":" 'memory': 'N/A',","logger":"airflow.task.hooks.airflow.providers.standard.hooks.subprocess.SubprocessHook","filename":"subprocess.py","lineno":99}
{"timestamp":"2026-02-08T22:48:05.581680Z","level":"info","event":" 'price': '5.799',","logger":"airflow.task.hooks.airflow.providers.standard.hooks.subprocess.SubprocessHook","filename":"subprocess.py","lineno":99}
{"timestamp":"2026-02-08T22:48:05.581706Z","level":"info","event":" 'rating': '4.9',","logger":"airflow.task.hooks.airflow.providers.standard.hooks.subprocess.SubprocessHook","filename":"subprocess.py","lineno":99}
{"timestamp":"2026-02-08T22:48:05.581732Z","level":"info","event":" 'short_title': 'notebook',","logger":"airflow.task.hooks.airflow.providers.standard.hooks.subprocess.SubprocessHook","filename":"subprocess.py","lineno":99}
{"timestamp":"2026-02-08T22:48:05.581759Z","level":"info","event":" 'site_name': 'mercado_livre',","logger":"airflow.task.hooks.airflow.providers.standard.hooks.subprocess.SubprocessHook","filename":"subprocess.py","lineno":99}
{"timestamp":"2026-02-08T22:48:05.581784Z","level":"info","event":" 'storage': '512GB'}","logger":"airflow.task.hooks.airflow.providers.standard.hooks.subprocess.SubprocessHook","filename":"subprocess.py","lineno":99}
{"timestamp":"2026-02-08T22:48:05.582661Z","level":"info","event":"2026-02-08 22:48:05 [scrapy.core.scraper] DEBUG: Scraped from <200 https://lista.mercadolivre.com.br/notebook>","logger":"airflow.task.hooks.airflow.providers.standard.hooks.subprocess.SubprocessHook","filename":"subprocess.py","lineno":99}
{"timestamp":"2026-02-08T22:48:05.582748Z","level":"info","event":"{'color': 'Grey',","logger":"airflow.task.hooks.airflow.providers.standard.hooks.subprocess.SubprocessHook","filename":"subprocess.py","lineno":99}
{"timestamp":"2026-02-08T22:48:05.582807Z","level":"info","event":" 'full_title': 'Notebook Lenovo Ideapad Slim 3 15irh10 Intel Core i7-13620h '","logger":"airflow.task.hooks.airflow.providers.standard.hooks.subprocess.SubprocessHook","filename":"subprocess.py","lineno":99}
{"timestamp":"2026-02-08T22:48:05.582843Z","level":"info","event":"               '16gb 512gb Ssd Linux 15.3 - 83nss00100 Luna Grey',","logger":"airflow.task.hooks.airflow.providers.standard.hooks.subprocess.SubprocessHook","filename":"subprocess.py","lineno":99}
{"timestamp":"2026-02-08T22:48:05.582873Z","level":"info","event":" 'memory': 'N/A',","logger":"airflow.task.hooks.airflow.providers.standard.hooks.subprocess.SubprocessHook","filename":"subprocess.py","lineno":99}
{"timestamp":"2026-02-08T22:48:05.582901Z","level":"info","event":" 'price': '4.799',","logger":"airflow.task.hooks.airflow.providers.standard.hooks.subprocess.SubprocessHook","filename":"subprocess.py","lineno":99}
{"timestamp":"2026-02-08T22:48:05.582946Z","level":"info","event":" 'rating': '4.9',","logger":"airflow.task.hooks.airflow.providers.standard.hooks.subprocess.SubprocessHook","filename":"subprocess.py","lineno":99}
{"timestamp":"2026-02-08T22:48:05.582974Z","level":"info","event":" 'short_title': 'notebook',","logger":"airflow.task.hooks.airflow.providers.standard.hooks.subprocess.SubprocessHook","filename":"subprocess.py","lineno":99}
{"timestamp":"2026-02-08T22:48:05.583000Z","level":"info","event":" 'site_name': 'mercado_livre',","logger":"airflow.task.hooks.airflow.providers.standard.hooks.subprocess.SubprocessHook","filename":"subprocess.py","lineno":99}
{"timestamp":"2026-02-08T22:48:05.583025Z","level":"info","event":" 'storage': '512gb'}","logger":"airflow.task.hooks.airflow.providers.standard.hooks.subprocess.SubprocessHook","filename":"subprocess.py","lineno":99}
{"timestamp":"2026-02-08T22:48:05.589281Z","level":"info","event":"2026-02-08 22:48:05 [scrapy.core.scraper] DEBUG: Scraped from <200 https://lista.mercadolivre.com.br/notebook>","logger":"airflow.task.hooks.airflow.providers.standard.hooks.subprocess.SubprocessHook","filename":"subprocess.py","lineno":99}
{"timestamp":"2026-02-08T22:48:05.589397Z","level":"info","event":"{'color': 'N/A',","logger":"airflow.task.hooks.airflow.providers.standard.hooks.subprocess.SubprocessHook","filename":"subprocess.py","lineno":99}
{"timestamp":"2026-02-08T22:48:05.589457Z","level":"info","event":" 'full_title': 'Notebook VAIO FE 16 Intel Core i5-1334U Linux, 32GB RAM 512GB '","logger":"airflow.task.hooks.airflow.providers.standard.hooks.subprocess.SubprocessHook","filename":"subprocess.py","lineno":99}
{"timestamp":"2026-02-08T22:48:05.589495Z","level":"info","event":"               'SSD Tela 16\" IPS WUXGA Antireflexo - Cinza Grafite - '","logger":"airflow.task.hooks.airflow.providers.standard.hooks.subprocess.SubprocessHook","filename":"subprocess.py","lineno":99}
{"timestamp":"2026-02-08T22:48:05.589527Z","level":"info","event":"               'VJFE62F11X-B0111H - Permite upgrade de memória RAM e SSD',","logger":"airflow.task.hooks.airflow.providers.standard.hooks.subprocess.SubprocessHook","filename":"subprocess.py","lineno":99}
{"timestamp":"2026-02-08T22:48:05.589568Z","level":"info","event":" 'memory': '32GB',","logger":"airflow.task.hooks.airflow.providers.standard.hooks.subprocess.SubprocessHook","filename":"subprocess.py","lineno":99}
{"timestamp":"2026-02-08T22:48:05.589595Z","level":"info","event":" 'price': '6.499',","logger":"airflow.task.hooks.airflow.providers.standard.hooks.subprocess.SubprocessHook","filename":"subprocess.py","lineno":99}
{"timestamp":"2026-02-08T22:48:05.589621Z","level":"info","event":" 'rating': '4.9',","logger":"airflow.task.hooks.airflow.providers.standard.hooks.subprocess.SubprocessHook","filename":"subprocess.py","lineno":99}
{"timestamp":"2026-02-08T22:48:05.589646Z","level":"info","event":" 'short_title': 'notebook',","logger":"airflow.task.hooks.airflow.providers.standard.hooks.subprocess.SubprocessHook","filename":"subprocess.py","lineno":99}
{"timestamp":"2026-02-08T22:48:05.589672Z","level":"info","event":" 'site_name': 'mercado_livre',","logger":"airflow.task.hooks.airflow.providers.standard.hooks.subprocess.SubprocessHook","filename":"subprocess.py","lineno":99}
{"timestamp":"2026-02-08T22:48:05.589698Z","level":"info","event":" 'storage': '512GB'}","logger":"airflow.task.hooks.airflow.providers.standard.hooks.subprocess.SubprocessHook","filename":"subprocess.py","lineno":99}
{"timestamp":"2026-02-08T22:48:05.590665Z","level":"info","event":"2026-02-08 22:48:05 [scrapy.core.scraper] DEBUG: Scraped from <200 https://lista.mercadolivre.com.br/notebook>","logger":"airflow.task.hooks.airflow.providers.standard.hooks.subprocess.SubprocessHook","filename":"subprocess.py","lineno":99}
{"timestamp":"2026-02-08T22:48:05.590748Z","level":"info","event":"{'color': 'Preto',","logger":"airflow.task.hooks.airflow.providers.standard.hooks.subprocess.SubprocessHook","filename":"subprocess.py","lineno":99}
{"timestamp":"2026-02-08T22:48:05.590806Z","level":"info","event":" 'full_title': 'Notebook Dell Latitude 3420 Preto 14\" 1366 px x 768 px disco '","logger":"airflow.task.hooks.airflow.providers.standard.hooks.subprocess.SubprocessHook","filename":"subprocess.py","lineno":99}
{"timestamp":"2026-02-08T22:48:05.590843Z","level":"info","event":"               'SSD PCIe 256 GB Intel 1135G7 8GB de Ram - Excelente '","logger":"airflow.task.hooks.airflow.providers.standard.hooks.subprocess.SubprocessHook","filename":"subprocess.py","lineno":99}
{"timestamp":"2026-02-08T22:48:05.590873Z","level":"info","event":"               '(Recondicionado)',","logger":"airflow.task.hooks.airflow.providers.standard.hooks.subprocess.SubprocessHook","filename":"subprocess.py","lineno":99}
{"timestamp":"2026-02-08T22:48:05.590900Z","level":"info","event":" 'memory': 'N/A',","logger":"airflow.task.hooks.airflow.providers.standard.hooks.subprocess.SubprocessHook","filename":"subprocess.py","lineno":99}
{"timestamp":"2026-02-08T22:48:05.590945Z","level":"info","event":" 'price': '2.322',","logger":"airflow.task.hooks.airflow.providers.standard.hooks.subprocess.SubprocessHook","filename":"subprocess.py","lineno":99}
{"timestamp":"2026-02-08T22:48:05.590974Z","level":"info","event":" 'rating': '4.8',","logger":"airflow.task.hooks.airflow.providers.standard.hooks.subprocess.SubprocessHook","filename":"subprocess.py","lineno":99}
{"timestamp":"2026-02-08T22:48:05.591000Z","level":"info","event":" 'short_title': 'notebook',","logger":"airflow.task.hooks.airflow.providers.standard.hooks.subprocess.SubprocessHook","filename":"subprocess.py","lineno":99}
{"timestamp":"2026-02-08T22:48:05.591026Z","level":"info","event":" 'site_name': 'mercado_livre',","logger":"airflow.task.hooks.airflow.providers.standard.hooks.subprocess.SubprocessHook","filename":"subprocess.py","lineno":99}
{"timestamp":"2026-02-08T22:48:05.591052Z","level":"info","event":" 'storage': 'N/A'}","logger":"airflow.task.hooks.airflow.providers.standard.hooks.subprocess.SubprocessHook","filename":"subprocess.py","lineno":99}
{"timestamp":"2026-02-08T22:48:05.591890Z","level":"info","event":"2026-02-08 22:48:05 [scrapy.core.scraper] DEBUG: Scraped from <200 https://lista.mercadolivre.com.br/notebook>","logger":"airflow.task.hooks.airflow.providers.standard.hooks.subprocess.SubprocessHook","filename":"subprocess.py","lineno":99}
{"timestamp":"2026-02-08T22:48:05.591980Z","level":"info","event":"{'color': 'Silver',","logger":"airflow.task.hooks.airflow.providers.standard.hooks.subprocess.SubprocessHook","filename":"subprocess.py","lineno":99}
{"timestamp":"2026-02-08T22:48:05.592034Z","level":"info","event":" 'full_title': 'Notebook ASUS Vivobook S14 S3407CA Intel Core Ultra 5 225H '","logger":"airflow.task.hooks.airflow.providers.standard.hooks.subprocess.SubprocessHook","filename":"subprocess.py","lineno":99}
{"timestamp":"2026-02-08T22:48:05.592073Z","level":"info","event":"               '16GB Ram 512GB SSD Windows 11 Tela 14\" LED FHD Silver - LY113W',","logger":"airflow.task.hooks.airflow.providers.standard.hooks.subprocess.SubprocessHook","filename":"subprocess.py","lineno":99}
{"timestamp":"2026-02-08T22:48:05.592105Z","level":"info","event":" 'memory': '16GB',","logger":"airflow.task.hooks.airflow.providers.standard.hooks.subprocess.SubprocessHook","filename":"subprocess.py","lineno":99}
{"timestamp":"2026-02-08T22:48:05.592134Z","level":"info","event":" 'price': '5.499',","logger":"airflow.task.hooks.airflow.providers.standard.hooks.subprocess.SubprocessHook","filename":"subprocess.py","lineno":99}
{"timestamp":"2026-02-08T22:48:05.592162Z","level":"info","event":" 'rating': '5.0',","logger":"airflow.task.hooks.airflow.providers.standard.hooks.subprocess.SubprocessHook","filename":"subprocess.py","lineno":99}
{"timestamp":"2026-02-08T22:48:05.592189Z","level":"info","event":" 'short_title': 'notebook',","logger":"airflow.task.hooks.airflow.providers.standard.hooks.subprocess.SubprocessHook","filename":"subprocess.py","lineno":99}
{"timestamp":"2026-02-08T22:48:05.592217Z","level":"info","event":" 'site_name': 'mercado_livre',","logger":"airflow.task.hooks.airflow.providers.standard.hooks.subprocess.SubprocessHook","filename":"subprocess.py","lineno":99}
{"timestamp":"2026-02-08T22:48:05.592243Z","level":"info","event":" 'storage': '512GB'}","logger":"airflow.task.hooks.airflow.providers.standard.hooks.subprocess.SubprocessHook","filename":"subprocess.py","lineno":99}
{"timestamp":"2026-02-08T22:48:05.593263Z","level":"info","event":"2026-02-08 22:48:05 [scrapy.core.scraper] DEBUG: Scraped from <200 https://lista.mercadolivre.com.br/notebook>","logger":"airflow.task.hooks.airflow.providers.standard.hooks.subprocess.SubprocessHook","filename":"subprocess.py","lineno":99}
{"timestamp":"2026-02-08T22:48:05.593352Z","level":"info","event":"{'color': 'Gray',","logger":"airflow.task.hooks.airflow.providers.standard.hooks.subprocess.SubprocessHook","filename":"subprocess.py","lineno":99}
{"timestamp":"2026-02-08T22:48:05.593403Z","level":"info","event":" 'full_title': 'Notebook ASUS TUF Gaming F16 Core i7 NVIDIA RTX 4050 8GB Ram '","logger":"airflow.task.hooks.airflow.providers.standard.hooks.subprocess.SubprocessHook","filename":"subprocess.py","lineno":99}
{"timestamp":"2026-02-08T22:48:05.593437Z","level":"info","event":"               '512GB SSD KeepOS Linux Tela 16\" FHD+ Mecha Gray - '","logger":"airflow.task.hooks.airflow.providers.standard.hooks.subprocess.SubprocessHook","filename":"subprocess.py","lineno":99}
{"timestamp":"2026-02-08T22:48:05.593467Z","level":"info","event":"               'FX607VU-RL008',","logger":"airflow.task.hooks.airflow.providers.standard.hooks.subprocess.SubprocessHook","filename":"subprocess.py","lineno":99}
{"timestamp":"2026-02-08T22:48:05.593496Z","level":"info","event":" 'memory': '8GB',","logger":"airflow.task.hooks.airflow.providers.standard.hooks.subprocess.SubprocessHook","filename":"subprocess.py","lineno":99}
{"timestamp":"2026-02-08T22:48:05.593568Z","level":"info","event":" 'price': '7.229',","logger":"airflow.task.hooks.airflow.providers.standard.hooks.subprocess.SubprocessHook","filename":"subprocess.py","lineno":99}
{"timestamp":"2026-02-08T22:48:05.593612Z","level":"info","event":" 'rating': '4.9',","logger":"airflow.task.hooks.airflow.providers.standard.hooks.subprocess.SubprocessHook","filename":"subprocess.py","lineno":99}
{"timestamp":"2026-02-08T22:48:05.593644Z","level":"info","event":" 'short_title': 'notebook',","logger":"airflow.task.hooks.airflow.providers.standard.hooks.subprocess.SubprocessHook","filename":"subprocess.py","lineno":99}
{"timestamp":"2026-02-08T22:48:05.593673Z","level":"info","event":" 'site_name': 'mercado_livre',","logger":"airflow.task.hooks.airflow.providers.standard.hooks.subprocess.SubprocessHook","filename":"subprocess.py","lineno":99}
{"timestamp":"2026-02-08T22:48:05.593701Z","level":"info","event":" 'storage': '512GB'}","logger":"airflow.task.hooks.airflow.providers.standard.hooks.subprocess.SubprocessHook","filename":"subprocess.py","lineno":99}
{"timestamp":"2026-02-08T22:48:05.594635Z","level":"info","event":"2026-02-08 22:48:05 [scrapy.core.scraper] DEBUG: Scraped from <200 https://lista.mercadolivre.com.br/notebook>","logger":"airflow.task.hooks.airflow.providers.standard.hooks.subprocess.SubprocessHook","filename":"subprocess.py","lineno":99}
{"timestamp":"2026-02-08T22:48:05.594732Z","level":"info","event":"{'color': 'Preto',","logger":"airflow.task.hooks.airflow.providers.standard.hooks.subprocess.SubprocessHook","filename":"subprocess.py","lineno":99}
{"timestamp":"2026-02-08T22:48:05.594782Z","level":"info","event":" 'full_title': 'Notebook Ultra, Windows 11 Home, Intel Celeron, 11.6. Ub210 '","logger":"airflow.task.hooks.airflow.providers.standard.hooks.subprocess.SubprocessHook","filename":"subprocess.py","lineno":99}
{"timestamp":"2026-02-08T22:48:05.594816Z","level":"info","event":"               'Preto',","logger":"airflow.task.hooks.airflow.providers.standard.hooks.subprocess.SubprocessHook","filename":"subprocess.py","lineno":99}
{"timestamp":"2026-02-08T22:48:05.594845Z","level":"info","event":" 'memory': 'N/A',","logger":"airflow.task.hooks.airflow.providers.standard.hooks.subprocess.SubprocessHook","filename":"subprocess.py","lineno":99}
{"timestamp":"2026-02-08T22:48:05.594873Z","level":"info","event":" 'price': '1.799',","logger":"airflow.task.hooks.airflow.providers.standard.hooks.subprocess.SubprocessHook","filename":"subprocess.py","lineno":99}
{"timestamp":"2026-02-08T22:48:05.594901Z","level":"info","event":" 'rating': '4.6',","logger":"airflow.task.hooks.airflow.providers.standard.hooks.subprocess.SubprocessHook","filename":"subprocess.py","lineno":99}
{"timestamp":"2026-02-08T22:48:05.594946Z","level":"info","event":" 'short_title': 'notebook',","logger":"airflow.task.hooks.airflow.providers.standard.hooks.subprocess.SubprocessHook","filename":"subprocess.py","lineno":99}
{"timestamp":"2026-02-08T22:48:05.594974Z","level":"info","event":" 'site_name': 'mercado_livre',","logger":"airflow.task.hooks.airflow.providers.standard.hooks.subprocess.SubprocessHook","filename":"subprocess.py","lineno":99}
{"timestamp":"2026-02-08T22:48:05.595001Z","level":"info","event":" 'storage': 'N/A'}","logger":"airflow.task.hooks.airflow.providers.standard.hooks.subprocess.SubprocessHook","filename":"subprocess.py","lineno":99}
{"timestamp":"2026-02-08T22:48:05.595939Z","level":"info","event":"2026-02-08 22:48:05 [scrapy.core.scraper] DEBUG: Scraped from <200 https://lista.mercadolivre.com.br/notebook>","logger":"airflow.task.hooks.airflow.providers.standard.hooks.subprocess.SubprocessHook","filename":"subprocess.py","lineno":99}
{"timestamp":"2026-02-08T22:48:05.596028Z","level":"info","event":"{'color': 'N/A',","logger":"airflow.task.hooks.airflow.providers.standard.hooks.subprocess.SubprocessHook","filename":"subprocess.py","lineno":99}
{"timestamp":"2026-02-08T22:48:05.596077Z","level":"info","event":" 'full_title': 'Notebook HP Intel Core i5 13ª Geração 1335U, Windows 11 Pro, '","logger":"airflow.task.hooks.airflow.providers.standard.hooks.subprocess.SubprocessHook","filename":"subprocess.py","lineno":99}
{"timestamp":"2026-02-08T22:48:05.596111Z","level":"info","event":"               'com inteligência artificial, Tela de 15.6\", 8GB DDR4, 256GB '","logger":"airflow.task.hooks.airflow.providers.standard.hooks.subprocess.SubprocessHook","filename":"subprocess.py","lineno":99}
{"timestamp":"2026-02-08T22:48:05.596141Z","level":"info","event":"               'SSD PCIe, Wifi 6, Bluetooth 5.3, Intel Iris X Graphics - 250R '","logger":"airflow.task.hooks.airflow.providers.standard.hooks.subprocess.SubprocessHook","filename":"subprocess.py","lineno":99}
{"timestamp":"2026-02-08T22:48:05.596169Z","level":"info","event":"               'G9 AY6W3LA#AK4',","logger":"airflow.task.hooks.airflow.providers.standard.hooks.subprocess.SubprocessHook","filename":"subprocess.py","lineno":99}
{"timestamp":"2026-02-08T22:48:05.596196Z","level":"info","event":" 'memory': 'N/A',","logger":"airflow.task.hooks.airflow.providers.standard.hooks.subprocess.SubprocessHook","filename":"subprocess.py","lineno":99}
{"timestamp":"2026-02-08T22:48:05.596224Z","level":"info","event":" 'price': '4.799',","logger":"airflow.task.hooks.airflow.providers.standard.hooks.subprocess.SubprocessHook","filename":"subprocess.py","lineno":99}
{"timestamp":"2026-02-08T22:48:05.596250Z","level":"info","event":" 'rating': '4.8',","logger":"airflow.task.hooks.airflow.providers.standard.hooks.subprocess.SubprocessHook","filename":"subprocess.py","lineno":99}
{"timestamp":"2026-02-08T22:48:05.596277Z","level":"info","event":" 'short_title': 'notebook',","logger":"airflow.task.hooks.airflow.providers.standard.hooks.subprocess.SubprocessHook","filename":"subprocess.py","lineno":99}
{"timestamp":"2026-02-08T22:48:05.596303Z","level":"info","event":" 'site_name': 'mercado_livre',","logger":"airflow.task.hooks.airflow.providers.standard.hooks.subprocess.SubprocessHook","filename":"subprocess.py","lineno":99}
{"timestamp":"2026-02-08T22:48:05.596329Z","level":"info","event":" 'storage': '256GB'}","logger":"airflow.task.hooks.airflow.providers.standard.hooks.subprocess.SubprocessHook","filename":"subprocess.py","lineno":99}
{"timestamp":"2026-02-08T22:48:05.597206Z","level":"info","event":"2026-02-08 22:48:05 [scrapy.core.scraper] DEBUG: Scraped from <200 https://lista.mercadolivre.com.br/notebook>","logger":"airflow.task.hooks.airflow.providers.standard.hooks.subprocess.SubprocessHook","filename":"subprocess.py","lineno":99}
{"timestamp":"2026-02-08T22:48:05.597294Z","level":"info","event":"{'color': 'Grey',","logger":"airflow.task.hooks.airflow.providers.standard.hooks.subprocess.SubprocessHook","filename":"subprocess.py","lineno":99}
{"timestamp":"2026-02-08T22:48:05.597346Z","level":"info","event":" 'full_title': 'Notebook Lenovo Ideapad Slim 3 15irh10 Intel Core i5-13420h '","logger":"airflow.task.hooks.airflow.providers.standard.hooks.subprocess.SubprocessHook","filename":"subprocess.py","lineno":99}
{"timestamp":"2026-02-08T22:48:05.597383Z","level":"info","event":"               '16gb 512gb Ssd Windows 11 15.3 - 83ns0001br Luna Grey',","logger":"airflow.task.hooks.airflow.providers.standard.hooks.subprocess.SubprocessHook","filename":"subprocess.py","lineno":99}
{"timestamp":"2026-02-08T22:48:05.597413Z","level":"info","event":" 'memory': 'N/A',","logger":"airflow.task.hooks.airflow.providers.standard.hooks.subprocess.SubprocessHook","filename":"subprocess.py","lineno":99}
{"timestamp":"2026-02-08T22:48:05.597442Z","level":"info","event":" 'price': '3.449',","logger":"airflow.task.hooks.airflow.providers.standard.hooks.subprocess.SubprocessHook","filename":"subprocess.py","lineno":99}
{"timestamp":"2026-02-08T22:48:05.597471Z","level":"info","event":" 'rating': '4.9',","logger":"airflow.task.hooks.airflow.providers.standard.hooks.subprocess.SubprocessHook","filename":"subprocess.py","lineno":99}
{"timestamp":"2026-02-08T22:48:05.597498Z","level":"info","event":" 'short_title': 'notebook',","logger":"airflow.task.hooks.airflow.providers.standard.hooks.subprocess.SubprocessHook","filename":"subprocess.py","lineno":99}
{"timestamp":"2026-02-08T22:48:05.597525Z","level":"info","event":" 'site_name': 'mercado_livre',","logger":"airflow.task.hooks.airflow.providers.standard.hooks.subprocess.SubprocessHook","filename":"subprocess.py","lineno":99}
{"timestamp":"2026-02-08T22:48:05.597552Z","level":"info","event":" 'storage': '512gb'}","logger":"airflow.task.hooks.airflow.providers.standard.hooks.subprocess.SubprocessHook","filename":"subprocess.py","lineno":99}
{"timestamp":"2026-02-08T22:48:05.598598Z","level":"info","event":"2026-02-08 22:48:05 [scrapy.core.scraper] DEBUG: Scraped from <200 https://lista.mercadolivre.com.br/notebook>","logger":"airflow.task.hooks.airflow.providers.standard.hooks.subprocess.SubprocessHook","filename":"subprocess.py","lineno":99}
{"timestamp":"2026-02-08T22:48:05.598691Z","level":"info","event":"{'color': 'N/A',","logger":"airflow.task.hooks.airflow.providers.standard.hooks.subprocess.SubprocessHook","filename":"subprocess.py","lineno":99}
{"timestamp":"2026-02-08T22:48:05.598749Z","level":"info","event":" 'full_title': 'Apple MacBook\\xa0Air de 13\" (Meia-noite, Chip\\xa0M2 da Apple '","logger":"airflow.task.hooks.airflow.providers.standard.hooks.subprocess.SubprocessHook","filename":"subprocess.py","lineno":99}
{"timestamp":"2026-02-08T22:48:05.598792Z","level":"info","event":"               'com CPU de 8\\xa0núcleos, GPU de 8\\xa0núcleos e Neural\\xa0'","logger":"airflow.task.hooks.airflow.providers.standard.hooks.subprocess.SubprocessHook","filename":"subprocess.py","lineno":99}
{"timestamp":"2026-02-08T22:48:05.598824Z","level":"info","event":"               'Engine de 16\\xa0núcleos, Memória unificada de 16\\xa0GB, SSD de '","logger":"airflow.task.hooks.airflow.providers.standard.hooks.subprocess.SubprocessHook","filename":"subprocess.py","lineno":99}
{"timestamp":"2026-02-08T22:48:05.598854Z","level":"info","event":"               '256 GB) - Distribuidor Autorizado',","logger":"airflow.task.hooks.airflow.providers.standard.hooks.subprocess.SubprocessHook","filename":"subprocess.py","lineno":99}
{"timestamp":"2026-02-08T22:48:05.598883Z","level":"info","event":" 'memory': 'N/A',","logger":"airflow.task.hooks.airflow.providers.standard.hooks.subprocess.SubprocessHook","filename":"subprocess.py","lineno":99}
{"timestamp":"2026-02-08T22:48:05.598910Z","level":"info","event":" 'price': '12.499',","logger":"airflow.task.hooks.airflow.providers.standard.hooks.subprocess.SubprocessHook","filename":"subprocess.py","lineno":99}
{"timestamp":"2026-02-08T22:48:05.598937Z","level":"info","event":" 'rating': '5.0',","logger":"airflow.task.hooks.airflow.providers.standard.hooks.subprocess.SubprocessHook","filename":"subprocess.py","lineno":99}
{"timestamp":"2026-02-08T22:48:05.598964Z","level":"info","event":" 'short_title': 'notebook',","logger":"airflow.task.hooks.airflow.providers.standard.hooks.subprocess.SubprocessHook","filename":"subprocess.py","lineno":99}
{"timestamp":"2026-02-08T22:48:05.598991Z","level":"info","event":" 'site_name': 'mercado_livre',","logger":"airflow.task.hooks.airflow.providers.standard.hooks.subprocess.SubprocessHook","filename":"subprocess.py","lineno":99}
{"timestamp":"2026-02-08T22:48:05.599016Z","level":"info","event":" 'storage': 'N/A'}","logger":"airflow.task.hooks.airflow.providers.standard.hooks.subprocess.SubprocessHook","filename":"subprocess.py","lineno":99}
{"timestamp":"2026-02-08T22:48:05.599897Z","level":"info","event":"2026-02-08 22:48:05 [scrapy.core.scraper] DEBUG: Scraped from <200 https://lista.mercadolivre.com.br/notebook>","logger":"airflow.task.hooks.airflow.providers.standard.hooks.subprocess.SubprocessHook","filename":"subprocess.py","lineno":99}
{"timestamp":"2026-02-08T22:48:05.599988Z","level":"info","event":"{'color': 'N/A',","logger":"airflow.task.hooks.airflow.providers.standard.hooks.subprocess.SubprocessHook","filename":"subprocess.py","lineno":99}
{"timestamp":"2026-02-08T22:48:05.600036Z","level":"info","event":" 'full_title': 'Notebook Vaio Fe16 Intel Core I3-1315u Linux 8gb Ram 256gb Ssd '","logger":"airflow.task.hooks.airflow.providers.standard.hooks.subprocess.SubprocessHook","filename":"subprocess.py","lineno":99}
{"timestamp":"2026-02-08T22:48:05.600070Z","level":"info","event":"               'Tela 16 Ips Wuxga Antirreflexo - Cinza Grafite - '","logger":"airflow.task.hooks.airflow.providers.standard.hooks.subprocess.SubprocessHook","filename":"subprocess.py","lineno":99}
{"timestamp":"2026-02-08T22:48:05.600100Z","level":"info","event":"               'Vjfe62f11x-b0811h',","logger":"airflow.task.hooks.airflow.providers.standard.hooks.subprocess.SubprocessHook","filename":"subprocess.py","lineno":99}
{"timestamp":"2026-02-08T22:48:05.600128Z","level":"info","event":" 'memory': '8gb',","logger":"airflow.task.hooks.airflow.providers.standard.hooks.subprocess.SubprocessHook","filename":"subprocess.py","lineno":99}
{"timestamp":"2026-02-08T22:48:05.600155Z","level":"info","event":" 'price': '3.290',","logger":"airflow.task.hooks.airflow.providers.standard.hooks.subprocess.SubprocessHook","filename":"subprocess.py","lineno":99}
{"timestamp":"2026-02-08T22:48:05.600181Z","level":"info","event":" 'rating': '4.9',","logger":"airflow.task.hooks.airflow.providers.standard.hooks.subprocess.SubprocessHook","filename":"subprocess.py","lineno":99}
{"timestamp":"2026-02-08T22:48:05.600206Z","level":"info","event":" 'short_title': 'notebook',","logger":"airflow.task.hooks.airflow.providers.standard.hooks.subprocess.SubprocessHook","filename":"subprocess.py","lineno":99}
{"timestamp":"2026-02-08T22:48:05.600232Z","level":"info","event":" 'site_name': 'mercado_livre',","logger":"airflow.task.hooks.airflow.providers.standard.hooks.subprocess.SubprocessHook","filename":"subprocess.py","lineno":99}
{"timestamp":"2026-02-08T22:48:05.600268Z","level":"info","event":" 'storage': '256gb'}","logger":"airflow.task.hooks.airflow.providers.standard.hooks.subprocess.SubprocessHook","filename":"subprocess.py","lineno":99}
{"timestamp":"2026-02-08T22:48:05.601248Z","level":"info","event":"2026-02-08 22:48:05 [scrapy.core.scraper] DEBUG: Scraped from <200 https://lista.mercadolivre.com.br/notebook>","logger":"airflow.task.hooks.airflow.providers.standard.hooks.subprocess.SubprocessHook","filename":"subprocess.py","lineno":99}
{"timestamp":"2026-02-08T22:48:05.601338Z","level":"info","event":"{'color': 'N/A',","logger":"airflow.task.hooks.airflow.providers.standard.hooks.subprocess.SubprocessHook","filename":"subprocess.py","lineno":99}
{"timestamp":"2026-02-08T22:48:05.601397Z","level":"info","event":" 'full_title': 'Notebook Vaio Fe16 Intel Core I5 13ª Gen Windows 11 Home 16gb '","logger":"airflow.task.hooks.airflow.providers.standard.hooks.subprocess.SubprocessHook","filename":"subprocess.py","lineno":99}
{"timestamp":"2026-02-08T22:48:05.601432Z","level":"info","event":"               '512gb Ssd Wi-fi 6 Tela 16\" Ips Wuxga Antirreflexo - Cinza '","logger":"airflow.task.hooks.airflow.providers.standard.hooks.subprocess.SubprocessHook","filename":"subprocess.py","lineno":99}
{"timestamp":"2026-02-08T22:48:05.601461Z","level":"info","event":"               'Grafite - Vjfe62f11x-b0321h - Memória Expansível Até 64gb',","logger":"airflow.task.hooks.airflow.providers.standard.hooks.subprocess.SubprocessHook","filename":"subprocess.py","lineno":99}
{"timestamp":"2026-02-08T22:48:05.601489Z","level":"info","event":" 'memory': 'N/A',","logger":"airflow.task.hooks.airflow.providers.standard.hooks.subprocess.SubprocessHook","filename":"subprocess.py","lineno":99}
{"timestamp":"2026-02-08T22:48:05.601515Z","level":"info","event":" 'price': '5.799',","logger":"airflow.task.hooks.airflow.providers.standard.hooks.subprocess.SubprocessHook","filename":"subprocess.py","lineno":99}
{"timestamp":"2026-02-08T22:48:05.601541Z","level":"info","event":" 'rating': '4.8',","logger":"airflow.task.hooks.airflow.providers.standard.hooks.subprocess.SubprocessHook","filename":"subprocess.py","lineno":99}
{"timestamp":"2026-02-08T22:48:05.601567Z","level":"info","event":" 'short_title': 'notebook',","logger":"airflow.task.hooks.airflow.providers.standard.hooks.subprocess.SubprocessHook","filename":"subprocess.py","lineno":99}
{"timestamp":"2026-02-08T22:48:05.601592Z","level":"info","event":" 'site_name': 'mercado_livre',","logger":"airflow.task.hooks.airflow.providers.standard.hooks.subprocess.SubprocessHook","filename":"subprocess.py","lineno":99}
{"timestamp":"2026-02-08T22:48:05.601618Z","level":"info","event":" 'storage': '512gb'}","logger":"airflow.task.hooks.airflow.providers.standard.hooks.subprocess.SubprocessHook","filename":"subprocess.py","lineno":99}
{"timestamp":"2026-02-08T22:48:05.602515Z","level":"info","event":"2026-02-08 22:48:05 [scrapy.core.scraper] DEBUG: Scraped from <200 https://lista.mercadolivre.com.br/notebook>","logger":"airflow.task.hooks.airflow.providers.standard.hooks.subprocess.SubprocessHook","filename":"subprocess.py","lineno":99}
{"timestamp":"2026-02-08T22:48:05.602605Z","level":"info","event":"{'color': 'Silver',","logger":"airflow.task.hooks.airflow.providers.standard.hooks.subprocess.SubprocessHook","filename":"subprocess.py","lineno":99}
{"timestamp":"2026-02-08T22:48:05.602657Z","level":"info","event":" 'full_title': 'Notebook ASUS Vivobook Go E1504GA Intel Core i3 N305 8GB Ram '","logger":"airflow.task.hooks.airflow.providers.standard.hooks.subprocess.SubprocessHook","filename":"subprocess.py","lineno":99}
{"timestamp":"2026-02-08T22:48:05.602690Z","level":"info","event":"               '512GB SSD Windows 11 Tela 15,6\" FHD Silver - NJ435W',","logger":"airflow.task.hooks.airflow.providers.standard.hooks.subprocess.SubprocessHook","filename":"subprocess.py","lineno":99}
{"timestamp":"2026-02-08T22:48:05.602719Z","level":"info","event":" 'memory': '8GB',","logger":"airflow.task.hooks.airflow.providers.standard.hooks.subprocess.SubprocessHook","filename":"subprocess.py","lineno":99}
{"timestamp":"2026-02-08T22:48:05.602746Z","level":"info","event":" 'price': '3.299',","logger":"airflow.task.hooks.airflow.providers.standard.hooks.subprocess.SubprocessHook","filename":"subprocess.py","lineno":99}
{"timestamp":"2026-02-08T22:48:05.602772Z","level":"info","event":" 'rating': '4.9',","logger":"airflow.task.hooks.airflow.providers.standard.hooks.subprocess.SubprocessHook","filename":"subprocess.py","lineno":99}
{"timestamp":"2026-02-08T22:48:05.602799Z","level":"info","event":" 'short_title': 'notebook',","logger":"airflow.task.hooks.airflow.providers.standard.hooks.subprocess.SubprocessHook","filename":"subprocess.py","lineno":99}
{"timestamp":"2026-02-08T22:48:05.602825Z","level":"info","event":" 'site_name': 'mercado_livre',","logger":"airflow.task.hooks.airflow.providers.standard.hooks.subprocess.SubprocessHook","filename":"subprocess.py","lineno":99}
{"timestamp":"2026-02-08T22:48:05.602850Z","level":"info","event":" 'storage': '512GB'}","logger":"airflow.task.hooks.airflow.providers.standard.hooks.subprocess.SubprocessHook","filename":"subprocess.py","lineno":99}
{"timestamp":"2026-02-08T22:48:05.603844Z","level":"info","event":"2026-02-08 22:48:05 [scrapy.core.scraper] DEBUG: Scraped from <200 https://lista.mercadolivre.com.br/notebook>","logger":"airflow.task.hooks.airflow.providers.standard.hooks.subprocess.SubprocessHook","filename":"subprocess.py","lineno":99}
{"timestamp":"2026-02-08T22:48:05.603934Z","level":"info","event":"{'color': 'Gray',","logger":"airflow.task.hooks.airflow.providers.standard.hooks.subprocess.SubprocessHook","filename":"subprocess.py","lineno":99}
{"timestamp":"2026-02-08T22:48:05.603986Z","level":"info","event":" 'full_title': 'Notebook ASUS ROG Strix G16 NVIDIA GeForce RTX 5060 Intel Core '","logger":"airflow.task.hooks.airflow.providers.standard.hooks.subprocess.SubprocessHook","filename":"subprocess.py","lineno":99}
{"timestamp":"2026-02-08T22:48:05.604024Z","level":"info","event":"               'i9 14900HX 2,2 GHz 16GB Ram 512GB SSD Windows 11 Home Tela 16\" '","logger":"airflow.task.hooks.airflow.providers.standard.hooks.subprocess.SubprocessHook","filename":"subprocess.py","lineno":99}
{"timestamp":"2026-02-08T22:48:05.604057Z","level":"info","event":"               '240Hz Eclipse Gray - G615JMR-S5001W',","logger":"airflow.task.hooks.airflow.providers.standard.hooks.subprocess.SubprocessHook","filename":"subprocess.py","lineno":99}
{"timestamp":"2026-02-08T22:48:05.604087Z","level":"info","event":" 'memory': '16GB',","logger":"airflow.task.hooks.airflow.providers.standard.hooks.subprocess.SubprocessHook","filename":"subprocess.py","lineno":99}
{"timestamp":"2026-02-08T22:48:05.604115Z","level":"info","event":" 'price': '12.099',","logger":"airflow.task.hooks.airflow.providers.standard.hooks.subprocess.SubprocessHook","filename":"subprocess.py","lineno":99}
{"timestamp":"2026-02-08T22:48:05.604142Z","level":"info","event":" 'rating': '4.9',","logger":"airflow.task.hooks.airflow.providers.standard.hooks.subprocess.SubprocessHook","filename":"subprocess.py","lineno":99}
{"timestamp":"2026-02-08T22:48:05.604169Z","level":"info","event":" 'short_title': 'notebook',","logger":"airflow.task.hooks.airflow.providers.standard.hooks.subprocess.SubprocessHook","filename":"subprocess.py","lineno":99}
{"timestamp":"2026-02-08T22:48:05.604196Z","level":"info","event":" 'site_name': 'mercado_livre',","logger":"airflow.task.hooks.airflow.providers.standard.hooks.subprocess.SubprocessHook","filename":"subprocess.py","lineno":99}
{"timestamp":"2026-02-08T22:48:05.604273Z","level":"info","event":" 'storage': '512GB'}","logger":"airflow.task.hooks.airflow.providers.standard.hooks.subprocess.SubprocessHook","filename":"subprocess.py","lineno":99}
{"timestamp":"2026-02-08T22:48:05.605105Z","level":"info","event":"2026-02-08 22:48:05 [scrapy.core.scraper] DEBUG: Scraped from <200 https://lista.mercadolivre.com.br/notebook>","logger":"airflow.task.hooks.airflow.providers.standard.hooks.subprocess.SubprocessHook","filename":"subprocess.py","lineno":99}
{"timestamp":"2026-02-08T22:48:05.605190Z","level":"info","event":"{'color': 'N/A',","logger":"airflow.task.hooks.airflow.providers.standard.hooks.subprocess.SubprocessHook","filename":"subprocess.py","lineno":99}
{"timestamp":"2026-02-08T22:48:05.605239Z","level":"info","event":" 'full_title': 'Notebook Intel Celeron 8gb Ram 256 Gb Ssd Laptop 14in Prateado',","logger":"airflow.task.hooks.airflow.providers.standard.hooks.subprocess.SubprocessHook","filename":"subprocess.py","lineno":99}
{"timestamp":"2026-02-08T22:48:05.605273Z","level":"info","event":" 'memory': '8gb',","logger":"airflow.task.hooks.airflow.providers.standard.hooks.subprocess.SubprocessHook","filename":"subprocess.py","lineno":99}
{"timestamp":"2026-02-08T22:48:05.605302Z","level":"info","event":" 'price': '1.399',","logger":"airflow.task.hooks.airflow.providers.standard.hooks.subprocess.SubprocessHook","filename":"subprocess.py","lineno":99}
{"timestamp":"2026-02-08T22:48:05.605329Z","level":"info","event":" 'rating': '5.0',","logger":"airflow.task.hooks.airflow.providers.standard.hooks.subprocess.SubprocessHook","filename":"subprocess.py","lineno":99}
{"timestamp":"2026-02-08T22:48:05.605357Z","level":"info","event":" 'short_title': 'notebook',","logger":"airflow.task.hooks.airflow.providers.standard.hooks.subprocess.SubprocessHook","filename":"subprocess.py","lineno":99}
{"timestamp":"2026-02-08T22:48:05.605384Z","level":"info","event":" 'site_name': 'mercado_livre',","logger":"airflow.task.hooks.airflow.providers.standard.hooks.subprocess.SubprocessHook","filename":"subprocess.py","lineno":99}
{"timestamp":"2026-02-08T22:48:05.605410Z","level":"info","event":" 'storage': '256 Gb'}","logger":"airflow.task.hooks.airflow.providers.standard.hooks.subprocess.SubprocessHook","filename":"subprocess.py","lineno":99}
{"timestamp":"2026-02-08T22:48:05.606385Z","level":"info","event":"2026-02-08 22:48:05 [scrapy.core.scraper] DEBUG: Scraped from <200 https://lista.mercadolivre.com.br/notebook>","logger":"airflow.task.hooks.airflow.providers.standard.hooks.subprocess.SubprocessHook","filename":"subprocess.py","lineno":99}
{"timestamp":"2026-02-08T22:48:05.606471Z","level":"info","event":"{'color': 'Gray',","logger":"airflow.task.hooks.airflow.providers.standard.hooks.subprocess.SubprocessHook","filename":"subprocess.py","lineno":99}
{"timestamp":"2026-02-08T22:48:05.606521Z","level":"info","event":" 'full_title': 'Notebook ASUS TUF Gaming F16 Core 5 NVIDIA RTX 4050 16GB Ram '","logger":"airflow.task.hooks.airflow.providers.standard.hooks.subprocess.SubprocessHook","filename":"subprocess.py","lineno":99}
{"timestamp":"2026-02-08T22:48:05.606553Z","level":"info","event":"               '512GB SSD Windows 11 Home Tela 16\" FHD+ Mecha Gray - '","logger":"airflow.task.hooks.airflow.providers.standard.hooks.subprocess.SubprocessHook","filename":"subprocess.py","lineno":99}
{"timestamp":"2026-02-08T22:48:05.606582Z","level":"info","event":"               'FX607VU-RL053W',","logger":"airflow.task.hooks.airflow.providers.standard.hooks.subprocess.SubprocessHook","filename":"subprocess.py","lineno":99}
{"timestamp":"2026-02-08T22:48:05.606609Z","level":"info","event":" 'memory': '16GB',","logger":"airflow.task.hooks.airflow.providers.standard.hooks.subprocess.SubprocessHook","filename":"subprocess.py","lineno":99}
{"timestamp":"2026-02-08T22:48:05.606636Z","level":"info","event":" 'price': '7.229',","logger":"airflow.task.hooks.airflow.providers.standard.hooks.subprocess.SubprocessHook","filename":"subprocess.py","lineno":99}
{"timestamp":"2026-02-08T22:48:05.606662Z","level":"info","event":" 'rating': '4.9',","logger":"airflow.task.hooks.airflow.providers.standard.hooks.subprocess.SubprocessHook","filename":"subprocess.py","lineno":99}
{"timestamp":"2026-02-08T22:48:05.606688Z","level":"info","event":" 'short_title': 'notebook',","logger":"airflow.task.hooks.airflow.providers.standard.hooks.subprocess.SubprocessHook","filename":"subprocess.py","lineno":99}
{"timestamp":"2026-02-08T22:48:05.606714Z","level":"info","event":" 'site_name': 'mercado_livre',","logger":"airflow.task.hooks.airflow.providers.standard.hooks.subprocess.SubprocessHook","filename":"subprocess.py","lineno":99}
{"timestamp":"2026-02-08T22:48:05.606739Z","level":"info","event":" 'storage': '512GB'}","logger":"airflow.task.hooks.airflow.providers.standard.hooks.subprocess.SubprocessHook","filename":"subprocess.py","lineno":99}
{"timestamp":"2026-02-08T22:48:05.607719Z","level":"info","event":"2026-02-08 22:48:05 [scrapy.core.scraper] DEBUG: Scraped from <200 https://lista.mercadolivre.com.br/notebook>","logger":"airflow.task.hooks.airflow.providers.standard.hooks.subprocess.SubprocessHook","filename":"subprocess.py","lineno":99}
{"timestamp":"2026-02-08T22:48:05.607811Z","level":"info","event":"{'color': 'Cinza',","logger":"airflow.task.hooks.airflow.providers.standard.hooks.subprocess.SubprocessHook","filename":"subprocess.py","lineno":99}
{"timestamp":"2026-02-08T22:48:05.607859Z","level":"info","event":" 'full_title': 'Notebook Asus Tuf Gaming F16 Fx607vj Nvidia Rtx 3050 Intel '","logger":"airflow.task.hooks.airflow.providers.standard.hooks.subprocess.SubprocessHook","filename":"subprocess.py","lineno":99}
{"timestamp":"2026-02-08T22:48:05.607892Z","level":"info","event":"               'Core 5 210h 16gb Ram 512gb Ssd Linux Keepos Tela 16 Nível Ips '","logger":"airflow.task.hooks.airflow.providers.standard.hooks.subprocess.SubprocessHook","filename":"subprocess.py","lineno":99}
{"timestamp":"2026-02-08T22:48:05.607921Z","level":"info","event":"               '144hz Cinza - Rl015',","logger":"airflow.task.hooks.airflow.providers.standard.hooks.subprocess.SubprocessHook","filename":"subprocess.py","lineno":99}
{"timestamp":"2026-02-08T22:48:05.607949Z","level":"info","event":" 'memory': '16gb',","logger":"airflow.task.hooks.airflow.providers.standard.hooks.subprocess.SubprocessHook","filename":"subprocess.py","lineno":99}
{"timestamp":"2026-02-08T22:48:05.607976Z","level":"info","event":" 'price': '8.299',","logger":"airflow.task.hooks.airflow.providers.standard.hooks.subprocess.SubprocessHook","filename":"subprocess.py","lineno":99}
{"timestamp":"2026-02-08T22:48:05.608004Z","level":"info","event":" 'rating': '4.9',","logger":"airflow.task.hooks.airflow.providers.standard.hooks.subprocess.SubprocessHook","filename":"subprocess.py","lineno":99}
{"timestamp":"2026-02-08T22:48:05.608029Z","level":"info","event":" 'short_title': 'notebook',","logger":"airflow.task.hooks.airflow.providers.standard.hooks.subprocess.SubprocessHook","filename":"subprocess.py","lineno":99}
{"timestamp":"2026-02-08T22:48:05.608055Z","level":"info","event":" 'site_name': 'mercado_livre',","logger":"airflow.task.hooks.airflow.providers.standard.hooks.subprocess.SubprocessHook","filename":"subprocess.py","lineno":99}
{"timestamp":"2026-02-08T22:48:05.608082Z","level":"info","event":" 'storage': '512gb'}","logger":"airflow.task.hooks.airflow.providers.standard.hooks.subprocess.SubprocessHook","filename":"subprocess.py","lineno":99}
{"timestamp":"2026-02-08T22:48:05.609654Z","level":"info","event":"2026-02-08 22:48:05 [scrapy.core.scraper] DEBUG: Scraped from <200 https://lista.mercadolivre.com.br/notebook>","logger":"airflow.task.hooks.airflow.providers.standard.hooks.subprocess.SubprocessHook","filename":"subprocess.py","lineno":99}
{"timestamp":"2026-02-08T22:48:05.609795Z","level":"info","event":"{'color': 'N/A',","logger":"airflow.task.hooks.airflow.providers.standard.hooks.subprocess.SubprocessHook","filename":"subprocess.py","lineno":99}
{"timestamp":"2026-02-08T22:48:05.609868Z","level":"info","event":" 'full_title': 'Apple MacBook\\xa0Air de 13\" Estelar Chip\\xa0M2 da Apple com '","logger":"airflow.task.hooks.airflow.providers.standard.hooks.subprocess.SubprocessHook","filename":"subprocess.py","lineno":99}
{"timestamp":"2026-02-08T22:48:05.609926Z","level":"info","event":"               'CPU de 8\\xa0núcleos GPU de 8\\xa0núcleos e Neural\\xa0Engine de '","logger":"airflow.task.hooks.airflow.providers.standard.hooks.subprocess.SubprocessHook","filename":"subprocess.py","lineno":99}
{"timestamp":"2026-02-08T22:48:05.609985Z","level":"info","event":"               '16\\xa0núcleos Memória unificada de 16\\xa0GB SSD de 256 GB - '","logger":"airflow.task.hooks.airflow.providers.standard.hooks.subprocess.SubprocessHook","filename":"subprocess.py","lineno":99}
{"timestamp":"2026-02-08T22:48:05.610024Z","level":"info","event":"               'Distribuidor Autorizado',","logger":"airflow.task.hooks.airflow.providers.standard.hooks.subprocess.SubprocessHook","filename":"subprocess.py","lineno":99}
{"timestamp":"2026-02-08T22:48:05.610056Z","level":"info","event":" 'memory': 'N/A',","logger":"airflow.task.hooks.airflow.providers.standard.hooks.subprocess.SubprocessHook","filename":"subprocess.py","lineno":99}
{"timestamp":"2026-02-08T22:48:05.610085Z","level":"info","event":" 'price': '12.499',","logger":"airflow.task.hooks.airflow.providers.standard.hooks.subprocess.SubprocessHook","filename":"subprocess.py","lineno":99}
{"timestamp":"2026-02-08T22:48:05.610112Z","level":"info","event":" 'rating': '5.0',","logger":"airflow.task.hooks.airflow.providers.standard.hooks.subprocess.SubprocessHook","filename":"subprocess.py","lineno":99}
{"timestamp":"2026-02-08T22:48:05.610138Z","level":"info","event":" 'short_title': 'notebook',","logger":"airflow.task.hooks.airflow.providers.standard.hooks.subprocess.SubprocessHook","filename":"subprocess.py","lineno":99}
{"timestamp":"2026-02-08T22:48:05.610164Z","level":"info","event":" 'site_name': 'mercado_livre',","logger":"airflow.task.hooks.airflow.providers.standard.hooks.subprocess.SubprocessHook","filename":"subprocess.py","lineno":99}
{"timestamp":"2026-02-08T22:48:05.610190Z","level":"info","event":" 'storage': '16\\xa0GB'}","logger":"airflow.task.hooks.airflow.providers.standard.hooks.subprocess.SubprocessHook","filename":"subprocess.py","lineno":99}
{"timestamp":"2026-02-08T22:48:05.611190Z","level":"info","event":"2026-02-08 22:48:05 [scrapy.core.scraper] DEBUG: Scraped from <200 https://lista.mercadolivre.com.br/notebook>","logger":"airflow.task.hooks.airflow.providers.standard.hooks.subprocess.SubprocessHook","filename":"subprocess.py","lineno":99}
{"timestamp":"2026-02-08T22:48:05.611280Z","level":"info","event":"{'color': 'Black',","logger":"airflow.task.hooks.airflow.providers.standard.hooks.subprocess.SubprocessHook","filename":"subprocess.py","lineno":99}
{"timestamp":"2026-02-08T22:48:05.611330Z","level":"info","event":" 'full_title': 'Notebook Asus V16 V3607vu Nvidia Rtx 4050 Intel Core 5 210h '","logger":"airflow.task.hooks.airflow.providers.standard.hooks.subprocess.SubprocessHook","filename":"subprocess.py","lineno":99}
{"timestamp":"2026-02-08T22:48:05.611365Z","level":"info","event":"               '16gb Ram 512gb Ssd Windows 11 Home Tela 16 Led Fhd 144hz Nível '","logger":"airflow.task.hooks.airflow.providers.standard.hooks.subprocess.SubprocessHook","filename":"subprocess.py","lineno":99}
{"timestamp":"2026-02-08T22:48:05.611397Z","level":"info","event":"               'Ips Black - Rp306w',","logger":"airflow.task.hooks.airflow.providers.standard.hooks.subprocess.SubprocessHook","filename":"subprocess.py","lineno":99}
{"timestamp":"2026-02-08T22:48:05.611426Z","level":"info","event":" 'memory': '16gb',","logger":"airflow.task.hooks.airflow.providers.standard.hooks.subprocess.SubprocessHook","filename":"subprocess.py","lineno":99}
{"timestamp":"2026-02-08T22:48:05.611454Z","level":"info","event":" 'price': '6.999',","logger":"airflow.task.hooks.airflow.providers.standard.hooks.subprocess.SubprocessHook","filename":"subprocess.py","lineno":99}
{"timestamp":"2026-02-08T22:48:05.611480Z","level":"info","event":" 'rating': '4.8',","logger":"airflow.task.hooks.airflow.providers.standard.hooks.subprocess.SubprocessHook","filename":"subprocess.py","lineno":99}
{"timestamp":"2026-02-08T22:48:05.611506Z","level":"info","event":" 'short_title': 'notebook',","logger":"airflow.task.hooks.airflow.providers.standard.hooks.subprocess.SubprocessHook","filename":"subprocess.py","lineno":99}
{"timestamp":"2026-02-08T22:48:05.611532Z","level":"info","event":" 'site_name': 'mercado_livre',","logger":"airflow.task.hooks.airflow.providers.standard.hooks.subprocess.SubprocessHook","filename":"subprocess.py","lineno":99}
{"timestamp":"2026-02-08T22:48:05.611559Z","level":"info","event":" 'storage': '512gb'}","logger":"airflow.task.hooks.airflow.providers.standard.hooks.subprocess.SubprocessHook","filename":"subprocess.py","lineno":99}
{"timestamp":"2026-02-08T22:48:05.612625Z","level":"info","event":"2026-02-08 22:48:05 [scrapy.core.scraper] DEBUG: Scraped from <200 https://lista.mercadolivre.com.br/notebook>","logger":"airflow.task.hooks.airflow.providers.standard.hooks.subprocess.SubprocessHook","filename":"subprocess.py","lineno":99}
{"timestamp":"2026-02-08T22:48:05.612719Z","level":"info","event":"{'color': 'N/A',","logger":"airflow.task.hooks.airflow.providers.standard.hooks.subprocess.SubprocessHook","filename":"subprocess.py","lineno":99}
{"timestamp":"2026-02-08T22:48:05.612769Z","level":"info","event":" 'full_title': 'Notebook Acer Aspire Go 15 AG15-51P-39MU – Intel Core i3-1305U '","logger":"airflow.task.hooks.airflow.providers.standard.hooks.subprocess.SubprocessHook","filename":"subprocess.py","lineno":99}
{"timestamp":"2026-02-08T22:48:05.612803Z","level":"info","event":"               \"13ª Geração • 8GB DDR5 RAM • 256GB SSD • Tela 15,3' • Windows \"","logger":"airflow.task.hooks.airflow.providers.standard.hooks.subprocess.SubprocessHook","filename":"subprocess.py","lineno":99}
{"timestamp":"2026-02-08T22:48:05.612834Z","level":"info","event":"               '11 Home',","logger":"airflow.task.hooks.airflow.providers.standard.hooks.subprocess.SubprocessHook","filename":"subprocess.py","lineno":99}
{"timestamp":"2026-02-08T22:48:05.612863Z","level":"info","event":" 'memory': 'N/A',","logger":"airflow.task.hooks.airflow.providers.standard.hooks.subprocess.SubprocessHook","filename":"subprocess.py","lineno":99}
{"timestamp":"2026-02-08T22:48:05.612890Z","level":"info","event":" 'price': '3.120',","logger":"airflow.task.hooks.airflow.providers.standard.hooks.subprocess.SubprocessHook","filename":"subprocess.py","lineno":99}
{"timestamp":"2026-02-08T22:48:05.612917Z","level":"info","event":" 'rating': '4.9',","logger":"airflow.task.hooks.airflow.providers.standard.hooks.subprocess.SubprocessHook","filename":"subprocess.py","lineno":99}
{"timestamp":"2026-02-08T22:48:05.612944Z","level":"info","event":" 'short_title': 'notebook',","logger":"airflow.task.hooks.airflow.providers.standard.hooks.subprocess.SubprocessHook","filename":"subprocess.py","lineno":99}
{"timestamp":"2026-02-08T22:48:05.612971Z","level":"info","event":" 'site_name': 'mercado_livre',","logger":"airflow.task.hooks.airflow.providers.standard.hooks.subprocess.SubprocessHook","filename":"subprocess.py","lineno":99}
{"timestamp":"2026-02-08T22:48:05.612997Z","level":"info","event":" 'storage': '256GB'}","logger":"airflow.task.hooks.airflow.providers.standard.hooks.subprocess.SubprocessHook","filename":"subprocess.py","lineno":99}
{"timestamp":"2026-02-08T22:48:05.613910Z","level":"info","event":"2026-02-08 22:48:05 [scrapy.core.scraper] DEBUG: Scraped from <200 https://lista.mercadolivre.com.br/notebook>","logger":"airflow.task.hooks.airflow.providers.standard.hooks.subprocess.SubprocessHook","filename":"subprocess.py","lineno":99}
{"timestamp":"2026-02-08T22:48:05.614024Z","level":"info","event":"{'color': 'N/A',","logger":"airflow.task.hooks.airflow.providers.standard.hooks.subprocess.SubprocessHook","filename":"subprocess.py","lineno":99}
{"timestamp":"2026-02-08T22:48:05.614073Z","level":"info","event":" 'full_title': \"Notebook Multi Ultra Celeron N4020c 4gb 128gb W11 14'' Cinza\",","logger":"airflow.task.hooks.airflow.providers.standard.hooks.subprocess.SubprocessHook","filename":"subprocess.py","lineno":99}
{"timestamp":"2026-02-08T22:48:05.614106Z","level":"info","event":" 'memory': 'N/A',","logger":"airflow.task.hooks.airflow.providers.standard.hooks.subprocess.SubprocessHook","filename":"subprocess.py","lineno":99}
{"timestamp":"2026-02-08T22:48:05.614135Z","level":"info","event":" 'price': '2.064',","logger":"airflow.task.hooks.airflow.providers.standard.hooks.subprocess.SubprocessHook","filename":"subprocess.py","lineno":99}
{"timestamp":"2026-02-08T22:48:05.614162Z","level":"info","event":" 'rating': '4.6',","logger":"airflow.task.hooks.airflow.providers.standard.hooks.subprocess.SubprocessHook","filename":"subprocess.py","lineno":99}
{"timestamp":"2026-02-08T22:48:05.614188Z","level":"info","event":" 'short_title': 'notebook',","logger":"airflow.task.hooks.airflow.providers.standard.hooks.subprocess.SubprocessHook","filename":"subprocess.py","lineno":99}
{"timestamp":"2026-02-08T22:48:05.614214Z","level":"info","event":" 'site_name': 'mercado_livre',","logger":"airflow.task.hooks.airflow.providers.standard.hooks.subprocess.SubprocessHook","filename":"subprocess.py","lineno":99}
{"timestamp":"2026-02-08T22:48:05.614239Z","level":"info","event":" 'storage': 'N/A'}","logger":"airflow.task.hooks.airflow.providers.standard.hooks.subprocess.SubprocessHook","filename":"subprocess.py","lineno":99}
{"timestamp":"2026-02-08T22:48:05.615311Z","level":"info","event":"2026-02-08 22:48:05 [scrapy.core.scraper] DEBUG: Scraped from <200 https://lista.mercadolivre.com.br/notebook>","logger":"airflow.task.hooks.airflow.providers.standard.hooks.subprocess.SubprocessHook","filename":"subprocess.py","lineno":99}
{"timestamp":"2026-02-08T22:48:05.615393Z","level":"info","event":"{'color': 'Grey',","logger":"airflow.task.hooks.airflow.providers.standard.hooks.subprocess.SubprocessHook","filename":"subprocess.py","lineno":99}
{"timestamp":"2026-02-08T22:48:05.615441Z","level":"info","event":" 'full_title': 'Notebook Asus X515 Intel Celeron Dual Core N4500 4GB Ram 128GB '","logger":"airflow.task.hooks.airflow.providers.standard.hooks.subprocess.SubprocessHook","filename":"subprocess.py","lineno":99}
{"timestamp":"2026-02-08T22:48:05.615475Z","level":"info","event":"               'SSD Windows 11 Home Tela 15,6 Slate Grey - X515KA-BR309WS',","logger":"airflow.task.hooks.airflow.providers.standard.hooks.subprocess.SubprocessHook","filename":"subprocess.py","lineno":99}
{"timestamp":"2026-02-08T22:48:05.615504Z","level":"info","event":" 'memory': '4GB',","logger":"airflow.task.hooks.airflow.providers.standard.hooks.subprocess.SubprocessHook","filename":"subprocess.py","lineno":99}
{"timestamp":"2026-02-08T22:48:05.615535Z","level":"info","event":" 'price': '2.384',","logger":"airflow.task.hooks.airflow.providers.standard.hooks.subprocess.SubprocessHook","filename":"subprocess.py","lineno":99}
{"timestamp":"2026-02-08T22:48:05.615580Z","level":"info","event":" 'rating': '4.8',","logger":"airflow.task.hooks.airflow.providers.standard.hooks.subprocess.SubprocessHook","filename":"subprocess.py","lineno":99}
{"timestamp":"2026-02-08T22:48:05.615611Z","level":"info","event":" 'short_title': 'notebook',","logger":"airflow.task.hooks.airflow.providers.standard.hooks.subprocess.SubprocessHook","filename":"subprocess.py","lineno":99}
{"timestamp":"2026-02-08T22:48:05.615638Z","level":"info","event":" 'site_name': 'mercado_livre',","logger":"airflow.task.hooks.airflow.providers.standard.hooks.subprocess.SubprocessHook","filename":"subprocess.py","lineno":99}
{"timestamp":"2026-02-08T22:48:05.615664Z","level":"info","event":" 'storage': '128GB'}","logger":"airflow.task.hooks.airflow.providers.standard.hooks.subprocess.SubprocessHook","filename":"subprocess.py","lineno":99}
{"timestamp":"2026-02-08T22:48:05.616596Z","level":"info","event":"2026-02-08 22:48:05 [scrapy.core.scraper] DEBUG: Scraped from <200 https://lista.mercadolivre.com.br/notebook>","logger":"airflow.task.hooks.airflow.providers.standard.hooks.subprocess.SubprocessHook","filename":"subprocess.py","lineno":99}
{"timestamp":"2026-02-08T22:48:05.616670Z","level":"info","event":"{'color': 'Cinza',","logger":"airflow.task.hooks.airflow.providers.standard.hooks.subprocess.SubprocessHook","filename":"subprocess.py","lineno":99}
{"timestamp":"2026-02-08T22:48:05.616706Z","level":"info","event":" 'full_title': 'Notebook Asus Tuf Gaming F16 Fx608jhr Nvidia Rtx 5050 Intel '","logger":"airflow.task.hooks.airflow.providers.standard.hooks.subprocess.SubprocessHook","filename":"subprocess.py","lineno":99}
{"timestamp":"2026-02-08T22:48:05.616736Z","level":"info","event":"               'Core I7 14650hx 16gb Ram 512gb Ssd Windows 11 Home Tela 16 '","logger":"airflow.task.hooks.airflow.providers.standard.hooks.subprocess.SubprocessHook","filename":"subprocess.py","lineno":99}
{"timestamp":"2026-02-08T22:48:05.616766Z","level":"info","event":"               '165hz Nível Ips Cinza - Rv016w',","logger":"airflow.task.hooks.airflow.providers.standard.hooks.subprocess.SubprocessHook","filename":"subprocess.py","lineno":99}
{"timestamp":"2026-02-08T22:48:05.616794Z","level":"info","event":" 'memory': '16gb',","logger":"airflow.task.hooks.airflow.providers.standard.hooks.subprocess.SubprocessHook","filename":"subprocess.py","lineno":99}
{"timestamp":"2026-02-08T22:48:05.616821Z","level":"info","event":" 'price': '10.999',","logger":"airflow.task.hooks.airflow.providers.standard.hooks.subprocess.SubprocessHook","filename":"subprocess.py","lineno":99}
{"timestamp":"2026-02-08T22:48:05.616847Z","level":"info","event":" 'rating': '4.9',","logger":"airflow.task.hooks.airflow.providers.standard.hooks.subprocess.SubprocessHook","filename":"subprocess.py","lineno":99}
{"timestamp":"2026-02-08T22:48:05.616873Z","level":"info","event":" 'short_title': 'notebook',","logger":"airflow.task.hooks.airflow.providers.standard.hooks.subprocess.SubprocessHook","filename":"subprocess.py","lineno":99}
{"timestamp":"2026-02-08T22:48:05.616899Z","level":"info","event":" 'site_name': 'mercado_livre',","logger":"airflow.task.hooks.airflow.providers.standard.hooks.subprocess.SubprocessHook","filename":"subprocess.py","lineno":99}
{"timestamp":"2026-02-08T22:48:05.616925Z","level":"info","event":" 'storage': '512gb'}","logger":"airflow.task.hooks.airflow.providers.standard.hooks.subprocess.SubprocessHook","filename":"subprocess.py","lineno":99}
{"timestamp":"2026-02-08T22:48:05.617953Z","level":"info","event":"2026-02-08 22:48:05 [scrapy.core.scraper] DEBUG: Scraped from <200 https://lista.mercadolivre.com.br/notebook>","logger":"airflow.task.hooks.airflow.providers.standard.hooks.subprocess.SubprocessHook","filename":"subprocess.py","lineno":99}
{"timestamp":"2026-02-08T22:48:05.618040Z","level":"info","event":"{'color': 'Gray',","logger":"airflow.task.hooks.airflow.providers.standard.hooks.subprocess.SubprocessHook","filename":"subprocess.py","lineno":99}
{"timestamp":"2026-02-08T22:48:05.618089Z","level":"info","event":" 'full_title': 'Notebook ASUS Vivobook S14 AI PC, Intel Core Ultra 5, 32GB '","logger":"airflow.task.hooks.airflow.providers.standard.hooks.subprocess.SubprocessHook","filename":"subprocess.py","lineno":99}
{"timestamp":"2026-02-08T22:48:05.618121Z","level":"info","event":"               'RAM, 1TB SSD, Windows 11 Home, Tela 14\" IPS, Matte Gray - '","logger":"airflow.task.hooks.airflow.providers.standard.hooks.subprocess.SubprocessHook","filename":"subprocess.py","lineno":99}
{"timestamp":"2026-02-08T22:48:05.618151Z","level":"info","event":"               'S3407CA-LY115W',","logger":"airflow.task.hooks.airflow.providers.standard.hooks.subprocess.SubprocessHook","filename":"subprocess.py","lineno":99}
{"timestamp":"2026-02-08T22:48:05.618179Z","level":"info","event":" 'memory': '32GB',","logger":"airflow.task.hooks.airflow.providers.standard.hooks.subprocess.SubprocessHook","filename":"subprocess.py","lineno":99}
{"timestamp":"2026-02-08T22:48:05.618205Z","level":"info","event":" 'price': '6.299',","logger":"airflow.task.hooks.airflow.providers.standard.hooks.subprocess.SubprocessHook","filename":"subprocess.py","lineno":99}
{"timestamp":"2026-02-08T22:48:05.618231Z","level":"info","event":" 'rating': '4.9',","logger":"airflow.task.hooks.airflow.providers.standard.hooks.subprocess.SubprocessHook","filename":"subprocess.py","lineno":99}
{"timestamp":"2026-02-08T22:48:05.618256Z","level":"info","event":" 'short_title': 'notebook',","logger":"airflow.task.hooks.airflow.providers.standard.hooks.subprocess.SubprocessHook","filename":"subprocess.py","lineno":99}
{"timestamp":"2026-02-08T22:48:05.618282Z","level":"info","event":" 'site_name': 'mercado_livre',","logger":"airflow.task.hooks.airflow.providers.standard.hooks.subprocess.SubprocessHook","filename":"subprocess.py","lineno":99}
{"timestamp":"2026-02-08T22:48:05.618308Z","level":"info","event":" 'storage': '1TB'}","logger":"airflow.task.hooks.airflow.providers.standard.hooks.subprocess.SubprocessHook","filename":"subprocess.py","lineno":99}
{"timestamp":"2026-02-08T22:48:05.619301Z","level":"info","event":"2026-02-08 22:48:05 [scrapy.core.scraper] DEBUG: Scraped from <200 https://lista.mercadolivre.com.br/notebook>","logger":"airflow.task.hooks.airflow.providers.standard.hooks.subprocess.SubprocessHook","filename":"subprocess.py","lineno":99}
{"timestamp":"2026-02-08T22:48:05.619387Z","level":"info","event":"{'color': 'Cinza',","logger":"airflow.task.hooks.airflow.providers.standard.hooks.subprocess.SubprocessHook","filename":"subprocess.py","lineno":99}
{"timestamp":"2026-02-08T22:48:05.619436Z","level":"info","event":" 'full_title': 'Notebook Vaio Fe16 Intel Core I5 13ª Gen Linux 16gb 512gb Ssd '","logger":"airflow.task.hooks.airflow.providers.standard.hooks.subprocess.SubprocessHook","filename":"subprocess.py","lineno":99}
{"timestamp":"2026-02-08T22:48:05.619470Z","level":"info","event":"               'Wi-fi 6 Tela 16\" Ips Wuxga Antirreflexo Cor Cinza/Grafite '","logger":"airflow.task.hooks.airflow.providers.standard.hooks.subprocess.SubprocessHook","filename":"subprocess.py","lineno":99}
{"timestamp":"2026-02-08T22:48:05.619501Z","level":"info","event":"               'Vjfe62f11x-b0311h - Expansível Memória RAM e SSD',","logger":"airflow.task.hooks.airflow.providers.standard.hooks.subprocess.SubprocessHook","filename":"subprocess.py","lineno":99}
{"timestamp":"2026-02-08T22:48:05.619530Z","level":"info","event":" 'memory': 'N/A',","logger":"airflow.task.hooks.airflow.providers.standard.hooks.subprocess.SubprocessHook","filename":"subprocess.py","lineno":99}
{"timestamp":"2026-02-08T22:48:05.619557Z","level":"info","event":" 'price': '5.499',","logger":"airflow.task.hooks.airflow.providers.standard.hooks.subprocess.SubprocessHook","filename":"subprocess.py","lineno":99}
{"timestamp":"2026-02-08T22:48:05.619595Z","level":"info","event":" 'rating': '5.0',","logger":"airflow.task.hooks.airflow.providers.standard.hooks.subprocess.SubprocessHook","filename":"subprocess.py","lineno":99}
{"timestamp":"2026-02-08T22:48:05.619627Z","level":"info","event":" 'short_title': 'notebook',","logger":"airflow.task.hooks.airflow.providers.standard.hooks.subprocess.SubprocessHook","filename":"subprocess.py","lineno":99}
{"timestamp":"2026-02-08T22:48:05.619654Z","level":"info","event":" 'site_name': 'mercado_livre',","logger":"airflow.task.hooks.airflow.providers.standard.hooks.subprocess.SubprocessHook","filename":"subprocess.py","lineno":99}
{"timestamp":"2026-02-08T22:48:05.619680Z","level":"info","event":" 'storage': '512gb'}","logger":"airflow.task.hooks.airflow.providers.standard.hooks.subprocess.SubprocessHook","filename":"subprocess.py","lineno":99}
{"timestamp":"2026-02-08T22:48:05.620752Z","level":"info","event":"2026-02-08 22:48:05 [scrapy.core.scraper] DEBUG: Scraped from <200 https://lista.mercadolivre.com.br/notebook>","logger":"airflow.task.hooks.airflow.providers.standard.hooks.subprocess.SubprocessHook","filename":"subprocess.py","lineno":99}
{"timestamp":"2026-02-08T22:48:05.620864Z","level":"info","event":"{'color': 'Cinza',","logger":"airflow.task.hooks.airflow.providers.standard.hooks.subprocess.SubprocessHook","filename":"subprocess.py","lineno":99}
{"timestamp":"2026-02-08T22:48:05.620918Z","level":"info","event":" 'full_title': 'Notebook ASUS TUF Gaming F16 FX608JHR NVIDIA RTX 5050 Intel '","logger":"airflow.task.hooks.airflow.providers.standard.hooks.subprocess.SubprocessHook","filename":"subprocess.py","lineno":99}
{"timestamp":"2026-02-08T22:48:05.620955Z","level":"info","event":"               'Core i7 14650HX 8GB Ram 512GB SSD Linux KeepOS Tela 16\" 165Hz '","logger":"airflow.task.hooks.airflow.providers.standard.hooks.subprocess.SubprocessHook","filename":"subprocess.py","lineno":99}
{"timestamp":"2026-02-08T22:48:05.620987Z","level":"info","event":"               'Nível IPS Cinza - RV019',","logger":"airflow.task.hooks.airflow.providers.standard.hooks.subprocess.SubprocessHook","filename":"subprocess.py","lineno":99}
{"timestamp":"2026-02-08T22:48:05.621018Z","level":"info","event":" 'memory': '8GB',","logger":"airflow.task.hooks.airflow.providers.standard.hooks.subprocess.SubprocessHook","filename":"subprocess.py","lineno":99}
{"timestamp":"2026-02-08T22:48:05.621047Z","level":"info","event":" 'price': '9.499',","logger":"airflow.task.hooks.airflow.providers.standard.hooks.subprocess.SubprocessHook","filename":"subprocess.py","lineno":99}
{"timestamp":"2026-02-08T22:48:05.621073Z","level":"info","event":" 'rating': '5.0',","logger":"airflow.task.hooks.airflow.providers.standard.hooks.subprocess.SubprocessHook","filename":"subprocess.py","lineno":99}
{"timestamp":"2026-02-08T22:48:05.621101Z","level":"info","event":" 'short_title': 'notebook',","logger":"airflow.task.hooks.airflow.providers.standard.hooks.subprocess.SubprocessHook","filename":"subprocess.py","lineno":99}
{"timestamp":"2026-02-08T22:48:05.621128Z","level":"info","event":" 'site_name': 'mercado_livre',","logger":"airflow.task.hooks.airflow.providers.standard.hooks.subprocess.SubprocessHook","filename":"subprocess.py","lineno":99}
{"timestamp":"2026-02-08T22:48:05.621155Z","level":"info","event":" 'storage': '512GB'}","logger":"airflow.task.hooks.airflow.providers.standard.hooks.subprocess.SubprocessHook","filename":"subprocess.py","lineno":99}
{"timestamp":"2026-02-08T22:48:05.622187Z","level":"info","event":"2026-02-08 22:48:05 [scrapy.core.scraper] DEBUG: Scraped from <200 https://lista.mercadolivre.com.br/notebook>","logger":"airflow.task.hooks.airflow.providers.standard.hooks.subprocess.SubprocessHook","filename":"subprocess.py","lineno":99}
{"timestamp":"2026-02-08T22:48:05.622279Z","level":"info","event":"{'color': 'N/A',","logger":"airflow.task.hooks.airflow.providers.standard.hooks.subprocess.SubprocessHook","filename":"subprocess.py","lineno":99}
{"timestamp":"2026-02-08T22:48:05.622329Z","level":"info","event":" 'full_title': 'Notebook Lenovo Ideapad 1 Intel Core i3 1215U 8GB RAM 256GB '","logger":"airflow.task.hooks.airflow.providers.standard.hooks.subprocess.SubprocessHook","filename":"subprocess.py","lineno":99}
{"timestamp":"2026-02-08T22:48:05.622402Z","level":"info","event":"               'SSD Windows 11 Home Tela 15,6\" 82VY000SBR',","logger":"airflow.task.hooks.airflow.providers.standard.hooks.subprocess.SubprocessHook","filename":"subprocess.py","lineno":99}
{"timestamp":"2026-02-08T22:48:05.622451Z","level":"info","event":" 'memory': '8GB',","logger":"airflow.task.hooks.airflow.providers.standard.hooks.subprocess.SubprocessHook","filename":"subprocess.py","lineno":99}
{"timestamp":"2026-02-08T22:48:05.622483Z","level":"info","event":" 'price': '4.999',","logger":"airflow.task.hooks.airflow.providers.standard.hooks.subprocess.SubprocessHook","filename":"subprocess.py","lineno":99}
{"timestamp":"2026-02-08T22:48:05.622511Z","level":"info","event":" 'rating': '4.8',","logger":"airflow.task.hooks.airflow.providers.standard.hooks.subprocess.SubprocessHook","filename":"subprocess.py","lineno":99}
{"timestamp":"2026-02-08T22:48:05.622538Z","level":"info","event":" 'short_title': 'notebook',","logger":"airflow.task.hooks.airflow.providers.standard.hooks.subprocess.SubprocessHook","filename":"subprocess.py","lineno":99}
{"timestamp":"2026-02-08T22:48:05.622564Z","level":"info","event":" 'site_name': 'mercado_livre',","logger":"airflow.task.hooks.airflow.providers.standard.hooks.subprocess.SubprocessHook","filename":"subprocess.py","lineno":99}
{"timestamp":"2026-02-08T22:48:05.622590Z","level":"info","event":" 'storage': '256GB'}","logger":"airflow.task.hooks.airflow.providers.standard.hooks.subprocess.SubprocessHook","filename":"subprocess.py","lineno":99}
{"timestamp":"2026-02-08T22:48:05.623543Z","level":"info","event":"2026-02-08 22:48:05 [scrapy.core.scraper] DEBUG: Scraped from <200 https://lista.mercadolivre.com.br/notebook>","logger":"airflow.task.hooks.airflow.providers.standard.hooks.subprocess.SubprocessHook","filename":"subprocess.py","lineno":99}
{"timestamp":"2026-02-08T22:48:05.623637Z","level":"info","event":"{'color': 'N/A',","logger":"airflow.task.hooks.airflow.providers.standard.hooks.subprocess.SubprocessHook","filename":"subprocess.py","lineno":99}
{"timestamp":"2026-02-08T22:48:05.623693Z","level":"info","event":" 'full_title': 'Notebook Acer Aspire 5 A515-45-R043 - AMD Ryzen 5 5500U • 16 '","logger":"airflow.task.hooks.airflow.providers.standard.hooks.subprocess.SubprocessHook","filename":"subprocess.py","lineno":99}
{"timestamp":"2026-02-08T22:48:05.623736Z","level":"info","event":"               'GB DDR4 • 512 GB SSD • Tela 15,6\" FHD IPS • Windows 11 Home • '","logger":"airflow.task.hooks.airflow.providers.standard.hooks.subprocess.SubprocessHook","filename":"subprocess.py","lineno":99}
{"timestamp":"2026-02-08T22:48:05.623769Z","level":"info","event":"               'Wi-Fi 6',","logger":"airflow.task.hooks.airflow.providers.standard.hooks.subprocess.SubprocessHook","filename":"subprocess.py","lineno":99}
{"timestamp":"2026-02-08T22:48:05.623834Z","level":"info","event":" 'memory': 'N/A',","logger":"airflow.task.hooks.airflow.providers.standard.hooks.subprocess.SubprocessHook","filename":"subprocess.py","lineno":99}
{"timestamp":"2026-02-08T22:48:05.623869Z","level":"info","event":" 'price': '4.690',","logger":"airflow.task.hooks.airflow.providers.standard.hooks.subprocess.SubprocessHook","filename":"subprocess.py","lineno":99}
{"timestamp":"2026-02-08T22:48:05.623898Z","level":"info","event":" 'rating': '4.9',","logger":"airflow.task.hooks.airflow.providers.standard.hooks.subprocess.SubprocessHook","filename":"subprocess.py","lineno":99}
{"timestamp":"2026-02-08T22:48:05.623926Z","level":"info","event":" 'short_title': 'notebook',","logger":"airflow.task.hooks.airflow.providers.standard.hooks.subprocess.SubprocessHook","filename":"subprocess.py","lineno":99}
{"timestamp":"2026-02-08T22:48:05.623953Z","level":"info","event":" 'site_name': 'mercado_livre',","logger":"airflow.task.hooks.airflow.providers.standard.hooks.subprocess.SubprocessHook","filename":"subprocess.py","lineno":99}
{"timestamp":"2026-02-08T22:48:05.623979Z","level":"info","event":" 'storage': '512 GB'}","logger":"airflow.task.hooks.airflow.providers.standard.hooks.subprocess.SubprocessHook","filename":"subprocess.py","lineno":99}
{"timestamp":"2026-02-08T22:48:12.203932Z","level":"info","event":"2026-02-08 22:48:12 [scrapy.core.engine] DEBUG: Crawled (200) <GET https://lista.mercadolivre.com.br/smartphone#D%5BA:smartphone%5D> (referer: None)","logger":"airflow.task.hooks.airflow.providers.standard.hooks.subprocess.SubprocessHook","filename":"subprocess.py","lineno":99}
{"timestamp":"2026-02-08T22:48:12.354482Z","level":"info","event":"2026-02-08 22:48:12 [scrapy.core.scraper] DEBUG: Scraped from <200 https://lista.mercadolivre.com.br/smartphone>","logger":"airflow.task.hooks.airflow.providers.standard.hooks.subprocess.SubprocessHook","filename":"subprocess.py","lineno":99}
{"timestamp":"2026-02-08T22:48:12.354661Z","level":"info","event":"{'color': 'Preto',","logger":"airflow.task.hooks.airflow.providers.standard.hooks.subprocess.SubprocessHook","filename":"subprocess.py","lineno":99}
{"timestamp":"2026-02-08T22:48:12.354722Z","level":"info","event":" 'full_title': 'Celular Samsung Galaxy A16 128gb 4gb Ram Câmera 50mp Tela 6.7 '","logger":"airflow.task.hooks.airflow.providers.standard.hooks.subprocess.SubprocessHook","filename":"subprocess.py","lineno":99}
{"timestamp":"2026-02-08T22:48:12.354764Z","level":"info","event":"               'Nfc Preto',","logger":"airflow.task.hooks.airflow.providers.standard.hooks.subprocess.SubprocessHook","filename":"subprocess.py","lineno":99}
{"timestamp":"2026-02-08T22:48:12.354797Z","level":"info","event":" 'memory': '4gb',","logger":"airflow.task.hooks.airflow.providers.standard.hooks.subprocess.SubprocessHook","filename":"subprocess.py","lineno":99}
{"timestamp":"2026-02-08T22:48:12.354827Z","level":"info","event":" 'price': '1.522',","logger":"airflow.task.hooks.airflow.providers.standard.hooks.subprocess.SubprocessHook","filename":"subprocess.py","lineno":99}
{"timestamp":"2026-02-08T22:48:12.354855Z","level":"info","event":" 'rating': '4.9',","logger":"airflow.task.hooks.airflow.providers.standard.hooks.subprocess.SubprocessHook","filename":"subprocess.py","lineno":99}
{"timestamp":"2026-02-08T22:48:12.354882Z","level":"info","event":" 'short_title': 'smartphone',","logger":"airflow.task.hooks.airflow.providers.standard.hooks.subprocess.SubprocessHook","filename":"subprocess.py","lineno":99}
{"timestamp":"2026-02-08T22:48:12.354907Z","level":"info","event":" 'site_name': 'mercado_livre',","logger":"airflow.task.hooks.airflow.providers.standard.hooks.subprocess.SubprocessHook","filename":"subprocess.py","lineno":99}
{"timestamp":"2026-02-08T22:48:12.354953Z","level":"info","event":" 'storage': 'N/A'}","logger":"airflow.task.hooks.airflow.providers.standard.hooks.subprocess.SubprocessHook","filename":"subprocess.py","lineno":99}
{"timestamp":"2026-02-08T22:48:12.365454Z","level":"info","event":"2026-02-08 22:48:12 [scrapy.core.scraper] DEBUG: Scraped from <200 https://lista.mercadolivre.com.br/smartphone>","logger":"airflow.task.hooks.airflow.providers.standard.hooks.subprocess.SubprocessHook","filename":"subprocess.py","lineno":99}
{"timestamp":"2026-02-08T22:48:12.365622Z","level":"info","event":"{'color': 'N/A',","logger":"airflow.task.hooks.airflow.providers.standard.hooks.subprocess.SubprocessHook","filename":"subprocess.py","lineno":99}
{"timestamp":"2026-02-08T22:48:12.365676Z","level":"info","event":" 'full_title': 'Smartphone Motorola Moto G05 - 256gb 12gb (4gb Ram + 8gb Ram '","logger":"airflow.task.hooks.airflow.providers.standard.hooks.subprocess.SubprocessHook","filename":"subprocess.py","lineno":99}
{"timestamp":"2026-02-08T22:48:12.365713Z","level":"info","event":"               'Boost) E Camera 50mp Com Ai Bateria De 5200 Mah Tela 6.7 Com '","logger":"airflow.task.hooks.airflow.providers.standard.hooks.subprocess.SubprocessHook","filename":"subprocess.py","lineno":99}
{"timestamp":"2026-02-08T22:48:12.365744Z","level":"info","event":"               'Superbrilho - Verde',","logger":"airflow.task.hooks.airflow.providers.standard.hooks.subprocess.SubprocessHook","filename":"subprocess.py","lineno":99}
{"timestamp":"2026-02-08T22:48:12.365843Z","level":"info","event":" 'memory': '4gb',","logger":"airflow.task.hooks.airflow.providers.standard.hooks.subprocess.SubprocessHook","filename":"subprocess.py","lineno":99}
{"timestamp":"2026-02-08T22:48:12.365882Z","level":"info","event":" 'price': '1.298',","logger":"airflow.task.hooks.airflow.providers.standard.hooks.subprocess.SubprocessHook","filename":"subprocess.py","lineno":99}
{"timestamp":"2026-02-08T22:48:12.365912Z","level":"info","event":" 'rating': '4.9',","logger":"airflow.task.hooks.airflow.providers.standard.hooks.subprocess.SubprocessHook","filename":"subprocess.py","lineno":99}
{"timestamp":"2026-02-08T22:48:12.365940Z","level":"info","event":" 'short_title': 'smartphone',","logger":"airflow.task.hooks.airflow.providers.standard.hooks.subprocess.SubprocessHook","filename":"subprocess.py","lineno":99}
{"timestamp":"2026-02-08T22:48:12.365967Z","level":"info","event":" 'site_name': 'mercado_livre',","logger":"airflow.task.hooks.airflow.providers.standard.hooks.subprocess.SubprocessHook","filename":"subprocess.py","lineno":99}
{"timestamp":"2026-02-08T22:48:12.365994Z","level":"info","event":" 'storage': 'N/A'}","logger":"airflow.task.hooks.airflow.providers.standard.hooks.subprocess.SubprocessHook","filename":"subprocess.py","lineno":99}
{"timestamp":"2026-02-08T22:48:12.366762Z","level":"info","event":"2026-02-08 22:48:12 [scrapy.core.scraper] DEBUG: Scraped from <200 https://lista.mercadolivre.com.br/smartphone>","logger":"airflow.task.hooks.airflow.providers.standard.hooks.subprocess.SubprocessHook","filename":"subprocess.py","lineno":99}
{"timestamp":"2026-02-08T22:48:12.366852Z","level":"info","event":"{'color': 'Preto',","logger":"airflow.task.hooks.airflow.providers.standard.hooks.subprocess.SubprocessHook","filename":"subprocess.py","lineno":99}
{"timestamp":"2026-02-08T22:48:12.366913Z","level":"info","event":" 'full_title': 'Celular Samsung Galaxy A16 128gb 4gb Ram Câmera 50mp Tela 6.7 '","logger":"airflow.task.hooks.airflow.providers.standard.hooks.subprocess.SubprocessHook","filename":"subprocess.py","lineno":99}
{"timestamp":"2026-02-08T22:48:12.366950Z","level":"info","event":"               'Nfc Preto',","logger":"airflow.task.hooks.airflow.providers.standard.hooks.subprocess.SubprocessHook","filename":"subprocess.py","lineno":99}
{"timestamp":"2026-02-08T22:48:12.366981Z","level":"info","event":" 'memory': '4gb',","logger":"airflow.task.hooks.airflow.providers.standard.hooks.subprocess.SubprocessHook","filename":"subprocess.py","lineno":99}
{"timestamp":"2026-02-08T22:48:12.367009Z","level":"info","event":" 'price': '1.522',","logger":"airflow.task.hooks.airflow.providers.standard.hooks.subprocess.SubprocessHook","filename":"subprocess.py","lineno":99}
{"timestamp":"2026-02-08T22:48:12.367037Z","level":"info","event":" 'rating': '4.9',","logger":"airflow.task.hooks.airflow.providers.standard.hooks.subprocess.SubprocessHook","filename":"subprocess.py","lineno":99}
{"timestamp":"2026-02-08T22:48:12.367063Z","level":"info","event":" 'short_title': 'smartphone',","logger":"airflow.task.hooks.airflow.providers.standard.hooks.subprocess.SubprocessHook","filename":"subprocess.py","lineno":99}
{"timestamp":"2026-02-08T22:48:12.367088Z","level":"info","event":" 'site_name': 'mercado_livre',","logger":"airflow.task.hooks.airflow.providers.standard.hooks.subprocess.SubprocessHook","filename":"subprocess.py","lineno":99}
{"timestamp":"2026-02-08T22:48:12.367114Z","level":"info","event":" 'storage': 'N/A'}","logger":"airflow.task.hooks.airflow.providers.standard.hooks.subprocess.SubprocessHook","filename":"subprocess.py","lineno":99}
{"timestamp":"2026-02-08T22:48:12.367966Z","level":"info","event":"2026-02-08 22:48:12 [scrapy.core.scraper] DEBUG: Scraped from <200 https://lista.mercadolivre.com.br/smartphone>","logger":"airflow.task.hooks.airflow.providers.standard.hooks.subprocess.SubprocessHook","filename":"subprocess.py","lineno":99}
{"timestamp":"2026-02-08T22:48:12.368059Z","level":"info","event":"{'color': 'N/A',","logger":"airflow.task.hooks.airflow.providers.standard.hooks.subprocess.SubprocessHook","filename":"subprocess.py","lineno":99}
{"timestamp":"2026-02-08T22:48:12.368115Z","level":"info","event":" 'full_title': 'Smartphone Motorola Moto G06 - 128gb 12gb (4gb Ram + 8gb Ram '","logger":"airflow.task.hooks.airflow.providers.standard.hooks.subprocess.SubprocessHook","filename":"subprocess.py","lineno":99}
{"timestamp":"2026-02-08T22:48:12.368149Z","level":"info","event":"               'Boost) E Camera 50mp Com Ai Bateria De 5200 Mah Tela 6.9 - '","logger":"airflow.task.hooks.airflow.providers.standard.hooks.subprocess.SubprocessHook","filename":"subprocess.py","lineno":99}
{"timestamp":"2026-02-08T22:48:12.368178Z","level":"info","event":"               'Azul Marinho',","logger":"airflow.task.hooks.airflow.providers.standard.hooks.subprocess.SubprocessHook","filename":"subprocess.py","lineno":99}
{"timestamp":"2026-02-08T22:48:12.368207Z","level":"info","event":" 'memory': '4gb',","logger":"airflow.task.hooks.airflow.providers.standard.hooks.subprocess.SubprocessHook","filename":"subprocess.py","lineno":99}
{"timestamp":"2026-02-08T22:48:12.368234Z","level":"info","event":" 'price': '999',","logger":"airflow.task.hooks.airflow.providers.standard.hooks.subprocess.SubprocessHook","filename":"subprocess.py","lineno":99}
{"timestamp":"2026-02-08T22:48:12.368260Z","level":"info","event":" 'rating': '4.9',","logger":"airflow.task.hooks.airflow.providers.standard.hooks.subprocess.SubprocessHook","filename":"subprocess.py","lineno":99}
{"timestamp":"2026-02-08T22:48:12.368286Z","level":"info","event":" 'short_title': 'smartphone',","logger":"airflow.task.hooks.airflow.providers.standard.hooks.subprocess.SubprocessHook","filename":"subprocess.py","lineno":99}
{"timestamp":"2026-02-08T22:48:12.368313Z","level":"info","event":" 'site_name': 'mercado_livre',","logger":"airflow.task.hooks.airflow.providers.standard.hooks.subprocess.SubprocessHook","filename":"subprocess.py","lineno":99}
{"timestamp":"2026-02-08T22:48:12.368337Z","level":"info","event":" 'storage': 'N/A'}","logger":"airflow.task.hooks.airflow.providers.standard.hooks.subprocess.SubprocessHook","filename":"subprocess.py","lineno":99}
{"timestamp":"2026-02-08T22:48:12.369102Z","level":"info","event":"2026-02-08 22:48:12 [scrapy.core.scraper] DEBUG: Scraped from <200 https://lista.mercadolivre.com.br/smartphone>","logger":"airflow.task.hooks.airflow.providers.standard.hooks.subprocess.SubprocessHook","filename":"subprocess.py","lineno":99}
{"timestamp":"2026-02-08T22:48:12.369194Z","level":"info","event":"{'color': 'N/A',","logger":"airflow.task.hooks.airflow.providers.standard.hooks.subprocess.SubprocessHook","filename":"subprocess.py","lineno":99}
{"timestamp":"2026-02-08T22:48:12.369243Z","level":"info","event":" 'full_title': 'Celular Smartphone Realme C73 256gb 8gb Ram Dual Sim 120hz '","logger":"airflow.task.hooks.airflow.providers.standard.hooks.subprocess.SubprocessHook","filename":"subprocess.py","lineno":99}
{"timestamp":"2026-02-08T22:48:12.369274Z","level":"info","event":"               '6000mAh Violeta',","logger":"airflow.task.hooks.airflow.providers.standard.hooks.subprocess.SubprocessHook","filename":"subprocess.py","lineno":99}
{"timestamp":"2026-02-08T22:48:12.369303Z","level":"info","event":" 'memory': '8gb',","logger":"airflow.task.hooks.airflow.providers.standard.hooks.subprocess.SubprocessHook","filename":"subprocess.py","lineno":99}
{"timestamp":"2026-02-08T22:48:12.369329Z","level":"info","event":" 'price': '1.999',","logger":"airflow.task.hooks.airflow.providers.standard.hooks.subprocess.SubprocessHook","filename":"subprocess.py","lineno":99}
{"timestamp":"2026-02-08T22:48:12.369356Z","level":"info","event":" 'rating': '4.9',","logger":"airflow.task.hooks.airflow.providers.standard.hooks.subprocess.SubprocessHook","filename":"subprocess.py","lineno":99}
{"timestamp":"2026-02-08T22:48:12.369382Z","level":"info","event":" 'short_title': 'smartphone',","logger":"airflow.task.hooks.airflow.providers.standard.hooks.subprocess.SubprocessHook","filename":"subprocess.py","lineno":99}
{"timestamp":"2026-02-08T22:48:12.369408Z","level":"info","event":" 'site_name': 'mercado_livre',","logger":"airflow.task.hooks.airflow.providers.standard.hooks.subprocess.SubprocessHook","filename":"subprocess.py","lineno":99}
{"timestamp":"2026-02-08T22:48:12.369434Z","level":"info","event":" 'storage': 'N/A'}","logger":"airflow.task.hooks.airflow.providers.standard.hooks.subprocess.SubprocessHook","filename":"subprocess.py","lineno":99}
{"timestamp":"2026-02-08T22:48:12.370190Z","level":"info","event":"2026-02-08 22:48:12 [scrapy.core.scraper] DEBUG: Scraped from <200 https://lista.mercadolivre.com.br/smartphone>","logger":"airflow.task.hooks.airflow.providers.standard.hooks.subprocess.SubprocessHook","filename":"subprocess.py","lineno":99}
{"timestamp":"2026-02-08T22:48:12.370278Z","level":"info","event":"{'color': 'N/A',","logger":"airflow.task.hooks.airflow.providers.standard.hooks.subprocess.SubprocessHook","filename":"subprocess.py","lineno":99}
{"timestamp":"2026-02-08T22:48:12.370330Z","level":"info","event":" 'full_title': 'Celular Samsung Galaxy A26 5g 256gb, 8gb Ram, Câmera De 50mp, '","logger":"airflow.task.hooks.airflow.providers.standard.hooks.subprocess.SubprocessHook","filename":"subprocess.py","lineno":99}
{"timestamp":"2026-02-08T22:48:12.370367Z","level":"info","event":"               'Ip67, Tela Super Amoled 6.7 , Nfc - Branco',","logger":"airflow.task.hooks.airflow.providers.standard.hooks.subprocess.SubprocessHook","filename":"subprocess.py","lineno":99}
{"timestamp":"2026-02-08T22:48:12.370398Z","level":"info","event":" 'memory': '8gb',","logger":"airflow.task.hooks.airflow.providers.standard.hooks.subprocess.SubprocessHook","filename":"subprocess.py","lineno":99}
{"timestamp":"2026-02-08T22:48:12.370426Z","level":"info","event":" 'price': '1.899',","logger":"airflow.task.hooks.airflow.providers.standard.hooks.subprocess.SubprocessHook","filename":"subprocess.py","lineno":99}
{"timestamp":"2026-02-08T22:48:12.370454Z","level":"info","event":" 'rating': '4.8',","logger":"airflow.task.hooks.airflow.providers.standard.hooks.subprocess.SubprocessHook","filename":"subprocess.py","lineno":99}
{"timestamp":"2026-02-08T22:48:12.370482Z","level":"info","event":" 'short_title': 'smartphone',","logger":"airflow.task.hooks.airflow.providers.standard.hooks.subprocess.SubprocessHook","filename":"subprocess.py","lineno":99}
{"timestamp":"2026-02-08T22:48:12.370509Z","level":"info","event":" 'site_name': 'mercado_livre',","logger":"airflow.task.hooks.airflow.providers.standard.hooks.subprocess.SubprocessHook","filename":"subprocess.py","lineno":99}
{"timestamp":"2026-02-08T22:48:12.370535Z","level":"info","event":" 'storage': 'N/A'}","logger":"airflow.task.hooks.airflow.providers.standard.hooks.subprocess.SubprocessHook","filename":"subprocess.py","lineno":99}
{"timestamp":"2026-02-08T22:48:12.371360Z","level":"info","event":"2026-02-08 22:48:12 [scrapy.core.scraper] DEBUG: Scraped from <200 https://lista.mercadolivre.com.br/smartphone>","logger":"airflow.task.hooks.airflow.providers.standard.hooks.subprocess.SubprocessHook","filename":"subprocess.py","lineno":99}
{"timestamp":"2026-02-08T22:48:12.371453Z","level":"info","event":"{'color': 'N/A',","logger":"airflow.task.hooks.airflow.providers.standard.hooks.subprocess.SubprocessHook","filename":"subprocess.py","lineno":99}
{"timestamp":"2026-02-08T22:48:12.371502Z","level":"info","event":" 'full_title': 'Smartphone Motorola Moto g35 5G - 128GB 12GB (4GB RAM+8GB Ram '","logger":"airflow.task.hooks.airflow.providers.standard.hooks.subprocess.SubprocessHook","filename":"subprocess.py","lineno":99}
{"timestamp":"2026-02-08T22:48:12.371536Z","level":"info","event":"               'Boost) e Camera 50MP com AI NFC Tela 6.7\" com Superbrilho - '","logger":"airflow.task.hooks.airflow.providers.standard.hooks.subprocess.SubprocessHook","filename":"subprocess.py","lineno":99}
{"timestamp":"2026-02-08T22:48:12.371566Z","level":"info","event":"               'Verde - Vegan Leather',","logger":"airflow.task.hooks.airflow.providers.standard.hooks.subprocess.SubprocessHook","filename":"subprocess.py","lineno":99}
{"timestamp":"2026-02-08T22:48:12.371595Z","level":"info","event":" 'memory': '4GB',","logger":"airflow.task.hooks.airflow.providers.standard.hooks.subprocess.SubprocessHook","filename":"subprocess.py","lineno":99}
{"timestamp":"2026-02-08T22:48:12.371622Z","level":"info","event":" 'price': '1.391',","logger":"airflow.task.hooks.airflow.providers.standard.hooks.subprocess.SubprocessHook","filename":"subprocess.py","lineno":99}
{"timestamp":"2026-02-08T22:48:12.371647Z","level":"info","event":" 'rating': '4.8',","logger":"airflow.task.hooks.airflow.providers.standard.hooks.subprocess.SubprocessHook","filename":"subprocess.py","lineno":99}
{"timestamp":"2026-02-08T22:48:12.371673Z","level":"info","event":" 'short_title': 'smartphone',","logger":"airflow.task.hooks.airflow.providers.standard.hooks.subprocess.SubprocessHook","filename":"subprocess.py","lineno":99}
{"timestamp":"2026-02-08T22:48:12.371699Z","level":"info","event":" 'site_name': 'mercado_livre',","logger":"airflow.task.hooks.airflow.providers.standard.hooks.subprocess.SubprocessHook","filename":"subprocess.py","lineno":99}
{"timestamp":"2026-02-08T22:48:12.371725Z","level":"info","event":" 'storage': 'N/A'}","logger":"airflow.task.hooks.airflow.providers.standard.hooks.subprocess.SubprocessHook","filename":"subprocess.py","lineno":99}
{"timestamp":"2026-02-08T22:48:12.372505Z","level":"info","event":"2026-02-08 22:48:12 [scrapy.core.scraper] DEBUG: Scraped from <200 https://lista.mercadolivre.com.br/smartphone>","logger":"airflow.task.hooks.airflow.providers.standard.hooks.subprocess.SubprocessHook","filename":"subprocess.py","lineno":99}
{"timestamp":"2026-02-08T22:48:12.372595Z","level":"info","event":"{'color': 'N/A',","logger":"airflow.task.hooks.airflow.providers.standard.hooks.subprocess.SubprocessHook","filename":"subprocess.py","lineno":99}
{"timestamp":"2026-02-08T22:48:12.372645Z","level":"info","event":" 'full_title': 'Smartphone Motorola Moto g05 - 128GB 12GB (4GB RAM + 8GB Ram '","logger":"airflow.task.hooks.airflow.providers.standard.hooks.subprocess.SubprocessHook","filename":"subprocess.py","lineno":99}
{"timestamp":"2026-02-08T22:48:12.372681Z","level":"info","event":"               'Boost) e Camera 50MP com AI Bateria de 5200 mAh Tela 6.7\" com '","logger":"airflow.task.hooks.airflow.providers.standard.hooks.subprocess.SubprocessHook","filename":"subprocess.py","lineno":99}
{"timestamp":"2026-02-08T22:48:12.372713Z","level":"info","event":"               'Superbrilho - Cinza',","logger":"airflow.task.hooks.airflow.providers.standard.hooks.subprocess.SubprocessHook","filename":"subprocess.py","lineno":99}
{"timestamp":"2026-02-08T22:48:12.372743Z","level":"info","event":" 'memory': '4GB',","logger":"airflow.task.hooks.airflow.providers.standard.hooks.subprocess.SubprocessHook","filename":"subprocess.py","lineno":99}
{"timestamp":"2026-02-08T22:48:12.372771Z","level":"info","event":" 'price': '955',","logger":"airflow.task.hooks.airflow.providers.standard.hooks.subprocess.SubprocessHook","filename":"subprocess.py","lineno":99}
{"timestamp":"2026-02-08T22:48:12.372798Z","level":"info","event":" 'rating': '4.9',","logger":"airflow.task.hooks.airflow.providers.standard.hooks.subprocess.SubprocessHook","filename":"subprocess.py","lineno":99}
{"timestamp":"2026-02-08T22:48:12.372824Z","level":"info","event":" 'short_title': 'smartphone',","logger":"airflow.task.hooks.airflow.providers.standard.hooks.subprocess.SubprocessHook","filename":"subprocess.py","lineno":99}
{"timestamp":"2026-02-08T22:48:12.372851Z","level":"info","event":" 'site_name': 'mercado_livre',","logger":"airflow.task.hooks.airflow.providers.standard.hooks.subprocess.SubprocessHook","filename":"subprocess.py","lineno":99}
{"timestamp":"2026-02-08T22:48:12.372877Z","level":"info","event":" 'storage': 'N/A'}","logger":"airflow.task.hooks.airflow.providers.standard.hooks.subprocess.SubprocessHook","filename":"subprocess.py","lineno":99}
{"timestamp":"2026-02-08T22:48:12.373730Z","level":"info","event":"2026-02-08 22:48:12 [scrapy.core.scraper] DEBUG: Scraped from <200 https://lista.mercadolivre.com.br/smartphone>","logger":"airflow.task.hooks.airflow.providers.standard.hooks.subprocess.SubprocessHook","filename":"subprocess.py","lineno":99}
{"timestamp":"2026-02-08T22:48:12.373818Z","level":"info","event":"{'color': 'N/A',","logger":"airflow.task.hooks.airflow.providers.standard.hooks.subprocess.SubprocessHook","filename":"subprocess.py","lineno":99}
{"timestamp":"2026-02-08T22:48:12.373870Z","level":"info","event":" 'full_title': 'Celular Samsung Galaxy A07 256gb, 8gb, Câmera 50mp, Tela 6.7 , '","logger":"airflow.task.hooks.airflow.providers.standard.hooks.subprocess.SubprocessHook","filename":"subprocess.py","lineno":99}
{"timestamp":"2026-02-08T22:48:12.373906Z","level":"info","event":"               'Proteção Ip54, Processador 6nm - Preto',","logger":"airflow.task.hooks.airflow.providers.standard.hooks.subprocess.SubprocessHook","filename":"subprocess.py","lineno":99}
{"timestamp":"2026-02-08T22:48:12.373936Z","level":"info","event":" 'memory': 'N/A',","logger":"airflow.task.hooks.airflow.providers.standard.hooks.subprocess.SubprocessHook","filename":"subprocess.py","lineno":99}
{"timestamp":"2026-02-08T22:48:12.373966Z","level":"info","event":" 'price': '947',","logger":"airflow.task.hooks.airflow.providers.standard.hooks.subprocess.SubprocessHook","filename":"subprocess.py","lineno":99}
{"timestamp":"2026-02-08T22:48:12.373993Z","level":"info","event":" 'rating': '4.9',","logger":"airflow.task.hooks.airflow.providers.standard.hooks.subprocess.SubprocessHook","filename":"subprocess.py","lineno":99}
{"timestamp":"2026-02-08T22:48:12.374019Z","level":"info","event":" 'short_title': 'smartphone',","logger":"airflow.task.hooks.airflow.providers.standard.hooks.subprocess.SubprocessHook","filename":"subprocess.py","lineno":99}
{"timestamp":"2026-02-08T22:48:12.374045Z","level":"info","event":" 'site_name': 'mercado_livre',","logger":"airflow.task.hooks.airflow.providers.standard.hooks.subprocess.SubprocessHook","filename":"subprocess.py","lineno":99}
{"timestamp":"2026-02-08T22:48:12.374071Z","level":"info","event":" 'storage': 'N/A'}","logger":"airflow.task.hooks.airflow.providers.standard.hooks.subprocess.SubprocessHook","filename":"subprocess.py","lineno":99}
{"timestamp":"2026-02-08T22:48:12.375055Z","level":"info","event":"2026-02-08 22:48:12 [scrapy.core.scraper] DEBUG: Scraped from <200 https://lista.mercadolivre.com.br/smartphone>","logger":"airflow.task.hooks.airflow.providers.standard.hooks.subprocess.SubprocessHook","filename":"subprocess.py","lineno":99}
{"timestamp":"2026-02-08T22:48:12.375152Z","level":"info","event":"{'color': 'Azul',","logger":"airflow.task.hooks.airflow.providers.standard.hooks.subprocess.SubprocessHook","filename":"subprocess.py","lineno":99}
{"timestamp":"2026-02-08T22:48:12.375233Z","level":"info","event":" 'full_title': 'Smartphone Motorola Moto G15 - 128gb 12gb (4gb Ram+8gb Ram '","logger":"airflow.task.hooks.airflow.providers.standard.hooks.subprocess.SubprocessHook","filename":"subprocess.py","lineno":99}
{"timestamp":"2026-02-08T22:48:12.375277Z","level":"info","event":"               'Boost) E Camera 50mp Com Ai E Night Vision Bateria De 5200 Mah '","logger":"airflow.task.hooks.airflow.providers.standard.hooks.subprocess.SubprocessHook","filename":"subprocess.py","lineno":99}
{"timestamp":"2026-02-08T22:48:12.375309Z","level":"info","event":"               'Tela Fhd+ 6.7 Com Superbrilho Nfc Azul Claro',","logger":"airflow.task.hooks.airflow.providers.standard.hooks.subprocess.SubprocessHook","filename":"subprocess.py","lineno":99}
{"timestamp":"2026-02-08T22:48:12.375339Z","level":"info","event":" 'memory': '4gb',","logger":"airflow.task.hooks.airflow.providers.standard.hooks.subprocess.SubprocessHook","filename":"subprocess.py","lineno":99}
{"timestamp":"2026-02-08T22:48:12.375366Z","level":"info","event":" 'price': '1.099',","logger":"airflow.task.hooks.airflow.providers.standard.hooks.subprocess.SubprocessHook","filename":"subprocess.py","lineno":99}
{"timestamp":"2026-02-08T22:48:12.375392Z","level":"info","event":" 'rating': '4.8',","logger":"airflow.task.hooks.airflow.providers.standard.hooks.subprocess.SubprocessHook","filename":"subprocess.py","lineno":99}
{"timestamp":"2026-02-08T22:48:12.375419Z","level":"info","event":" 'short_title': 'smartphone',","logger":"airflow.task.hooks.airflow.providers.standard.hooks.subprocess.SubprocessHook","filename":"subprocess.py","lineno":99}
{"timestamp":"2026-02-08T22:48:12.375445Z","level":"info","event":" 'site_name': 'mercado_livre',","logger":"airflow.task.hooks.airflow.providers.standard.hooks.subprocess.SubprocessHook","filename":"subprocess.py","lineno":99}
{"timestamp":"2026-02-08T22:48:12.375471Z","level":"info","event":" 'storage': 'N/A'}","logger":"airflow.task.hooks.airflow.providers.standard.hooks.subprocess.SubprocessHook","filename":"subprocess.py","lineno":99}
{"timestamp":"2026-02-08T22:48:12.376408Z","level":"info","event":"2026-02-08 22:48:12 [scrapy.core.scraper] DEBUG: Scraped from <200 https://lista.mercadolivre.com.br/smartphone>","logger":"airflow.task.hooks.airflow.providers.standard.hooks.subprocess.SubprocessHook","filename":"subprocess.py","lineno":99}
{"timestamp":"2026-02-08T22:48:12.376484Z","level":"info","event":"{'color': 'Preto',","logger":"airflow.task.hooks.airflow.providers.standard.hooks.subprocess.SubprocessHook","filename":"subprocess.py","lineno":99}
{"timestamp":"2026-02-08T22:48:12.376522Z","level":"info","event":" 'full_title': 'Smartphone Poco C71 128gb Dual Sim + Fone + Relogio Brindes '","logger":"airflow.task.hooks.airflow.providers.standard.hooks.subprocess.SubprocessHook","filename":"subprocess.py","lineno":99}
{"timestamp":"2026-02-08T22:48:12.376553Z","level":"info","event":"               'Preto',","logger":"airflow.task.hooks.airflow.providers.standard.hooks.subprocess.SubprocessHook","filename":"subprocess.py","lineno":99}
{"timestamp":"2026-02-08T22:48:12.376581Z","level":"info","event":" 'memory': 'N/A',","logger":"airflow.task.hooks.airflow.providers.standard.hooks.subprocess.SubprocessHook","filename":"subprocess.py","lineno":99}
{"timestamp":"2026-02-08T22:48:12.376608Z","level":"info","event":" 'price': '1.199',","logger":"airflow.task.hooks.airflow.providers.standard.hooks.subprocess.SubprocessHook","filename":"subprocess.py","lineno":99}
{"timestamp":"2026-02-08T22:48:12.376634Z","level":"info","event":" 'rating': '+100 vendidos',","logger":"airflow.task.hooks.airflow.providers.standard.hooks.subprocess.SubprocessHook","filename":"subprocess.py","lineno":99}
{"timestamp":"2026-02-08T22:48:12.376659Z","level":"info","event":" 'short_title': 'smartphone',","logger":"airflow.task.hooks.airflow.providers.standard.hooks.subprocess.SubprocessHook","filename":"subprocess.py","lineno":99}
{"timestamp":"2026-02-08T22:48:12.376685Z","level":"info","event":" 'site_name': 'mercado_livre',","logger":"airflow.task.hooks.airflow.providers.standard.hooks.subprocess.SubprocessHook","filename":"subprocess.py","lineno":99}
{"timestamp":"2026-02-08T22:48:12.376711Z","level":"info","event":" 'storage': 'N/A'}","logger":"airflow.task.hooks.airflow.providers.standard.hooks.subprocess.SubprocessHook","filename":"subprocess.py","lineno":99}
{"timestamp":"2026-02-08T22:48:12.377704Z","level":"info","event":"2026-02-08 22:48:12 [scrapy.core.scraper] DEBUG: Scraped from <200 https://lista.mercadolivre.com.br/smartphone>","logger":"airflow.task.hooks.airflow.providers.standard.hooks.subprocess.SubprocessHook","filename":"subprocess.py","lineno":99}
{"timestamp":"2026-02-08T22:48:12.377771Z","level":"info","event":"{'color': 'Verde',","logger":"airflow.task.hooks.airflow.providers.standard.hooks.subprocess.SubprocessHook","filename":"subprocess.py","lineno":99}
{"timestamp":"2026-02-08T22:48:12.377815Z","level":"info","event":" 'full_title': 'Smartphone Motorola Moto G35 5g 128gb 4gb Ram Verde +ubook '","logger":"airflow.task.hooks.airflow.providers.standard.hooks.subprocess.SubprocessHook","filename":"subprocess.py","lineno":99}
{"timestamp":"2026-02-08T22:48:12.377865Z","level":"info","event":"               'Verde Vegan',","logger":"airflow.task.hooks.airflow.providers.standard.hooks.subprocess.SubprocessHook","filename":"subprocess.py","lineno":99}
{"timestamp":"2026-02-08T22:48:12.377917Z","level":"info","event":" 'memory': '4gb',","logger":"airflow.task.hooks.airflow.providers.standard.hooks.subprocess.SubprocessHook","filename":"subprocess.py","lineno":99}
{"timestamp":"2026-02-08T22:48:12.377989Z","level":"info","event":" 'price': '1.339',","logger":"airflow.task.hooks.airflow.providers.standard.hooks.subprocess.SubprocessHook","filename":"subprocess.py","lineno":99}
{"timestamp":"2026-02-08T22:48:12.378028Z","level":"info","event":" 'rating': '+50 vendidos',","logger":"airflow.task.hooks.airflow.providers.standard.hooks.subprocess.SubprocessHook","filename":"subprocess.py","lineno":99}
{"timestamp":"2026-02-08T22:48:12.378056Z","level":"info","event":" 'short_title': 'smartphone',","logger":"airflow.task.hooks.airflow.providers.standard.hooks.subprocess.SubprocessHook","filename":"subprocess.py","lineno":99}
{"timestamp":"2026-02-08T22:48:12.378084Z","level":"info","event":" 'site_name': 'mercado_livre',","logger":"airflow.task.hooks.airflow.providers.standard.hooks.subprocess.SubprocessHook","filename":"subprocess.py","lineno":99}
{"timestamp":"2026-02-08T22:48:12.378112Z","level":"info","event":" 'storage': 'N/A'}","logger":"airflow.task.hooks.airflow.providers.standard.hooks.subprocess.SubprocessHook","filename":"subprocess.py","lineno":99}
{"timestamp":"2026-02-08T22:48:12.378967Z","level":"info","event":"2026-02-08 22:48:12 [scrapy.core.scraper] DEBUG: Scraped from <200 https://lista.mercadolivre.com.br/smartphone>","logger":"airflow.task.hooks.airflow.providers.standard.hooks.subprocess.SubprocessHook","filename":"subprocess.py","lineno":99}
{"timestamp":"2026-02-08T22:48:12.379038Z","level":"info","event":"{'color': 'N/A',","logger":"airflow.task.hooks.airflow.providers.standard.hooks.subprocess.SubprocessHook","filename":"subprocess.py","lineno":99}
{"timestamp":"2026-02-08T22:48:12.379077Z","level":"info","event":" 'full_title': 'Smartphone Motorola Moto g35 5G - 128GB 12GB (4GB RAM+8GB Ram '","logger":"airflow.task.hooks.airflow.providers.standard.hooks.subprocess.SubprocessHook","filename":"subprocess.py","lineno":99}
{"timestamp":"2026-02-08T22:48:12.379109Z","level":"info","event":"               'Boost) e Camera 50MP com AI NFC Tela 6.7\" com Superbrilho - '","logger":"airflow.task.hooks.airflow.providers.standard.hooks.subprocess.SubprocessHook","filename":"subprocess.py","lineno":99}
{"timestamp":"2026-02-08T22:48:12.379139Z","level":"info","event":"               'Verde - Vegan Leather',","logger":"airflow.task.hooks.airflow.providers.standard.hooks.subprocess.SubprocessHook","filename":"subprocess.py","lineno":99}
{"timestamp":"2026-02-08T22:48:12.379169Z","level":"info","event":" 'memory': '4GB',","logger":"airflow.task.hooks.airflow.providers.standard.hooks.subprocess.SubprocessHook","filename":"subprocess.py","lineno":99}
{"timestamp":"2026-02-08T22:48:12.379196Z","level":"info","event":" 'price': '1.391',","logger":"airflow.task.hooks.airflow.providers.standard.hooks.subprocess.SubprocessHook","filename":"subprocess.py","lineno":99}
{"timestamp":"2026-02-08T22:48:12.379222Z","level":"info","event":" 'rating': '4.8',","logger":"airflow.task.hooks.airflow.providers.standard.hooks.subprocess.SubprocessHook","filename":"subprocess.py","lineno":99}
{"timestamp":"2026-02-08T22:48:12.379249Z","level":"info","event":" 'short_title': 'smartphone',","logger":"airflow.task.hooks.airflow.providers.standard.hooks.subprocess.SubprocessHook","filename":"subprocess.py","lineno":99}
{"timestamp":"2026-02-08T22:48:12.379275Z","level":"info","event":" 'site_name': 'mercado_livre',","logger":"airflow.task.hooks.airflow.providers.standard.hooks.subprocess.SubprocessHook","filename":"subprocess.py","lineno":99}
{"timestamp":"2026-02-08T22:48:12.379305Z","level":"info","event":" 'storage': 'N/A'}","logger":"airflow.task.hooks.airflow.providers.standard.hooks.subprocess.SubprocessHook","filename":"subprocess.py","lineno":99}
{"timestamp":"2026-02-08T22:48:12.380156Z","level":"info","event":"2026-02-08 22:48:12 [scrapy.core.scraper] DEBUG: Scraped from <200 https://lista.mercadolivre.com.br/smartphone>","logger":"airflow.task.hooks.airflow.providers.standard.hooks.subprocess.SubprocessHook","filename":"subprocess.py","lineno":99}
{"timestamp":"2026-02-08T22:48:12.380224Z","level":"info","event":"{'color': 'N/A',","logger":"airflow.task.hooks.airflow.providers.standard.hooks.subprocess.SubprocessHook","filename":"subprocess.py","lineno":99}
{"timestamp":"2026-02-08T22:48:12.380260Z","level":"info","event":" 'full_title': 'Smartphone Motorola Moto G56 5g - 256gb 16gb (8gb Ram+8gb Ram '","logger":"airflow.task.hooks.airflow.providers.standard.hooks.subprocess.SubprocessHook","filename":"subprocess.py","lineno":99}
{"timestamp":"2026-02-08T22:48:12.380291Z","level":"info","event":"               'Boost) Camera 50mp Sony Lytia 600 Ultrarresistencia Militar e '","logger":"airflow.task.hooks.airflow.providers.standard.hooks.subprocess.SubprocessHook","filename":"subprocess.py","lineno":99}
{"timestamp":"2026-02-08T22:48:12.380320Z","level":"info","event":"               'Ip68 + Ip69 - Cinza',","logger":"airflow.task.hooks.airflow.providers.standard.hooks.subprocess.SubprocessHook","filename":"subprocess.py","lineno":99}
{"timestamp":"2026-02-08T22:48:12.380347Z","level":"info","event":" 'memory': '8gb',","logger":"airflow.task.hooks.airflow.providers.standard.hooks.subprocess.SubprocessHook","filename":"subprocess.py","lineno":99}
{"timestamp":"2026-02-08T22:48:12.380372Z","level":"info","event":" 'price': '1.999',","logger":"airflow.task.hooks.airflow.providers.standard.hooks.subprocess.SubprocessHook","filename":"subprocess.py","lineno":99}
{"timestamp":"2026-02-08T22:48:12.380398Z","level":"info","event":" 'rating': '4.9',","logger":"airflow.task.hooks.airflow.providers.standard.hooks.subprocess.SubprocessHook","filename":"subprocess.py","lineno":99}
{"timestamp":"2026-02-08T22:48:12.380424Z","level":"info","event":" 'short_title': 'smartphone',","logger":"airflow.task.hooks.airflow.providers.standard.hooks.subprocess.SubprocessHook","filename":"subprocess.py","lineno":99}
{"timestamp":"2026-02-08T22:48:12.380449Z","level":"info","event":" 'site_name': 'mercado_livre',","logger":"airflow.task.hooks.airflow.providers.standard.hooks.subprocess.SubprocessHook","filename":"subprocess.py","lineno":99}
{"timestamp":"2026-02-08T22:48:12.380474Z","level":"info","event":" 'storage': 'N/A'}","logger":"airflow.task.hooks.airflow.providers.standard.hooks.subprocess.SubprocessHook","filename":"subprocess.py","lineno":99}
{"timestamp":"2026-02-08T22:48:12.381318Z","level":"info","event":"2026-02-08 22:48:12 [scrapy.core.scraper] DEBUG: Scraped from <200 https://lista.mercadolivre.com.br/smartphone>","logger":"airflow.task.hooks.airflow.providers.standard.hooks.subprocess.SubprocessHook","filename":"subprocess.py","lineno":99}
{"timestamp":"2026-02-08T22:48:12.381387Z","level":"info","event":"{'color': 'N/A',","logger":"airflow.task.hooks.airflow.providers.standard.hooks.subprocess.SubprocessHook","filename":"subprocess.py","lineno":99}
{"timestamp":"2026-02-08T22:48:12.381425Z","level":"info","event":" 'full_title': 'Smartphone Samsung Galaxy A36 5g 128gb 6gb Ram Câmera Tripla '","logger":"airflow.task.hooks.airflow.providers.standard.hooks.subprocess.SubprocessHook","filename":"subprocess.py","lineno":99}
{"timestamp":"2026-02-08T22:48:12.381457Z","level":"info","event":"               \"De Até 50mp Selfie De 12mp Ip67 Super Amoled 6.7'' Nfc \"","logger":"airflow.task.hooks.airflow.providers.standard.hooks.subprocess.SubprocessHook","filename":"subprocess.py","lineno":99}
{"timestamp":"2026-02-08T22:48:12.381487Z","level":"info","event":"               'Recursos Ai Android E Segurança Snapdragon - Preto',","logger":"airflow.task.hooks.airflow.providers.standard.hooks.subprocess.SubprocessHook","filename":"subprocess.py","lineno":99}
{"timestamp":"2026-02-08T22:48:12.381514Z","level":"info","event":" 'memory': '6gb',","logger":"airflow.task.hooks.airflow.providers.standard.hooks.subprocess.SubprocessHook","filename":"subprocess.py","lineno":99}
{"timestamp":"2026-02-08T22:48:12.381541Z","level":"info","event":" 'price': '2.699',","logger":"airflow.task.hooks.airflow.providers.standard.hooks.subprocess.SubprocessHook","filename":"subprocess.py","lineno":99}
{"timestamp":"2026-02-08T22:48:12.381567Z","level":"info","event":" 'rating': '4.9',","logger":"airflow.task.hooks.airflow.providers.standard.hooks.subprocess.SubprocessHook","filename":"subprocess.py","lineno":99}
{"timestamp":"2026-02-08T22:48:12.381593Z","level":"info","event":" 'short_title': 'smartphone',","logger":"airflow.task.hooks.airflow.providers.standard.hooks.subprocess.SubprocessHook","filename":"subprocess.py","lineno":99}
{"timestamp":"2026-02-08T22:48:12.381619Z","level":"info","event":" 'site_name': 'mercado_livre',","logger":"airflow.task.hooks.airflow.providers.standard.hooks.subprocess.SubprocessHook","filename":"subprocess.py","lineno":99}
{"timestamp":"2026-02-08T22:48:12.381645Z","level":"info","event":" 'storage': 'N/A'}","logger":"airflow.task.hooks.airflow.providers.standard.hooks.subprocess.SubprocessHook","filename":"subprocess.py","lineno":99}
{"timestamp":"2026-02-08T22:48:12.382384Z","level":"info","event":"2026-02-08 22:48:12 [scrapy.core.scraper] DEBUG: Scraped from <200 https://lista.mercadolivre.com.br/smartphone>","logger":"airflow.task.hooks.airflow.providers.standard.hooks.subprocess.SubprocessHook","filename":"subprocess.py","lineno":99}
{"timestamp":"2026-02-08T22:48:12.382447Z","level":"info","event":"{'color': 'N/A',","logger":"airflow.task.hooks.airflow.providers.standard.hooks.subprocess.SubprocessHook","filename":"subprocess.py","lineno":99}
{"timestamp":"2026-02-08T22:48:12.382482Z","level":"info","event":" 'full_title': 'Smartphone Realme Note 70s 128gb 4gb Ram - Dourado',","logger":"airflow.task.hooks.airflow.providers.standard.hooks.subprocess.SubprocessHook","filename":"subprocess.py","lineno":99}
{"timestamp":"2026-02-08T22:48:12.382511Z","level":"info","event":" 'memory': '4gb',","logger":"airflow.task.hooks.airflow.providers.standard.hooks.subprocess.SubprocessHook","filename":"subprocess.py","lineno":99}
{"timestamp":"2026-02-08T22:48:12.382540Z","level":"info","event":" 'price': '999',","logger":"airflow.task.hooks.airflow.providers.standard.hooks.subprocess.SubprocessHook","filename":"subprocess.py","lineno":99}
{"timestamp":"2026-02-08T22:48:12.382567Z","level":"info","event":" 'rating': '5.0',","logger":"airflow.task.hooks.airflow.providers.standard.hooks.subprocess.SubprocessHook","filename":"subprocess.py","lineno":99}
{"timestamp":"2026-02-08T22:48:12.382593Z","level":"info","event":" 'short_title': 'smartphone',","logger":"airflow.task.hooks.airflow.providers.standard.hooks.subprocess.SubprocessHook","filename":"subprocess.py","lineno":99}
{"timestamp":"2026-02-08T22:48:12.382619Z","level":"info","event":" 'site_name': 'mercado_livre',","logger":"airflow.task.hooks.airflow.providers.standard.hooks.subprocess.SubprocessHook","filename":"subprocess.py","lineno":99}
{"timestamp":"2026-02-08T22:48:12.382644Z","level":"info","event":" 'storage': 'N/A'}","logger":"airflow.task.hooks.airflow.providers.standard.hooks.subprocess.SubprocessHook","filename":"subprocess.py","lineno":99}
{"timestamp":"2026-02-08T22:48:12.383553Z","level":"info","event":"2026-02-08 22:48:12 [scrapy.core.scraper] DEBUG: Scraped from <200 https://lista.mercadolivre.com.br/smartphone>","logger":"airflow.task.hooks.airflow.providers.standard.hooks.subprocess.SubprocessHook","filename":"subprocess.py","lineno":99}
{"timestamp":"2026-02-08T22:48:12.383632Z","level":"info","event":"{'color': 'N/A',","logger":"airflow.task.hooks.airflow.providers.standard.hooks.subprocess.SubprocessHook","filename":"subprocess.py","lineno":99}
{"timestamp":"2026-02-08T22:48:12.383672Z","level":"info","event":" 'full_title': 'Smartphone Motorola Moto g35 5G - 256GB 12GB (4GB RAM+8GB Ram '","logger":"airflow.task.hooks.airflow.providers.standard.hooks.subprocess.SubprocessHook","filename":"subprocess.py","lineno":99}
{"timestamp":"2026-02-08T22:48:12.383704Z","level":"info","event":"               'Boost) e Camera 50MP com AI NFC Tela 6.7\" com Superbrilho - '","logger":"airflow.task.hooks.airflow.providers.standard.hooks.subprocess.SubprocessHook","filename":"subprocess.py","lineno":99}
{"timestamp":"2026-02-08T22:48:12.383733Z","level":"info","event":"               'Cinza',","logger":"airflow.task.hooks.airflow.providers.standard.hooks.subprocess.SubprocessHook","filename":"subprocess.py","lineno":99}
{"timestamp":"2026-02-08T22:48:12.383762Z","level":"info","event":" 'memory': '4GB',","logger":"airflow.task.hooks.airflow.providers.standard.hooks.subprocess.SubprocessHook","filename":"subprocess.py","lineno":99}
{"timestamp":"2026-02-08T22:48:12.383789Z","level":"info","event":" 'price': '1.730',","logger":"airflow.task.hooks.airflow.providers.standard.hooks.subprocess.SubprocessHook","filename":"subprocess.py","lineno":99}
{"timestamp":"2026-02-08T22:48:12.383816Z","level":"info","event":" 'rating': '4.8',","logger":"airflow.task.hooks.airflow.providers.standard.hooks.subprocess.SubprocessHook","filename":"subprocess.py","lineno":99}
{"timestamp":"2026-02-08T22:48:12.383842Z","level":"info","event":" 'short_title': 'smartphone',","logger":"airflow.task.hooks.airflow.providers.standard.hooks.subprocess.SubprocessHook","filename":"subprocess.py","lineno":99}
{"timestamp":"2026-02-08T22:48:12.383867Z","level":"info","event":" 'site_name': 'mercado_livre',","logger":"airflow.task.hooks.airflow.providers.standard.hooks.subprocess.SubprocessHook","filename":"subprocess.py","lineno":99}
{"timestamp":"2026-02-08T22:48:12.383893Z","level":"info","event":" 'storage': 'N/A'}","logger":"airflow.task.hooks.airflow.providers.standard.hooks.subprocess.SubprocessHook","filename":"subprocess.py","lineno":99}
{"timestamp":"2026-02-08T22:48:12.384814Z","level":"info","event":"2026-02-08 22:48:12 [scrapy.core.scraper] DEBUG: Scraped from <200 https://lista.mercadolivre.com.br/smartphone>","logger":"airflow.task.hooks.airflow.providers.standard.hooks.subprocess.SubprocessHook","filename":"subprocess.py","lineno":99}
{"timestamp":"2026-02-08T22:48:12.384881Z","level":"info","event":"{'color': 'N/A',","logger":"airflow.task.hooks.airflow.providers.standard.hooks.subprocess.SubprocessHook","filename":"subprocess.py","lineno":99}
{"timestamp":"2026-02-08T22:48:12.384918Z","level":"info","event":" 'full_title': 'Smartphone Motorola Razr 60 - 256gb 24gb (12gb Ram+12gb Ram '","logger":"airflow.task.hooks.airflow.providers.standard.hooks.subprocess.SubprocessHook","filename":"subprocess.py","lineno":99}
{"timestamp":"2026-02-08T22:48:12.384948Z","level":"info","event":"               'Boost) Tela Dobrável 6,9 Poled E Externa 3,6 Moto Ai Camera '","logger":"airflow.task.hooks.airflow.providers.standard.hooks.subprocess.SubprocessHook","filename":"subprocess.py","lineno":99}
{"timestamp":"2026-02-08T22:48:12.384978Z","level":"info","event":"               'Ip48 - Branco',","logger":"airflow.task.hooks.airflow.providers.standard.hooks.subprocess.SubprocessHook","filename":"subprocess.py","lineno":99}
{"timestamp":"2026-02-08T22:48:12.385006Z","level":"info","event":" 'memory': '12gb',","logger":"airflow.task.hooks.airflow.providers.standard.hooks.subprocess.SubprocessHook","filename":"subprocess.py","lineno":99}
{"timestamp":"2026-02-08T22:48:12.385050Z","level":"info","event":" 'price': '5.499',","logger":"airflow.task.hooks.airflow.providers.standard.hooks.subprocess.SubprocessHook","filename":"subprocess.py","lineno":99}
{"timestamp":"2026-02-08T22:48:12.385106Z","level":"info","event":" 'rating': '4.8',","logger":"airflow.task.hooks.airflow.providers.standard.hooks.subprocess.SubprocessHook","filename":"subprocess.py","lineno":99}
{"timestamp":"2026-02-08T22:48:12.385142Z","level":"info","event":" 'short_title': 'smartphone',","logger":"airflow.task.hooks.airflow.providers.standard.hooks.subprocess.SubprocessHook","filename":"subprocess.py","lineno":99}
{"timestamp":"2026-02-08T22:48:12.385172Z","level":"info","event":" 'site_name': 'mercado_livre',","logger":"airflow.task.hooks.airflow.providers.standard.hooks.subprocess.SubprocessHook","filename":"subprocess.py","lineno":99}
{"timestamp":"2026-02-08T22:48:12.385200Z","level":"info","event":" 'storage': 'N/A'}","logger":"airflow.task.hooks.airflow.providers.standard.hooks.subprocess.SubprocessHook","filename":"subprocess.py","lineno":99}
{"timestamp":"2026-02-08T22:48:12.386430Z","level":"info","event":"2026-02-08 22:48:12 [scrapy.core.scraper] DEBUG: Scraped from <200 https://lista.mercadolivre.com.br/smartphone>","logger":"airflow.task.hooks.airflow.providers.standard.hooks.subprocess.SubprocessHook","filename":"subprocess.py","lineno":99}
{"timestamp":"2026-02-08T22:48:12.386498Z","level":"info","event":"{'color': 'N/A',","logger":"airflow.task.hooks.airflow.providers.standard.hooks.subprocess.SubprocessHook","filename":"subprocess.py","lineno":99}
{"timestamp":"2026-02-08T22:48:12.386536Z","level":"info","event":" 'full_title': 'Smartphone Motorola Moto G05 - 256gb 12gb (4gb Ram + 8gb Ram '","logger":"airflow.task.hooks.airflow.providers.standard.hooks.subprocess.SubprocessHook","filename":"subprocess.py","lineno":99}
{"timestamp":"2026-02-08T22:48:12.386567Z","level":"info","event":"               'Boost) E Camera 50mp Com Ai Bateria De 5200 Mah Tela 6.7 Com '","logger":"airflow.task.hooks.airflow.providers.standard.hooks.subprocess.SubprocessHook","filename":"subprocess.py","lineno":99}
{"timestamp":"2026-02-08T22:48:12.386596Z","level":"info","event":"               'Superbrilho - Verde',","logger":"airflow.task.hooks.airflow.providers.standard.hooks.subprocess.SubprocessHook","filename":"subprocess.py","lineno":99}
{"timestamp":"2026-02-08T22:48:12.386625Z","level":"info","event":" 'memory': '4gb',","logger":"airflow.task.hooks.airflow.providers.standard.hooks.subprocess.SubprocessHook","filename":"subprocess.py","lineno":99}
{"timestamp":"2026-02-08T22:48:12.386652Z","level":"info","event":" 'price': '1.298',","logger":"airflow.task.hooks.airflow.providers.standard.hooks.subprocess.SubprocessHook","filename":"subprocess.py","lineno":99}
{"timestamp":"2026-02-08T22:48:12.386679Z","level":"info","event":" 'rating': '4.9',","logger":"airflow.task.hooks.airflow.providers.standard.hooks.subprocess.SubprocessHook","filename":"subprocess.py","lineno":99}
{"timestamp":"2026-02-08T22:48:12.386704Z","level":"info","event":" 'short_title': 'smartphone',","logger":"airflow.task.hooks.airflow.providers.standard.hooks.subprocess.SubprocessHook","filename":"subprocess.py","lineno":99}
{"timestamp":"2026-02-08T22:48:12.386736Z","level":"info","event":" 'site_name': 'mercado_livre',","logger":"airflow.task.hooks.airflow.providers.standard.hooks.subprocess.SubprocessHook","filename":"subprocess.py","lineno":99}
{"timestamp":"2026-02-08T22:48:12.386761Z","level":"info","event":" 'storage': 'N/A'}","logger":"airflow.task.hooks.airflow.providers.standard.hooks.subprocess.SubprocessHook","filename":"subprocess.py","lineno":99}
{"timestamp":"2026-02-08T22:48:12.387567Z","level":"info","event":"2026-02-08 22:48:12 [scrapy.core.scraper] DEBUG: Scraped from <200 https://lista.mercadolivre.com.br/smartphone>","logger":"airflow.task.hooks.airflow.providers.standard.hooks.subprocess.SubprocessHook","filename":"subprocess.py","lineno":99}
{"timestamp":"2026-02-08T22:48:12.387656Z","level":"info","event":"{'color': 'N/A',","logger":"airflow.task.hooks.airflow.providers.standard.hooks.subprocess.SubprocessHook","filename":"subprocess.py","lineno":99}
{"timestamp":"2026-02-08T22:48:12.387707Z","level":"info","event":" 'full_title': 'Smartphone Realme C63 Dual SIM 256GB Green 8GB RAM',","logger":"airflow.task.hooks.airflow.providers.standard.hooks.subprocess.SubprocessHook","filename":"subprocess.py","lineno":99}
{"timestamp":"2026-02-08T22:48:12.387741Z","level":"info","event":" 'memory': '8GB',","logger":"airflow.task.hooks.airflow.providers.standard.hooks.subprocess.SubprocessHook","filename":"subprocess.py","lineno":99}
{"timestamp":"2026-02-08T22:48:12.387770Z","level":"info","event":" 'price': '1.599',","logger":"airflow.task.hooks.airflow.providers.standard.hooks.subprocess.SubprocessHook","filename":"subprocess.py","lineno":99}
{"timestamp":"2026-02-08T22:48:12.387797Z","level":"info","event":" 'rating': '4.8',","logger":"airflow.task.hooks.airflow.providers.standard.hooks.subprocess.SubprocessHook","filename":"subprocess.py","lineno":99}
{"timestamp":"2026-02-08T22:48:12.387824Z","level":"info","event":" 'short_title': 'smartphone',","logger":"airflow.task.hooks.airflow.providers.standard.hooks.subprocess.SubprocessHook","filename":"subprocess.py","lineno":99}
{"timestamp":"2026-02-08T22:48:12.387850Z","level":"info","event":" 'site_name': 'mercado_livre',","logger":"airflow.task.hooks.airflow.providers.standard.hooks.subprocess.SubprocessHook","filename":"subprocess.py","lineno":99}
{"timestamp":"2026-02-08T22:48:12.387876Z","level":"info","event":" 'storage': 'N/A'}","logger":"airflow.task.hooks.airflow.providers.standard.hooks.subprocess.SubprocessHook","filename":"subprocess.py","lineno":99}
{"timestamp":"2026-02-08T22:48:12.388772Z","level":"info","event":"2026-02-08 22:48:12 [scrapy.core.scraper] DEBUG: Scraped from <200 https://lista.mercadolivre.com.br/smartphone>","logger":"airflow.task.hooks.airflow.providers.standard.hooks.subprocess.SubprocessHook","filename":"subprocess.py","lineno":99}
{"timestamp":"2026-02-08T22:48:12.388855Z","level":"info","event":"{'color': 'N/A',","logger":"airflow.task.hooks.airflow.providers.standard.hooks.subprocess.SubprocessHook","filename":"subprocess.py","lineno":99}
{"timestamp":"2026-02-08T22:48:12.388902Z","level":"info","event":" 'full_title': 'Smartphone Motorola Moto G15 - 256gb 12gb (4gb Ram+8gb Ram '","logger":"airflow.task.hooks.airflow.providers.standard.hooks.subprocess.SubprocessHook","filename":"subprocess.py","lineno":99}
{"timestamp":"2026-02-08T22:48:12.388936Z","level":"info","event":"               'Boost) E Camera 50mp Com Ai E Night Vision Bateria De 5200 Mah '","logger":"airflow.task.hooks.airflow.providers.standard.hooks.subprocess.SubprocessHook","filename":"subprocess.py","lineno":99}
{"timestamp":"2026-02-08T22:48:12.388965Z","level":"info","event":"               'Tela Fhd+ 6.7 Com Superbrilho Nfc - Grafite',","logger":"airflow.task.hooks.airflow.providers.standard.hooks.subprocess.SubprocessHook","filename":"subprocess.py","lineno":99}
{"timestamp":"2026-02-08T22:48:12.388992Z","level":"info","event":" 'memory': '4gb',","logger":"airflow.task.hooks.airflow.providers.standard.hooks.subprocess.SubprocessHook","filename":"subprocess.py","lineno":99}
{"timestamp":"2026-02-08T22:48:12.389019Z","level":"info","event":" 'price': '1.309',","logger":"airflow.task.hooks.airflow.providers.standard.hooks.subprocess.SubprocessHook","filename":"subprocess.py","lineno":99}
{"timestamp":"2026-02-08T22:48:12.389045Z","level":"info","event":" 'rating': '4.8',","logger":"airflow.task.hooks.airflow.providers.standard.hooks.subprocess.SubprocessHook","filename":"subprocess.py","lineno":99}
{"timestamp":"2026-02-08T22:48:12.389071Z","level":"info","event":" 'short_title': 'smartphone',","logger":"airflow.task.hooks.airflow.providers.standard.hooks.subprocess.SubprocessHook","filename":"subprocess.py","lineno":99}
{"timestamp":"2026-02-08T22:48:12.389097Z","level":"info","event":" 'site_name': 'mercado_livre',","logger":"airflow.task.hooks.airflow.providers.standard.hooks.subprocess.SubprocessHook","filename":"subprocess.py","lineno":99}
{"timestamp":"2026-02-08T22:48:12.389123Z","level":"info","event":" 'storage': 'N/A'}","logger":"airflow.task.hooks.airflow.providers.standard.hooks.subprocess.SubprocessHook","filename":"subprocess.py","lineno":99}
{"timestamp":"2026-02-08T22:48:12.389986Z","level":"info","event":"2026-02-08 22:48:12 [scrapy.core.scraper] DEBUG: Scraped from <200 https://lista.mercadolivre.com.br/smartphone>","logger":"airflow.task.hooks.airflow.providers.standard.hooks.subprocess.SubprocessHook","filename":"subprocess.py","lineno":99}
{"timestamp":"2026-02-08T22:48:12.390069Z","level":"info","event":"{'color': 'N/A',","logger":"airflow.task.hooks.airflow.providers.standard.hooks.subprocess.SubprocessHook","filename":"subprocess.py","lineno":99}
{"timestamp":"2026-02-08T22:48:12.390117Z","level":"info","event":" 'full_title': 'Smartphone Samsung Galaxy A36 5G 256GB 8GB RAM',","logger":"airflow.task.hooks.airflow.providers.standard.hooks.subprocess.SubprocessHook","filename":"subprocess.py","lineno":99}
{"timestamp":"2026-02-08T22:48:12.390149Z","level":"info","event":" 'memory': '8GB',","logger":"airflow.task.hooks.airflow.providers.standard.hooks.subprocess.SubprocessHook","filename":"subprocess.py","lineno":99}
{"timestamp":"2026-02-08T22:48:12.390176Z","level":"info","event":" 'price': '2.999',","logger":"airflow.task.hooks.airflow.providers.standard.hooks.subprocess.SubprocessHook","filename":"subprocess.py","lineno":99}
{"timestamp":"2026-02-08T22:48:12.390204Z","level":"info","event":" 'rating': '4.9',","logger":"airflow.task.hooks.airflow.providers.standard.hooks.subprocess.SubprocessHook","filename":"subprocess.py","lineno":99}
{"timestamp":"2026-02-08T22:48:12.390230Z","level":"info","event":" 'short_title': 'smartphone',","logger":"airflow.task.hooks.airflow.providers.standard.hooks.subprocess.SubprocessHook","filename":"subprocess.py","lineno":99}
{"timestamp":"2026-02-08T22:48:12.390257Z","level":"info","event":" 'site_name': 'mercado_livre',","logger":"airflow.task.hooks.airflow.providers.standard.hooks.subprocess.SubprocessHook","filename":"subprocess.py","lineno":99}
{"timestamp":"2026-02-08T22:48:12.390282Z","level":"info","event":" 'storage': 'N/A'}","logger":"airflow.task.hooks.airflow.providers.standard.hooks.subprocess.SubprocessHook","filename":"subprocess.py","lineno":99}
{"timestamp":"2026-02-08T22:48:12.391226Z","level":"info","event":"2026-02-08 22:48:12 [scrapy.core.scraper] DEBUG: Scraped from <200 https://lista.mercadolivre.com.br/smartphone>","logger":"airflow.task.hooks.airflow.providers.standard.hooks.subprocess.SubprocessHook","filename":"subprocess.py","lineno":99}
{"timestamp":"2026-02-08T22:48:12.391312Z","level":"info","event":"{'color': 'N/A',","logger":"airflow.task.hooks.airflow.providers.standard.hooks.subprocess.SubprocessHook","filename":"subprocess.py","lineno":99}
{"timestamp":"2026-02-08T22:48:12.391363Z","level":"info","event":" 'full_title': 'Smartphone Motorola Moto G06 - 128gb 12gb (4gb Ram + 8gb Ram '","logger":"airflow.task.hooks.airflow.providers.standard.hooks.subprocess.SubprocessHook","filename":"subprocess.py","lineno":99}
{"timestamp":"2026-02-08T22:48:12.391398Z","level":"info","event":"               'Boost) E Camera 50mp Com Ai Bateria De 5200 Mah Tela 6.9 - '","logger":"airflow.task.hooks.airflow.providers.standard.hooks.subprocess.SubprocessHook","filename":"subprocess.py","lineno":99}
{"timestamp":"2026-02-08T22:48:12.391429Z","level":"info","event":"               'Laranja',","logger":"airflow.task.hooks.airflow.providers.standard.hooks.subprocess.SubprocessHook","filename":"subprocess.py","lineno":99}
{"timestamp":"2026-02-08T22:48:12.391458Z","level":"info","event":" 'memory': '4gb',","logger":"airflow.task.hooks.airflow.providers.standard.hooks.subprocess.SubprocessHook","filename":"subprocess.py","lineno":99}
{"timestamp":"2026-02-08T22:48:12.391485Z","level":"info","event":" 'price': '999',","logger":"airflow.task.hooks.airflow.providers.standard.hooks.subprocess.SubprocessHook","filename":"subprocess.py","lineno":99}
{"timestamp":"2026-02-08T22:48:12.391513Z","level":"info","event":" 'rating': '4.9',","logger":"airflow.task.hooks.airflow.providers.standard.hooks.subprocess.SubprocessHook","filename":"subprocess.py","lineno":99}
{"timestamp":"2026-02-08T22:48:12.391539Z","level":"info","event":" 'short_title': 'smartphone',","logger":"airflow.task.hooks.airflow.providers.standard.hooks.subprocess.SubprocessHook","filename":"subprocess.py","lineno":99}
{"timestamp":"2026-02-08T22:48:12.391616Z","level":"info","event":" 'site_name': 'mercado_livre',","logger":"airflow.task.hooks.airflow.providers.standard.hooks.subprocess.SubprocessHook","filename":"subprocess.py","lineno":99}
{"timestamp":"2026-02-08T22:48:12.391656Z","level":"info","event":" 'storage': 'N/A'}","logger":"airflow.task.hooks.airflow.providers.standard.hooks.subprocess.SubprocessHook","filename":"subprocess.py","lineno":99}
{"timestamp":"2026-02-08T22:48:12.392507Z","level":"info","event":"2026-02-08 22:48:12 [scrapy.core.scraper] DEBUG: Scraped from <200 https://lista.mercadolivre.com.br/smartphone>","logger":"airflow.task.hooks.airflow.providers.standard.hooks.subprocess.SubprocessHook","filename":"subprocess.py","lineno":99}
{"timestamp":"2026-02-08T22:48:12.392604Z","level":"info","event":"{'color': 'N/A',","logger":"airflow.task.hooks.airflow.providers.standard.hooks.subprocess.SubprocessHook","filename":"subprocess.py","lineno":99}
{"timestamp":"2026-02-08T22:48:12.392686Z","level":"info","event":" 'full_title': 'Smartphone Motorola Edge 60 Fusion 5g - 256gb 16gb (8gb '","logger":"airflow.task.hooks.airflow.providers.standard.hooks.subprocess.SubprocessHook","filename":"subprocess.py","lineno":99}
{"timestamp":"2026-02-08T22:48:12.392733Z","level":"info","event":"               'Ram+8gb Ram Boost) 50mp Sony Ai Camera Ip68 Nfc - Rosa',","logger":"airflow.task.hooks.airflow.providers.standard.hooks.subprocess.SubprocessHook","filename":"subprocess.py","lineno":99}
{"timestamp":"2026-02-08T22:48:12.392768Z","level":"info","event":" 'memory': '8gb',","logger":"airflow.task.hooks.airflow.providers.standard.hooks.subprocess.SubprocessHook","filename":"subprocess.py","lineno":99}
{"timestamp":"2026-02-08T22:48:12.392798Z","level":"info","event":" 'price': '2.999',","logger":"airflow.task.hooks.airflow.providers.standard.hooks.subprocess.SubprocessHook","filename":"subprocess.py","lineno":99}
{"timestamp":"2026-02-08T22:48:12.392826Z","level":"info","event":" 'rating': '4.9',","logger":"airflow.task.hooks.airflow.providers.standard.hooks.subprocess.SubprocessHook","filename":"subprocess.py","lineno":99}
{"timestamp":"2026-02-08T22:48:12.392854Z","level":"info","event":" 'short_title': 'smartphone',","logger":"airflow.task.hooks.airflow.providers.standard.hooks.subprocess.SubprocessHook","filename":"subprocess.py","lineno":99}
{"timestamp":"2026-02-08T22:48:12.392880Z","level":"info","event":" 'site_name': 'mercado_livre',","logger":"airflow.task.hooks.airflow.providers.standard.hooks.subprocess.SubprocessHook","filename":"subprocess.py","lineno":99}
{"timestamp":"2026-02-08T22:48:12.392907Z","level":"info","event":" 'storage': 'N/A'}","logger":"airflow.task.hooks.airflow.providers.standard.hooks.subprocess.SubprocessHook","filename":"subprocess.py","lineno":99}
{"timestamp":"2026-02-08T22:48:12.393707Z","level":"info","event":"2026-02-08 22:48:12 [scrapy.core.scraper] DEBUG: Scraped from <200 https://lista.mercadolivre.com.br/smartphone>","logger":"airflow.task.hooks.airflow.providers.standard.hooks.subprocess.SubprocessHook","filename":"subprocess.py","lineno":99}
{"timestamp":"2026-02-08T22:48:12.393795Z","level":"info","event":"{'color': 'N/A',","logger":"airflow.task.hooks.airflow.providers.standard.hooks.subprocess.SubprocessHook","filename":"subprocess.py","lineno":99}
{"timestamp":"2026-02-08T22:48:12.393843Z","level":"info","event":" 'full_title': 'Smartphone Motorola Moto G35 5g - 256gb 12gb (4gb Ram+8gb Ram '","logger":"airflow.task.hooks.airflow.providers.standard.hooks.subprocess.SubprocessHook","filename":"subprocess.py","lineno":99}
{"timestamp":"2026-02-08T22:48:12.393877Z","level":"info","event":"               'Boost) E Camera 50mp Com Ai Nfc Tela 6.7 Com Superbrilho - '","logger":"airflow.task.hooks.airflow.providers.standard.hooks.subprocess.SubprocessHook","filename":"subprocess.py","lineno":99}
{"timestamp":"2026-02-08T22:48:12.393906Z","level":"info","event":"               'Coral - Vegan Leather',","logger":"airflow.task.hooks.airflow.providers.standard.hooks.subprocess.SubprocessHook","filename":"subprocess.py","lineno":99}
{"timestamp":"2026-02-08T22:48:12.393936Z","level":"info","event":" 'memory': '4gb',","logger":"airflow.task.hooks.airflow.providers.standard.hooks.subprocess.SubprocessHook","filename":"subprocess.py","lineno":99}
{"timestamp":"2026-02-08T22:48:12.393963Z","level":"info","event":" 'price': '1.863',","logger":"airflow.task.hooks.airflow.providers.standard.hooks.subprocess.SubprocessHook","filename":"subprocess.py","lineno":99}
{"timestamp":"2026-02-08T22:48:12.393989Z","level":"info","event":" 'rating': '4.8',","logger":"airflow.task.hooks.airflow.providers.standard.hooks.subprocess.SubprocessHook","filename":"subprocess.py","lineno":99}
{"timestamp":"2026-02-08T22:48:12.394016Z","level":"info","event":" 'short_title': 'smartphone',","logger":"airflow.task.hooks.airflow.providers.standard.hooks.subprocess.SubprocessHook","filename":"subprocess.py","lineno":99}
{"timestamp":"2026-02-08T22:48:12.394041Z","level":"info","event":" 'site_name': 'mercado_livre',","logger":"airflow.task.hooks.airflow.providers.standard.hooks.subprocess.SubprocessHook","filename":"subprocess.py","lineno":99}
{"timestamp":"2026-02-08T22:48:12.394066Z","level":"info","event":" 'storage': 'N/A'}","logger":"airflow.task.hooks.airflow.providers.standard.hooks.subprocess.SubprocessHook","filename":"subprocess.py","lineno":99}
{"timestamp":"2026-02-08T22:48:12.394946Z","level":"info","event":"2026-02-08 22:48:12 [scrapy.core.scraper] DEBUG: Scraped from <200 https://lista.mercadolivre.com.br/smartphone>","logger":"airflow.task.hooks.airflow.providers.standard.hooks.subprocess.SubprocessHook","filename":"subprocess.py","lineno":99}
{"timestamp":"2026-02-08T22:48:12.395046Z","level":"info","event":"{'color': 'N/A',","logger":"airflow.task.hooks.airflow.providers.standard.hooks.subprocess.SubprocessHook","filename":"subprocess.py","lineno":99}
{"timestamp":"2026-02-08T22:48:12.395093Z","level":"info","event":" 'full_title': 'Smartphone Motorola Edge 60 Pro 5g - 256gb 24gb (12gb Ram+12gb '","logger":"airflow.task.hooks.airflow.providers.standard.hooks.subprocess.SubprocessHook","filename":"subprocess.py","lineno":99}
{"timestamp":"2026-02-08T22:48:12.395127Z","level":"info","event":"               'Ram Boost) Tela Quad-curve Moto Ai 50mp Sony Camera '","logger":"airflow.task.hooks.airflow.providers.standard.hooks.subprocess.SubprocessHook","filename":"subprocess.py","lineno":99}
{"timestamp":"2026-02-08T22:48:12.395156Z","level":"info","event":"               'Ultrarresistencia Militar Ip68 + Ip69 - Azul',","logger":"airflow.task.hooks.airflow.providers.standard.hooks.subprocess.SubprocessHook","filename":"subprocess.py","lineno":99}
{"timestamp":"2026-02-08T22:48:12.395183Z","level":"info","event":" 'memory': '12gb',","logger":"airflow.task.hooks.airflow.providers.standard.hooks.subprocess.SubprocessHook","filename":"subprocess.py","lineno":99}
{"timestamp":"2026-02-08T22:48:12.395211Z","level":"info","event":" 'price': '4.299',","logger":"airflow.task.hooks.airflow.providers.standard.hooks.subprocess.SubprocessHook","filename":"subprocess.py","lineno":99}
{"timestamp":"2026-02-08T22:48:12.395238Z","level":"info","event":" 'rating': '4.9',","logger":"airflow.task.hooks.airflow.providers.standard.hooks.subprocess.SubprocessHook","filename":"subprocess.py","lineno":99}
{"timestamp":"2026-02-08T22:48:12.395265Z","level":"info","event":" 'short_title': 'smartphone',","logger":"airflow.task.hooks.airflow.providers.standard.hooks.subprocess.SubprocessHook","filename":"subprocess.py","lineno":99}
{"timestamp":"2026-02-08T22:48:12.395291Z","level":"info","event":" 'site_name': 'mercado_livre',","logger":"airflow.task.hooks.airflow.providers.standard.hooks.subprocess.SubprocessHook","filename":"subprocess.py","lineno":99}
{"timestamp":"2026-02-08T22:48:12.395317Z","level":"info","event":" 'storage': 'N/A'}","logger":"airflow.task.hooks.airflow.providers.standard.hooks.subprocess.SubprocessHook","filename":"subprocess.py","lineno":99}
{"timestamp":"2026-02-08T22:48:12.396173Z","level":"info","event":"2026-02-08 22:48:12 [scrapy.core.scraper] DEBUG: Scraped from <200 https://lista.mercadolivre.com.br/smartphone>","logger":"airflow.task.hooks.airflow.providers.standard.hooks.subprocess.SubprocessHook","filename":"subprocess.py","lineno":99}
{"timestamp":"2026-02-08T22:48:12.396260Z","level":"info","event":"{'color': 'N/A',","logger":"airflow.task.hooks.airflow.providers.standard.hooks.subprocess.SubprocessHook","filename":"subprocess.py","lineno":99}
{"timestamp":"2026-02-08T22:48:12.396310Z","level":"info","event":" 'full_title': 'Smartphone Motorola Edge 60 Neo 5G - 256GB 24GB (12GB RAM + '","logger":"airflow.task.hooks.airflow.providers.standard.hooks.subprocess.SubprocessHook","filename":"subprocess.py","lineno":99}
{"timestamp":"2026-02-08T22:48:12.396345Z","level":"info","event":"               '12GB Ram Boost) 50MP Sony Camera Moto AI e tela 1.5K Super HD '","logger":"airflow.task.hooks.airflow.providers.standard.hooks.subprocess.SubprocessHook","filename":"subprocess.py","lineno":99}
{"timestamp":"2026-02-08T22:48:12.396375Z","level":"info","event":"               '- Latte',","logger":"airflow.task.hooks.airflow.providers.standard.hooks.subprocess.SubprocessHook","filename":"subprocess.py","lineno":99}
{"timestamp":"2026-02-08T22:48:12.396404Z","level":"info","event":" 'memory': '12GB',","logger":"airflow.task.hooks.airflow.providers.standard.hooks.subprocess.SubprocessHook","filename":"subprocess.py","lineno":99}
{"timestamp":"2026-02-08T22:48:12.396431Z","level":"info","event":" 'price': '3.499',","logger":"airflow.task.hooks.airflow.providers.standard.hooks.subprocess.SubprocessHook","filename":"subprocess.py","lineno":99}
{"timestamp":"2026-02-08T22:48:12.396457Z","level":"info","event":" 'rating': '4.9',","logger":"airflow.task.hooks.airflow.providers.standard.hooks.subprocess.SubprocessHook","filename":"subprocess.py","lineno":99}
{"timestamp":"2026-02-08T22:48:12.396483Z","level":"info","event":" 'short_title': 'smartphone',","logger":"airflow.task.hooks.airflow.providers.standard.hooks.subprocess.SubprocessHook","filename":"subprocess.py","lineno":99}
{"timestamp":"2026-02-08T22:48:12.396509Z","level":"info","event":" 'site_name': 'mercado_livre',","logger":"airflow.task.hooks.airflow.providers.standard.hooks.subprocess.SubprocessHook","filename":"subprocess.py","lineno":99}
{"timestamp":"2026-02-08T22:48:12.396535Z","level":"info","event":" 'storage': 'N/A'}","logger":"airflow.task.hooks.airflow.providers.standard.hooks.subprocess.SubprocessHook","filename":"subprocess.py","lineno":99}
{"timestamp":"2026-02-08T22:48:12.397273Z","level":"info","event":"2026-02-08 22:48:12 [scrapy.core.scraper] DEBUG: Scraped from <200 https://lista.mercadolivre.com.br/smartphone>","logger":"airflow.task.hooks.airflow.providers.standard.hooks.subprocess.SubprocessHook","filename":"subprocess.py","lineno":99}
{"timestamp":"2026-02-08T22:48:12.397361Z","level":"info","event":"{'color': 'N/A',","logger":"airflow.task.hooks.airflow.providers.standard.hooks.subprocess.SubprocessHook","filename":"subprocess.py","lineno":99}
{"timestamp":"2026-02-08T22:48:12.397413Z","level":"info","event":" 'full_title': 'Smartphone Samsung Galaxy A36 5G 128GB 6GB RAM Câmera Tripla '","logger":"airflow.task.hooks.airflow.providers.standard.hooks.subprocess.SubprocessHook","filename":"subprocess.py","lineno":99}
{"timestamp":"2026-02-08T22:48:12.397456Z","level":"info","event":"               \"de até 50MP Selfie de 12MP IP67 Super AMOLED 6.7'' NFC \"","logger":"airflow.task.hooks.airflow.providers.standard.hooks.subprocess.SubprocessHook","filename":"subprocess.py","lineno":99}
{"timestamp":"2026-02-08T22:48:12.397497Z","level":"info","event":"               'Recursos AI Android e Segurança Snapdragon - Branco',","logger":"airflow.task.hooks.airflow.providers.standard.hooks.subprocess.SubprocessHook","filename":"subprocess.py","lineno":99}
{"timestamp":"2026-02-08T22:48:12.397527Z","level":"info","event":" 'memory': '6GB',","logger":"airflow.task.hooks.airflow.providers.standard.hooks.subprocess.SubprocessHook","filename":"subprocess.py","lineno":99}
{"timestamp":"2026-02-08T22:48:12.397556Z","level":"info","event":" 'price': '2.699',","logger":"airflow.task.hooks.airflow.providers.standard.hooks.subprocess.SubprocessHook","filename":"subprocess.py","lineno":99}
{"timestamp":"2026-02-08T22:48:12.397583Z","level":"info","event":" 'rating': '4.9',","logger":"airflow.task.hooks.airflow.providers.standard.hooks.subprocess.SubprocessHook","filename":"subprocess.py","lineno":99}
{"timestamp":"2026-02-08T22:48:12.397608Z","level":"info","event":" 'short_title': 'smartphone',","logger":"airflow.task.hooks.airflow.providers.standard.hooks.subprocess.SubprocessHook","filename":"subprocess.py","lineno":99}
{"timestamp":"2026-02-08T22:48:12.397634Z","level":"info","event":" 'site_name': 'mercado_livre',","logger":"airflow.task.hooks.airflow.providers.standard.hooks.subprocess.SubprocessHook","filename":"subprocess.py","lineno":99}
{"timestamp":"2026-02-08T22:48:12.397660Z","level":"info","event":" 'storage': 'N/A'}","logger":"airflow.task.hooks.airflow.providers.standard.hooks.subprocess.SubprocessHook","filename":"subprocess.py","lineno":99}
{"timestamp":"2026-02-08T22:48:12.398314Z","level":"info","event":"2026-02-08 22:48:12 [scrapy.core.scraper] DEBUG: Scraped from <200 https://lista.mercadolivre.com.br/smartphone>","logger":"airflow.task.hooks.airflow.providers.standard.hooks.subprocess.SubprocessHook","filename":"subprocess.py","lineno":99}
{"timestamp":"2026-02-08T22:48:12.398399Z","level":"info","event":"{'color': 'N/A',","logger":"airflow.task.hooks.airflow.providers.standard.hooks.subprocess.SubprocessHook","filename":"subprocess.py","lineno":99}
{"timestamp":"2026-02-08T22:48:12.398448Z","level":"info","event":" 'full_title': 'Smartphone Realme 13+ 5g Dual Sim 512Gb Dourado 12 Gb Ram Nfc',","logger":"airflow.task.hooks.airflow.providers.standard.hooks.subprocess.SubprocessHook","filename":"subprocess.py","lineno":99}
{"timestamp":"2026-02-08T22:48:12.398481Z","level":"info","event":" 'memory': '12 Gb',","logger":"airflow.task.hooks.airflow.providers.standard.hooks.subprocess.SubprocessHook","filename":"subprocess.py","lineno":99}
{"timestamp":"2026-02-08T22:48:12.398509Z","level":"info","event":" 'price': '2.999',","logger":"airflow.task.hooks.airflow.providers.standard.hooks.subprocess.SubprocessHook","filename":"subprocess.py","lineno":99}
{"timestamp":"2026-02-08T22:48:12.398538Z","level":"info","event":" 'rating': '4.8',","logger":"airflow.task.hooks.airflow.providers.standard.hooks.subprocess.SubprocessHook","filename":"subprocess.py","lineno":99}
{"timestamp":"2026-02-08T22:48:12.398565Z","level":"info","event":" 'short_title': 'smartphone',","logger":"airflow.task.hooks.airflow.providers.standard.hooks.subprocess.SubprocessHook","filename":"subprocess.py","lineno":99}
{"timestamp":"2026-02-08T22:48:12.398591Z","level":"info","event":" 'site_name': 'mercado_livre',","logger":"airflow.task.hooks.airflow.providers.standard.hooks.subprocess.SubprocessHook","filename":"subprocess.py","lineno":99}
{"timestamp":"2026-02-08T22:48:12.398617Z","level":"info","event":" 'storage': 'N/A'}","logger":"airflow.task.hooks.airflow.providers.standard.hooks.subprocess.SubprocessHook","filename":"subprocess.py","lineno":99}
{"timestamp":"2026-02-08T22:48:12.399467Z","level":"info","event":"2026-02-08 22:48:12 [scrapy.core.scraper] DEBUG: Scraped from <200 https://lista.mercadolivre.com.br/smartphone>","logger":"airflow.task.hooks.airflow.providers.standard.hooks.subprocess.SubprocessHook","filename":"subprocess.py","lineno":99}
{"timestamp":"2026-02-08T22:48:12.399549Z","level":"info","event":"{'color': 'N/A',","logger":"airflow.task.hooks.airflow.providers.standard.hooks.subprocess.SubprocessHook","filename":"subprocess.py","lineno":99}
{"timestamp":"2026-02-08T22:48:12.399599Z","level":"info","event":" 'full_title': 'Smartphone Motorola Moto G86 5g - 256gb 24gb (8gb Ram+16gb Ram '","logger":"airflow.task.hooks.airflow.providers.standard.hooks.subprocess.SubprocessHook","filename":"subprocess.py","lineno":99}
{"timestamp":"2026-02-08T22:48:12.399632Z","level":"info","event":"               'Boost) Tela 1.5k Poled, 50mp Sony Camera Ois Moto Ai, Videos '","logger":"airflow.task.hooks.airflow.providers.standard.hooks.subprocess.SubprocessHook","filename":"subprocess.py","lineno":99}
{"timestamp":"2026-02-08T22:48:12.399661Z","level":"info","event":"               'Em 4k, Ip68 + Ip69 - Vermelho',","logger":"airflow.task.hooks.airflow.providers.standard.hooks.subprocess.SubprocessHook","filename":"subprocess.py","lineno":99}
{"timestamp":"2026-02-08T22:48:12.399689Z","level":"info","event":" 'memory': '8gb',","logger":"airflow.task.hooks.airflow.providers.standard.hooks.subprocess.SubprocessHook","filename":"subprocess.py","lineno":99}
{"timestamp":"2026-02-08T22:48:12.399715Z","level":"info","event":" 'price': '2.499',","logger":"airflow.task.hooks.airflow.providers.standard.hooks.subprocess.SubprocessHook","filename":"subprocess.py","lineno":99}
{"timestamp":"2026-02-08T22:48:12.399741Z","level":"info","event":" 'rating': '4.9',","logger":"airflow.task.hooks.airflow.providers.standard.hooks.subprocess.SubprocessHook","filename":"subprocess.py","lineno":99}
{"timestamp":"2026-02-08T22:48:12.399767Z","level":"info","event":" 'short_title': 'smartphone',","logger":"airflow.task.hooks.airflow.providers.standard.hooks.subprocess.SubprocessHook","filename":"subprocess.py","lineno":99}
{"timestamp":"2026-02-08T22:48:12.399792Z","level":"info","event":" 'site_name': 'mercado_livre',","logger":"airflow.task.hooks.airflow.providers.standard.hooks.subprocess.SubprocessHook","filename":"subprocess.py","lineno":99}
{"timestamp":"2026-02-08T22:48:12.399818Z","level":"info","event":" 'storage': 'N/A'}","logger":"airflow.task.hooks.airflow.providers.standard.hooks.subprocess.SubprocessHook","filename":"subprocess.py","lineno":99}
{"timestamp":"2026-02-08T22:48:12.400579Z","level":"info","event":"2026-02-08 22:48:12 [scrapy.core.scraper] DEBUG: Scraped from <200 https://lista.mercadolivre.com.br/smartphone>","logger":"airflow.task.hooks.airflow.providers.standard.hooks.subprocess.SubprocessHook","filename":"subprocess.py","lineno":99}
{"timestamp":"2026-02-08T22:48:12.400689Z","level":"info","event":"{'color': 'Verde',","logger":"airflow.task.hooks.airflow.providers.standard.hooks.subprocess.SubprocessHook","filename":"subprocess.py","lineno":99}
{"timestamp":"2026-02-08T22:48:12.400734Z","level":"info","event":" 'full_title': 'Smartphone Moto G86 5g 512gb Verde-escuro Motorola',","logger":"airflow.task.hooks.airflow.providers.standard.hooks.subprocess.SubprocessHook","filename":"subprocess.py","lineno":99}
{"timestamp":"2026-02-08T22:48:12.400768Z","level":"info","event":" 'memory': 'N/A',","logger":"airflow.task.hooks.airflow.providers.standard.hooks.subprocess.SubprocessHook","filename":"subprocess.py","lineno":99}
{"timestamp":"2026-02-08T22:48:12.400798Z","level":"info","event":" 'price': '2.999',","logger":"airflow.task.hooks.airflow.providers.standard.hooks.subprocess.SubprocessHook","filename":"subprocess.py","lineno":99}
{"timestamp":"2026-02-08T22:48:12.400826Z","level":"info","event":" 'rating': '4.9',","logger":"airflow.task.hooks.airflow.providers.standard.hooks.subprocess.SubprocessHook","filename":"subprocess.py","lineno":99}
{"timestamp":"2026-02-08T22:48:12.400854Z","level":"info","event":" 'short_title': 'smartphone',","logger":"airflow.task.hooks.airflow.providers.standard.hooks.subprocess.SubprocessHook","filename":"subprocess.py","lineno":99}
{"timestamp":"2026-02-08T22:48:12.400881Z","level":"info","event":" 'site_name': 'mercado_livre',","logger":"airflow.task.hooks.airflow.providers.standard.hooks.subprocess.SubprocessHook","filename":"subprocess.py","lineno":99}
{"timestamp":"2026-02-08T22:48:12.400907Z","level":"info","event":" 'storage': 'N/A'}","logger":"airflow.task.hooks.airflow.providers.standard.hooks.subprocess.SubprocessHook","filename":"subprocess.py","lineno":99}
{"timestamp":"2026-02-08T22:48:12.401708Z","level":"info","event":"2026-02-08 22:48:12 [scrapy.core.scraper] DEBUG: Scraped from <200 https://lista.mercadolivre.com.br/smartphone>","logger":"airflow.task.hooks.airflow.providers.standard.hooks.subprocess.SubprocessHook","filename":"subprocess.py","lineno":99}
{"timestamp":"2026-02-08T22:48:12.401801Z","level":"info","event":"{'color': 'Preto',","logger":"airflow.task.hooks.airflow.providers.standard.hooks.subprocess.SubprocessHook","filename":"subprocess.py","lineno":99}
{"timestamp":"2026-02-08T22:48:12.401854Z","level":"info","event":" 'full_title': 'Smartphone OPPO A60 256GB 8GB RAM Preto',","logger":"airflow.task.hooks.airflow.providers.standard.hooks.subprocess.SubprocessHook","filename":"subprocess.py","lineno":99}
{"timestamp":"2026-02-08T22:48:12.401887Z","level":"info","event":" 'memory': '8GB',","logger":"airflow.task.hooks.airflow.providers.standard.hooks.subprocess.SubprocessHook","filename":"subprocess.py","lineno":99}
{"timestamp":"2026-02-08T22:48:12.401916Z","level":"info","event":" 'price': '1.699',","logger":"airflow.task.hooks.airflow.providers.standard.hooks.subprocess.SubprocessHook","filename":"subprocess.py","lineno":99}
{"timestamp":"2026-02-08T22:48:12.401943Z","level":"info","event":" 'rating': '4.8',","logger":"airflow.task.hooks.airflow.providers.standard.hooks.subprocess.SubprocessHook","filename":"subprocess.py","lineno":99}
{"timestamp":"2026-02-08T22:48:12.401970Z","level":"info","event":" 'short_title': 'smartphone',","logger":"airflow.task.hooks.airflow.providers.standard.hooks.subprocess.SubprocessHook","filename":"subprocess.py","lineno":99}
{"timestamp":"2026-02-08T22:48:12.401995Z","level":"info","event":" 'site_name': 'mercado_livre',","logger":"airflow.task.hooks.airflow.providers.standard.hooks.subprocess.SubprocessHook","filename":"subprocess.py","lineno":99}
{"timestamp":"2026-02-08T22:48:12.402021Z","level":"info","event":" 'storage': 'N/A'}","logger":"airflow.task.hooks.airflow.providers.standard.hooks.subprocess.SubprocessHook","filename":"subprocess.py","lineno":99}
{"timestamp":"2026-02-08T22:48:12.402829Z","level":"info","event":"2026-02-08 22:48:12 [scrapy.core.scraper] DEBUG: Scraped from <200 https://lista.mercadolivre.com.br/smartphone>","logger":"airflow.task.hooks.airflow.providers.standard.hooks.subprocess.SubprocessHook","filename":"subprocess.py","lineno":99}
{"timestamp":"2026-02-08T22:48:12.402914Z","level":"info","event":"{'color': 'N/A',","logger":"airflow.task.hooks.airflow.providers.standard.hooks.subprocess.SubprocessHook","filename":"subprocess.py","lineno":99}
{"timestamp":"2026-02-08T22:48:12.402962Z","level":"info","event":" 'full_title': 'Smartphone Motorola Moto G06 - 128gb 12gb (4gb Ram + 8gb Ram '","logger":"airflow.task.hooks.airflow.providers.standard.hooks.subprocess.SubprocessHook","filename":"subprocess.py","lineno":99}
{"timestamp":"2026-02-08T22:48:12.402995Z","level":"info","event":"               'Boost) E Camera 50mp Com Ai Bateria De 5200 Mah Tela 6.9',","logger":"airflow.task.hooks.airflow.providers.standard.hooks.subprocess.SubprocessHook","filename":"subprocess.py","lineno":99}
{"timestamp":"2026-02-08T22:48:12.403025Z","level":"info","event":" 'memory': '4gb',","logger":"airflow.task.hooks.airflow.providers.standard.hooks.subprocess.SubprocessHook","filename":"subprocess.py","lineno":99}
{"timestamp":"2026-02-08T22:48:12.403073Z","level":"info","event":" 'price': '999',","logger":"airflow.task.hooks.airflow.providers.standard.hooks.subprocess.SubprocessHook","filename":"subprocess.py","lineno":99}
{"timestamp":"2026-02-08T22:48:12.403102Z","level":"info","event":" 'rating': '4.9',","logger":"airflow.task.hooks.airflow.providers.standard.hooks.subprocess.SubprocessHook","filename":"subprocess.py","lineno":99}
{"timestamp":"2026-02-08T22:48:12.403128Z","level":"info","event":" 'short_title': 'smartphone',","logger":"airflow.task.hooks.airflow.providers.standard.hooks.subprocess.SubprocessHook","filename":"subprocess.py","lineno":99}
{"timestamp":"2026-02-08T22:48:12.403155Z","level":"info","event":" 'site_name': 'mercado_livre',","logger":"airflow.task.hooks.airflow.providers.standard.hooks.subprocess.SubprocessHook","filename":"subprocess.py","lineno":99}
{"timestamp":"2026-02-08T22:48:12.403180Z","level":"info","event":" 'storage': 'N/A'}","logger":"airflow.task.hooks.airflow.providers.standard.hooks.subprocess.SubprocessHook","filename":"subprocess.py","lineno":99}
{"timestamp":"2026-02-08T22:48:12.405382Z","level":"info","event":"2026-02-08 22:48:12 [scrapy.core.scraper] DEBUG: Scraped from <200 https://lista.mercadolivre.com.br/smartphone>","logger":"airflow.task.hooks.airflow.providers.standard.hooks.subprocess.SubprocessHook","filename":"subprocess.py","lineno":99}
{"timestamp":"2026-02-08T22:48:12.405494Z","level":"info","event":"{'color': 'Verde',","logger":"airflow.task.hooks.airflow.providers.standard.hooks.subprocess.SubprocessHook","filename":"subprocess.py","lineno":99}
{"timestamp":"2026-02-08T22:48:12.405545Z","level":"info","event":" 'full_title': 'Smartphone OPPO Reno 14F 256GB 12GB RAM 5G IP69 Verde',","logger":"airflow.task.hooks.airflow.providers.standard.hooks.subprocess.SubprocessHook","filename":"subprocess.py","lineno":99}
{"timestamp":"2026-02-08T22:48:12.405578Z","level":"info","event":" 'memory': '12GB',","logger":"airflow.task.hooks.airflow.providers.standard.hooks.subprocess.SubprocessHook","filename":"subprocess.py","lineno":99}
{"timestamp":"2026-02-08T22:48:12.405606Z","level":"info","event":" 'price': '3.699',","logger":"airflow.task.hooks.airflow.providers.standard.hooks.subprocess.SubprocessHook","filename":"subprocess.py","lineno":99}
{"timestamp":"2026-02-08T22:48:12.405633Z","level":"info","event":" 'rating': '4.9',","logger":"airflow.task.hooks.airflow.providers.standard.hooks.subprocess.SubprocessHook","filename":"subprocess.py","lineno":99}
{"timestamp":"2026-02-08T22:48:12.405659Z","level":"info","event":" 'short_title': 'smartphone',","logger":"airflow.task.hooks.airflow.providers.standard.hooks.subprocess.SubprocessHook","filename":"subprocess.py","lineno":99}
{"timestamp":"2026-02-08T22:48:12.405686Z","level":"info","event":" 'site_name': 'mercado_livre',","logger":"airflow.task.hooks.airflow.providers.standard.hooks.subprocess.SubprocessHook","filename":"subprocess.py","lineno":99}
{"timestamp":"2026-02-08T22:48:12.405712Z","level":"info","event":" 'storage': 'N/A'}","logger":"airflow.task.hooks.airflow.providers.standard.hooks.subprocess.SubprocessHook","filename":"subprocess.py","lineno":99}
{"timestamp":"2026-02-08T22:48:12.406525Z","level":"info","event":"2026-02-08 22:48:12 [scrapy.core.scraper] DEBUG: Scraped from <200 https://lista.mercadolivre.com.br/smartphone>","logger":"airflow.task.hooks.airflow.providers.standard.hooks.subprocess.SubprocessHook","filename":"subprocess.py","lineno":99}
{"timestamp":"2026-02-08T22:48:12.406615Z","level":"info","event":"{'color': 'N/A',","logger":"airflow.task.hooks.airflow.providers.standard.hooks.subprocess.SubprocessHook","filename":"subprocess.py","lineno":99}
{"timestamp":"2026-02-08T22:48:12.406666Z","level":"info","event":" 'full_title': 'Smartphone Oppo A5 4g 256gb 6gb Ram Câmera 50mp Roxo',","logger":"airflow.task.hooks.airflow.providers.standard.hooks.subprocess.SubprocessHook","filename":"subprocess.py","lineno":99}
{"timestamp":"2026-02-08T22:48:12.406703Z","level":"info","event":" 'memory': '6gb',","logger":"airflow.task.hooks.airflow.providers.standard.hooks.subprocess.SubprocessHook","filename":"subprocess.py","lineno":99}
{"timestamp":"2026-02-08T22:48:12.406732Z","level":"info","event":" 'price': '1.499',","logger":"airflow.task.hooks.airflow.providers.standard.hooks.subprocess.SubprocessHook","filename":"subprocess.py","lineno":99}
{"timestamp":"2026-02-08T22:48:12.406760Z","level":"info","event":" 'rating': '4.8',","logger":"airflow.task.hooks.airflow.providers.standard.hooks.subprocess.SubprocessHook","filename":"subprocess.py","lineno":99}
{"timestamp":"2026-02-08T22:48:12.406788Z","level":"info","event":" 'short_title': 'smartphone',","logger":"airflow.task.hooks.airflow.providers.standard.hooks.subprocess.SubprocessHook","filename":"subprocess.py","lineno":99}
{"timestamp":"2026-02-08T22:48:12.406815Z","level":"info","event":" 'site_name': 'mercado_livre',","logger":"airflow.task.hooks.airflow.providers.standard.hooks.subprocess.SubprocessHook","filename":"subprocess.py","lineno":99}
{"timestamp":"2026-02-08T22:48:12.406842Z","level":"info","event":" 'storage': 'N/A'}","logger":"airflow.task.hooks.airflow.providers.standard.hooks.subprocess.SubprocessHook","filename":"subprocess.py","lineno":99}
{"timestamp":"2026-02-08T22:48:12.407662Z","level":"info","event":"2026-02-08 22:48:12 [scrapy.core.scraper] DEBUG: Scraped from <200 https://lista.mercadolivre.com.br/smartphone>","logger":"airflow.task.hooks.airflow.providers.standard.hooks.subprocess.SubprocessHook","filename":"subprocess.py","lineno":99}
{"timestamp":"2026-02-08T22:48:12.407747Z","level":"info","event":"{'color': 'N/A',","logger":"airflow.task.hooks.airflow.providers.standard.hooks.subprocess.SubprocessHook","filename":"subprocess.py","lineno":99}
{"timestamp":"2026-02-08T22:48:12.407798Z","level":"info","event":" 'full_title': 'Smartphone Moto G86 5g 512gb Lilás Motorola',","logger":"airflow.task.hooks.airflow.providers.standard.hooks.subprocess.SubprocessHook","filename":"subprocess.py","lineno":99}
{"timestamp":"2026-02-08T22:48:12.407832Z","level":"info","event":" 'memory': 'N/A',","logger":"airflow.task.hooks.airflow.providers.standard.hooks.subprocess.SubprocessHook","filename":"subprocess.py","lineno":99}
{"timestamp":"2026-02-08T22:48:12.407877Z","level":"info","event":" 'price': '2.999',","logger":"airflow.task.hooks.airflow.providers.standard.hooks.subprocess.SubprocessHook","filename":"subprocess.py","lineno":99}
{"timestamp":"2026-02-08T22:48:12.407905Z","level":"info","event":" 'rating': '4.9',","logger":"airflow.task.hooks.airflow.providers.standard.hooks.subprocess.SubprocessHook","filename":"subprocess.py","lineno":99}
{"timestamp":"2026-02-08T22:48:12.407931Z","level":"info","event":" 'short_title': 'smartphone',","logger":"airflow.task.hooks.airflow.providers.standard.hooks.subprocess.SubprocessHook","filename":"subprocess.py","lineno":99}
{"timestamp":"2026-02-08T22:48:12.407957Z","level":"info","event":" 'site_name': 'mercado_livre',","logger":"airflow.task.hooks.airflow.providers.standard.hooks.subprocess.SubprocessHook","filename":"subprocess.py","lineno":99}
{"timestamp":"2026-02-08T22:48:12.407984Z","level":"info","event":" 'storage': 'N/A'}","logger":"airflow.task.hooks.airflow.providers.standard.hooks.subprocess.SubprocessHook","filename":"subprocess.py","lineno":99}
{"timestamp":"2026-02-08T22:48:12.408818Z","level":"info","event":"2026-02-08 22:48:12 [scrapy.core.scraper] DEBUG: Scraped from <200 https://lista.mercadolivre.com.br/smartphone>","logger":"airflow.task.hooks.airflow.providers.standard.hooks.subprocess.SubprocessHook","filename":"subprocess.py","lineno":99}
{"timestamp":"2026-02-08T22:48:12.408904Z","level":"info","event":"{'color': 'N/A',","logger":"airflow.task.hooks.airflow.providers.standard.hooks.subprocess.SubprocessHook","filename":"subprocess.py","lineno":99}
{"timestamp":"2026-02-08T22:48:12.408953Z","level":"info","event":" 'full_title': 'Smartphone Samsung Galaxy A05s 4G 128GB 6GB RAM Câmera '","logger":"airflow.task.hooks.airflow.providers.standard.hooks.subprocess.SubprocessHook","filename":"subprocess.py","lineno":99}
{"timestamp":"2026-02-08T22:48:12.408986Z","level":"info","event":"               'Traseira Tripla 50MP + 2MP + 2MP + Selfie 13MP Tela 6.7\" Preto',","logger":"airflow.task.hooks.airflow.providers.standard.hooks.subprocess.SubprocessHook","filename":"subprocess.py","lineno":99}
{"timestamp":"2026-02-08T22:48:12.409015Z","level":"info","event":" 'memory': '6GB',","logger":"airflow.task.hooks.airflow.providers.standard.hooks.subprocess.SubprocessHook","filename":"subprocess.py","lineno":99}
{"timestamp":"2026-02-08T22:48:12.409043Z","level":"info","event":" 'price': '1.399',","logger":"airflow.task.hooks.airflow.providers.standard.hooks.subprocess.SubprocessHook","filename":"subprocess.py","lineno":99}
{"timestamp":"2026-02-08T22:48:12.409070Z","level":"info","event":" 'rating': '4.8',","logger":"airflow.task.hooks.airflow.providers.standard.hooks.subprocess.SubprocessHook","filename":"subprocess.py","lineno":99}
{"timestamp":"2026-02-08T22:48:12.409096Z","level":"info","event":" 'short_title': 'smartphone',","logger":"airflow.task.hooks.airflow.providers.standard.hooks.subprocess.SubprocessHook","filename":"subprocess.py","lineno":99}
{"timestamp":"2026-02-08T22:48:12.409122Z","level":"info","event":" 'site_name': 'mercado_livre',","logger":"airflow.task.hooks.airflow.providers.standard.hooks.subprocess.SubprocessHook","filename":"subprocess.py","lineno":99}
{"timestamp":"2026-02-08T22:48:12.409148Z","level":"info","event":" 'storage': 'N/A'}","logger":"airflow.task.hooks.airflow.providers.standard.hooks.subprocess.SubprocessHook","filename":"subprocess.py","lineno":99}
{"timestamp":"2026-02-08T22:48:12.410038Z","level":"info","event":"2026-02-08 22:48:12 [scrapy.core.scraper] DEBUG: Scraped from <200 https://lista.mercadolivre.com.br/smartphone>","logger":"airflow.task.hooks.airflow.providers.standard.hooks.subprocess.SubprocessHook","filename":"subprocess.py","lineno":99}
{"timestamp":"2026-02-08T22:48:12.410126Z","level":"info","event":"{'color': 'Black',","logger":"airflow.task.hooks.airflow.providers.standard.hooks.subprocess.SubprocessHook","filename":"subprocess.py","lineno":99}
{"timestamp":"2026-02-08T22:48:12.410177Z","level":"info","event":" 'full_title': 'Smartphone Realme C75 5g 256gb 8gb Ram Storm Black Rmx3963',","logger":"airflow.task.hooks.airflow.providers.standard.hooks.subprocess.SubprocessHook","filename":"subprocess.py","lineno":99}
{"timestamp":"2026-02-08T22:48:12.410212Z","level":"info","event":" 'memory': '8gb',","logger":"airflow.task.hooks.airflow.providers.standard.hooks.subprocess.SubprocessHook","filename":"subprocess.py","lineno":99}
{"timestamp":"2026-02-08T22:48:12.410241Z","level":"info","event":" 'price': '2.699',","logger":"airflow.task.hooks.airflow.providers.standard.hooks.subprocess.SubprocessHook","filename":"subprocess.py","lineno":99}
{"timestamp":"2026-02-08T22:48:12.410267Z","level":"info","event":" 'rating': '4.9',","logger":"airflow.task.hooks.airflow.providers.standard.hooks.subprocess.SubprocessHook","filename":"subprocess.py","lineno":99}
{"timestamp":"2026-02-08T22:48:12.410294Z","level":"info","event":" 'short_title': 'smartphone',","logger":"airflow.task.hooks.airflow.providers.standard.hooks.subprocess.SubprocessHook","filename":"subprocess.py","lineno":99}
{"timestamp":"2026-02-08T22:48:12.410319Z","level":"info","event":" 'site_name': 'mercado_livre',","logger":"airflow.task.hooks.airflow.providers.standard.hooks.subprocess.SubprocessHook","filename":"subprocess.py","lineno":99}
{"timestamp":"2026-02-08T22:48:12.410345Z","level":"info","event":" 'storage': 'N/A'}","logger":"airflow.task.hooks.airflow.providers.standard.hooks.subprocess.SubprocessHook","filename":"subprocess.py","lineno":99}
{"timestamp":"2026-02-08T22:48:12.411307Z","level":"info","event":"2026-02-08 22:48:12 [scrapy.core.scraper] DEBUG: Scraped from <200 https://lista.mercadolivre.com.br/smartphone>","logger":"airflow.task.hooks.airflow.providers.standard.hooks.subprocess.SubprocessHook","filename":"subprocess.py","lineno":99}
{"timestamp":"2026-02-08T22:48:12.411396Z","level":"info","event":"{'color': 'N/A',","logger":"airflow.task.hooks.airflow.providers.standard.hooks.subprocess.SubprocessHook","filename":"subprocess.py","lineno":99}
{"timestamp":"2026-02-08T22:48:12.411446Z","level":"info","event":" 'full_title': 'Smartphone Jovi Y29 256gb, 8+8gb Ram Turbo, Câmera 50mp, '","logger":"airflow.task.hooks.airflow.providers.standard.hooks.subprocess.SubprocessHook","filename":"subprocess.py","lineno":99}
{"timestamp":"2026-02-08T22:48:12.411480Z","level":"info","event":"               'Snapdragon 685, Bateria 6500mah, Carregamento 44w - Marrom',","logger":"airflow.task.hooks.airflow.providers.standard.hooks.subprocess.SubprocessHook","filename":"subprocess.py","lineno":99}
{"timestamp":"2026-02-08T22:48:12.411510Z","level":"info","event":" 'memory': '8gb',","logger":"airflow.task.hooks.airflow.providers.standard.hooks.subprocess.SubprocessHook","filename":"subprocess.py","lineno":99}
{"timestamp":"2026-02-08T22:48:12.411538Z","level":"info","event":" 'price': '1.387',","logger":"airflow.task.hooks.airflow.providers.standard.hooks.subprocess.SubprocessHook","filename":"subprocess.py","lineno":99}
{"timestamp":"2026-02-08T22:48:12.411565Z","level":"info","event":" 'rating': '4.9',","logger":"airflow.task.hooks.airflow.providers.standard.hooks.subprocess.SubprocessHook","filename":"subprocess.py","lineno":99}
{"timestamp":"2026-02-08T22:48:12.411592Z","level":"info","event":" 'short_title': 'smartphone',","logger":"airflow.task.hooks.airflow.providers.standard.hooks.subprocess.SubprocessHook","filename":"subprocess.py","lineno":99}
{"timestamp":"2026-02-08T22:48:12.411618Z","level":"info","event":" 'site_name': 'mercado_livre',","logger":"airflow.task.hooks.airflow.providers.standard.hooks.subprocess.SubprocessHook","filename":"subprocess.py","lineno":99}
{"timestamp":"2026-02-08T22:48:12.411644Z","level":"info","event":" 'storage': 'N/A'}","logger":"airflow.task.hooks.airflow.providers.standard.hooks.subprocess.SubprocessHook","filename":"subprocess.py","lineno":99}
{"timestamp":"2026-02-08T22:48:12.412453Z","level":"info","event":"2026-02-08 22:48:12 [scrapy.core.scraper] DEBUG: Scraped from <200 https://lista.mercadolivre.com.br/smartphone>","logger":"airflow.task.hooks.airflow.providers.standard.hooks.subprocess.SubprocessHook","filename":"subprocess.py","lineno":99}
{"timestamp":"2026-02-08T22:48:12.412537Z","level":"info","event":"{'color': 'N/A',","logger":"airflow.task.hooks.airflow.providers.standard.hooks.subprocess.SubprocessHook","filename":"subprocess.py","lineno":99}
{"timestamp":"2026-02-08T22:48:12.412585Z","level":"info","event":" 'full_title': 'Tcl Smartphone 605 4g, Octa Core, 128gb 12gb Ram (4+8), 6.7 '","logger":"airflow.task.hooks.airflow.providers.standard.hooks.subprocess.SubprocessHook","filename":"subprocess.py","lineno":99}
{"timestamp":"2026-02-08T22:48:12.412618Z","level":"info","event":"               'Hd+ 90hz, Nfc, Dual Sim, 50mp',","logger":"airflow.task.hooks.airflow.providers.standard.hooks.subprocess.SubprocessHook","filename":"subprocess.py","lineno":99}
{"timestamp":"2026-02-08T22:48:12.412646Z","level":"info","event":" 'memory': '12gb',","logger":"airflow.task.hooks.airflow.providers.standard.hooks.subprocess.SubprocessHook","filename":"subprocess.py","lineno":99}
{"timestamp":"2026-02-08T22:48:12.412672Z","level":"info","event":" 'price': '749',","logger":"airflow.task.hooks.airflow.providers.standard.hooks.subprocess.SubprocessHook","filename":"subprocess.py","lineno":99}
{"timestamp":"2026-02-08T22:48:12.412698Z","level":"info","event":" 'rating': '4.7',","logger":"airflow.task.hooks.airflow.providers.standard.hooks.subprocess.SubprocessHook","filename":"subprocess.py","lineno":99}
{"timestamp":"2026-02-08T22:48:12.412724Z","level":"info","event":" 'short_title': 'smartphone',","logger":"airflow.task.hooks.airflow.providers.standard.hooks.subprocess.SubprocessHook","filename":"subprocess.py","lineno":99}
{"timestamp":"2026-02-08T22:48:12.412749Z","level":"info","event":" 'site_name': 'mercado_livre',","logger":"airflow.task.hooks.airflow.providers.standard.hooks.subprocess.SubprocessHook","filename":"subprocess.py","lineno":99}
{"timestamp":"2026-02-08T22:48:12.412775Z","level":"info","event":" 'storage': 'N/A'}","logger":"airflow.task.hooks.airflow.providers.standard.hooks.subprocess.SubprocessHook","filename":"subprocess.py","lineno":99}
{"timestamp":"2026-02-08T22:48:12.413537Z","level":"info","event":"2026-02-08 22:48:12 [scrapy.core.scraper] DEBUG: Scraped from <200 https://lista.mercadolivre.com.br/smartphone>","logger":"airflow.task.hooks.airflow.providers.standard.hooks.subprocess.SubprocessHook","filename":"subprocess.py","lineno":99}
{"timestamp":"2026-02-08T22:48:12.413632Z","level":"info","event":"{'color': 'Preto',","logger":"airflow.task.hooks.airflow.providers.standard.hooks.subprocess.SubprocessHook","filename":"subprocess.py","lineno":99}
{"timestamp":"2026-02-08T22:48:12.413685Z","level":"info","event":" 'full_title': 'Celular Realme 15t 5g 8gb 256gb Smartphone Dual Sim Nfc Preto',","logger":"airflow.task.hooks.airflow.providers.standard.hooks.subprocess.SubprocessHook","filename":"subprocess.py","lineno":99}
{"timestamp":"2026-02-08T22:48:12.413720Z","level":"info","event":" 'memory': 'N/A',","logger":"airflow.task.hooks.airflow.providers.standard.hooks.subprocess.SubprocessHook","filename":"subprocess.py","lineno":99}
{"timestamp":"2026-02-08T22:48:12.413751Z","level":"info","event":" 'price': '3.499',","logger":"airflow.task.hooks.airflow.providers.standard.hooks.subprocess.SubprocessHook","filename":"subprocess.py","lineno":99}
{"timestamp":"2026-02-08T22:48:12.413778Z","level":"info","event":" 'rating': '4.9',","logger":"airflow.task.hooks.airflow.providers.standard.hooks.subprocess.SubprocessHook","filename":"subprocess.py","lineno":99}
{"timestamp":"2026-02-08T22:48:12.413806Z","level":"info","event":" 'short_title': 'smartphone',","logger":"airflow.task.hooks.airflow.providers.standard.hooks.subprocess.SubprocessHook","filename":"subprocess.py","lineno":99}
{"timestamp":"2026-02-08T22:48:12.413832Z","level":"info","event":" 'site_name': 'mercado_livre',","logger":"airflow.task.hooks.airflow.providers.standard.hooks.subprocess.SubprocessHook","filename":"subprocess.py","lineno":99}
{"timestamp":"2026-02-08T22:48:12.413857Z","level":"info","event":" 'storage': 'N/A'}","logger":"airflow.task.hooks.airflow.providers.standard.hooks.subprocess.SubprocessHook","filename":"subprocess.py","lineno":99}
{"timestamp":"2026-02-08T22:48:12.414601Z","level":"info","event":"2026-02-08 22:48:12 [scrapy.core.scraper] DEBUG: Scraped from <200 https://lista.mercadolivre.com.br/smartphone>","logger":"airflow.task.hooks.airflow.providers.standard.hooks.subprocess.SubprocessHook","filename":"subprocess.py","lineno":99}
{"timestamp":"2026-02-08T22:48:12.414693Z","level":"info","event":"{'color': 'Preto',","logger":"airflow.task.hooks.airflow.providers.standard.hooks.subprocess.SubprocessHook","filename":"subprocess.py","lineno":99}
{"timestamp":"2026-02-08T22:48:12.414745Z","level":"info","event":" 'full_title': 'Smartphone Samsung Galaxy A16 5g, 128gb, 4gb, Tela 6.7 Preto',","logger":"airflow.task.hooks.airflow.providers.standard.hooks.subprocess.SubprocessHook","filename":"subprocess.py","lineno":99}
{"timestamp":"2026-02-08T22:48:12.414779Z","level":"info","event":" 'memory': 'N/A',","logger":"airflow.task.hooks.airflow.providers.standard.hooks.subprocess.SubprocessHook","filename":"subprocess.py","lineno":99}
{"timestamp":"2026-02-08T22:48:12.414808Z","level":"info","event":" 'price': '1.110',","logger":"airflow.task.hooks.airflow.providers.standard.hooks.subprocess.SubprocessHook","filename":"subprocess.py","lineno":99}
{"timestamp":"2026-02-08T22:48:12.414874Z","level":"info","event":" 'rating': '4.6',","logger":"airflow.task.hooks.airflow.providers.standard.hooks.subprocess.SubprocessHook","filename":"subprocess.py","lineno":99}
{"timestamp":"2026-02-08T22:48:12.414921Z","level":"info","event":" 'short_title': 'smartphone',","logger":"airflow.task.hooks.airflow.providers.standard.hooks.subprocess.SubprocessHook","filename":"subprocess.py","lineno":99}
{"timestamp":"2026-02-08T22:48:12.414952Z","level":"info","event":" 'site_name': 'mercado_livre',","logger":"airflow.task.hooks.airflow.providers.standard.hooks.subprocess.SubprocessHook","filename":"subprocess.py","lineno":99}
{"timestamp":"2026-02-08T22:48:12.414997Z","level":"info","event":" 'storage': 'N/A'}","logger":"airflow.task.hooks.airflow.providers.standard.hooks.subprocess.SubprocessHook","filename":"subprocess.py","lineno":99}
{"timestamp":"2026-02-08T22:48:12.415739Z","level":"info","event":"2026-02-08 22:48:12 [scrapy.core.scraper] DEBUG: Scraped from <200 https://lista.mercadolivre.com.br/smartphone>","logger":"airflow.task.hooks.airflow.providers.standard.hooks.subprocess.SubprocessHook","filename":"subprocess.py","lineno":99}
{"timestamp":"2026-02-08T22:48:12.415829Z","level":"info","event":"{'color': 'N/A',","logger":"airflow.task.hooks.airflow.providers.standard.hooks.subprocess.SubprocessHook","filename":"subprocess.py","lineno":99}
{"timestamp":"2026-02-08T22:48:12.415879Z","level":"info","event":" 'full_title': 'Smartphone Realme C75 5g 256gb 8gb Ram Lightning Gold Rmx3963',","logger":"airflow.task.hooks.airflow.providers.standard.hooks.subprocess.SubprocessHook","filename":"subprocess.py","lineno":99}
{"timestamp":"2026-02-08T22:48:12.415913Z","level":"info","event":" 'memory': '8gb',","logger":"airflow.task.hooks.airflow.providers.standard.hooks.subprocess.SubprocessHook","filename":"subprocess.py","lineno":99}
{"timestamp":"2026-02-08T22:48:12.415942Z","level":"info","event":" 'price': '2.699',","logger":"airflow.task.hooks.airflow.providers.standard.hooks.subprocess.SubprocessHook","filename":"subprocess.py","lineno":99}
{"timestamp":"2026-02-08T22:48:12.415969Z","level":"info","event":" 'rating': '4.8',","logger":"airflow.task.hooks.airflow.providers.standard.hooks.subprocess.SubprocessHook","filename":"subprocess.py","lineno":99}
{"timestamp":"2026-02-08T22:48:12.415995Z","level":"info","event":" 'short_title': 'smartphone',","logger":"airflow.task.hooks.airflow.providers.standard.hooks.subprocess.SubprocessHook","filename":"subprocess.py","lineno":99}
{"timestamp":"2026-02-08T22:48:12.416021Z","level":"info","event":" 'site_name': 'mercado_livre',","logger":"airflow.task.hooks.airflow.providers.standard.hooks.subprocess.SubprocessHook","filename":"subprocess.py","lineno":99}
{"timestamp":"2026-02-08T22:48:12.416048Z","level":"info","event":" 'storage': 'N/A'}","logger":"airflow.task.hooks.airflow.providers.standard.hooks.subprocess.SubprocessHook","filename":"subprocess.py","lineno":99}
{"timestamp":"2026-02-08T22:48:12.416869Z","level":"info","event":"2026-02-08 22:48:12 [scrapy.core.scraper] DEBUG: Scraped from <200 https://lista.mercadolivre.com.br/smartphone>","logger":"airflow.task.hooks.airflow.providers.standard.hooks.subprocess.SubprocessHook","filename":"subprocess.py","lineno":99}
{"timestamp":"2026-02-08T22:48:12.416965Z","level":"info","event":"{'color': 'Branco',","logger":"airflow.task.hooks.airflow.providers.standard.hooks.subprocess.SubprocessHook","filename":"subprocess.py","lineno":99}
{"timestamp":"2026-02-08T22:48:12.417019Z","level":"info","event":" 'full_title': 'Celular Realme 15t 5g 8gb 128gb Smartphone Dual Sim Nfc Branco',","logger":"airflow.task.hooks.airflow.providers.standard.hooks.subprocess.SubprocessHook","filename":"subprocess.py","lineno":99}
{"timestamp":"2026-02-08T22:48:12.417055Z","level":"info","event":" 'memory': 'N/A',","logger":"airflow.task.hooks.airflow.providers.standard.hooks.subprocess.SubprocessHook","filename":"subprocess.py","lineno":99}
{"timestamp":"2026-02-08T22:48:12.417085Z","level":"info","event":" 'price': '2.699',","logger":"airflow.task.hooks.airflow.providers.standard.hooks.subprocess.SubprocessHook","filename":"subprocess.py","lineno":99}
{"timestamp":"2026-02-08T22:48:12.417113Z","level":"info","event":" 'rating': '4.9',","logger":"airflow.task.hooks.airflow.providers.standard.hooks.subprocess.SubprocessHook","filename":"subprocess.py","lineno":99}
{"timestamp":"2026-02-08T22:48:12.417139Z","level":"info","event":" 'short_title': 'smartphone',","logger":"airflow.task.hooks.airflow.providers.standard.hooks.subprocess.SubprocessHook","filename":"subprocess.py","lineno":99}
{"timestamp":"2026-02-08T22:48:12.417165Z","level":"info","event":" 'site_name': 'mercado_livre',","logger":"airflow.task.hooks.airflow.providers.standard.hooks.subprocess.SubprocessHook","filename":"subprocess.py","lineno":99}
{"timestamp":"2026-02-08T22:48:12.417191Z","level":"info","event":" 'storage': 'N/A'}","logger":"airflow.task.hooks.airflow.providers.standard.hooks.subprocess.SubprocessHook","filename":"subprocess.py","lineno":99}
{"timestamp":"2026-02-08T22:48:12.417939Z","level":"info","event":"2026-02-08 22:48:12 [scrapy.core.scraper] DEBUG: Scraped from <200 https://lista.mercadolivre.com.br/smartphone>","logger":"airflow.task.hooks.airflow.providers.standard.hooks.subprocess.SubprocessHook","filename":"subprocess.py","lineno":99}
{"timestamp":"2026-02-08T22:48:12.418038Z","level":"info","event":"{'color': 'N/A',","logger":"airflow.task.hooks.airflow.providers.standard.hooks.subprocess.SubprocessHook","filename":"subprocess.py","lineno":99}
{"timestamp":"2026-02-08T22:48:12.418078Z","level":"info","event":" 'full_title': 'Tcl Smartphone 60 Se 4g, Octa Core, 512gb 18gb Ram (8+10), 6.7 '","logger":"airflow.task.hooks.airflow.providers.standard.hooks.subprocess.SubprocessHook","filename":"subprocess.py","lineno":99}
{"timestamp":"2026-02-08T22:48:12.418108Z","level":"info","event":"               'Hd+ 90hz, Nfc, Dual Sim, 50mp',","logger":"airflow.task.hooks.airflow.providers.standard.hooks.subprocess.SubprocessHook","filename":"subprocess.py","lineno":99}
{"timestamp":"2026-02-08T22:48:12.418137Z","level":"info","event":" 'memory': '18gb',","logger":"airflow.task.hooks.airflow.providers.standard.hooks.subprocess.SubprocessHook","filename":"subprocess.py","lineno":99}
{"timestamp":"2026-02-08T22:48:12.418164Z","level":"info","event":" 'price': '1.349',","logger":"airflow.task.hooks.airflow.providers.standard.hooks.subprocess.SubprocessHook","filename":"subprocess.py","lineno":99}
{"timestamp":"2026-02-08T22:48:12.418190Z","level":"info","event":" 'rating': '4.4',","logger":"airflow.task.hooks.airflow.providers.standard.hooks.subprocess.SubprocessHook","filename":"subprocess.py","lineno":99}
{"timestamp":"2026-02-08T22:48:12.418216Z","level":"info","event":" 'short_title': 'smartphone',","logger":"airflow.task.hooks.airflow.providers.standard.hooks.subprocess.SubprocessHook","filename":"subprocess.py","lineno":99}
{"timestamp":"2026-02-08T22:48:12.418242Z","level":"info","event":" 'site_name': 'mercado_livre',","logger":"airflow.task.hooks.airflow.providers.standard.hooks.subprocess.SubprocessHook","filename":"subprocess.py","lineno":99}
{"timestamp":"2026-02-08T22:48:12.418268Z","level":"info","event":" 'storage': 'N/A'}","logger":"airflow.task.hooks.airflow.providers.standard.hooks.subprocess.SubprocessHook","filename":"subprocess.py","lineno":99}
{"timestamp":"2026-02-08T22:48:12.419072Z","level":"info","event":"2026-02-08 22:48:12 [scrapy.core.scraper] DEBUG: Scraped from <200 https://lista.mercadolivre.com.br/smartphone>","logger":"airflow.task.hooks.airflow.providers.standard.hooks.subprocess.SubprocessHook","filename":"subprocess.py","lineno":99}
{"timestamp":"2026-02-08T22:48:12.419157Z","level":"info","event":"{'color': 'N/A',","logger":"airflow.task.hooks.airflow.providers.standard.hooks.subprocess.SubprocessHook","filename":"subprocess.py","lineno":99}
{"timestamp":"2026-02-08T22:48:12.419205Z","level":"info","event":" 'full_title': 'Smartphone OPPO A5 Pro 256GB 8GB RAM 5G IP69 Chocolate',","logger":"airflow.task.hooks.airflow.providers.standard.hooks.subprocess.SubprocessHook","filename":"subprocess.py","lineno":99}
{"timestamp":"2026-02-08T22:48:12.419238Z","level":"info","event":" 'memory': '8GB',","logger":"airflow.task.hooks.airflow.providers.standard.hooks.subprocess.SubprocessHook","filename":"subprocess.py","lineno":99}
{"timestamp":"2026-02-08T22:48:12.419266Z","level":"info","event":" 'price': '2.899',","logger":"airflow.task.hooks.airflow.providers.standard.hooks.subprocess.SubprocessHook","filename":"subprocess.py","lineno":99}
{"timestamp":"2026-02-08T22:48:12.419293Z","level":"info","event":" 'rating': '4.8',","logger":"airflow.task.hooks.airflow.providers.standard.hooks.subprocess.SubprocessHook","filename":"subprocess.py","lineno":99}
{"timestamp":"2026-02-08T22:48:12.419319Z","level":"info","event":" 'short_title': 'smartphone',","logger":"airflow.task.hooks.airflow.providers.standard.hooks.subprocess.SubprocessHook","filename":"subprocess.py","lineno":99}
{"timestamp":"2026-02-08T22:48:12.419345Z","level":"info","event":" 'site_name': 'mercado_livre',","logger":"airflow.task.hooks.airflow.providers.standard.hooks.subprocess.SubprocessHook","filename":"subprocess.py","lineno":99}
{"timestamp":"2026-02-08T22:48:12.419370Z","level":"info","event":" 'storage': 'N/A'}","logger":"airflow.task.hooks.airflow.providers.standard.hooks.subprocess.SubprocessHook","filename":"subprocess.py","lineno":99}
{"timestamp":"2026-02-08T22:48:12.420127Z","level":"info","event":"2026-02-08 22:48:12 [scrapy.core.scraper] DEBUG: Scraped from <200 https://lista.mercadolivre.com.br/smartphone>","logger":"airflow.task.hooks.airflow.providers.standard.hooks.subprocess.SubprocessHook","filename":"subprocess.py","lineno":99}
{"timestamp":"2026-02-08T22:48:12.420212Z","level":"info","event":"{'color': 'N/A',","logger":"airflow.task.hooks.airflow.providers.standard.hooks.subprocess.SubprocessHook","filename":"subprocess.py","lineno":99}
{"timestamp":"2026-02-08T22:48:12.420262Z","level":"info","event":" 'full_title': 'Smartphone Realme 13+ 5g Dual Sim 256 Gb Dourado 8 Gb Ram Nfc '","logger":"airflow.task.hooks.airflow.providers.standard.hooks.subprocess.SubprocessHook","filename":"subprocess.py","lineno":99}
{"timestamp":"2026-02-08T22:48:12.420296Z","level":"info","event":"               'Victory Gold',","logger":"airflow.task.hooks.airflow.providers.standard.hooks.subprocess.SubprocessHook","filename":"subprocess.py","lineno":99}
{"timestamp":"2026-02-08T22:48:12.420326Z","level":"info","event":" 'memory': '8 Gb',","logger":"airflow.task.hooks.airflow.providers.standard.hooks.subprocess.SubprocessHook","filename":"subprocess.py","lineno":99}
{"timestamp":"2026-02-08T22:48:12.420354Z","level":"info","event":" 'price': '2.599',","logger":"airflow.task.hooks.airflow.providers.standard.hooks.subprocess.SubprocessHook","filename":"subprocess.py","lineno":99}
{"timestamp":"2026-02-08T22:48:12.420382Z","level":"info","event":" 'rating': '4.8',","logger":"airflow.task.hooks.airflow.providers.standard.hooks.subprocess.SubprocessHook","filename":"subprocess.py","lineno":99}
{"timestamp":"2026-02-08T22:48:12.420408Z","level":"info","event":" 'short_title': 'smartphone',","logger":"airflow.task.hooks.airflow.providers.standard.hooks.subprocess.SubprocessHook","filename":"subprocess.py","lineno":99}
{"timestamp":"2026-02-08T22:48:12.420434Z","level":"info","event":" 'site_name': 'mercado_livre',","logger":"airflow.task.hooks.airflow.providers.standard.hooks.subprocess.SubprocessHook","filename":"subprocess.py","lineno":99}
{"timestamp":"2026-02-08T22:48:12.420461Z","level":"info","event":" 'storage': 'N/A'}","logger":"airflow.task.hooks.airflow.providers.standard.hooks.subprocess.SubprocessHook","filename":"subprocess.py","lineno":99}
{"timestamp":"2026-02-08T22:48:12.421250Z","level":"info","event":"2026-02-08 22:48:12 [scrapy.core.scraper] DEBUG: Scraped from <200 https://lista.mercadolivre.com.br/smartphone>","logger":"airflow.task.hooks.airflow.providers.standard.hooks.subprocess.SubprocessHook","filename":"subprocess.py","lineno":99}
{"timestamp":"2026-02-08T22:48:12.421335Z","level":"info","event":"{'color': 'Branco',","logger":"airflow.task.hooks.airflow.providers.standard.hooks.subprocess.SubprocessHook","filename":"subprocess.py","lineno":99}
{"timestamp":"2026-02-08T22:48:12.421384Z","level":"info","event":" 'full_title': 'Smartphone OPPO Reno 13 512GB 12GB RAM 5G IP69 Branco',","logger":"airflow.task.hooks.airflow.providers.standard.hooks.subprocess.SubprocessHook","filename":"subprocess.py","lineno":99}
{"timestamp":"2026-02-08T22:48:12.421416Z","level":"info","event":" 'memory': '12GB',","logger":"airflow.task.hooks.airflow.providers.standard.hooks.subprocess.SubprocessHook","filename":"subprocess.py","lineno":99}
{"timestamp":"2026-02-08T22:48:12.421445Z","level":"info","event":" 'price': '4.999',","logger":"airflow.task.hooks.airflow.providers.standard.hooks.subprocess.SubprocessHook","filename":"subprocess.py","lineno":99}
{"timestamp":"2026-02-08T22:48:12.421472Z","level":"info","event":" 'rating': '4.8',","logger":"airflow.task.hooks.airflow.providers.standard.hooks.subprocess.SubprocessHook","filename":"subprocess.py","lineno":99}
{"timestamp":"2026-02-08T22:48:12.421498Z","level":"info","event":" 'short_title': 'smartphone',","logger":"airflow.task.hooks.airflow.providers.standard.hooks.subprocess.SubprocessHook","filename":"subprocess.py","lineno":99}
{"timestamp":"2026-02-08T22:48:12.421524Z","level":"info","event":" 'site_name': 'mercado_livre',","logger":"airflow.task.hooks.airflow.providers.standard.hooks.subprocess.SubprocessHook","filename":"subprocess.py","lineno":99}
{"timestamp":"2026-02-08T22:48:12.421550Z","level":"info","event":" 'storage': 'N/A'}","logger":"airflow.task.hooks.airflow.providers.standard.hooks.subprocess.SubprocessHook","filename":"subprocess.py","lineno":99}
{"timestamp":"2026-02-08T22:48:12.422373Z","level":"info","event":"2026-02-08 22:48:12 [scrapy.core.scraper] DEBUG: Scraped from <200 https://lista.mercadolivre.com.br/smartphone>","logger":"airflow.task.hooks.airflow.providers.standard.hooks.subprocess.SubprocessHook","filename":"subprocess.py","lineno":99}
{"timestamp":"2026-02-08T22:48:12.422455Z","level":"info","event":"{'color': 'N/A',","logger":"airflow.task.hooks.airflow.providers.standard.hooks.subprocess.SubprocessHook","filename":"subprocess.py","lineno":99}
{"timestamp":"2026-02-08T22:48:12.422503Z","level":"info","event":" 'full_title': 'Smartphone Motorola Moto G06 - 256gb 12gb (4gb Ram + 8gb Ram '","logger":"airflow.task.hooks.airflow.providers.standard.hooks.subprocess.SubprocessHook","filename":"subprocess.py","lineno":99}
{"timestamp":"2026-02-08T22:48:12.422535Z","level":"info","event":"               'Boost) E Camera 50mp Com Ai Bateria De 5200 Mah Tela 6.9 - '","logger":"airflow.task.hooks.airflow.providers.standard.hooks.subprocess.SubprocessHook","filename":"subprocess.py","lineno":99}
{"timestamp":"2026-02-08T22:48:12.422564Z","level":"info","event":"               'Verde',","logger":"airflow.task.hooks.airflow.providers.standard.hooks.subprocess.SubprocessHook","filename":"subprocess.py","lineno":99}
{"timestamp":"2026-02-08T22:48:12.422592Z","level":"info","event":" 'memory': '4gb',","logger":"airflow.task.hooks.airflow.providers.standard.hooks.subprocess.SubprocessHook","filename":"subprocess.py","lineno":99}
{"timestamp":"2026-02-08T22:48:12.422618Z","level":"info","event":" 'price': '1.199',","logger":"airflow.task.hooks.airflow.providers.standard.hooks.subprocess.SubprocessHook","filename":"subprocess.py","lineno":99}
{"timestamp":"2026-02-08T22:48:12.422644Z","level":"info","event":" 'rating': '4.9',","logger":"airflow.task.hooks.airflow.providers.standard.hooks.subprocess.SubprocessHook","filename":"subprocess.py","lineno":99}
{"timestamp":"2026-02-08T22:48:12.422669Z","level":"info","event":" 'short_title': 'smartphone',","logger":"airflow.task.hooks.airflow.providers.standard.hooks.subprocess.SubprocessHook","filename":"subprocess.py","lineno":99}
{"timestamp":"2026-02-08T22:48:12.422695Z","level":"info","event":" 'site_name': 'mercado_livre',","logger":"airflow.task.hooks.airflow.providers.standard.hooks.subprocess.SubprocessHook","filename":"subprocess.py","lineno":99}
{"timestamp":"2026-02-08T22:48:12.422719Z","level":"info","event":" 'storage': 'N/A'}","logger":"airflow.task.hooks.airflow.providers.standard.hooks.subprocess.SubprocessHook","filename":"subprocess.py","lineno":99}
{"timestamp":"2026-02-08T22:48:12.423455Z","level":"info","event":"2026-02-08 22:48:12 [scrapy.core.scraper] DEBUG: Scraped from <200 https://lista.mercadolivre.com.br/smartphone>","logger":"airflow.task.hooks.airflow.providers.standard.hooks.subprocess.SubprocessHook","filename":"subprocess.py","lineno":99}
{"timestamp":"2026-02-08T22:48:12.423539Z","level":"info","event":"{'color': 'Verde',","logger":"airflow.task.hooks.airflow.providers.standard.hooks.subprocess.SubprocessHook","filename":"subprocess.py","lineno":99}
{"timestamp":"2026-02-08T22:48:12.423589Z","level":"info","event":" 'full_title': 'Smartphone Realme C61 Nfc 256gb 8gb Ram 4g Dual Sim Cor '","logger":"airflow.task.hooks.airflow.providers.standard.hooks.subprocess.SubprocessHook","filename":"subprocess.py","lineno":99}
{"timestamp":"2026-02-08T22:48:12.423623Z","level":"info","event":"               'Verde-escuro',","logger":"airflow.task.hooks.airflow.providers.standard.hooks.subprocess.SubprocessHook","filename":"subprocess.py","lineno":99}
{"timestamp":"2026-02-08T22:48:12.423653Z","level":"info","event":" 'memory': '8gb',","logger":"airflow.task.hooks.airflow.providers.standard.hooks.subprocess.SubprocessHook","filename":"subprocess.py","lineno":99}
{"timestamp":"2026-02-08T22:48:12.423681Z","level":"info","event":" 'price': '1.095',","logger":"airflow.task.hooks.airflow.providers.standard.hooks.subprocess.SubprocessHook","filename":"subprocess.py","lineno":99}
{"timestamp":"2026-02-08T22:48:12.423707Z","level":"info","event":" 'rating': '4.8',","logger":"airflow.task.hooks.airflow.providers.standard.hooks.subprocess.SubprocessHook","filename":"subprocess.py","lineno":99}
{"timestamp":"2026-02-08T22:48:12.423733Z","level":"info","event":" 'short_title': 'smartphone',","logger":"airflow.task.hooks.airflow.providers.standard.hooks.subprocess.SubprocessHook","filename":"subprocess.py","lineno":99}
{"timestamp":"2026-02-08T22:48:12.423758Z","level":"info","event":" 'site_name': 'mercado_livre',","logger":"airflow.task.hooks.airflow.providers.standard.hooks.subprocess.SubprocessHook","filename":"subprocess.py","lineno":99}
{"timestamp":"2026-02-08T22:48:12.423784Z","level":"info","event":" 'storage': 'N/A'}","logger":"airflow.task.hooks.airflow.providers.standard.hooks.subprocess.SubprocessHook","filename":"subprocess.py","lineno":99}
{"timestamp":"2026-02-08T22:48:12.424754Z","level":"info","event":"2026-02-08 22:48:12 [scrapy.core.scraper] DEBUG: Scraped from <200 https://lista.mercadolivre.com.br/smartphone>","logger":"airflow.task.hooks.airflow.providers.standard.hooks.subprocess.SubprocessHook","filename":"subprocess.py","lineno":99}
{"timestamp":"2026-02-08T22:48:12.424843Z","level":"info","event":"{'color': 'N/A',","logger":"airflow.task.hooks.airflow.providers.standard.hooks.subprocess.SubprocessHook","filename":"subprocess.py","lineno":99}
{"timestamp":"2026-02-08T22:48:12.424894Z","level":"info","event":" 'full_title': 'Smartphone Oppo Reno 14 F Dark Side Edition 256gb 12gb Ram',","logger":"airflow.task.hooks.airflow.providers.standard.hooks.subprocess.SubprocessHook","filename":"subprocess.py","lineno":99}
{"timestamp":"2026-02-08T22:48:12.424930Z","level":"info","event":" 'memory': '12gb',","logger":"airflow.task.hooks.airflow.providers.standard.hooks.subprocess.SubprocessHook","filename":"subprocess.py","lineno":99}
{"timestamp":"2026-02-08T22:48:12.424961Z","level":"info","event":" 'price': '3.999',","logger":"airflow.task.hooks.airflow.providers.standard.hooks.subprocess.SubprocessHook","filename":"subprocess.py","lineno":99}
{"timestamp":"2026-02-08T22:48:12.424988Z","level":"info","event":" 'rating': '5.0',","logger":"airflow.task.hooks.airflow.providers.standard.hooks.subprocess.SubprocessHook","filename":"subprocess.py","lineno":99}
{"timestamp":"2026-02-08T22:48:12.425016Z","level":"info","event":" 'short_title': 'smartphone',","logger":"airflow.task.hooks.airflow.providers.standard.hooks.subprocess.SubprocessHook","filename":"subprocess.py","lineno":99}
{"timestamp":"2026-02-08T22:48:12.425044Z","level":"info","event":" 'site_name': 'mercado_livre',","logger":"airflow.task.hooks.airflow.providers.standard.hooks.subprocess.SubprocessHook","filename":"subprocess.py","lineno":99}
{"timestamp":"2026-02-08T22:48:12.425071Z","level":"info","event":" 'storage': 'N/A'}","logger":"airflow.task.hooks.airflow.providers.standard.hooks.subprocess.SubprocessHook","filename":"subprocess.py","lineno":99}
{"timestamp":"2026-02-08T22:48:12.426011Z","level":"info","event":"2026-02-08 22:48:12 [scrapy.core.scraper] DEBUG: Scraped from <200 https://lista.mercadolivre.com.br/smartphone>","logger":"airflow.task.hooks.airflow.providers.standard.hooks.subprocess.SubprocessHook","filename":"subprocess.py","lineno":99}
{"timestamp":"2026-02-08T22:48:12.426128Z","level":"info","event":"{'color': 'Cinza',","logger":"airflow.task.hooks.airflow.providers.standard.hooks.subprocess.SubprocessHook","filename":"subprocess.py","lineno":99}
{"timestamp":"2026-02-08T22:48:12.426202Z","level":"info","event":" 'full_title': \"Smartphone Nokia 2.4 Nk015 Tela 6.5'' 64gb 3gb Ram Cinza\",","logger":"airflow.task.hooks.airflow.providers.standard.hooks.subprocess.SubprocessHook","filename":"subprocess.py","lineno":99}
{"timestamp":"2026-02-08T22:48:12.426256Z","level":"info","event":" 'memory': '3gb',","logger":"airflow.task.hooks.airflow.providers.standard.hooks.subprocess.SubprocessHook","filename":"subprocess.py","lineno":99}
{"timestamp":"2026-02-08T22:48:12.426303Z","level":"info","event":" 'price': '899',","logger":"airflow.task.hooks.airflow.providers.standard.hooks.subprocess.SubprocessHook","filename":"subprocess.py","lineno":99}
{"timestamp":"2026-02-08T22:48:12.426353Z","level":"info","event":" 'rating': '4.4',","logger":"airflow.task.hooks.airflow.providers.standard.hooks.subprocess.SubprocessHook","filename":"subprocess.py","lineno":99}
{"timestamp":"2026-02-08T22:48:12.426395Z","level":"info","event":" 'short_title': 'smartphone',","logger":"airflow.task.hooks.airflow.providers.standard.hooks.subprocess.SubprocessHook","filename":"subprocess.py","lineno":99}
{"timestamp":"2026-02-08T22:48:12.426437Z","level":"info","event":" 'site_name': 'mercado_livre',","logger":"airflow.task.hooks.airflow.providers.standard.hooks.subprocess.SubprocessHook","filename":"subprocess.py","lineno":99}
{"timestamp":"2026-02-08T22:48:12.426485Z","level":"info","event":" 'storage': 'N/A'}","logger":"airflow.task.hooks.airflow.providers.standard.hooks.subprocess.SubprocessHook","filename":"subprocess.py","lineno":99}
{"timestamp":"2026-02-08T22:48:12.427327Z","level":"info","event":"2026-02-08 22:48:12 [scrapy.core.scraper] DEBUG: Scraped from <200 https://lista.mercadolivre.com.br/smartphone>","logger":"airflow.task.hooks.airflow.providers.standard.hooks.subprocess.SubprocessHook","filename":"subprocess.py","lineno":99}
{"timestamp":"2026-02-08T22:48:12.427423Z","level":"info","event":"{'color': 'N/A',","logger":"airflow.task.hooks.airflow.providers.standard.hooks.subprocess.SubprocessHook","filename":"subprocess.py","lineno":99}
{"timestamp":"2026-02-08T22:48:12.427473Z","level":"info","event":" 'full_title': 'Smartphone Realme 13+ 5g Dual Sim 256 Gb 8 Gb Ram NFC Dark '","logger":"airflow.task.hooks.airflow.providers.standard.hooks.subprocess.SubprocessHook","filename":"subprocess.py","lineno":99}
{"timestamp":"2026-02-08T22:48:12.427508Z","level":"info","event":"               'Purple',","logger":"airflow.task.hooks.airflow.providers.standard.hooks.subprocess.SubprocessHook","filename":"subprocess.py","lineno":99}
{"timestamp":"2026-02-08T22:48:12.427537Z","level":"info","event":" 'memory': '8 Gb',","logger":"airflow.task.hooks.airflow.providers.standard.hooks.subprocess.SubprocessHook","filename":"subprocess.py","lineno":99}
{"timestamp":"2026-02-08T22:48:12.427565Z","level":"info","event":" 'price': '2.999',","logger":"airflow.task.hooks.airflow.providers.standard.hooks.subprocess.SubprocessHook","filename":"subprocess.py","lineno":99}
{"timestamp":"2026-02-08T22:48:12.427592Z","level":"info","event":" 'rating': '4.8',","logger":"airflow.task.hooks.airflow.providers.standard.hooks.subprocess.SubprocessHook","filename":"subprocess.py","lineno":99}
{"timestamp":"2026-02-08T22:48:12.427617Z","level":"info","event":" 'short_title': 'smartphone',","logger":"airflow.task.hooks.airflow.providers.standard.hooks.subprocess.SubprocessHook","filename":"subprocess.py","lineno":99}
{"timestamp":"2026-02-08T22:48:12.427645Z","level":"info","event":" 'site_name': 'mercado_livre',","logger":"airflow.task.hooks.airflow.providers.standard.hooks.subprocess.SubprocessHook","filename":"subprocess.py","lineno":99}
{"timestamp":"2026-02-08T22:48:12.427672Z","level":"info","event":" 'storage': 'N/A'}","logger":"airflow.task.hooks.airflow.providers.standard.hooks.subprocess.SubprocessHook","filename":"subprocess.py","lineno":99}
{"timestamp":"2026-02-08T22:48:12.428499Z","level":"info","event":"2026-02-08 22:48:12 [scrapy.core.scraper] DEBUG: Scraped from <200 https://lista.mercadolivre.com.br/smartphone>","logger":"airflow.task.hooks.airflow.providers.standard.hooks.subprocess.SubprocessHook","filename":"subprocess.py","lineno":99}
{"timestamp":"2026-02-08T22:48:12.428577Z","level":"info","event":"{'color': 'N/A',","logger":"airflow.task.hooks.airflow.providers.standard.hooks.subprocess.SubprocessHook","filename":"subprocess.py","lineno":99}
{"timestamp":"2026-02-08T22:48:12.428626Z","level":"info","event":" 'full_title': 'Smartphone Infinix Note 40 5G 8GB RAM 256GB Câmera Tripla '","logger":"airflow.task.hooks.airflow.providers.standard.hooks.subprocess.SubprocessHook","filename":"subprocess.py","lineno":99}
{"timestamp":"2026-02-08T22:48:12.428660Z","level":"info","event":"               '108MP+ Selfie 32MP NFC 6,78” AMOLED Dual Chip - Preto',","logger":"airflow.task.hooks.airflow.providers.standard.hooks.subprocess.SubprocessHook","filename":"subprocess.py","lineno":99}
{"timestamp":"2026-02-08T22:48:12.428691Z","level":"info","event":" 'memory': '8GB',","logger":"airflow.task.hooks.airflow.providers.standard.hooks.subprocess.SubprocessHook","filename":"subprocess.py","lineno":99}
{"timestamp":"2026-02-08T22:48:12.428718Z","level":"info","event":" 'price': '2.499',","logger":"airflow.task.hooks.airflow.providers.standard.hooks.subprocess.SubprocessHook","filename":"subprocess.py","lineno":99}
{"timestamp":"2026-02-08T22:48:12.428744Z","level":"info","event":" 'rating': '4.8',","logger":"airflow.task.hooks.airflow.providers.standard.hooks.subprocess.SubprocessHook","filename":"subprocess.py","lineno":99}
{"timestamp":"2026-02-08T22:48:12.428770Z","level":"info","event":" 'short_title': 'smartphone',","logger":"airflow.task.hooks.airflow.providers.standard.hooks.subprocess.SubprocessHook","filename":"subprocess.py","lineno":99}
{"timestamp":"2026-02-08T22:48:12.428797Z","level":"info","event":" 'site_name': 'mercado_livre',","logger":"airflow.task.hooks.airflow.providers.standard.hooks.subprocess.SubprocessHook","filename":"subprocess.py","lineno":99}
{"timestamp":"2026-02-08T22:48:12.428822Z","level":"info","event":" 'storage': 'N/A'}","logger":"airflow.task.hooks.airflow.providers.standard.hooks.subprocess.SubprocessHook","filename":"subprocess.py","lineno":99}
{"timestamp":"2026-02-08T22:48:12.429578Z","level":"info","event":"2026-02-08 22:48:12 [scrapy.core.scraper] DEBUG: Scraped from <200 https://lista.mercadolivre.com.br/smartphone>","logger":"airflow.task.hooks.airflow.providers.standard.hooks.subprocess.SubprocessHook","filename":"subprocess.py","lineno":99}
{"timestamp":"2026-02-08T22:48:12.429655Z","level":"info","event":"{'color': 'N/A',","logger":"airflow.task.hooks.airflow.providers.standard.hooks.subprocess.SubprocessHook","filename":"subprocess.py","lineno":99}
{"timestamp":"2026-02-08T22:48:12.429702Z","level":"info","event":" 'full_title': 'Smartphone JOVI Y19s 256gb, 4+4gb Ram Turbo, Câmera 50mp, '","logger":"airflow.task.hooks.airflow.providers.standard.hooks.subprocess.SubprocessHook","filename":"subprocess.py","lineno":99}
{"timestamp":"2026-02-08T22:48:12.429734Z","level":"info","event":"               'Bateria 5500mah, Carregamento 15w, Tela 90hz - Azul Glacial',","logger":"airflow.task.hooks.airflow.providers.standard.hooks.subprocess.SubprocessHook","filename":"subprocess.py","lineno":99}
{"timestamp":"2026-02-08T22:48:12.429763Z","level":"info","event":" 'memory': '4gb',","logger":"airflow.task.hooks.airflow.providers.standard.hooks.subprocess.SubprocessHook","filename":"subprocess.py","lineno":99}
{"timestamp":"2026-02-08T22:48:12.429789Z","level":"info","event":" 'price': '1.499',","logger":"airflow.task.hooks.airflow.providers.standard.hooks.subprocess.SubprocessHook","filename":"subprocess.py","lineno":99}
{"timestamp":"2026-02-08T22:48:12.429816Z","level":"info","event":" 'rating': '4.6',","logger":"airflow.task.hooks.airflow.providers.standard.hooks.subprocess.SubprocessHook","filename":"subprocess.py","lineno":99}
{"timestamp":"2026-02-08T22:48:12.429842Z","level":"info","event":" 'short_title': 'smartphone',","logger":"airflow.task.hooks.airflow.providers.standard.hooks.subprocess.SubprocessHook","filename":"subprocess.py","lineno":99}
{"timestamp":"2026-02-08T22:48:12.429867Z","level":"info","event":" 'site_name': 'mercado_livre',","logger":"airflow.task.hooks.airflow.providers.standard.hooks.subprocess.SubprocessHook","filename":"subprocess.py","lineno":99}
{"timestamp":"2026-02-08T22:48:12.429892Z","level":"info","event":" 'storage': 'N/A'}","logger":"airflow.task.hooks.airflow.providers.standard.hooks.subprocess.SubprocessHook","filename":"subprocess.py","lineno":99}
{"timestamp":"2026-02-08T22:48:12.430621Z","level":"info","event":"2026-02-08 22:48:12 [scrapy.core.scraper] DEBUG: Scraped from <200 https://lista.mercadolivre.com.br/smartphone>","logger":"airflow.task.hooks.airflow.providers.standard.hooks.subprocess.SubprocessHook","filename":"subprocess.py","lineno":99}
{"timestamp":"2026-02-08T22:48:12.430698Z","level":"info","event":"{'color': 'N/A',","logger":"airflow.task.hooks.airflow.providers.standard.hooks.subprocess.SubprocessHook","filename":"subprocess.py","lineno":99}
{"timestamp":"2026-02-08T22:48:12.430745Z","level":"info","event":" 'full_title': 'Smartphone Moto G31 128gb 4gb Ram Tela 6,4 Grafite Motorola',","logger":"airflow.task.hooks.airflow.providers.standard.hooks.subprocess.SubprocessHook","filename":"subprocess.py","lineno":99}
{"timestamp":"2026-02-08T22:48:12.430776Z","level":"info","event":" 'memory': '4gb',","logger":"airflow.task.hooks.airflow.providers.standard.hooks.subprocess.SubprocessHook","filename":"subprocess.py","lineno":99}
{"timestamp":"2026-02-08T22:48:12.430804Z","level":"info","event":" 'price': '1.399',","logger":"airflow.task.hooks.airflow.providers.standard.hooks.subprocess.SubprocessHook","filename":"subprocess.py","lineno":99}
{"timestamp":"2026-02-08T22:48:12.430830Z","level":"info","event":" 'rating': '4.7',","logger":"airflow.task.hooks.airflow.providers.standard.hooks.subprocess.SubprocessHook","filename":"subprocess.py","lineno":99}
{"timestamp":"2026-02-08T22:48:12.430855Z","level":"info","event":" 'short_title': 'smartphone',","logger":"airflow.task.hooks.airflow.providers.standard.hooks.subprocess.SubprocessHook","filename":"subprocess.py","lineno":99}
{"timestamp":"2026-02-08T22:48:12.430881Z","level":"info","event":" 'site_name': 'mercado_livre',","logger":"airflow.task.hooks.airflow.providers.standard.hooks.subprocess.SubprocessHook","filename":"subprocess.py","lineno":99}
{"timestamp":"2026-02-08T22:48:12.430919Z","level":"info","event":" 'storage': 'N/A'}","logger":"airflow.task.hooks.airflow.providers.standard.hooks.subprocess.SubprocessHook","filename":"subprocess.py","lineno":99}
{"timestamp":"2026-02-08T22:48:19.256389Z","level":"info","event":"2026-02-08 22:48:19 [scrapy.core.engine] DEBUG: Crawled (200) <GET https://lista.mercadolivre.com.br/tablet#D%5BA:tablet%5D> (referer: None)","logger":"airflow.task.hooks.airflow.providers.standard.hooks.subprocess.SubprocessHook","filename":"subprocess.py","lineno":99}
{"timestamp":"2026-02-08T22:48:19.396172Z","level":"info","event":"2026-02-08 22:48:19 [scrapy.core.scraper] DEBUG: Scraped from <200 https://lista.mercadolivre.com.br/tablet>","logger":"airflow.task.hooks.airflow.providers.standard.hooks.subprocess.SubprocessHook","filename":"subprocess.py","lineno":99}
{"timestamp":"2026-02-08T22:48:19.396334Z","level":"info","event":"{'color': 'Azul',","logger":"airflow.task.hooks.airflow.providers.standard.hooks.subprocess.SubprocessHook","filename":"subprocess.py","lineno":99}
{"timestamp":"2026-02-08T22:48:19.396389Z","level":"info","event":" 'full_title': 'Tablet Pc 6gb Ram 256gb 10 Polegadas Android Mil10 Cor Azul',","logger":"airflow.task.hooks.airflow.providers.standard.hooks.subprocess.SubprocessHook","filename":"subprocess.py","lineno":99}
{"timestamp":"2026-02-08T22:48:19.396425Z","level":"info","event":" 'memory': '6gb',","logger":"airflow.task.hooks.airflow.providers.standard.hooks.subprocess.SubprocessHook","filename":"subprocess.py","lineno":99}
{"timestamp":"2026-02-08T22:48:19.396458Z","level":"info","event":" 'price': '880',","logger":"airflow.task.hooks.airflow.providers.standard.hooks.subprocess.SubprocessHook","filename":"subprocess.py","lineno":99}
{"timestamp":"2026-02-08T22:48:19.396487Z","level":"info","event":" 'rating': '4.5',","logger":"airflow.task.hooks.airflow.providers.standard.hooks.subprocess.SubprocessHook","filename":"subprocess.py","lineno":99}
{"timestamp":"2026-02-08T22:48:19.396515Z","level":"info","event":" 'short_title': 'tablet',","logger":"airflow.task.hooks.airflow.providers.standard.hooks.subprocess.SubprocessHook","filename":"subprocess.py","lineno":99}
{"timestamp":"2026-02-08T22:48:19.396543Z","level":"info","event":" 'site_name': 'mercado_livre',","logger":"airflow.task.hooks.airflow.providers.standard.hooks.subprocess.SubprocessHook","filename":"subprocess.py","lineno":99}
{"timestamp":"2026-02-08T22:48:19.396570Z","level":"info","event":" 'storage': 'N/A'}","logger":"airflow.task.hooks.airflow.providers.standard.hooks.subprocess.SubprocessHook","filename":"subprocess.py","lineno":99}
{"timestamp":"2026-02-08T22:48:19.404300Z","level":"info","event":"2026-02-08 22:48:19 [scrapy.core.scraper] DEBUG: Scraped from <200 https://lista.mercadolivre.com.br/tablet>","logger":"airflow.task.hooks.airflow.providers.standard.hooks.subprocess.SubprocessHook","filename":"subprocess.py","lineno":99}
{"timestamp":"2026-02-08T22:48:19.404407Z","level":"info","event":"{'color': 'N/A',","logger":"airflow.task.hooks.airflow.providers.standard.hooks.subprocess.SubprocessHook","filename":"subprocess.py","lineno":99}
{"timestamp":"2026-02-08T22:48:19.404448Z","level":"info","event":" 'full_title': 'Tablet Positivo Vision TAB 7 - Processador Octa-Core 3GB RAM '","logger":"airflow.task.hooks.airflow.providers.standard.hooks.subprocess.SubprocessHook","filename":"subprocess.py","lineno":99}
{"timestamp":"2026-02-08T22:48:19.404481Z","level":"info","event":"               '64GB Armazenamento, Tela 7” IPS, Bateria 3100mAh, Android 14 '","logger":"airflow.task.hooks.airflow.providers.standard.hooks.subprocess.SubprocessHook","filename":"subprocess.py","lineno":99}
{"timestamp":"2026-02-08T22:48:19.404511Z","level":"info","event":"               'Go, Wi-fi - Preto',","logger":"airflow.task.hooks.airflow.providers.standard.hooks.subprocess.SubprocessHook","filename":"subprocess.py","lineno":99}
{"timestamp":"2026-02-08T22:48:19.404541Z","level":"info","event":" 'memory': '3GB',","logger":"airflow.task.hooks.airflow.providers.standard.hooks.subprocess.SubprocessHook","filename":"subprocess.py","lineno":99}
{"timestamp":"2026-02-08T22:48:19.404569Z","level":"info","event":" 'price': '599',","logger":"airflow.task.hooks.airflow.providers.standard.hooks.subprocess.SubprocessHook","filename":"subprocess.py","lineno":99}
{"timestamp":"2026-02-08T22:48:19.404596Z","level":"info","event":" 'rating': '4.5',","logger":"airflow.task.hooks.airflow.providers.standard.hooks.subprocess.SubprocessHook","filename":"subprocess.py","lineno":99}
{"timestamp":"2026-02-08T22:48:19.404621Z","level":"info","event":" 'short_title': 'tablet',","logger":"airflow.task.hooks.airflow.providers.standard.hooks.subprocess.SubprocessHook","filename":"subprocess.py","lineno":99}
{"timestamp":"2026-02-08T22:48:19.404647Z","level":"info","event":" 'site_name': 'mercado_livre',","logger":"airflow.task.hooks.airflow.providers.standard.hooks.subprocess.SubprocessHook","filename":"subprocess.py","lineno":99}
{"timestamp":"2026-02-08T22:48:19.404673Z","level":"info","event":" 'storage': 'N/A'}","logger":"airflow.task.hooks.airflow.providers.standard.hooks.subprocess.SubprocessHook","filename":"subprocess.py","lineno":99}
{"timestamp":"2026-02-08T22:48:19.405773Z","level":"info","event":"2026-02-08 22:48:19 [scrapy.core.scraper] DEBUG: Scraped from <200 https://lista.mercadolivre.com.br/tablet>","logger":"airflow.task.hooks.airflow.providers.standard.hooks.subprocess.SubprocessHook","filename":"subprocess.py","lineno":99}
{"timestamp":"2026-02-08T22:48:19.405872Z","level":"info","event":"{'color': 'Prata',","logger":"airflow.task.hooks.airflow.providers.standard.hooks.subprocess.SubprocessHook","filename":"subprocess.py","lineno":99}
{"timestamp":"2026-02-08T22:48:19.405924Z","level":"info","event":" 'full_title': 'Galaxy Tab A11, 64gb, 4gb Ram, Tela De 8.7 , Bateria 5.100mah, '","logger":"airflow.task.hooks.airflow.providers.standard.hooks.subprocess.SubprocessHook","filename":"subprocess.py","lineno":99}
{"timestamp":"2026-02-08T22:48:19.405961Z","level":"info","event":"               'Câmera Frontal 5mp, Câmera Traseira 8mp, Wifi Prata',","logger":"airflow.task.hooks.airflow.providers.standard.hooks.subprocess.SubprocessHook","filename":"subprocess.py","lineno":99}
{"timestamp":"2026-02-08T22:48:19.405993Z","level":"info","event":" 'memory': '4gb',","logger":"airflow.task.hooks.airflow.providers.standard.hooks.subprocess.SubprocessHook","filename":"subprocess.py","lineno":99}
{"timestamp":"2026-02-08T22:48:19.406022Z","level":"info","event":" 'price': '1.499',","logger":"airflow.task.hooks.airflow.providers.standard.hooks.subprocess.SubprocessHook","filename":"subprocess.py","lineno":99}
{"timestamp":"2026-02-08T22:48:19.406050Z","level":"info","event":" 'rating': '4.9',","logger":"airflow.task.hooks.airflow.providers.standard.hooks.subprocess.SubprocessHook","filename":"subprocess.py","lineno":99}
{"timestamp":"2026-02-08T22:48:19.406076Z","level":"info","event":" 'short_title': 'tablet',","logger":"airflow.task.hooks.airflow.providers.standard.hooks.subprocess.SubprocessHook","filename":"subprocess.py","lineno":99}
{"timestamp":"2026-02-08T22:48:19.406102Z","level":"info","event":" 'site_name': 'mercado_livre',","logger":"airflow.task.hooks.airflow.providers.standard.hooks.subprocess.SubprocessHook","filename":"subprocess.py","lineno":99}
{"timestamp":"2026-02-08T22:48:19.406130Z","level":"info","event":" 'storage': 'N/A'}","logger":"airflow.task.hooks.airflow.providers.standard.hooks.subprocess.SubprocessHook","filename":"subprocess.py","lineno":99}
{"timestamp":"2026-02-08T22:48:19.406950Z","level":"info","event":"2026-02-08 22:48:19 [scrapy.core.scraper] DEBUG: Scraped from <200 https://lista.mercadolivre.com.br/tablet>","logger":"airflow.task.hooks.airflow.providers.standard.hooks.subprocess.SubprocessHook","filename":"subprocess.py","lineno":99}
{"timestamp":"2026-02-08T22:48:19.407039Z","level":"info","event":"{'color': 'Cinza',","logger":"airflow.task.hooks.airflow.providers.standard.hooks.subprocess.SubprocessHook","filename":"subprocess.py","lineno":99}
{"timestamp":"2026-02-08T22:48:19.407092Z","level":"info","event":" 'full_title': 'Tablet Lenovo Tab 10.1¨ Wifi 5 64gb 4gb De Ram Android 14 '","logger":"airflow.task.hooks.airflow.providers.standard.hooks.subprocess.SubprocessHook","filename":"subprocess.py","lineno":99}
{"timestamp":"2026-02-08T22:48:19.407129Z","level":"info","event":"               'Cinza',","logger":"airflow.task.hooks.airflow.providers.standard.hooks.subprocess.SubprocessHook","filename":"subprocess.py","lineno":99}
{"timestamp":"2026-02-08T22:48:19.407161Z","level":"info","event":" 'memory': 'N/A',","logger":"airflow.task.hooks.airflow.providers.standard.hooks.subprocess.SubprocessHook","filename":"subprocess.py","lineno":99}
{"timestamp":"2026-02-08T22:48:19.407191Z","level":"info","event":" 'price': '1.170',","logger":"airflow.task.hooks.airflow.providers.standard.hooks.subprocess.SubprocessHook","filename":"subprocess.py","lineno":99}
{"timestamp":"2026-02-08T22:48:19.407218Z","level":"info","event":" 'rating': '4.9',","logger":"airflow.task.hooks.airflow.providers.standard.hooks.subprocess.SubprocessHook","filename":"subprocess.py","lineno":99}
{"timestamp":"2026-02-08T22:48:19.407244Z","level":"info","event":" 'short_title': 'tablet',","logger":"airflow.task.hooks.airflow.providers.standard.hooks.subprocess.SubprocessHook","filename":"subprocess.py","lineno":99}
{"timestamp":"2026-02-08T22:48:19.407270Z","level":"info","event":" 'site_name': 'mercado_livre',","logger":"airflow.task.hooks.airflow.providers.standard.hooks.subprocess.SubprocessHook","filename":"subprocess.py","lineno":99}
{"timestamp":"2026-02-08T22:48:19.407296Z","level":"info","event":" 'storage': 'N/A'}","logger":"airflow.task.hooks.airflow.providers.standard.hooks.subprocess.SubprocessHook","filename":"subprocess.py","lineno":99}
{"timestamp":"2026-02-08T22:48:19.408199Z","level":"info","event":"2026-02-08 22:48:19 [scrapy.core.scraper] DEBUG: Scraped from <200 https://lista.mercadolivre.com.br/tablet>","logger":"airflow.task.hooks.airflow.providers.standard.hooks.subprocess.SubprocessHook","filename":"subprocess.py","lineno":99}
{"timestamp":"2026-02-08T22:48:19.408281Z","level":"info","event":"{'color': 'N/A',","logger":"airflow.task.hooks.airflow.providers.standard.hooks.subprocess.SubprocessHook","filename":"subprocess.py","lineno":99}
{"timestamp":"2026-02-08T22:48:19.408331Z","level":"info","event":" 'full_title': 'Tablet T88 6GB 256GB Octa-Core Tela 8” HD 5G Wi-Fi Câmera 8MP '","logger":"airflow.task.hooks.airflow.providers.standard.hooks.subprocess.SubprocessHook","filename":"subprocess.py","lineno":99}
{"timestamp":"2026-02-08T22:48:19.408366Z","level":"info","event":"               'Selfie 5MP 5000mAh Android 13, com Suporte a Cartão SIM,Com '","logger":"airflow.task.hooks.airflow.providers.standard.hooks.subprocess.SubprocessHook","filename":"subprocess.py","lineno":99}
{"timestamp":"2026-02-08T22:48:19.408398Z","level":"info","event":"               'caneta stylus e capa de proteção-Cor Dourado-escuro',","logger":"airflow.task.hooks.airflow.providers.standard.hooks.subprocess.SubprocessHook","filename":"subprocess.py","lineno":99}
{"timestamp":"2026-02-08T22:48:19.408428Z","level":"info","event":" 'memory': 'N/A',","logger":"airflow.task.hooks.airflow.providers.standard.hooks.subprocess.SubprocessHook","filename":"subprocess.py","lineno":99}
{"timestamp":"2026-02-08T22:48:19.408456Z","level":"info","event":" 'price': '557',","logger":"airflow.task.hooks.airflow.providers.standard.hooks.subprocess.SubprocessHook","filename":"subprocess.py","lineno":99}
{"timestamp":"2026-02-08T22:48:19.408482Z","level":"info","event":" 'rating': '4.0',","logger":"airflow.task.hooks.airflow.providers.standard.hooks.subprocess.SubprocessHook","filename":"subprocess.py","lineno":99}
{"timestamp":"2026-02-08T22:48:19.408508Z","level":"info","event":" 'short_title': 'tablet',","logger":"airflow.task.hooks.airflow.providers.standard.hooks.subprocess.SubprocessHook","filename":"subprocess.py","lineno":99}
{"timestamp":"2026-02-08T22:48:19.408535Z","level":"info","event":" 'site_name': 'mercado_livre',","logger":"airflow.task.hooks.airflow.providers.standard.hooks.subprocess.SubprocessHook","filename":"subprocess.py","lineno":99}
{"timestamp":"2026-02-08T22:48:19.408560Z","level":"info","event":" 'storage': 'N/A'}","logger":"airflow.task.hooks.airflow.providers.standard.hooks.subprocess.SubprocessHook","filename":"subprocess.py","lineno":99}
{"timestamp":"2026-02-08T22:48:19.409506Z","level":"info","event":"2026-02-08 22:48:19 [scrapy.core.scraper] DEBUG: Scraped from <200 https://lista.mercadolivre.com.br/tablet>","logger":"airflow.task.hooks.airflow.providers.standard.hooks.subprocess.SubprocessHook","filename":"subprocess.py","lineno":99}
{"timestamp":"2026-02-08T22:48:19.409595Z","level":"info","event":"{'color': 'N/A',","logger":"airflow.task.hooks.airflow.providers.standard.hooks.subprocess.SubprocessHook","filename":"subprocess.py","lineno":99}
{"timestamp":"2026-02-08T22:48:19.409647Z","level":"info","event":" 'full_title': 'Tablet Pc 6gb Ram 256gb 10 Polegadas Android Mil10 Cor Roxo',","logger":"airflow.task.hooks.airflow.providers.standard.hooks.subprocess.SubprocessHook","filename":"subprocess.py","lineno":99}
{"timestamp":"2026-02-08T22:48:19.409683Z","level":"info","event":" 'memory': '6gb',","logger":"airflow.task.hooks.airflow.providers.standard.hooks.subprocess.SubprocessHook","filename":"subprocess.py","lineno":99}
{"timestamp":"2026-02-08T22:48:19.409713Z","level":"info","event":" 'price': '880',","logger":"airflow.task.hooks.airflow.providers.standard.hooks.subprocess.SubprocessHook","filename":"subprocess.py","lineno":99}
{"timestamp":"2026-02-08T22:48:19.409741Z","level":"info","event":" 'rating': '4.5',","logger":"airflow.task.hooks.airflow.providers.standard.hooks.subprocess.SubprocessHook","filename":"subprocess.py","lineno":99}
{"timestamp":"2026-02-08T22:48:19.409769Z","level":"info","event":" 'short_title': 'tablet',","logger":"airflow.task.hooks.airflow.providers.standard.hooks.subprocess.SubprocessHook","filename":"subprocess.py","lineno":99}
{"timestamp":"2026-02-08T22:48:19.409797Z","level":"info","event":" 'site_name': 'mercado_livre',","logger":"airflow.task.hooks.airflow.providers.standard.hooks.subprocess.SubprocessHook","filename":"subprocess.py","lineno":99}
{"timestamp":"2026-02-08T22:48:19.409824Z","level":"info","event":" 'storage': 'N/A'}","logger":"airflow.task.hooks.airflow.providers.standard.hooks.subprocess.SubprocessHook","filename":"subprocess.py","lineno":99}
{"timestamp":"2026-02-08T22:48:19.410839Z","level":"info","event":"2026-02-08 22:48:19 [scrapy.core.scraper] DEBUG: Scraped from <200 https://lista.mercadolivre.com.br/tablet>","logger":"airflow.task.hooks.airflow.providers.standard.hooks.subprocess.SubprocessHook","filename":"subprocess.py","lineno":99}
{"timestamp":"2026-02-08T22:48:19.410925Z","level":"info","event":"{'color': 'Azul',","logger":"airflow.task.hooks.airflow.providers.standard.hooks.subprocess.SubprocessHook","filename":"subprocess.py","lineno":99}
{"timestamp":"2026-02-08T22:48:19.410974Z","level":"info","event":" 'full_title': 'Tablet Roblox Infantil 7 8gb Ram 128gb Capa Caneta Wi-fi 5g '","logger":"airflow.task.hooks.airflow.providers.standard.hooks.subprocess.SubprocessHook","filename":"subprocess.py","lineno":99}
{"timestamp":"2026-02-08T22:48:19.411009Z","level":"info","event":"               'Azul',","logger":"airflow.task.hooks.airflow.providers.standard.hooks.subprocess.SubprocessHook","filename":"subprocess.py","lineno":99}
{"timestamp":"2026-02-08T22:48:19.411038Z","level":"info","event":" 'memory': '8gb',","logger":"airflow.task.hooks.airflow.providers.standard.hooks.subprocess.SubprocessHook","filename":"subprocess.py","lineno":99}
{"timestamp":"2026-02-08T22:48:19.411114Z","level":"info","event":" 'price': '359',","logger":"airflow.task.hooks.airflow.providers.standard.hooks.subprocess.SubprocessHook","filename":"subprocess.py","lineno":99}
{"timestamp":"2026-02-08T22:48:19.411152Z","level":"info","event":" 'rating': '1 vendido',","logger":"airflow.task.hooks.airflow.providers.standard.hooks.subprocess.SubprocessHook","filename":"subprocess.py","lineno":99}
{"timestamp":"2026-02-08T22:48:19.411184Z","level":"info","event":" 'short_title': 'tablet',","logger":"airflow.task.hooks.airflow.providers.standard.hooks.subprocess.SubprocessHook","filename":"subprocess.py","lineno":99}
{"timestamp":"2026-02-08T22:48:19.411212Z","level":"info","event":" 'site_name': 'mercado_livre',","logger":"airflow.task.hooks.airflow.providers.standard.hooks.subprocess.SubprocessHook","filename":"subprocess.py","lineno":99}
{"timestamp":"2026-02-08T22:48:19.411239Z","level":"info","event":" 'storage': 'N/A'}","logger":"airflow.task.hooks.airflow.providers.standard.hooks.subprocess.SubprocessHook","filename":"subprocess.py","lineno":99}
{"timestamp":"2026-02-08T22:48:19.412151Z","level":"info","event":"2026-02-08 22:48:19 [scrapy.core.scraper] DEBUG: Scraped from <200 https://lista.mercadolivre.com.br/tablet>","logger":"airflow.task.hooks.airflow.providers.standard.hooks.subprocess.SubprocessHook","filename":"subprocess.py","lineno":99}
{"timestamp":"2026-02-08T22:48:19.412231Z","level":"info","event":"{'color': 'N/A',","logger":"airflow.task.hooks.airflow.providers.standard.hooks.subprocess.SubprocessHook","filename":"subprocess.py","lineno":99}
{"timestamp":"2026-02-08T22:48:19.412280Z","level":"info","event":" 'full_title': 'Tablet Samsung Tab A9+ 64gb 4gb Ram - 5G - Enterprise Edition '","logger":"airflow.task.hooks.airflow.providers.standard.hooks.subprocess.SubprocessHook","filename":"subprocess.py","lineno":99}
{"timestamp":"2026-02-08T22:48:19.412313Z","level":"info","event":"               'Tela 11.0\" X216 Grafit',","logger":"airflow.task.hooks.airflow.providers.standard.hooks.subprocess.SubprocessHook","filename":"subprocess.py","lineno":99}
{"timestamp":"2026-02-08T22:48:19.412344Z","level":"info","event":" 'memory': '4gb',","logger":"airflow.task.hooks.airflow.providers.standard.hooks.subprocess.SubprocessHook","filename":"subprocess.py","lineno":99}
{"timestamp":"2026-02-08T22:48:19.412371Z","level":"info","event":" 'price': '1.784',","logger":"airflow.task.hooks.airflow.providers.standard.hooks.subprocess.SubprocessHook","filename":"subprocess.py","lineno":99}
{"timestamp":"2026-02-08T22:48:19.412398Z","level":"info","event":" 'rating': '4.9',","logger":"airflow.task.hooks.airflow.providers.standard.hooks.subprocess.SubprocessHook","filename":"subprocess.py","lineno":99}
{"timestamp":"2026-02-08T22:48:19.412425Z","level":"info","event":" 'short_title': 'tablet',","logger":"airflow.task.hooks.airflow.providers.standard.hooks.subprocess.SubprocessHook","filename":"subprocess.py","lineno":99}
{"timestamp":"2026-02-08T22:48:19.412451Z","level":"info","event":" 'site_name': 'mercado_livre',","logger":"airflow.task.hooks.airflow.providers.standard.hooks.subprocess.SubprocessHook","filename":"subprocess.py","lineno":99}
{"timestamp":"2026-02-08T22:48:19.412476Z","level":"info","event":" 'storage': 'N/A'}","logger":"airflow.task.hooks.airflow.providers.standard.hooks.subprocess.SubprocessHook","filename":"subprocess.py","lineno":99}
{"timestamp":"2026-02-08T22:48:19.413416Z","level":"info","event":"2026-02-08 22:48:19 [scrapy.core.scraper] DEBUG: Scraped from <200 https://lista.mercadolivre.com.br/tablet>","logger":"airflow.task.hooks.airflow.providers.standard.hooks.subprocess.SubprocessHook","filename":"subprocess.py","lineno":99}
{"timestamp":"2026-02-08T22:48:19.413498Z","level":"info","event":"{'color': 'Cinza',","logger":"airflow.task.hooks.airflow.providers.standard.hooks.subprocess.SubprocessHook","filename":"subprocess.py","lineno":99}
{"timestamp":"2026-02-08T22:48:19.413546Z","level":"info","event":" 'full_title': 'Tab Samsung Galaxy S10 Lite 128gb, 6gb Ram Cinza',","logger":"airflow.task.hooks.airflow.providers.standard.hooks.subprocess.SubprocessHook","filename":"subprocess.py","lineno":99}
{"timestamp":"2026-02-08T22:48:19.413579Z","level":"info","event":" 'memory': '6gb',","logger":"airflow.task.hooks.airflow.providers.standard.hooks.subprocess.SubprocessHook","filename":"subprocess.py","lineno":99}
{"timestamp":"2026-02-08T22:48:19.413608Z","level":"info","event":" 'price': '2.999',","logger":"airflow.task.hooks.airflow.providers.standard.hooks.subprocess.SubprocessHook","filename":"subprocess.py","lineno":99}
{"timestamp":"2026-02-08T22:48:19.413635Z","level":"info","event":" 'rating': '5.0',","logger":"airflow.task.hooks.airflow.providers.standard.hooks.subprocess.SubprocessHook","filename":"subprocess.py","lineno":99}
{"timestamp":"2026-02-08T22:48:19.413662Z","level":"info","event":" 'short_title': 'tablet',","logger":"airflow.task.hooks.airflow.providers.standard.hooks.subprocess.SubprocessHook","filename":"subprocess.py","lineno":99}
{"timestamp":"2026-02-08T22:48:19.413687Z","level":"info","event":" 'site_name': 'mercado_livre',","logger":"airflow.task.hooks.airflow.providers.standard.hooks.subprocess.SubprocessHook","filename":"subprocess.py","lineno":99}
{"timestamp":"2026-02-08T22:48:19.413713Z","level":"info","event":" 'storage': 'N/A'}","logger":"airflow.task.hooks.airflow.providers.standard.hooks.subprocess.SubprocessHook","filename":"subprocess.py","lineno":99}
{"timestamp":"2026-02-08T22:48:19.414682Z","level":"info","event":"2026-02-08 22:48:19 [scrapy.core.scraper] DEBUG: Scraped from <200 https://lista.mercadolivre.com.br/tablet>","logger":"airflow.task.hooks.airflow.providers.standard.hooks.subprocess.SubprocessHook","filename":"subprocess.py","lineno":99}
{"timestamp":"2026-02-08T22:48:19.414772Z","level":"info","event":"{'color': 'N/A',","logger":"airflow.task.hooks.airflow.providers.standard.hooks.subprocess.SubprocessHook","filename":"subprocess.py","lineno":99}
{"timestamp":"2026-02-08T22:48:19.414824Z","level":"info","event":" 'full_title': 'Tablet VAIO TL10 8GB 128GB Octa-Core, Tela 10.4” 2K, 4G WiFi, '","logger":"airflow.task.hooks.airflow.providers.standard.hooks.subprocess.SubprocessHook","filename":"subprocess.py","lineno":99}
{"timestamp":"2026-02-08T22:48:19.414862Z","level":"info","event":"               'Câmera 8MP + Selfie 5MP, 7000mAh, Android 13, com Teclado de '","logger":"airflow.task.hooks.airflow.providers.standard.hooks.subprocess.SubprocessHook","filename":"subprocess.py","lineno":99}
{"timestamp":"2026-02-08T22:48:19.414893Z","level":"info","event":"               'Conexão Inteligente – Preto',","logger":"airflow.task.hooks.airflow.providers.standard.hooks.subprocess.SubprocessHook","filename":"subprocess.py","lineno":99}
{"timestamp":"2026-02-08T22:48:19.414939Z","level":"info","event":" 'memory': 'N/A',","logger":"airflow.task.hooks.airflow.providers.standard.hooks.subprocess.SubprocessHook","filename":"subprocess.py","lineno":99}
{"timestamp":"2026-02-08T22:48:19.414968Z","level":"info","event":" 'price': '1.949',","logger":"airflow.task.hooks.airflow.providers.standard.hooks.subprocess.SubprocessHook","filename":"subprocess.py","lineno":99}
{"timestamp":"2026-02-08T22:48:19.414996Z","level":"info","event":" 'rating': '4.7',","logger":"airflow.task.hooks.airflow.providers.standard.hooks.subprocess.SubprocessHook","filename":"subprocess.py","lineno":99}
{"timestamp":"2026-02-08T22:48:19.415021Z","level":"info","event":" 'short_title': 'tablet',","logger":"airflow.task.hooks.airflow.providers.standard.hooks.subprocess.SubprocessHook","filename":"subprocess.py","lineno":99}
{"timestamp":"2026-02-08T22:48:19.415046Z","level":"info","event":" 'site_name': 'mercado_livre',","logger":"airflow.task.hooks.airflow.providers.standard.hooks.subprocess.SubprocessHook","filename":"subprocess.py","lineno":99}
{"timestamp":"2026-02-08T22:48:19.415072Z","level":"info","event":" 'storage': 'N/A'}","logger":"airflow.task.hooks.airflow.providers.standard.hooks.subprocess.SubprocessHook","filename":"subprocess.py","lineno":99}
{"timestamp":"2026-02-08T22:48:19.415996Z","level":"info","event":"2026-02-08 22:48:19 [scrapy.core.scraper] DEBUG: Scraped from <200 https://lista.mercadolivre.com.br/tablet>","logger":"airflow.task.hooks.airflow.providers.standard.hooks.subprocess.SubprocessHook","filename":"subprocess.py","lineno":99}
{"timestamp":"2026-02-08T22:48:19.416080Z","level":"info","event":"{'color': 'N/A',","logger":"airflow.task.hooks.airflow.providers.standard.hooks.subprocess.SubprocessHook","filename":"subprocess.py","lineno":99}
{"timestamp":"2026-02-08T22:48:19.416130Z","level":"info","event":" 'full_title': 'Tablet Bml Android Ram 12g+512g Wifi 5g Caneta +teclad 2025',","logger":"airflow.task.hooks.airflow.providers.standard.hooks.subprocess.SubprocessHook","filename":"subprocess.py","lineno":99}
{"timestamp":"2026-02-08T22:48:19.416164Z","level":"info","event":" 'memory': 'N/A',","logger":"airflow.task.hooks.airflow.providers.standard.hooks.subprocess.SubprocessHook","filename":"subprocess.py","lineno":99}
{"timestamp":"2026-02-08T22:48:19.416192Z","level":"info","event":" 'price': '1.399',","logger":"airflow.task.hooks.airflow.providers.standard.hooks.subprocess.SubprocessHook","filename":"subprocess.py","lineno":99}
{"timestamp":"2026-02-08T22:48:19.416220Z","level":"info","event":" 'rating': '+50 vendidos',","logger":"airflow.task.hooks.airflow.providers.standard.hooks.subprocess.SubprocessHook","filename":"subprocess.py","lineno":99}
{"timestamp":"2026-02-08T22:48:19.416247Z","level":"info","event":" 'short_title': 'tablet',","logger":"airflow.task.hooks.airflow.providers.standard.hooks.subprocess.SubprocessHook","filename":"subprocess.py","lineno":99}
{"timestamp":"2026-02-08T22:48:19.416273Z","level":"info","event":" 'site_name': 'mercado_livre',","logger":"airflow.task.hooks.airflow.providers.standard.hooks.subprocess.SubprocessHook","filename":"subprocess.py","lineno":99}
{"timestamp":"2026-02-08T22:48:19.416298Z","level":"info","event":" 'storage': 'N/A'}","logger":"airflow.task.hooks.airflow.providers.standard.hooks.subprocess.SubprocessHook","filename":"subprocess.py","lineno":99}
{"timestamp":"2026-02-08T22:48:19.417221Z","level":"info","event":"2026-02-08 22:48:19 [scrapy.core.scraper] DEBUG: Scraped from <200 https://lista.mercadolivre.com.br/tablet>","logger":"airflow.task.hooks.airflow.providers.standard.hooks.subprocess.SubprocessHook","filename":"subprocess.py","lineno":99}
{"timestamp":"2026-02-08T22:48:19.417301Z","level":"info","event":"{'color': 'Cinza',","logger":"airflow.task.hooks.airflow.providers.standard.hooks.subprocess.SubprocessHook","filename":"subprocess.py","lineno":99}
{"timestamp":"2026-02-08T22:48:19.417350Z","level":"info","event":" 'full_title': 'Tablet Pc 6gb Ram 256gb 10 Polegadas Android Mil10 Cor Cinza',","logger":"airflow.task.hooks.airflow.providers.standard.hooks.subprocess.SubprocessHook","filename":"subprocess.py","lineno":99}
{"timestamp":"2026-02-08T22:48:19.417383Z","level":"info","event":" 'memory': '6gb',","logger":"airflow.task.hooks.airflow.providers.standard.hooks.subprocess.SubprocessHook","filename":"subprocess.py","lineno":99}
{"timestamp":"2026-02-08T22:48:19.417411Z","level":"info","event":" 'price': '1.088',","logger":"airflow.task.hooks.airflow.providers.standard.hooks.subprocess.SubprocessHook","filename":"subprocess.py","lineno":99}
{"timestamp":"2026-02-08T22:48:19.417439Z","level":"info","event":" 'rating': '4.5',","logger":"airflow.task.hooks.airflow.providers.standard.hooks.subprocess.SubprocessHook","filename":"subprocess.py","lineno":99}
{"timestamp":"2026-02-08T22:48:19.417465Z","level":"info","event":" 'short_title': 'tablet',","logger":"airflow.task.hooks.airflow.providers.standard.hooks.subprocess.SubprocessHook","filename":"subprocess.py","lineno":99}
{"timestamp":"2026-02-08T22:48:19.417491Z","level":"info","event":" 'site_name': 'mercado_livre',","logger":"airflow.task.hooks.airflow.providers.standard.hooks.subprocess.SubprocessHook","filename":"subprocess.py","lineno":99}
{"timestamp":"2026-02-08T22:48:19.417517Z","level":"info","event":" 'storage': 'N/A'}","logger":"airflow.task.hooks.airflow.providers.standard.hooks.subprocess.SubprocessHook","filename":"subprocess.py","lineno":99}
{"timestamp":"2026-02-08T22:48:19.418436Z","level":"info","event":"2026-02-08 22:48:19 [scrapy.core.scraper] DEBUG: Scraped from <200 https://lista.mercadolivre.com.br/tablet>","logger":"airflow.task.hooks.airflow.providers.standard.hooks.subprocess.SubprocessHook","filename":"subprocess.py","lineno":99}
{"timestamp":"2026-02-08T22:48:19.418516Z","level":"info","event":"{'color': 'Cinza',","logger":"airflow.task.hooks.airflow.providers.standard.hooks.subprocess.SubprocessHook","filename":"subprocess.py","lineno":99}
{"timestamp":"2026-02-08T22:48:19.418565Z","level":"info","event":" 'full_title': 'Tablet Samsung Galaxy Tab S10 FE WiFi, 128GB, 8GB, Tela 10.9\" '","logger":"airflow.task.hooks.airflow.providers.standard.hooks.subprocess.SubprocessHook","filename":"subprocess.py","lineno":99}
{"timestamp":"2026-02-08T22:48:19.418600Z","level":"info","event":"               '90Hz, S Pen e Capa Inclusas Cinza',","logger":"airflow.task.hooks.airflow.providers.standard.hooks.subprocess.SubprocessHook","filename":"subprocess.py","lineno":99}
{"timestamp":"2026-02-08T22:48:19.418632Z","level":"info","event":" 'memory': 'N/A',","logger":"airflow.task.hooks.airflow.providers.standard.hooks.subprocess.SubprocessHook","filename":"subprocess.py","lineno":99}
{"timestamp":"2026-02-08T22:48:19.418660Z","level":"info","event":" 'price': '4.199',","logger":"airflow.task.hooks.airflow.providers.standard.hooks.subprocess.SubprocessHook","filename":"subprocess.py","lineno":99}
{"timestamp":"2026-02-08T22:48:19.418689Z","level":"info","event":" 'rating': '4.9',","logger":"airflow.task.hooks.airflow.providers.standard.hooks.subprocess.SubprocessHook","filename":"subprocess.py","lineno":99}
{"timestamp":"2026-02-08T22:48:19.418716Z","level":"info","event":" 'short_title': 'tablet',","logger":"airflow.task.hooks.airflow.providers.standard.hooks.subprocess.SubprocessHook","filename":"subprocess.py","lineno":99}
{"timestamp":"2026-02-08T22:48:19.418744Z","level":"info","event":" 'site_name': 'mercado_livre',","logger":"airflow.task.hooks.airflow.providers.standard.hooks.subprocess.SubprocessHook","filename":"subprocess.py","lineno":99}
{"timestamp":"2026-02-08T22:48:19.418770Z","level":"info","event":" 'storage': 'N/A'}","logger":"airflow.task.hooks.airflow.providers.standard.hooks.subprocess.SubprocessHook","filename":"subprocess.py","lineno":99}
{"timestamp":"2026-02-08T22:48:19.419753Z","level":"info","event":"2026-02-08 22:48:19 [scrapy.core.scraper] DEBUG: Scraped from <200 https://lista.mercadolivre.com.br/tablet>","logger":"airflow.task.hooks.airflow.providers.standard.hooks.subprocess.SubprocessHook","filename":"subprocess.py","lineno":99}
{"timestamp":"2026-02-08T22:48:19.419832Z","level":"info","event":"{'color': 'Vermelho',","logger":"airflow.task.hooks.airflow.providers.standard.hooks.subprocess.SubprocessHook","filename":"subprocess.py","lineno":99}
{"timestamp":"2026-02-08T22:48:19.419880Z","level":"info","event":" 'full_title': 'Tablet Samsung Galaxy Tab S10 Lite WiFi, 128GB, 6GB RAM, Tela '","logger":"airflow.task.hooks.airflow.providers.standard.hooks.subprocess.SubprocessHook","filename":"subprocess.py","lineno":99}
{"timestamp":"2026-02-08T22:48:19.419912Z","level":"info","event":"               '10.9\", S Pen e Capa Smartbook Cover Inclusas Vermelho',","logger":"airflow.task.hooks.airflow.providers.standard.hooks.subprocess.SubprocessHook","filename":"subprocess.py","lineno":99}
{"timestamp":"2026-02-08T22:48:19.419940Z","level":"info","event":" 'memory': '6GB',","logger":"airflow.task.hooks.airflow.providers.standard.hooks.subprocess.SubprocessHook","filename":"subprocess.py","lineno":99}
{"timestamp":"2026-02-08T22:48:19.419969Z","level":"info","event":" 'price': '2.999',","logger":"airflow.task.hooks.airflow.providers.standard.hooks.subprocess.SubprocessHook","filename":"subprocess.py","lineno":99}
{"timestamp":"2026-02-08T22:48:19.419995Z","level":"info","event":" 'rating': '5.0',","logger":"airflow.task.hooks.airflow.providers.standard.hooks.subprocess.SubprocessHook","filename":"subprocess.py","lineno":99}
{"timestamp":"2026-02-08T22:48:19.420021Z","level":"info","event":" 'short_title': 'tablet',","logger":"airflow.task.hooks.airflow.providers.standard.hooks.subprocess.SubprocessHook","filename":"subprocess.py","lineno":99}
{"timestamp":"2026-02-08T22:48:19.420048Z","level":"info","event":" 'site_name': 'mercado_livre',","logger":"airflow.task.hooks.airflow.providers.standard.hooks.subprocess.SubprocessHook","filename":"subprocess.py","lineno":99}
{"timestamp":"2026-02-08T22:48:19.420073Z","level":"info","event":" 'storage': 'N/A'}","logger":"airflow.task.hooks.airflow.providers.standard.hooks.subprocess.SubprocessHook","filename":"subprocess.py","lineno":99}
{"timestamp":"2026-02-08T22:48:19.421057Z","level":"info","event":"2026-02-08 22:48:19 [scrapy.core.scraper] DEBUG: Scraped from <200 https://lista.mercadolivre.com.br/tablet>","logger":"airflow.task.hooks.airflow.providers.standard.hooks.subprocess.SubprocessHook","filename":"subprocess.py","lineno":99}
{"timestamp":"2026-02-08T22:48:19.421138Z","level":"info","event":"{'color': 'N/A',","logger":"airflow.task.hooks.airflow.providers.standard.hooks.subprocess.SubprocessHook","filename":"subprocess.py","lineno":99}
{"timestamp":"2026-02-08T22:48:19.421186Z","level":"info","event":" 'full_title': 'Tablet Samsung Galaxy Tab A11+, 128gb, 6gb Ram, Tela De 11 , '","logger":"airflow.task.hooks.airflow.providers.standard.hooks.subprocess.SubprocessHook","filename":"subprocess.py","lineno":99}
{"timestamp":"2026-02-08T22:48:19.421219Z","level":"info","event":"               'Câmera Traseira 8mp, Wifi, Android 16',","logger":"airflow.task.hooks.airflow.providers.standard.hooks.subprocess.SubprocessHook","filename":"subprocess.py","lineno":99}
{"timestamp":"2026-02-08T22:48:19.421249Z","level":"info","event":" 'memory': '6gb',","logger":"airflow.task.hooks.airflow.providers.standard.hooks.subprocess.SubprocessHook","filename":"subprocess.py","lineno":99}
{"timestamp":"2026-02-08T22:48:19.421277Z","level":"info","event":" 'price': '1.799',","logger":"airflow.task.hooks.airflow.providers.standard.hooks.subprocess.SubprocessHook","filename":"subprocess.py","lineno":99}
{"timestamp":"2026-02-08T22:48:19.421303Z","level":"info","event":" 'rating': '5.0',","logger":"airflow.task.hooks.airflow.providers.standard.hooks.subprocess.SubprocessHook","filename":"subprocess.py","lineno":99}
{"timestamp":"2026-02-08T22:48:19.421329Z","level":"info","event":" 'short_title': 'tablet',","logger":"airflow.task.hooks.airflow.providers.standard.hooks.subprocess.SubprocessHook","filename":"subprocess.py","lineno":99}
{"timestamp":"2026-02-08T22:48:19.421356Z","level":"info","event":" 'site_name': 'mercado_livre',","logger":"airflow.task.hooks.airflow.providers.standard.hooks.subprocess.SubprocessHook","filename":"subprocess.py","lineno":99}
{"timestamp":"2026-02-08T22:48:19.421381Z","level":"info","event":" 'storage': 'N/A'}","logger":"airflow.task.hooks.airflow.providers.standard.hooks.subprocess.SubprocessHook","filename":"subprocess.py","lineno":99}
{"timestamp":"2026-02-08T22:48:19.422244Z","level":"info","event":"2026-02-08 22:48:19 [scrapy.core.scraper] DEBUG: Scraped from <200 https://lista.mercadolivre.com.br/tablet>","logger":"airflow.task.hooks.airflow.providers.standard.hooks.subprocess.SubprocessHook","filename":"subprocess.py","lineno":99}
{"timestamp":"2026-02-08T22:48:19.422325Z","level":"info","event":"{'color': 'N/A',","logger":"airflow.task.hooks.airflow.providers.standard.hooks.subprocess.SubprocessHook","filename":"subprocess.py","lineno":99}
{"timestamp":"2026-02-08T22:48:19.422372Z","level":"info","event":" 'full_title': 'Tablet Android 13 7 Preto 32gb 4gb Ram Geral',","logger":"airflow.task.hooks.airflow.providers.standard.hooks.subprocess.SubprocessHook","filename":"subprocess.py","lineno":99}
{"timestamp":"2026-02-08T22:48:19.422403Z","level":"info","event":" 'memory': '4gb',","logger":"airflow.task.hooks.airflow.providers.standard.hooks.subprocess.SubprocessHook","filename":"subprocess.py","lineno":99}
{"timestamp":"2026-02-08T22:48:19.422431Z","level":"info","event":" 'price': '261',","logger":"airflow.task.hooks.airflow.providers.standard.hooks.subprocess.SubprocessHook","filename":"subprocess.py","lineno":99}
{"timestamp":"2026-02-08T22:48:19.422459Z","level":"info","event":" 'rating': '+25 vendidos',","logger":"airflow.task.hooks.airflow.providers.standard.hooks.subprocess.SubprocessHook","filename":"subprocess.py","lineno":99}
{"timestamp":"2026-02-08T22:48:19.422485Z","level":"info","event":" 'short_title': 'tablet',","logger":"airflow.task.hooks.airflow.providers.standard.hooks.subprocess.SubprocessHook","filename":"subprocess.py","lineno":99}
{"timestamp":"2026-02-08T22:48:19.422510Z","level":"info","event":" 'site_name': 'mercado_livre',","logger":"airflow.task.hooks.airflow.providers.standard.hooks.subprocess.SubprocessHook","filename":"subprocess.py","lineno":99}
{"timestamp":"2026-02-08T22:48:19.422535Z","level":"info","event":" 'storage': 'N/A'}","logger":"airflow.task.hooks.airflow.providers.standard.hooks.subprocess.SubprocessHook","filename":"subprocess.py","lineno":99}
{"timestamp":"2026-02-08T22:48:19.423456Z","level":"info","event":"2026-02-08 22:48:19 [scrapy.core.scraper] DEBUG: Scraped from <200 https://lista.mercadolivre.com.br/tablet>","logger":"airflow.task.hooks.airflow.providers.standard.hooks.subprocess.SubprocessHook","filename":"subprocess.py","lineno":99}
{"timestamp":"2026-02-08T22:48:19.423536Z","level":"info","event":"{'color': 'N/A',","logger":"airflow.task.hooks.airflow.providers.standard.hooks.subprocess.SubprocessHook","filename":"subprocess.py","lineno":99}
{"timestamp":"2026-02-08T22:48:19.423584Z","level":"info","event":" 'full_title': 'Tablet Inteligente Android 11pro 12+512gb De 10 Polegadas .',","logger":"airflow.task.hooks.airflow.providers.standard.hooks.subprocess.SubprocessHook","filename":"subprocess.py","lineno":99}
{"timestamp":"2026-02-08T22:48:19.423616Z","level":"info","event":" 'memory': 'N/A',","logger":"airflow.task.hooks.airflow.providers.standard.hooks.subprocess.SubprocessHook","filename":"subprocess.py","lineno":99}
{"timestamp":"2026-02-08T22:48:19.423644Z","level":"info","event":" 'price': '258',","logger":"airflow.task.hooks.airflow.providers.standard.hooks.subprocess.SubprocessHook","filename":"subprocess.py","lineno":99}
{"timestamp":"2026-02-08T22:48:19.423672Z","level":"info","event":" 'rating': '+5 vendidos',","logger":"airflow.task.hooks.airflow.providers.standard.hooks.subprocess.SubprocessHook","filename":"subprocess.py","lineno":99}
{"timestamp":"2026-02-08T22:48:19.423699Z","level":"info","event":" 'short_title': 'tablet',","logger":"airflow.task.hooks.airflow.providers.standard.hooks.subprocess.SubprocessHook","filename":"subprocess.py","lineno":99}
{"timestamp":"2026-02-08T22:48:19.423724Z","level":"info","event":" 'site_name': 'mercado_livre',","logger":"airflow.task.hooks.airflow.providers.standard.hooks.subprocess.SubprocessHook","filename":"subprocess.py","lineno":99}
{"timestamp":"2026-02-08T22:48:19.423749Z","level":"info","event":" 'storage': 'N/A'}","logger":"airflow.task.hooks.airflow.providers.standard.hooks.subprocess.SubprocessHook","filename":"subprocess.py","lineno":99}
{"timestamp":"2026-02-08T22:48:19.424830Z","level":"info","event":"2026-02-08 22:48:19 [scrapy.core.scraper] DEBUG: Scraped from <200 https://lista.mercadolivre.com.br/tablet>","logger":"airflow.task.hooks.airflow.providers.standard.hooks.subprocess.SubprocessHook","filename":"subprocess.py","lineno":99}
{"timestamp":"2026-02-08T22:48:19.424923Z","level":"info","event":"{'color': 'N/A',","logger":"airflow.task.hooks.airflow.providers.standard.hooks.subprocess.SubprocessHook","filename":"subprocess.py","lineno":99}
{"timestamp":"2026-02-08T22:48:19.424976Z","level":"info","event":" 'full_title': 'Tablet Positivo Vision TAB 7 - Processador Octa-Core 3GB RAM '","logger":"airflow.task.hooks.airflow.providers.standard.hooks.subprocess.SubprocessHook","filename":"subprocess.py","lineno":99}
{"timestamp":"2026-02-08T22:48:19.425014Z","level":"info","event":"               '64GB Armazenamento, Tela 7” IPS, Bateria 3100mAh, Android 14 '","logger":"airflow.task.hooks.airflow.providers.standard.hooks.subprocess.SubprocessHook","filename":"subprocess.py","lineno":99}
{"timestamp":"2026-02-08T22:48:19.425075Z","level":"info","event":"               'Go, Wi-fi - Preto',","logger":"airflow.task.hooks.airflow.providers.standard.hooks.subprocess.SubprocessHook","filename":"subprocess.py","lineno":99}
{"timestamp":"2026-02-08T22:48:19.425144Z","level":"info","event":" 'memory': '3GB',","logger":"airflow.task.hooks.airflow.providers.standard.hooks.subprocess.SubprocessHook","filename":"subprocess.py","lineno":99}
{"timestamp":"2026-02-08T22:48:19.425194Z","level":"info","event":" 'price': '599',","logger":"airflow.task.hooks.airflow.providers.standard.hooks.subprocess.SubprocessHook","filename":"subprocess.py","lineno":99}
{"timestamp":"2026-02-08T22:48:19.425227Z","level":"info","event":" 'rating': '4.5',","logger":"airflow.task.hooks.airflow.providers.standard.hooks.subprocess.SubprocessHook","filename":"subprocess.py","lineno":99}
{"timestamp":"2026-02-08T22:48:19.425256Z","level":"info","event":" 'short_title': 'tablet',","logger":"airflow.task.hooks.airflow.providers.standard.hooks.subprocess.SubprocessHook","filename":"subprocess.py","lineno":99}
{"timestamp":"2026-02-08T22:48:19.425284Z","level":"info","event":" 'site_name': 'mercado_livre',","logger":"airflow.task.hooks.airflow.providers.standard.hooks.subprocess.SubprocessHook","filename":"subprocess.py","lineno":99}
{"timestamp":"2026-02-08T22:48:19.425311Z","level":"info","event":" 'storage': 'N/A'}","logger":"airflow.task.hooks.airflow.providers.standard.hooks.subprocess.SubprocessHook","filename":"subprocess.py","lineno":99}
{"timestamp":"2026-02-08T22:48:19.426168Z","level":"info","event":"2026-02-08 22:48:19 [scrapy.core.scraper] DEBUG: Scraped from <200 https://lista.mercadolivre.com.br/tablet>","logger":"airflow.task.hooks.airflow.providers.standard.hooks.subprocess.SubprocessHook","filename":"subprocess.py","lineno":99}
{"timestamp":"2026-02-08T22:48:19.426254Z","level":"info","event":"{'color': 'N/A',","logger":"airflow.task.hooks.airflow.providers.standard.hooks.subprocess.SubprocessHook","filename":"subprocess.py","lineno":99}
{"timestamp":"2026-02-08T22:48:19.426302Z","level":"info","event":" 'full_title': 'Tab A9 64GB 4GB RAM Enterprise Edition Tela 8.7.\" X115 4G '","logger":"airflow.task.hooks.airflow.providers.standard.hooks.subprocess.SubprocessHook","filename":"subprocess.py","lineno":99}
{"timestamp":"2026-02-08T22:48:19.426335Z","level":"info","event":"               'Grafite',","logger":"airflow.task.hooks.airflow.providers.standard.hooks.subprocess.SubprocessHook","filename":"subprocess.py","lineno":99}
{"timestamp":"2026-02-08T22:48:19.426365Z","level":"info","event":" 'memory': '4GB',","logger":"airflow.task.hooks.airflow.providers.standard.hooks.subprocess.SubprocessHook","filename":"subprocess.py","lineno":99}
{"timestamp":"2026-02-08T22:48:19.426393Z","level":"info","event":" 'price': '1.270',","logger":"airflow.task.hooks.airflow.providers.standard.hooks.subprocess.SubprocessHook","filename":"subprocess.py","lineno":99}
{"timestamp":"2026-02-08T22:48:19.426420Z","level":"info","event":" 'rating': '4.9',","logger":"airflow.task.hooks.airflow.providers.standard.hooks.subprocess.SubprocessHook","filename":"subprocess.py","lineno":99}
{"timestamp":"2026-02-08T22:48:19.426446Z","level":"info","event":" 'short_title': 'tablet',","logger":"airflow.task.hooks.airflow.providers.standard.hooks.subprocess.SubprocessHook","filename":"subprocess.py","lineno":99}
{"timestamp":"2026-02-08T22:48:19.426472Z","level":"info","event":" 'site_name': 'mercado_livre',","logger":"airflow.task.hooks.airflow.providers.standard.hooks.subprocess.SubprocessHook","filename":"subprocess.py","lineno":99}
{"timestamp":"2026-02-08T22:48:19.426497Z","level":"info","event":" 'storage': 'N/A'}","logger":"airflow.task.hooks.airflow.providers.standard.hooks.subprocess.SubprocessHook","filename":"subprocess.py","lineno":99}
{"timestamp":"2026-02-08T22:48:19.427387Z","level":"info","event":"2026-02-08 22:48:19 [scrapy.core.scraper] DEBUG: Scraped from <200 https://lista.mercadolivre.com.br/tablet>","logger":"airflow.task.hooks.airflow.providers.standard.hooks.subprocess.SubprocessHook","filename":"subprocess.py","lineno":99}
{"timestamp":"2026-02-08T22:48:19.427468Z","level":"info","event":"{'color': 'N/A',","logger":"airflow.task.hooks.airflow.providers.standard.hooks.subprocess.SubprocessHook","filename":"subprocess.py","lineno":99}
{"timestamp":"2026-02-08T22:48:19.427517Z","level":"info","event":" 'full_title': 'Tablet Samsung Galaxy Tab S10 Lite 5G, 128GB, 6GB RAM, Tela '","logger":"airflow.task.hooks.airflow.providers.standard.hooks.subprocess.SubprocessHook","filename":"subprocess.py","lineno":99}
{"timestamp":"2026-02-08T22:48:19.427549Z","level":"info","event":"               '10.9\", S Pen e Capa Smartbook Cover Inclusas',","logger":"airflow.task.hooks.airflow.providers.standard.hooks.subprocess.SubprocessHook","filename":"subprocess.py","lineno":99}
{"timestamp":"2026-02-08T22:48:19.427579Z","level":"info","event":" 'memory': '6GB',","logger":"airflow.task.hooks.airflow.providers.standard.hooks.subprocess.SubprocessHook","filename":"subprocess.py","lineno":99}
{"timestamp":"2026-02-08T22:48:19.427606Z","level":"info","event":" 'price': '3.199',","logger":"airflow.task.hooks.airflow.providers.standard.hooks.subprocess.SubprocessHook","filename":"subprocess.py","lineno":99}
{"timestamp":"2026-02-08T22:48:19.427634Z","level":"info","event":" 'rating': '4.9',","logger":"airflow.task.hooks.airflow.providers.standard.hooks.subprocess.SubprocessHook","filename":"subprocess.py","lineno":99}
{"timestamp":"2026-02-08T22:48:19.427660Z","level":"info","event":" 'short_title': 'tablet',","logger":"airflow.task.hooks.airflow.providers.standard.hooks.subprocess.SubprocessHook","filename":"subprocess.py","lineno":99}
{"timestamp":"2026-02-08T22:48:19.427687Z","level":"info","event":" 'site_name': 'mercado_livre',","logger":"airflow.task.hooks.airflow.providers.standard.hooks.subprocess.SubprocessHook","filename":"subprocess.py","lineno":99}
{"timestamp":"2026-02-08T22:48:19.427713Z","level":"info","event":" 'storage': 'N/A'}","logger":"airflow.task.hooks.airflow.providers.standard.hooks.subprocess.SubprocessHook","filename":"subprocess.py","lineno":99}
{"timestamp":"2026-02-08T22:48:19.428585Z","level":"info","event":"2026-02-08 22:48:19 [scrapy.core.scraper] DEBUG: Scraped from <200 https://lista.mercadolivre.com.br/tablet>","logger":"airflow.task.hooks.airflow.providers.standard.hooks.subprocess.SubprocessHook","filename":"subprocess.py","lineno":99}
{"timestamp":"2026-02-08T22:48:19.428665Z","level":"info","event":"{'color': 'Prata',","logger":"airflow.task.hooks.airflow.providers.standard.hooks.subprocess.SubprocessHook","filename":"subprocess.py","lineno":99}
{"timestamp":"2026-02-08T22:48:19.428712Z","level":"info","event":" 'full_title': 'Tablet Samsung Galaxy Tab S10 FE WiFi, 128GB, 8GB, Tela 10.9\" '","logger":"airflow.task.hooks.airflow.providers.standard.hooks.subprocess.SubprocessHook","filename":"subprocess.py","lineno":99}
{"timestamp":"2026-02-08T22:48:19.428745Z","level":"info","event":"               '90Hz, S Pen e Capa Inclusas Prata',","logger":"airflow.task.hooks.airflow.providers.standard.hooks.subprocess.SubprocessHook","filename":"subprocess.py","lineno":99}
{"timestamp":"2026-02-08T22:48:19.428774Z","level":"info","event":" 'memory': 'N/A',","logger":"airflow.task.hooks.airflow.providers.standard.hooks.subprocess.SubprocessHook","filename":"subprocess.py","lineno":99}
{"timestamp":"2026-02-08T22:48:19.428801Z","level":"info","event":" 'price': '4.199',","logger":"airflow.task.hooks.airflow.providers.standard.hooks.subprocess.SubprocessHook","filename":"subprocess.py","lineno":99}
{"timestamp":"2026-02-08T22:48:19.428828Z","level":"info","event":" 'rating': '4.9',","logger":"airflow.task.hooks.airflow.providers.standard.hooks.subprocess.SubprocessHook","filename":"subprocess.py","lineno":99}
{"timestamp":"2026-02-08T22:48:19.428854Z","level":"info","event":" 'short_title': 'tablet',","logger":"airflow.task.hooks.airflow.providers.standard.hooks.subprocess.SubprocessHook","filename":"subprocess.py","lineno":99}
{"timestamp":"2026-02-08T22:48:19.428880Z","level":"info","event":" 'site_name': 'mercado_livre',","logger":"airflow.task.hooks.airflow.providers.standard.hooks.subprocess.SubprocessHook","filename":"subprocess.py","lineno":99}
{"timestamp":"2026-02-08T22:48:19.428905Z","level":"info","event":" 'storage': 'N/A'}","logger":"airflow.task.hooks.airflow.providers.standard.hooks.subprocess.SubprocessHook","filename":"subprocess.py","lineno":99}
{"timestamp":"2026-02-08T22:48:19.429863Z","level":"info","event":"2026-02-08 22:48:19 [scrapy.core.scraper] DEBUG: Scraped from <200 https://lista.mercadolivre.com.br/tablet>","logger":"airflow.task.hooks.airflow.providers.standard.hooks.subprocess.SubprocessHook","filename":"subprocess.py","lineno":99}
{"timestamp":"2026-02-08T22:48:19.429945Z","level":"info","event":"{'color': 'N/A',","logger":"airflow.task.hooks.airflow.providers.standard.hooks.subprocess.SubprocessHook","filename":"subprocess.py","lineno":99}
{"timestamp":"2026-02-08T22:48:19.429994Z","level":"info","event":" 'full_title': 'Tablet Samsung, Galaxy Tab S11 Wifi, Galaxy AI, S Pen, 256GB, '","logger":"airflow.task.hooks.airflow.providers.standard.hooks.subprocess.SubprocessHook","filename":"subprocess.py","lineno":99}
{"timestamp":"2026-02-08T22:48:19.430026Z","level":"info","event":"               '12GB RAM, Tela imersiva de 11\", 120Hz, Camera 13MP, IP68, '","logger":"airflow.task.hooks.airflow.providers.standard.hooks.subprocess.SubprocessHook","filename":"subprocess.py","lineno":99}
{"timestamp":"2026-02-08T22:48:19.430054Z","level":"info","event":"               'Android 16',","logger":"airflow.task.hooks.airflow.providers.standard.hooks.subprocess.SubprocessHook","filename":"subprocess.py","lineno":99}
{"timestamp":"2026-02-08T22:48:19.430081Z","level":"info","event":" 'memory': '12GB',","logger":"airflow.task.hooks.airflow.providers.standard.hooks.subprocess.SubprocessHook","filename":"subprocess.py","lineno":99}
{"timestamp":"2026-02-08T22:48:19.430108Z","level":"info","event":" 'price': '7.499',","logger":"airflow.task.hooks.airflow.providers.standard.hooks.subprocess.SubprocessHook","filename":"subprocess.py","lineno":99}
{"timestamp":"2026-02-08T22:48:19.430134Z","level":"info","event":" 'rating': '4.9',","logger":"airflow.task.hooks.airflow.providers.standard.hooks.subprocess.SubprocessHook","filename":"subprocess.py","lineno":99}
{"timestamp":"2026-02-08T22:48:19.430159Z","level":"info","event":" 'short_title': 'tablet',","logger":"airflow.task.hooks.airflow.providers.standard.hooks.subprocess.SubprocessHook","filename":"subprocess.py","lineno":99}
{"timestamp":"2026-02-08T22:48:19.430185Z","level":"info","event":" 'site_name': 'mercado_livre',","logger":"airflow.task.hooks.airflow.providers.standard.hooks.subprocess.SubprocessHook","filename":"subprocess.py","lineno":99}
{"timestamp":"2026-02-08T22:48:19.430210Z","level":"info","event":" 'storage': 'N/A'}","logger":"airflow.task.hooks.airflow.providers.standard.hooks.subprocess.SubprocessHook","filename":"subprocess.py","lineno":99}
{"timestamp":"2026-02-08T22:48:19.431118Z","level":"info","event":"2026-02-08 22:48:19 [scrapy.core.scraper] DEBUG: Scraped from <200 https://lista.mercadolivre.com.br/tablet>","logger":"airflow.task.hooks.airflow.providers.standard.hooks.subprocess.SubprocessHook","filename":"subprocess.py","lineno":99}
{"timestamp":"2026-02-08T22:48:19.431200Z","level":"info","event":"{'color': 'N/A',","logger":"airflow.task.hooks.airflow.providers.standard.hooks.subprocess.SubprocessHook","filename":"subprocess.py","lineno":99}
{"timestamp":"2026-02-08T22:48:19.431248Z","level":"info","event":" 'full_title': 'Tablet Samsung Galaxy Tab A9+ Wi-Fi 64GB 4GB RAM Tela 11\" '","logger":"airflow.task.hooks.airflow.providers.standard.hooks.subprocess.SubprocessHook","filename":"subprocess.py","lineno":99}
{"timestamp":"2026-02-08T22:48:19.431280Z","level":"info","event":"               'Grafite - SM-X210NZAAZTO',","logger":"airflow.task.hooks.airflow.providers.standard.hooks.subprocess.SubprocessHook","filename":"subprocess.py","lineno":99}
{"timestamp":"2026-02-08T22:48:19.431311Z","level":"info","event":" 'memory': '4GB',","logger":"airflow.task.hooks.airflow.providers.standard.hooks.subprocess.SubprocessHook","filename":"subprocess.py","lineno":99}
{"timestamp":"2026-02-08T22:48:19.431339Z","level":"info","event":" 'price': '1.999',","logger":"airflow.task.hooks.airflow.providers.standard.hooks.subprocess.SubprocessHook","filename":"subprocess.py","lineno":99}
{"timestamp":"2026-02-08T22:48:19.431366Z","level":"info","event":" 'rating': '4.9',","logger":"airflow.task.hooks.airflow.providers.standard.hooks.subprocess.SubprocessHook","filename":"subprocess.py","lineno":99}
{"timestamp":"2026-02-08T22:48:19.431393Z","level":"info","event":" 'short_title': 'tablet',","logger":"airflow.task.hooks.airflow.providers.standard.hooks.subprocess.SubprocessHook","filename":"subprocess.py","lineno":99}
{"timestamp":"2026-02-08T22:48:19.431419Z","level":"info","event":" 'site_name': 'mercado_livre',","logger":"airflow.task.hooks.airflow.providers.standard.hooks.subprocess.SubprocessHook","filename":"subprocess.py","lineno":99}
{"timestamp":"2026-02-08T22:48:19.431445Z","level":"info","event":" 'storage': 'N/A'}","logger":"airflow.task.hooks.airflow.providers.standard.hooks.subprocess.SubprocessHook","filename":"subprocess.py","lineno":99}
{"timestamp":"2026-02-08T22:48:19.432361Z","level":"info","event":"2026-02-08 22:48:19 [scrapy.core.scraper] DEBUG: Scraped from <200 https://lista.mercadolivre.com.br/tablet>","logger":"airflow.task.hooks.airflow.providers.standard.hooks.subprocess.SubprocessHook","filename":"subprocess.py","lineno":99}
{"timestamp":"2026-02-08T22:48:19.432477Z","level":"info","event":"{'color': 'Cinza',","logger":"airflow.task.hooks.airflow.providers.standard.hooks.subprocess.SubprocessHook","filename":"subprocess.py","lineno":99}
{"timestamp":"2026-02-08T22:48:19.432524Z","level":"info","event":" 'full_title': 'Tablet Samsung Galaxy Tab S10 FE 5G, 128GB, 8GB RAM, Tela '","logger":"airflow.task.hooks.airflow.providers.standard.hooks.subprocess.SubprocessHook","filename":"subprocess.py","lineno":99}
{"timestamp":"2026-02-08T22:48:19.432557Z","level":"info","event":"               'Imersiva de 10.9\" 90Hz, Camera Traseira de 13MP, Câmera '","logger":"airflow.task.hooks.airflow.providers.standard.hooks.subprocess.SubprocessHook","filename":"subprocess.py","lineno":99}
{"timestamp":"2026-02-08T22:48:19.432587Z","level":"info","event":"               'Frontal de 12MP Ultra Wide, Wifi 6, IP68, Android 15 Cinza',","logger":"airflow.task.hooks.airflow.providers.standard.hooks.subprocess.SubprocessHook","filename":"subprocess.py","lineno":99}
{"timestamp":"2026-02-08T22:48:19.432614Z","level":"info","event":" 'memory': '8GB',","logger":"airflow.task.hooks.airflow.providers.standard.hooks.subprocess.SubprocessHook","filename":"subprocess.py","lineno":99}
{"timestamp":"2026-02-08T22:48:19.432640Z","level":"info","event":" 'price': '4.699',","logger":"airflow.task.hooks.airflow.providers.standard.hooks.subprocess.SubprocessHook","filename":"subprocess.py","lineno":99}
{"timestamp":"2026-02-08T22:48:19.432666Z","level":"info","event":" 'rating': '4.9',","logger":"airflow.task.hooks.airflow.providers.standard.hooks.subprocess.SubprocessHook","filename":"subprocess.py","lineno":99}
{"timestamp":"2026-02-08T22:48:19.432691Z","level":"info","event":" 'short_title': 'tablet',","logger":"airflow.task.hooks.airflow.providers.standard.hooks.subprocess.SubprocessHook","filename":"subprocess.py","lineno":99}
{"timestamp":"2026-02-08T22:48:19.432717Z","level":"info","event":" 'site_name': 'mercado_livre',","logger":"airflow.task.hooks.airflow.providers.standard.hooks.subprocess.SubprocessHook","filename":"subprocess.py","lineno":99}
{"timestamp":"2026-02-08T22:48:19.432744Z","level":"info","event":" 'storage': 'N/A'}","logger":"airflow.task.hooks.airflow.providers.standard.hooks.subprocess.SubprocessHook","filename":"subprocess.py","lineno":99}
{"timestamp":"2026-02-08T22:48:19.433610Z","level":"info","event":"2026-02-08 22:48:19 [scrapy.core.scraper] DEBUG: Scraped from <200 https://lista.mercadolivre.com.br/tablet>","logger":"airflow.task.hooks.airflow.providers.standard.hooks.subprocess.SubprocessHook","filename":"subprocess.py","lineno":99}
{"timestamp":"2026-02-08T22:48:19.433690Z","level":"info","event":"{'color': 'Azul',","logger":"airflow.task.hooks.airflow.providers.standard.hooks.subprocess.SubprocessHook","filename":"subprocess.py","lineno":99}
{"timestamp":"2026-02-08T22:48:19.433739Z","level":"info","event":" 'full_title': 'Tablet Samsung Galaxy Tab S10 FE WiFi, 128GB, 8GB, Tela 10.9\" '","logger":"airflow.task.hooks.airflow.providers.standard.hooks.subprocess.SubprocessHook","filename":"subprocess.py","lineno":99}
{"timestamp":"2026-02-08T22:48:19.433770Z","level":"info","event":"               '90Hz, S Pen e Capa Inclusas Azul',","logger":"airflow.task.hooks.airflow.providers.standard.hooks.subprocess.SubprocessHook","filename":"subprocess.py","lineno":99}
{"timestamp":"2026-02-08T22:48:19.433799Z","level":"info","event":" 'memory': 'N/A',","logger":"airflow.task.hooks.airflow.providers.standard.hooks.subprocess.SubprocessHook","filename":"subprocess.py","lineno":99}
{"timestamp":"2026-02-08T22:48:19.433827Z","level":"info","event":" 'price': '4.199',","logger":"airflow.task.hooks.airflow.providers.standard.hooks.subprocess.SubprocessHook","filename":"subprocess.py","lineno":99}
{"timestamp":"2026-02-08T22:48:19.433853Z","level":"info","event":" 'rating': '4.9',","logger":"airflow.task.hooks.airflow.providers.standard.hooks.subprocess.SubprocessHook","filename":"subprocess.py","lineno":99}
{"timestamp":"2026-02-08T22:48:19.433879Z","level":"info","event":" 'short_title': 'tablet',","logger":"airflow.task.hooks.airflow.providers.standard.hooks.subprocess.SubprocessHook","filename":"subprocess.py","lineno":99}
{"timestamp":"2026-02-08T22:48:19.433905Z","level":"info","event":" 'site_name': 'mercado_livre',","logger":"airflow.task.hooks.airflow.providers.standard.hooks.subprocess.SubprocessHook","filename":"subprocess.py","lineno":99}
{"timestamp":"2026-02-08T22:48:19.433931Z","level":"info","event":" 'storage': 'N/A'}","logger":"airflow.task.hooks.airflow.providers.standard.hooks.subprocess.SubprocessHook","filename":"subprocess.py","lineno":99}
{"timestamp":"2026-02-08T22:48:19.434832Z","level":"info","event":"2026-02-08 22:48:19 [scrapy.core.scraper] DEBUG: Scraped from <200 https://lista.mercadolivre.com.br/tablet>","logger":"airflow.task.hooks.airflow.providers.standard.hooks.subprocess.SubprocessHook","filename":"subprocess.py","lineno":99}
{"timestamp":"2026-02-08T22:48:19.434925Z","level":"info","event":"{'color': 'N/A',","logger":"airflow.task.hooks.airflow.providers.standard.hooks.subprocess.SubprocessHook","filename":"subprocess.py","lineno":99}
{"timestamp":"2026-02-08T22:48:19.434972Z","level":"info","event":" 'full_title': 'Positivo Vision Tab 10 T3010 4GB RAM 128GB com Capa Teclado '","logger":"airflow.task.hooks.airflow.providers.standard.hooks.subprocess.SubprocessHook","filename":"subprocess.py","lineno":99}
{"timestamp":"2026-02-08T22:48:19.435005Z","level":"info","event":"               'Octa-Core 5 13Mp Bateria 6000mAh Tela 10.1“ HD Wifi AC e 4g '","logger":"airflow.task.hooks.airflow.providers.standard.hooks.subprocess.SubprocessHook","filename":"subprocess.py","lineno":99}
{"timestamp":"2026-02-08T22:48:19.435036Z","level":"info","event":"               'Full Lamination -\\u200b Preto',","logger":"airflow.task.hooks.airflow.providers.standard.hooks.subprocess.SubprocessHook","filename":"subprocess.py","lineno":99}
{"timestamp":"2026-02-08T22:48:19.435101Z","level":"info","event":" 'memory': '4GB',","logger":"airflow.task.hooks.airflow.providers.standard.hooks.subprocess.SubprocessHook","filename":"subprocess.py","lineno":99}
{"timestamp":"2026-02-08T22:48:19.435134Z","level":"info","event":" 'price': '1.475',","logger":"airflow.task.hooks.airflow.providers.standard.hooks.subprocess.SubprocessHook","filename":"subprocess.py","lineno":99}
{"timestamp":"2026-02-08T22:48:19.435163Z","level":"info","event":" 'rating': '4.8',","logger":"airflow.task.hooks.airflow.providers.standard.hooks.subprocess.SubprocessHook","filename":"subprocess.py","lineno":99}
{"timestamp":"2026-02-08T22:48:19.435192Z","level":"info","event":" 'short_title': 'tablet',","logger":"airflow.task.hooks.airflow.providers.standard.hooks.subprocess.SubprocessHook","filename":"subprocess.py","lineno":99}
{"timestamp":"2026-02-08T22:48:19.435219Z","level":"info","event":" 'site_name': 'mercado_livre',","logger":"airflow.task.hooks.airflow.providers.standard.hooks.subprocess.SubprocessHook","filename":"subprocess.py","lineno":99}
{"timestamp":"2026-02-08T22:48:19.435244Z","level":"info","event":" 'storage': 'N/A'}","logger":"airflow.task.hooks.airflow.providers.standard.hooks.subprocess.SubprocessHook","filename":"subprocess.py","lineno":99}
{"timestamp":"2026-02-08T22:48:19.436143Z","level":"info","event":"2026-02-08 22:48:19 [scrapy.core.scraper] DEBUG: Scraped from <200 https://lista.mercadolivre.com.br/tablet>","logger":"airflow.task.hooks.airflow.providers.standard.hooks.subprocess.SubprocessHook","filename":"subprocess.py","lineno":99}
{"timestamp":"2026-02-08T22:48:19.436229Z","level":"info","event":"{'color': 'N/A',","logger":"airflow.task.hooks.airflow.providers.standard.hooks.subprocess.SubprocessHook","filename":"subprocess.py","lineno":99}
{"timestamp":"2026-02-08T22:48:19.436276Z","level":"info","event":" 'full_title': 'Tablet Positivo Vision Tab 10 4GB Ram 128GB Armazenamento, '","logger":"airflow.task.hooks.airflow.providers.standard.hooks.subprocess.SubprocessHook","filename":"subprocess.py","lineno":99}
{"timestamp":"2026-02-08T22:48:19.436309Z","level":"info","event":"               'Octa-Core, 13MP + Selfie 5MP, Bateria 6000mAh, Tela 10.1 HD, '","logger":"airflow.task.hooks.airflow.providers.standard.hooks.subprocess.SubprocessHook","filename":"subprocess.py","lineno":99}
{"timestamp":"2026-02-08T22:48:19.436338Z","level":"info","event":"               'Wi-Fi AC E 4G, Full Lamination',","logger":"airflow.task.hooks.airflow.providers.standard.hooks.subprocess.SubprocessHook","filename":"subprocess.py","lineno":99}
{"timestamp":"2026-02-08T22:48:19.436365Z","level":"info","event":" 'memory': '4GB',","logger":"airflow.task.hooks.airflow.providers.standard.hooks.subprocess.SubprocessHook","filename":"subprocess.py","lineno":99}
{"timestamp":"2026-02-08T22:48:19.436391Z","level":"info","event":" 'price': '1.099',","logger":"airflow.task.hooks.airflow.providers.standard.hooks.subprocess.SubprocessHook","filename":"subprocess.py","lineno":99}
{"timestamp":"2026-02-08T22:48:19.436417Z","level":"info","event":" 'rating': '4.7',","logger":"airflow.task.hooks.airflow.providers.standard.hooks.subprocess.SubprocessHook","filename":"subprocess.py","lineno":99}
{"timestamp":"2026-02-08T22:48:19.436442Z","level":"info","event":" 'short_title': 'tablet',","logger":"airflow.task.hooks.airflow.providers.standard.hooks.subprocess.SubprocessHook","filename":"subprocess.py","lineno":99}
{"timestamp":"2026-02-08T22:48:19.436467Z","level":"info","event":" 'site_name': 'mercado_livre',","logger":"airflow.task.hooks.airflow.providers.standard.hooks.subprocess.SubprocessHook","filename":"subprocess.py","lineno":99}
{"timestamp":"2026-02-08T22:48:19.436492Z","level":"info","event":" 'storage': 'N/A'}","logger":"airflow.task.hooks.airflow.providers.standard.hooks.subprocess.SubprocessHook","filename":"subprocess.py","lineno":99}
{"timestamp":"2026-02-08T22:48:19.437471Z","level":"info","event":"2026-02-08 22:48:19 [scrapy.core.scraper] DEBUG: Scraped from <200 https://lista.mercadolivre.com.br/tablet>","logger":"airflow.task.hooks.airflow.providers.standard.hooks.subprocess.SubprocessHook","filename":"subprocess.py","lineno":99}
{"timestamp":"2026-02-08T22:48:19.437561Z","level":"info","event":"{'color': 'N/A',","logger":"airflow.task.hooks.airflow.providers.standard.hooks.subprocess.SubprocessHook","filename":"subprocess.py","lineno":99}
{"timestamp":"2026-02-08T22:48:19.437614Z","level":"info","event":" 'full_title': 'Tablet VAIO TL12 128GB Octa-Core, 12.6” 5G WiFi Câmera 13MP + '","logger":"airflow.task.hooks.airflow.providers.standard.hooks.subprocess.SubprocessHook","filename":"subprocess.py","lineno":99}
{"timestamp":"2026-02-08T22:48:19.437651Z","level":"info","event":"               'Selfie 12MP com Teclado Inteligente, Capa Protetora e Caneta',","logger":"airflow.task.hooks.airflow.providers.standard.hooks.subprocess.SubprocessHook","filename":"subprocess.py","lineno":99}
{"timestamp":"2026-02-08T22:48:19.437682Z","level":"info","event":" 'memory': 'N/A',","logger":"airflow.task.hooks.airflow.providers.standard.hooks.subprocess.SubprocessHook","filename":"subprocess.py","lineno":99}
{"timestamp":"2026-02-08T22:48:19.437711Z","level":"info","event":" 'price': '4.085',","logger":"airflow.task.hooks.airflow.providers.standard.hooks.subprocess.SubprocessHook","filename":"subprocess.py","lineno":99}
{"timestamp":"2026-02-08T22:48:19.437738Z","level":"info","event":" 'rating': '4.8',","logger":"airflow.task.hooks.airflow.providers.standard.hooks.subprocess.SubprocessHook","filename":"subprocess.py","lineno":99}
{"timestamp":"2026-02-08T22:48:19.437764Z","level":"info","event":" 'short_title': 'tablet',","logger":"airflow.task.hooks.airflow.providers.standard.hooks.subprocess.SubprocessHook","filename":"subprocess.py","lineno":99}
{"timestamp":"2026-02-08T22:48:19.437790Z","level":"info","event":" 'site_name': 'mercado_livre',","logger":"airflow.task.hooks.airflow.providers.standard.hooks.subprocess.SubprocessHook","filename":"subprocess.py","lineno":99}
{"timestamp":"2026-02-08T22:48:19.437816Z","level":"info","event":" 'storage': 'N/A'}","logger":"airflow.task.hooks.airflow.providers.standard.hooks.subprocess.SubprocessHook","filename":"subprocess.py","lineno":99}
{"timestamp":"2026-02-08T22:48:19.438825Z","level":"info","event":"2026-02-08 22:48:19 [scrapy.core.scraper] DEBUG: Scraped from <200 https://lista.mercadolivre.com.br/tablet>","logger":"airflow.task.hooks.airflow.providers.standard.hooks.subprocess.SubprocessHook","filename":"subprocess.py","lineno":99}
{"timestamp":"2026-02-08T22:48:19.438928Z","level":"info","event":"{'color': 'N/A',","logger":"airflow.task.hooks.airflow.providers.standard.hooks.subprocess.SubprocessHook","filename":"subprocess.py","lineno":99}
{"timestamp":"2026-02-08T22:48:19.438977Z","level":"info","event":" 'full_title': 'Tablet Samsung Galaxy Tab A11+, 128gb, 6gb Ram, Tela De 11 , '","logger":"airflow.task.hooks.airflow.providers.standard.hooks.subprocess.SubprocessHook","filename":"subprocess.py","lineno":99}
{"timestamp":"2026-02-08T22:48:19.439010Z","level":"info","event":"               'Bateria 7.040mah, Câmera Frontal 5mp, Câmera Traseira 8mp, 5g, '","logger":"airflow.task.hooks.airflow.providers.standard.hooks.subprocess.SubprocessHook","filename":"subprocess.py","lineno":99}
{"timestamp":"2026-02-08T22:48:19.439041Z","level":"info","event":"               'Android 16',","logger":"airflow.task.hooks.airflow.providers.standard.hooks.subprocess.SubprocessHook","filename":"subprocess.py","lineno":99}
{"timestamp":"2026-02-08T22:48:19.439070Z","level":"info","event":" 'memory': '6gb',","logger":"airflow.task.hooks.airflow.providers.standard.hooks.subprocess.SubprocessHook","filename":"subprocess.py","lineno":99}
{"timestamp":"2026-02-08T22:48:19.439097Z","level":"info","event":" 'price': '1.907',","logger":"airflow.task.hooks.airflow.providers.standard.hooks.subprocess.SubprocessHook","filename":"subprocess.py","lineno":99}
{"timestamp":"2026-02-08T22:48:19.439123Z","level":"info","event":" 'rating': '5.0',","logger":"airflow.task.hooks.airflow.providers.standard.hooks.subprocess.SubprocessHook","filename":"subprocess.py","lineno":99}
{"timestamp":"2026-02-08T22:48:19.439149Z","level":"info","event":" 'short_title': 'tablet',","logger":"airflow.task.hooks.airflow.providers.standard.hooks.subprocess.SubprocessHook","filename":"subprocess.py","lineno":99}
{"timestamp":"2026-02-08T22:48:19.439174Z","level":"info","event":" 'site_name': 'mercado_livre',","logger":"airflow.task.hooks.airflow.providers.standard.hooks.subprocess.SubprocessHook","filename":"subprocess.py","lineno":99}
{"timestamp":"2026-02-08T22:48:19.439201Z","level":"info","event":" 'storage': 'N/A'}","logger":"airflow.task.hooks.airflow.providers.standard.hooks.subprocess.SubprocessHook","filename":"subprocess.py","lineno":99}
{"timestamp":"2026-02-08T22:48:19.440123Z","level":"info","event":"2026-02-08 22:48:19 [scrapy.core.scraper] DEBUG: Scraped from <200 https://lista.mercadolivre.com.br/tablet>","logger":"airflow.task.hooks.airflow.providers.standard.hooks.subprocess.SubprocessHook","filename":"subprocess.py","lineno":99}
{"timestamp":"2026-02-08T22:48:19.440207Z","level":"info","event":"{'color': 'Preto',","logger":"airflow.task.hooks.airflow.providers.standard.hooks.subprocess.SubprocessHook","filename":"subprocess.py","lineno":99}
{"timestamp":"2026-02-08T22:48:19.440256Z","level":"info","event":" 'full_title': 'Tablet Positivo Vision Tab 7 3GB 128GB Armazenamento Tela 7 '","logger":"airflow.task.hooks.airflow.providers.standard.hooks.subprocess.SubprocessHook","filename":"subprocess.py","lineno":99}
{"timestamp":"2026-02-08T22:48:19.440289Z","level":"info","event":"               'Octa Core 3100mAh Wi-Fi Android 14 GO Cor Preto',","logger":"airflow.task.hooks.airflow.providers.standard.hooks.subprocess.SubprocessHook","filename":"subprocess.py","lineno":99}
{"timestamp":"2026-02-08T22:48:19.440317Z","level":"info","event":" 'memory': 'N/A',","logger":"airflow.task.hooks.airflow.providers.standard.hooks.subprocess.SubprocessHook","filename":"subprocess.py","lineno":99}
{"timestamp":"2026-02-08T22:48:19.440343Z","level":"info","event":" 'price': '698',","logger":"airflow.task.hooks.airflow.providers.standard.hooks.subprocess.SubprocessHook","filename":"subprocess.py","lineno":99}
{"timestamp":"2026-02-08T22:48:19.440369Z","level":"info","event":" 'rating': '4.6',","logger":"airflow.task.hooks.airflow.providers.standard.hooks.subprocess.SubprocessHook","filename":"subprocess.py","lineno":99}
{"timestamp":"2026-02-08T22:48:19.440395Z","level":"info","event":" 'short_title': 'tablet',","logger":"airflow.task.hooks.airflow.providers.standard.hooks.subprocess.SubprocessHook","filename":"subprocess.py","lineno":99}
{"timestamp":"2026-02-08T22:48:19.440421Z","level":"info","event":" 'site_name': 'mercado_livre',","logger":"airflow.task.hooks.airflow.providers.standard.hooks.subprocess.SubprocessHook","filename":"subprocess.py","lineno":99}
{"timestamp":"2026-02-08T22:48:19.440448Z","level":"info","event":" 'storage': 'N/A'}","logger":"airflow.task.hooks.airflow.providers.standard.hooks.subprocess.SubprocessHook","filename":"subprocess.py","lineno":99}
{"timestamp":"2026-02-08T22:48:19.441409Z","level":"info","event":"2026-02-08 22:48:19 [scrapy.core.scraper] DEBUG: Scraped from <200 https://lista.mercadolivre.com.br/tablet>","logger":"airflow.task.hooks.airflow.providers.standard.hooks.subprocess.SubprocessHook","filename":"subprocess.py","lineno":99}
{"timestamp":"2026-02-08T22:48:19.441490Z","level":"info","event":"{'color': 'Cinza',","logger":"airflow.task.hooks.airflow.providers.standard.hooks.subprocess.SubprocessHook","filename":"subprocess.py","lineno":99}
{"timestamp":"2026-02-08T22:48:19.441540Z","level":"info","event":" 'full_title': 'Tablet Tcl Nxtpaper 4.0 Ia Gen2 11 8+8 Gb Ram, 128gb Cinza',","logger":"airflow.task.hooks.airflow.providers.standard.hooks.subprocess.SubprocessHook","filename":"subprocess.py","lineno":99}
{"timestamp":"2026-02-08T22:48:19.441573Z","level":"info","event":" 'memory': '8 Gb',","logger":"airflow.task.hooks.airflow.providers.standard.hooks.subprocess.SubprocessHook","filename":"subprocess.py","lineno":99}
{"timestamp":"2026-02-08T22:48:19.441604Z","level":"info","event":" 'price': '2.599',","logger":"airflow.task.hooks.airflow.providers.standard.hooks.subprocess.SubprocessHook","filename":"subprocess.py","lineno":99}
{"timestamp":"2026-02-08T22:48:19.441634Z","level":"info","event":" 'rating': '4.8',","logger":"airflow.task.hooks.airflow.providers.standard.hooks.subprocess.SubprocessHook","filename":"subprocess.py","lineno":99}
{"timestamp":"2026-02-08T22:48:19.441661Z","level":"info","event":" 'short_title': 'tablet',","logger":"airflow.task.hooks.airflow.providers.standard.hooks.subprocess.SubprocessHook","filename":"subprocess.py","lineno":99}
{"timestamp":"2026-02-08T22:48:19.441689Z","level":"info","event":" 'site_name': 'mercado_livre',","logger":"airflow.task.hooks.airflow.providers.standard.hooks.subprocess.SubprocessHook","filename":"subprocess.py","lineno":99}
{"timestamp":"2026-02-08T22:48:19.441716Z","level":"info","event":" 'storage': 'N/A'}","logger":"airflow.task.hooks.airflow.providers.standard.hooks.subprocess.SubprocessHook","filename":"subprocess.py","lineno":99}
{"timestamp":"2026-02-08T22:48:19.442659Z","level":"info","event":"2026-02-08 22:48:19 [scrapy.core.scraper] DEBUG: Scraped from <200 https://lista.mercadolivre.com.br/tablet>","logger":"airflow.task.hooks.airflow.providers.standard.hooks.subprocess.SubprocessHook","filename":"subprocess.py","lineno":99}
{"timestamp":"2026-02-08T22:48:19.442740Z","level":"info","event":"{'color': 'Branco',","logger":"airflow.task.hooks.airflow.providers.standard.hooks.subprocess.SubprocessHook","filename":"subprocess.py","lineno":99}
{"timestamp":"2026-02-08T22:48:19.442789Z","level":"info","event":" 'full_title': 'Tablet Tela 10.1 Android 15 12gb 512gb Snapdragon 10000mah '","logger":"airflow.task.hooks.airflow.providers.standard.hooks.subprocess.SubprocessHook","filename":"subprocess.py","lineno":99}
{"timestamp":"2026-02-08T22:48:19.442820Z","level":"info","event":"               'Branco',","logger":"airflow.task.hooks.airflow.providers.standard.hooks.subprocess.SubprocessHook","filename":"subprocess.py","lineno":99}
{"timestamp":"2026-02-08T22:48:19.442849Z","level":"info","event":" 'memory': 'N/A',","logger":"airflow.task.hooks.airflow.providers.standard.hooks.subprocess.SubprocessHook","filename":"subprocess.py","lineno":99}
{"timestamp":"2026-02-08T22:48:19.442876Z","level":"info","event":" 'price': '872',","logger":"airflow.task.hooks.airflow.providers.standard.hooks.subprocess.SubprocessHook","filename":"subprocess.py","lineno":99}
{"timestamp":"2026-02-08T22:48:19.442902Z","level":"info","event":" 'rating': '+5 vendidos',","logger":"airflow.task.hooks.airflow.providers.standard.hooks.subprocess.SubprocessHook","filename":"subprocess.py","lineno":99}
{"timestamp":"2026-02-08T22:48:19.442928Z","level":"info","event":" 'short_title': 'tablet',","logger":"airflow.task.hooks.airflow.providers.standard.hooks.subprocess.SubprocessHook","filename":"subprocess.py","lineno":99}
{"timestamp":"2026-02-08T22:48:19.442955Z","level":"info","event":" 'site_name': 'mercado_livre',","logger":"airflow.task.hooks.airflow.providers.standard.hooks.subprocess.SubprocessHook","filename":"subprocess.py","lineno":99}
{"timestamp":"2026-02-08T22:48:19.442981Z","level":"info","event":" 'storage': 'N/A'}","logger":"airflow.task.hooks.airflow.providers.standard.hooks.subprocess.SubprocessHook","filename":"subprocess.py","lineno":99}
{"timestamp":"2026-02-08T22:48:19.443944Z","level":"info","event":"2026-02-08 22:48:19 [scrapy.core.scraper] DEBUG: Scraped from <200 https://lista.mercadolivre.com.br/tablet>","logger":"airflow.task.hooks.airflow.providers.standard.hooks.subprocess.SubprocessHook","filename":"subprocess.py","lineno":99}
{"timestamp":"2026-02-08T22:48:19.444029Z","level":"info","event":"{'color': 'N/A',","logger":"airflow.task.hooks.airflow.providers.standard.hooks.subprocess.SubprocessHook","filename":"subprocess.py","lineno":99}
{"timestamp":"2026-02-08T22:48:19.444081Z","level":"info","event":" 'full_title': 'Tablet Tcl Tab 10l 4g Lte Gen 3 - Preto',","logger":"airflow.task.hooks.airflow.providers.standard.hooks.subprocess.SubprocessHook","filename":"subprocess.py","lineno":99}
{"timestamp":"2026-02-08T22:48:19.444117Z","level":"info","event":" 'memory': 'N/A',","logger":"airflow.task.hooks.airflow.providers.standard.hooks.subprocess.SubprocessHook","filename":"subprocess.py","lineno":99}
{"timestamp":"2026-02-08T22:48:19.444148Z","level":"info","event":" 'price': '1.599',","logger":"airflow.task.hooks.airflow.providers.standard.hooks.subprocess.SubprocessHook","filename":"subprocess.py","lineno":99}
{"timestamp":"2026-02-08T22:48:19.444176Z","level":"info","event":" 'rating': '4.9',","logger":"airflow.task.hooks.airflow.providers.standard.hooks.subprocess.SubprocessHook","filename":"subprocess.py","lineno":99}
{"timestamp":"2026-02-08T22:48:19.444204Z","level":"info","event":" 'short_title': 'tablet',","logger":"airflow.task.hooks.airflow.providers.standard.hooks.subprocess.SubprocessHook","filename":"subprocess.py","lineno":99}
{"timestamp":"2026-02-08T22:48:19.444229Z","level":"info","event":" 'site_name': 'mercado_livre',","logger":"airflow.task.hooks.airflow.providers.standard.hooks.subprocess.SubprocessHook","filename":"subprocess.py","lineno":99}
{"timestamp":"2026-02-08T22:48:19.444255Z","level":"info","event":" 'storage': 'N/A'}","logger":"airflow.task.hooks.airflow.providers.standard.hooks.subprocess.SubprocessHook","filename":"subprocess.py","lineno":99}
{"timestamp":"2026-02-08T22:48:19.445198Z","level":"info","event":"2026-02-08 22:48:19 [scrapy.core.scraper] DEBUG: Scraped from <200 https://lista.mercadolivre.com.br/tablet>","logger":"airflow.task.hooks.airflow.providers.standard.hooks.subprocess.SubprocessHook","filename":"subprocess.py","lineno":99}
{"timestamp":"2026-02-08T22:48:19.445280Z","level":"info","event":"{'color': 'Cinza',","logger":"airflow.task.hooks.airflow.providers.standard.hooks.subprocess.SubprocessHook","filename":"subprocess.py","lineno":99}
{"timestamp":"2026-02-08T22:48:19.445332Z","level":"info","event":" 'full_title': 'Tablet Lenovo Tab 10.1¨ Wifi 5 64gb 4gb De Ram Android 14 '","logger":"airflow.task.hooks.airflow.providers.standard.hooks.subprocess.SubprocessHook","filename":"subprocess.py","lineno":99}
{"timestamp":"2026-02-08T22:48:19.445365Z","level":"info","event":"               'Cinza',","logger":"airflow.task.hooks.airflow.providers.standard.hooks.subprocess.SubprocessHook","filename":"subprocess.py","lineno":99}
{"timestamp":"2026-02-08T22:48:19.445396Z","level":"info","event":" 'memory': 'N/A',","logger":"airflow.task.hooks.airflow.providers.standard.hooks.subprocess.SubprocessHook","filename":"subprocess.py","lineno":99}
{"timestamp":"2026-02-08T22:48:19.445423Z","level":"info","event":" 'price': '999',","logger":"airflow.task.hooks.airflow.providers.standard.hooks.subprocess.SubprocessHook","filename":"subprocess.py","lineno":99}
{"timestamp":"2026-02-08T22:48:19.445450Z","level":"info","event":" 'rating': '4.8',","logger":"airflow.task.hooks.airflow.providers.standard.hooks.subprocess.SubprocessHook","filename":"subprocess.py","lineno":99}
{"timestamp":"2026-02-08T22:48:19.445476Z","level":"info","event":" 'short_title': 'tablet',","logger":"airflow.task.hooks.airflow.providers.standard.hooks.subprocess.SubprocessHook","filename":"subprocess.py","lineno":99}
{"timestamp":"2026-02-08T22:48:19.445502Z","level":"info","event":" 'site_name': 'mercado_livre',","logger":"airflow.task.hooks.airflow.providers.standard.hooks.subprocess.SubprocessHook","filename":"subprocess.py","lineno":99}
{"timestamp":"2026-02-08T22:48:19.445529Z","level":"info","event":" 'storage': 'N/A'}","logger":"airflow.task.hooks.airflow.providers.standard.hooks.subprocess.SubprocessHook","filename":"subprocess.py","lineno":99}
{"timestamp":"2026-02-08T22:48:19.446498Z","level":"info","event":"2026-02-08 22:48:19 [scrapy.core.scraper] DEBUG: Scraped from <200 https://lista.mercadolivre.com.br/tablet>","logger":"airflow.task.hooks.airflow.providers.standard.hooks.subprocess.SubprocessHook","filename":"subprocess.py","lineno":99}
{"timestamp":"2026-02-08T22:48:19.446589Z","level":"info","event":"{'color': 'N/A',","logger":"airflow.task.hooks.airflow.providers.standard.hooks.subprocess.SubprocessHook","filename":"subprocess.py","lineno":99}
{"timestamp":"2026-02-08T22:48:19.446641Z","level":"info","event":" 'full_title': 'Tablet 11 Android 13 64gb Samsung Galaxy Tab A9+ 5g Grafite '","logger":"airflow.task.hooks.airflow.providers.standard.hooks.subprocess.SubprocessHook","filename":"subprocess.py","lineno":99}
{"timestamp":"2026-02-08T22:48:19.446677Z","level":"info","event":"               'Grafite',","logger":"airflow.task.hooks.airflow.providers.standard.hooks.subprocess.SubprocessHook","filename":"subprocess.py","lineno":99}
{"timestamp":"2026-02-08T22:48:19.446707Z","level":"info","event":" 'memory': 'N/A',","logger":"airflow.task.hooks.airflow.providers.standard.hooks.subprocess.SubprocessHook","filename":"subprocess.py","lineno":99}
{"timestamp":"2026-02-08T22:48:19.446736Z","level":"info","event":" 'price': '1.915',","logger":"airflow.task.hooks.airflow.providers.standard.hooks.subprocess.SubprocessHook","filename":"subprocess.py","lineno":99}
{"timestamp":"2026-02-08T22:48:19.446764Z","level":"info","event":" 'rating': '5.0',","logger":"airflow.task.hooks.airflow.providers.standard.hooks.subprocess.SubprocessHook","filename":"subprocess.py","lineno":99}
{"timestamp":"2026-02-08T22:48:19.446791Z","level":"info","event":" 'short_title': 'tablet',","logger":"airflow.task.hooks.airflow.providers.standard.hooks.subprocess.SubprocessHook","filename":"subprocess.py","lineno":99}
{"timestamp":"2026-02-08T22:48:19.446818Z","level":"info","event":" 'site_name': 'mercado_livre',","logger":"airflow.task.hooks.airflow.providers.standard.hooks.subprocess.SubprocessHook","filename":"subprocess.py","lineno":99}
{"timestamp":"2026-02-08T22:48:19.446843Z","level":"info","event":" 'storage': 'N/A'}","logger":"airflow.task.hooks.airflow.providers.standard.hooks.subprocess.SubprocessHook","filename":"subprocess.py","lineno":99}
{"timestamp":"2026-02-08T22:48:19.447840Z","level":"info","event":"2026-02-08 22:48:19 [scrapy.core.scraper] DEBUG: Scraped from <200 https://lista.mercadolivre.com.br/tablet>","logger":"airflow.task.hooks.airflow.providers.standard.hooks.subprocess.SubprocessHook","filename":"subprocess.py","lineno":99}
{"timestamp":"2026-02-08T22:48:19.447926Z","level":"info","event":"{'color': 'Preto',","logger":"airflow.task.hooks.airflow.providers.standard.hooks.subprocess.SubprocessHook","filename":"subprocess.py","lineno":99}
{"timestamp":"2026-02-08T22:48:19.447976Z","level":"info","event":" 'full_title': 'Tablet Mirage 7 Pol 64gb 4gb ram Quad core wi-fi cor Preto '","logger":"airflow.task.hooks.airflow.providers.standard.hooks.subprocess.SubprocessHook","filename":"subprocess.py","lineno":99}
{"timestamp":"2026-02-08T22:48:19.448009Z","level":"info","event":"               '2022',","logger":"airflow.task.hooks.airflow.providers.standard.hooks.subprocess.SubprocessHook","filename":"subprocess.py","lineno":99}
{"timestamp":"2026-02-08T22:48:19.448038Z","level":"info","event":" 'memory': '4gb',","logger":"airflow.task.hooks.airflow.providers.standard.hooks.subprocess.SubprocessHook","filename":"subprocess.py","lineno":99}
{"timestamp":"2026-02-08T22:48:19.448065Z","level":"info","event":" 'price': '399',","logger":"airflow.task.hooks.airflow.providers.standard.hooks.subprocess.SubprocessHook","filename":"subprocess.py","lineno":99}
{"timestamp":"2026-02-08T22:48:19.448091Z","level":"info","event":" 'rating': '4.3',","logger":"airflow.task.hooks.airflow.providers.standard.hooks.subprocess.SubprocessHook","filename":"subprocess.py","lineno":99}
{"timestamp":"2026-02-08T22:48:19.448117Z","level":"info","event":" 'short_title': 'tablet',","logger":"airflow.task.hooks.airflow.providers.standard.hooks.subprocess.SubprocessHook","filename":"subprocess.py","lineno":99}
{"timestamp":"2026-02-08T22:48:19.448144Z","level":"info","event":" 'site_name': 'mercado_livre',","logger":"airflow.task.hooks.airflow.providers.standard.hooks.subprocess.SubprocessHook","filename":"subprocess.py","lineno":99}
{"timestamp":"2026-02-08T22:48:19.448170Z","level":"info","event":" 'storage': 'N/A'}","logger":"airflow.task.hooks.airflow.providers.standard.hooks.subprocess.SubprocessHook","filename":"subprocess.py","lineno":99}
{"timestamp":"2026-02-08T22:48:19.449090Z","level":"info","event":"2026-02-08 22:48:19 [scrapy.core.scraper] DEBUG: Scraped from <200 https://lista.mercadolivre.com.br/tablet>","logger":"airflow.task.hooks.airflow.providers.standard.hooks.subprocess.SubprocessHook","filename":"subprocess.py","lineno":99}
{"timestamp":"2026-02-08T22:48:19.449176Z","level":"info","event":"{'color': 'Rosa',","logger":"airflow.task.hooks.airflow.providers.standard.hooks.subprocess.SubprocessHook","filename":"subprocess.py","lineno":99}
{"timestamp":"2026-02-08T22:48:19.449226Z","level":"info","event":" 'full_title': 'Tablet Infantil Educativo Recarregavel 128gb 6gb Ram digno '","logger":"airflow.task.hooks.airflow.providers.standard.hooks.subprocess.SubprocessHook","filename":"subprocess.py","lineno":99}
{"timestamp":"2026-02-08T22:48:19.449261Z","level":"info","event":"               'Youtube Kids Capa Tematica Rosa',","logger":"airflow.task.hooks.airflow.providers.standard.hooks.subprocess.SubprocessHook","filename":"subprocess.py","lineno":99}
{"timestamp":"2026-02-08T22:48:19.449293Z","level":"info","event":" 'memory': '6gb',","logger":"airflow.task.hooks.airflow.providers.standard.hooks.subprocess.SubprocessHook","filename":"subprocess.py","lineno":99}
{"timestamp":"2026-02-08T22:48:19.449321Z","level":"info","event":" 'price': '388',","logger":"airflow.task.hooks.airflow.providers.standard.hooks.subprocess.SubprocessHook","filename":"subprocess.py","lineno":99}
{"timestamp":"2026-02-08T22:48:19.449348Z","level":"info","event":" 'rating': '4.6',","logger":"airflow.task.hooks.airflow.providers.standard.hooks.subprocess.SubprocessHook","filename":"subprocess.py","lineno":99}
{"timestamp":"2026-02-08T22:48:19.449374Z","level":"info","event":" 'short_title': 'tablet',","logger":"airflow.task.hooks.airflow.providers.standard.hooks.subprocess.SubprocessHook","filename":"subprocess.py","lineno":99}
{"timestamp":"2026-02-08T22:48:19.449401Z","level":"info","event":" 'site_name': 'mercado_livre',","logger":"airflow.task.hooks.airflow.providers.standard.hooks.subprocess.SubprocessHook","filename":"subprocess.py","lineno":99}
{"timestamp":"2026-02-08T22:48:19.449427Z","level":"info","event":" 'storage': 'N/A'}","logger":"airflow.task.hooks.airflow.providers.standard.hooks.subprocess.SubprocessHook","filename":"subprocess.py","lineno":99}
{"timestamp":"2026-02-08T22:48:19.450327Z","level":"info","event":"2026-02-08 22:48:19 [scrapy.core.scraper] DEBUG: Scraped from <200 https://lista.mercadolivre.com.br/tablet>","logger":"airflow.task.hooks.airflow.providers.standard.hooks.subprocess.SubprocessHook","filename":"subprocess.py","lineno":99}
{"timestamp":"2026-02-08T22:48:19.450407Z","level":"info","event":"{'color': 'N/A',","logger":"airflow.task.hooks.airflow.providers.standard.hooks.subprocess.SubprocessHook","filename":"subprocess.py","lineno":99}
{"timestamp":"2026-02-08T22:48:19.450456Z","level":"info","event":" 'full_title': 'Tablet 2 Em 1 Pad12 Ultra Android 15 12gb Ram+512gb 10000mah '","logger":"airflow.task.hooks.airflow.providers.standard.hooks.subprocess.SubprocessHook","filename":"subprocess.py","lineno":99}
{"timestamp":"2026-02-08T22:48:19.450490Z","level":"info","event":"               '16mp + 32mp Com Chamadas- Kit Completo Com Caneta E Teclado',","logger":"airflow.task.hooks.airflow.providers.standard.hooks.subprocess.SubprocessHook","filename":"subprocess.py","lineno":99}
{"timestamp":"2026-02-08T22:48:19.450519Z","level":"info","event":" 'memory': '12gb',","logger":"airflow.task.hooks.airflow.providers.standard.hooks.subprocess.SubprocessHook","filename":"subprocess.py","lineno":99}
{"timestamp":"2026-02-08T22:48:19.450546Z","level":"info","event":" 'price': '872',","logger":"airflow.task.hooks.airflow.providers.standard.hooks.subprocess.SubprocessHook","filename":"subprocess.py","lineno":99}
{"timestamp":"2026-02-08T22:48:19.450573Z","level":"info","event":" 'rating': '5.0',","logger":"airflow.task.hooks.airflow.providers.standard.hooks.subprocess.SubprocessHook","filename":"subprocess.py","lineno":99}
{"timestamp":"2026-02-08T22:48:19.450599Z","level":"info","event":" 'short_title': 'tablet',","logger":"airflow.task.hooks.airflow.providers.standard.hooks.subprocess.SubprocessHook","filename":"subprocess.py","lineno":99}
{"timestamp":"2026-02-08T22:48:19.450625Z","level":"info","event":" 'site_name': 'mercado_livre',","logger":"airflow.task.hooks.airflow.providers.standard.hooks.subprocess.SubprocessHook","filename":"subprocess.py","lineno":99}
{"timestamp":"2026-02-08T22:48:19.450651Z","level":"info","event":" 'storage': 'N/A'}","logger":"airflow.task.hooks.airflow.providers.standard.hooks.subprocess.SubprocessHook","filename":"subprocess.py","lineno":99}
{"timestamp":"2026-02-08T22:48:19.459287Z","level":"info","event":"2026-02-08 22:48:19 [scrapy.core.scraper] DEBUG: Scraped from <200 https://lista.mercadolivre.com.br/tablet>","logger":"airflow.task.hooks.airflow.providers.standard.hooks.subprocess.SubprocessHook","filename":"subprocess.py","lineno":99}
{"timestamp":"2026-02-08T22:48:19.459457Z","level":"info","event":"{'color': 'Cinza',","logger":"airflow.task.hooks.airflow.providers.standard.hooks.subprocess.SubprocessHook","filename":"subprocess.py","lineno":99}
{"timestamp":"2026-02-08T22:48:19.459506Z","level":"info","event":" 'full_title': \"Tablet Tcl Tab 11 Fe 128gb 8gb Wi-fi 11'' Octa Core Cor Cinza \"","logger":"airflow.task.hooks.airflow.providers.standard.hooks.subprocess.SubprocessHook","filename":"subprocess.py","lineno":99}
{"timestamp":"2026-02-08T22:48:19.459540Z","level":"info","event":"               'Estelar',","logger":"airflow.task.hooks.airflow.providers.standard.hooks.subprocess.SubprocessHook","filename":"subprocess.py","lineno":99}
{"timestamp":"2026-02-08T22:48:19.459570Z","level":"info","event":" 'memory': 'N/A',","logger":"airflow.task.hooks.airflow.providers.standard.hooks.subprocess.SubprocessHook","filename":"subprocess.py","lineno":99}
{"timestamp":"2026-02-08T22:48:19.459598Z","level":"info","event":" 'price': '1.126',","logger":"airflow.task.hooks.airflow.providers.standard.hooks.subprocess.SubprocessHook","filename":"subprocess.py","lineno":99}
{"timestamp":"2026-02-08T22:48:19.459625Z","level":"info","event":" 'rating': '4.9',","logger":"airflow.task.hooks.airflow.providers.standard.hooks.subprocess.SubprocessHook","filename":"subprocess.py","lineno":99}
{"timestamp":"2026-02-08T22:48:19.459652Z","level":"info","event":" 'short_title': 'tablet',","logger":"airflow.task.hooks.airflow.providers.standard.hooks.subprocess.SubprocessHook","filename":"subprocess.py","lineno":99}
{"timestamp":"2026-02-08T22:48:19.459678Z","level":"info","event":" 'site_name': 'mercado_livre',","logger":"airflow.task.hooks.airflow.providers.standard.hooks.subprocess.SubprocessHook","filename":"subprocess.py","lineno":99}
{"timestamp":"2026-02-08T22:48:19.459703Z","level":"info","event":" 'storage': 'N/A'}","logger":"airflow.task.hooks.airflow.providers.standard.hooks.subprocess.SubprocessHook","filename":"subprocess.py","lineno":99}
{"timestamp":"2026-02-08T22:48:19.460725Z","level":"info","event":"2026-02-08 22:48:19 [scrapy.core.scraper] DEBUG: Scraped from <200 https://lista.mercadolivre.com.br/tablet>","logger":"airflow.task.hooks.airflow.providers.standard.hooks.subprocess.SubprocessHook","filename":"subprocess.py","lineno":99}
{"timestamp":"2026-02-08T22:48:19.460807Z","level":"info","event":"{'color': 'N/A',","logger":"airflow.task.hooks.airflow.providers.standard.hooks.subprocess.SubprocessHook","filename":"subprocess.py","lineno":99}
{"timestamp":"2026-02-08T22:48:19.460855Z","level":"info","event":" 'full_title': \"Tablet Infantil Elementumsjecommerce Kids Android 7'' 128GB \"","logger":"airflow.task.hooks.airflow.providers.standard.hooks.subprocess.SubprocessHook","filename":"subprocess.py","lineno":99}
{"timestamp":"2026-02-08T22:48:19.460889Z","level":"info","event":"               '6GB RAM Capa Emborrachada',","logger":"airflow.task.hooks.airflow.providers.standard.hooks.subprocess.SubprocessHook","filename":"subprocess.py","lineno":99}
{"timestamp":"2026-02-08T22:48:19.460918Z","level":"info","event":" 'memory': '6GB',","logger":"airflow.task.hooks.airflow.providers.standard.hooks.subprocess.SubprocessHook","filename":"subprocess.py","lineno":99}
{"timestamp":"2026-02-08T22:48:19.460946Z","level":"info","event":" 'price': '579',","logger":"airflow.task.hooks.airflow.providers.standard.hooks.subprocess.SubprocessHook","filename":"subprocess.py","lineno":99}
{"timestamp":"2026-02-08T22:48:19.460973Z","level":"info","event":" 'rating': '4.2',","logger":"airflow.task.hooks.airflow.providers.standard.hooks.subprocess.SubprocessHook","filename":"subprocess.py","lineno":99}
{"timestamp":"2026-02-08T22:48:19.461000Z","level":"info","event":" 'short_title': 'tablet',","logger":"airflow.task.hooks.airflow.providers.standard.hooks.subprocess.SubprocessHook","filename":"subprocess.py","lineno":99}
{"timestamp":"2026-02-08T22:48:19.461026Z","level":"info","event":" 'site_name': 'mercado_livre',","logger":"airflow.task.hooks.airflow.providers.standard.hooks.subprocess.SubprocessHook","filename":"subprocess.py","lineno":99}
{"timestamp":"2026-02-08T22:48:19.461051Z","level":"info","event":" 'storage': 'N/A'}","logger":"airflow.task.hooks.airflow.providers.standard.hooks.subprocess.SubprocessHook","filename":"subprocess.py","lineno":99}
{"timestamp":"2026-02-08T22:48:19.461920Z","level":"info","event":"2026-02-08 22:48:19 [scrapy.core.scraper] DEBUG: Scraped from <200 https://lista.mercadolivre.com.br/tablet>","logger":"airflow.task.hooks.airflow.providers.standard.hooks.subprocess.SubprocessHook","filename":"subprocess.py","lineno":99}
{"timestamp":"2026-02-08T22:48:19.462001Z","level":"info","event":"{'color': 'N/A',","logger":"airflow.task.hooks.airflow.providers.standard.hooks.subprocess.SubprocessHook","filename":"subprocess.py","lineno":99}
{"timestamp":"2026-02-08T22:48:19.462050Z","level":"info","event":" 'full_title': 'Tablet Nb414 Minnie 4gb 64gb 7 Android 13 Multi',","logger":"airflow.task.hooks.airflow.providers.standard.hooks.subprocess.SubprocessHook","filename":"subprocess.py","lineno":99}
{"timestamp":"2026-02-08T22:48:19.462083Z","level":"info","event":" 'memory': 'N/A',","logger":"airflow.task.hooks.airflow.providers.standard.hooks.subprocess.SubprocessHook","filename":"subprocess.py","lineno":99}
{"timestamp":"2026-02-08T22:48:19.462113Z","level":"info","event":" 'price': '473',","logger":"airflow.task.hooks.airflow.providers.standard.hooks.subprocess.SubprocessHook","filename":"subprocess.py","lineno":99}
{"timestamp":"2026-02-08T22:48:19.462140Z","level":"info","event":" 'rating': '4.5',","logger":"airflow.task.hooks.airflow.providers.standard.hooks.subprocess.SubprocessHook","filename":"subprocess.py","lineno":99}
{"timestamp":"2026-02-08T22:48:19.462167Z","level":"info","event":" 'short_title': 'tablet',","logger":"airflow.task.hooks.airflow.providers.standard.hooks.subprocess.SubprocessHook","filename":"subprocess.py","lineno":99}
{"timestamp":"2026-02-08T22:48:19.462193Z","level":"info","event":" 'site_name': 'mercado_livre',","logger":"airflow.task.hooks.airflow.providers.standard.hooks.subprocess.SubprocessHook","filename":"subprocess.py","lineno":99}
{"timestamp":"2026-02-08T22:48:19.462219Z","level":"info","event":" 'storage': 'N/A'}","logger":"airflow.task.hooks.airflow.providers.standard.hooks.subprocess.SubprocessHook","filename":"subprocess.py","lineno":99}
{"timestamp":"2026-02-08T22:48:19.463126Z","level":"info","event":"2026-02-08 22:48:19 [scrapy.core.scraper] DEBUG: Scraped from <200 https://lista.mercadolivre.com.br/tablet>","logger":"airflow.task.hooks.airflow.providers.standard.hooks.subprocess.SubprocessHook","filename":"subprocess.py","lineno":99}
{"timestamp":"2026-02-08T22:48:19.463207Z","level":"info","event":"{'color': 'N/A',","logger":"airflow.task.hooks.airflow.providers.standard.hooks.subprocess.SubprocessHook","filename":"subprocess.py","lineno":99}
{"timestamp":"2026-02-08T22:48:19.463255Z","level":"info","event":" 'full_title': 'Tablet Infantil Princesas com Controle Parental 4GB + 64GB 7\" '","logger":"airflow.task.hooks.airflow.providers.standard.hooks.subprocess.SubprocessHook","filename":"subprocess.py","lineno":99}
{"timestamp":"2026-02-08T22:48:19.463287Z","level":"info","event":"               'Wi-fi Android 13 Quad Core Multi - NB418',","logger":"airflow.task.hooks.airflow.providers.standard.hooks.subprocess.SubprocessHook","filename":"subprocess.py","lineno":99}
{"timestamp":"2026-02-08T22:48:19.463317Z","level":"info","event":" 'memory': 'N/A',","logger":"airflow.task.hooks.airflow.providers.standard.hooks.subprocess.SubprocessHook","filename":"subprocess.py","lineno":99}
{"timestamp":"2026-02-08T22:48:19.463343Z","level":"info","event":" 'price': '629',","logger":"airflow.task.hooks.airflow.providers.standard.hooks.subprocess.SubprocessHook","filename":"subprocess.py","lineno":99}
{"timestamp":"2026-02-08T22:48:19.463369Z","level":"info","event":" 'rating': '4.5',","logger":"airflow.task.hooks.airflow.providers.standard.hooks.subprocess.SubprocessHook","filename":"subprocess.py","lineno":99}
{"timestamp":"2026-02-08T22:48:19.463395Z","level":"info","event":" 'short_title': 'tablet',","logger":"airflow.task.hooks.airflow.providers.standard.hooks.subprocess.SubprocessHook","filename":"subprocess.py","lineno":99}
{"timestamp":"2026-02-08T22:48:19.463421Z","level":"info","event":" 'site_name': 'mercado_livre',","logger":"airflow.task.hooks.airflow.providers.standard.hooks.subprocess.SubprocessHook","filename":"subprocess.py","lineno":99}
{"timestamp":"2026-02-08T22:48:19.463447Z","level":"info","event":" 'storage': 'N/A'}","logger":"airflow.task.hooks.airflow.providers.standard.hooks.subprocess.SubprocessHook","filename":"subprocess.py","lineno":99}
{"timestamp":"2026-02-08T22:48:19.464457Z","level":"info","event":"2026-02-08 22:48:19 [scrapy.core.scraper] DEBUG: Scraped from <200 https://lista.mercadolivre.com.br/tablet>","logger":"airflow.task.hooks.airflow.providers.standard.hooks.subprocess.SubprocessHook","filename":"subprocess.py","lineno":99}
{"timestamp":"2026-02-08T22:48:19.464546Z","level":"info","event":"{'color': 'N/A',","logger":"airflow.task.hooks.airflow.providers.standard.hooks.subprocess.SubprocessHook","filename":"subprocess.py","lineno":99}
{"timestamp":"2026-02-08T22:48:19.464597Z","level":"info","event":" 'full_title': 'Tablet Positivo Vision TAB 7 Moana - Processador Octa-Core 3GB '","logger":"airflow.task.hooks.airflow.providers.standard.hooks.subprocess.SubprocessHook","filename":"subprocess.py","lineno":99}
{"timestamp":"2026-02-08T22:48:19.464635Z","level":"info","event":"               'RAM 64GB Armazenamento, Tela 7” IPS, Bateria 3100mAh, Android '","logger":"airflow.task.hooks.airflow.providers.standard.hooks.subprocess.SubprocessHook","filename":"subprocess.py","lineno":99}
{"timestamp":"2026-02-08T22:48:19.464668Z","level":"info","event":"               '14 Go, Wi-fi - Preto - Inclui 2 Itens de Proteção (Capa e '","logger":"airflow.task.hooks.airflow.providers.standard.hooks.subprocess.SubprocessHook","filename":"subprocess.py","lineno":99}
{"timestamp":"2026-02-08T22:48:19.464698Z","level":"info","event":"               'Transporte)',","logger":"airflow.task.hooks.airflow.providers.standard.hooks.subprocess.SubprocessHook","filename":"subprocess.py","lineno":99}
{"timestamp":"2026-02-08T22:48:19.464726Z","level":"info","event":" 'memory': '3GB',","logger":"airflow.task.hooks.airflow.providers.standard.hooks.subprocess.SubprocessHook","filename":"subprocess.py","lineno":99}
{"timestamp":"2026-02-08T22:48:19.464752Z","level":"info","event":" 'price': '699',","logger":"airflow.task.hooks.airflow.providers.standard.hooks.subprocess.SubprocessHook","filename":"subprocess.py","lineno":99}
{"timestamp":"2026-02-08T22:48:19.464779Z","level":"info","event":" 'rating': '4.7',","logger":"airflow.task.hooks.airflow.providers.standard.hooks.subprocess.SubprocessHook","filename":"subprocess.py","lineno":99}
{"timestamp":"2026-02-08T22:48:19.464806Z","level":"info","event":" 'short_title': 'tablet',","logger":"airflow.task.hooks.airflow.providers.standard.hooks.subprocess.SubprocessHook","filename":"subprocess.py","lineno":99}
{"timestamp":"2026-02-08T22:48:19.464832Z","level":"info","event":" 'site_name': 'mercado_livre',","logger":"airflow.task.hooks.airflow.providers.standard.hooks.subprocess.SubprocessHook","filename":"subprocess.py","lineno":99}
{"timestamp":"2026-02-08T22:48:19.464870Z","level":"info","event":" 'storage': 'N/A'}","logger":"airflow.task.hooks.airflow.providers.standard.hooks.subprocess.SubprocessHook","filename":"subprocess.py","lineno":99}
{"timestamp":"2026-02-08T22:48:19.465741Z","level":"info","event":"2026-02-08 22:48:19 [scrapy.core.scraper] DEBUG: Scraped from <200 https://lista.mercadolivre.com.br/tablet>","logger":"airflow.task.hooks.airflow.providers.standard.hooks.subprocess.SubprocessHook","filename":"subprocess.py","lineno":99}
{"timestamp":"2026-02-08T22:48:19.465825Z","level":"info","event":"{'color': 'N/A',","logger":"airflow.task.hooks.airflow.providers.standard.hooks.subprocess.SubprocessHook","filename":"subprocess.py","lineno":99}
{"timestamp":"2026-02-08T22:48:19.465875Z","level":"info","event":" 'full_title': 'Tablet Infantil Criança Memoria 128gb Android 14 Tela Touch Hd '","logger":"airflow.task.hooks.airflow.providers.standard.hooks.subprocess.SubprocessHook","filename":"subprocess.py","lineno":99}
{"timestamp":"2026-02-08T22:48:19.465909Z","level":"info","event":"               'Capinha Labubu Emborrachada Resistente Wi-fi Dual Band Câmera '","logger":"airflow.task.hooks.airflow.providers.standard.hooks.subprocess.SubprocessHook","filename":"subprocess.py","lineno":99}
{"timestamp":"2026-02-08T22:48:19.465938Z","level":"info","event":"               'Carregador Usb-c Caneta Touch Educativo Jogos Estudar Cor Roxo',","logger":"airflow.task.hooks.airflow.providers.standard.hooks.subprocess.SubprocessHook","filename":"subprocess.py","lineno":99}
{"timestamp":"2026-02-08T22:48:19.465966Z","level":"info","event":" 'memory': 'N/A',","logger":"airflow.task.hooks.airflow.providers.standard.hooks.subprocess.SubprocessHook","filename":"subprocess.py","lineno":99}
{"timestamp":"2026-02-08T22:48:19.465992Z","level":"info","event":" 'price': '520',","logger":"airflow.task.hooks.airflow.providers.standard.hooks.subprocess.SubprocessHook","filename":"subprocess.py","lineno":99}
{"timestamp":"2026-02-08T22:48:19.466018Z","level":"info","event":" 'rating': '4.7',","logger":"airflow.task.hooks.airflow.providers.standard.hooks.subprocess.SubprocessHook","filename":"subprocess.py","lineno":99}
{"timestamp":"2026-02-08T22:48:19.466043Z","level":"info","event":" 'short_title': 'tablet',","logger":"airflow.task.hooks.airflow.providers.standard.hooks.subprocess.SubprocessHook","filename":"subprocess.py","lineno":99}
{"timestamp":"2026-02-08T22:48:19.466069Z","level":"info","event":" 'site_name': 'mercado_livre',","logger":"airflow.task.hooks.airflow.providers.standard.hooks.subprocess.SubprocessHook","filename":"subprocess.py","lineno":99}
{"timestamp":"2026-02-08T22:48:19.466094Z","level":"info","event":" 'storage': 'N/A'}","logger":"airflow.task.hooks.airflow.providers.standard.hooks.subprocess.SubprocessHook","filename":"subprocess.py","lineno":99}
{"timestamp":"2026-02-08T22:48:19.466929Z","level":"info","event":"2026-02-08 22:48:19 [scrapy.core.scraper] DEBUG: Scraped from <200 https://lista.mercadolivre.com.br/tablet>","logger":"airflow.task.hooks.airflow.providers.standard.hooks.subprocess.SubprocessHook","filename":"subprocess.py","lineno":99}
{"timestamp":"2026-02-08T22:48:19.467016Z","level":"info","event":"{'color': 'Azul',","logger":"airflow.task.hooks.airflow.providers.standard.hooks.subprocess.SubprocessHook","filename":"subprocess.py","lineno":99}
{"timestamp":"2026-02-08T22:48:19.467068Z","level":"info","event":" 'full_title': 'Tablet Infantil Capa Protetora 7 128gb 8gb Wifi Resistente '","logger":"airflow.task.hooks.airflow.providers.standard.hooks.subprocess.SubprocessHook","filename":"subprocess.py","lineno":99}
{"timestamp":"2026-02-08T22:48:19.467103Z","level":"info","event":"               'Azul',","logger":"airflow.task.hooks.airflow.providers.standard.hooks.subprocess.SubprocessHook","filename":"subprocess.py","lineno":99}
{"timestamp":"2026-02-08T22:48:19.467133Z","level":"info","event":" 'memory': 'N/A',","logger":"airflow.task.hooks.airflow.providers.standard.hooks.subprocess.SubprocessHook","filename":"subprocess.py","lineno":99}
{"timestamp":"2026-02-08T22:48:19.467162Z","level":"info","event":" 'price': '427',","logger":"airflow.task.hooks.airflow.providers.standard.hooks.subprocess.SubprocessHook","filename":"subprocess.py","lineno":99}
{"timestamp":"2026-02-08T22:48:19.467190Z","level":"info","event":" 'rating': '5.0',","logger":"airflow.task.hooks.airflow.providers.standard.hooks.subprocess.SubprocessHook","filename":"subprocess.py","lineno":99}
{"timestamp":"2026-02-08T22:48:19.467215Z","level":"info","event":" 'short_title': 'tablet',","logger":"airflow.task.hooks.airflow.providers.standard.hooks.subprocess.SubprocessHook","filename":"subprocess.py","lineno":99}
{"timestamp":"2026-02-08T22:48:19.467241Z","level":"info","event":" 'site_name': 'mercado_livre',","logger":"airflow.task.hooks.airflow.providers.standard.hooks.subprocess.SubprocessHook","filename":"subprocess.py","lineno":99}
{"timestamp":"2026-02-08T22:48:19.467266Z","level":"info","event":" 'storage': 'N/A'}","logger":"airflow.task.hooks.airflow.providers.standard.hooks.subprocess.SubprocessHook","filename":"subprocess.py","lineno":99}
{"timestamp":"2026-02-08T22:48:19.468274Z","level":"info","event":"2026-02-08 22:48:19 [scrapy.core.scraper] DEBUG: Scraped from <200 https://lista.mercadolivre.com.br/tablet>","logger":"airflow.task.hooks.airflow.providers.standard.hooks.subprocess.SubprocessHook","filename":"subprocess.py","lineno":99}
{"timestamp":"2026-02-08T22:48:19.468360Z","level":"info","event":"{'color': 'Cinza',","logger":"airflow.task.hooks.airflow.providers.standard.hooks.subprocess.SubprocessHook","filename":"subprocess.py","lineno":99}
{"timestamp":"2026-02-08T22:48:19.468410Z","level":"info","event":" 'full_title': 'Tablet Acrensly M17 Android 14 | 16GB Ram 64GB ROM Suporta 1TB '","logger":"airflow.task.hooks.airflow.providers.standard.hooks.subprocess.SubprocessHook","filename":"subprocess.py","lineno":99}
{"timestamp":"2026-02-08T22:48:19.468445Z","level":"info","event":"               'TF 13MP + Selfie 5MP Câmeras Duplas Cinza Tela 10.1 HD '","logger":"airflow.task.hooks.airflow.providers.standard.hooks.subprocess.SubprocessHook","filename":"subprocess.py","lineno":99}
{"timestamp":"2026-02-08T22:48:19.468476Z","level":"info","event":"               'Octa-core até 1.8GHz 6000mAh WiFi 5G 2.4/5GHz TYPE-C 2.0 '","logger":"airflow.task.hooks.airflow.providers.standard.hooks.subprocess.SubprocessHook","filename":"subprocess.py","lineno":99}
{"timestamp":"2026-02-08T22:48:19.468505Z","level":"info","event":"               'Autonomia 4-5h',","logger":"airflow.task.hooks.airflow.providers.standard.hooks.subprocess.SubprocessHook","filename":"subprocess.py","lineno":99}
{"timestamp":"2026-02-08T22:48:19.468532Z","level":"info","event":" 'memory': '16GB',","logger":"airflow.task.hooks.airflow.providers.standard.hooks.subprocess.SubprocessHook","filename":"subprocess.py","lineno":99}
{"timestamp":"2026-02-08T22:48:19.468558Z","level":"info","event":" 'price': '999',","logger":"airflow.task.hooks.airflow.providers.standard.hooks.subprocess.SubprocessHook","filename":"subprocess.py","lineno":99}
{"timestamp":"2026-02-08T22:48:19.468584Z","level":"info","event":" 'rating': '4.7',","logger":"airflow.task.hooks.airflow.providers.standard.hooks.subprocess.SubprocessHook","filename":"subprocess.py","lineno":99}
{"timestamp":"2026-02-08T22:48:19.468610Z","level":"info","event":" 'short_title': 'tablet',","logger":"airflow.task.hooks.airflow.providers.standard.hooks.subprocess.SubprocessHook","filename":"subprocess.py","lineno":99}
{"timestamp":"2026-02-08T22:48:19.468637Z","level":"info","event":" 'site_name': 'mercado_livre',","logger":"airflow.task.hooks.airflow.providers.standard.hooks.subprocess.SubprocessHook","filename":"subprocess.py","lineno":99}
{"timestamp":"2026-02-08T22:48:19.468663Z","level":"info","event":" 'storage': 'N/A'}","logger":"airflow.task.hooks.airflow.providers.standard.hooks.subprocess.SubprocessHook","filename":"subprocess.py","lineno":99}
{"timestamp":"2026-02-08T22:48:19.469479Z","level":"info","event":"2026-02-08 22:48:19 [scrapy.core.scraper] DEBUG: Scraped from <200 https://lista.mercadolivre.com.br/tablet>","logger":"airflow.task.hooks.airflow.providers.standard.hooks.subprocess.SubprocessHook","filename":"subprocess.py","lineno":99}
{"timestamp":"2026-02-08T22:48:19.469561Z","level":"info","event":"{'color': 'N/A',","logger":"airflow.task.hooks.airflow.providers.standard.hooks.subprocess.SubprocessHook","filename":"subprocess.py","lineno":99}
{"timestamp":"2026-02-08T22:48:19.469616Z","level":"info","event":" 'full_title': 'Tablet VAIO TL12 256GB Octa-Core, 12.6” 5G WiFi Câmera 13MP + '","logger":"airflow.task.hooks.airflow.providers.standard.hooks.subprocess.SubprocessHook","filename":"subprocess.py","lineno":99}
{"timestamp":"2026-02-08T22:48:19.469694Z","level":"info","event":"               'Selfie 12MP com Teclado Inteligente, Capa Protetora e Caneta',","logger":"airflow.task.hooks.airflow.providers.standard.hooks.subprocess.SubprocessHook","filename":"subprocess.py","lineno":99}
{"timestamp":"2026-02-08T22:48:19.469767Z","level":"info","event":" 'memory': 'N/A',","logger":"airflow.task.hooks.airflow.providers.standard.hooks.subprocess.SubprocessHook","filename":"subprocess.py","lineno":99}
{"timestamp":"2026-02-08T22:48:19.469877Z","level":"info","event":" 'price': '3.799',","logger":"airflow.task.hooks.airflow.providers.standard.hooks.subprocess.SubprocessHook","filename":"subprocess.py","lineno":99}
{"timestamp":"2026-02-08T22:48:19.469969Z","level":"info","event":" 'rating': '4.8',","logger":"airflow.task.hooks.airflow.providers.standard.hooks.subprocess.SubprocessHook","filename":"subprocess.py","lineno":99}
{"timestamp":"2026-02-08T22:48:19.470013Z","level":"info","event":" 'short_title': 'tablet',","logger":"airflow.task.hooks.airflow.providers.standard.hooks.subprocess.SubprocessHook","filename":"subprocess.py","lineno":99}
{"timestamp":"2026-02-08T22:48:19.470045Z","level":"info","event":" 'site_name': 'mercado_livre',","logger":"airflow.task.hooks.airflow.providers.standard.hooks.subprocess.SubprocessHook","filename":"subprocess.py","lineno":99}
{"timestamp":"2026-02-08T22:48:19.470074Z","level":"info","event":" 'storage': 'N/A'}","logger":"airflow.task.hooks.airflow.providers.standard.hooks.subprocess.SubprocessHook","filename":"subprocess.py","lineno":99}
{"timestamp":"2026-02-08T22:48:19.470789Z","level":"info","event":"2026-02-08 22:48:19 [scrapy.core.scraper] DEBUG: Scraped from <200 https://lista.mercadolivre.com.br/tablet>","logger":"airflow.task.hooks.airflow.providers.standard.hooks.subprocess.SubprocessHook","filename":"subprocess.py","lineno":99}
{"timestamp":"2026-02-08T22:48:19.470875Z","level":"info","event":"{'color': 'Preto',","logger":"airflow.task.hooks.airflow.providers.standard.hooks.subprocess.SubprocessHook","filename":"subprocess.py","lineno":99}
{"timestamp":"2026-02-08T22:48:19.470941Z","level":"info","event":" 'full_title': 'Tablet Android 15 12gb 512gb Tela 10.1 Snapdragon 10000mah '","logger":"airflow.task.hooks.airflow.providers.standard.hooks.subprocess.SubprocessHook","filename":"subprocess.py","lineno":99}
{"timestamp":"2026-02-08T22:48:19.470977Z","level":"info","event":"               'Preto',","logger":"airflow.task.hooks.airflow.providers.standard.hooks.subprocess.SubprocessHook","filename":"subprocess.py","lineno":99}
{"timestamp":"2026-02-08T22:48:19.471007Z","level":"info","event":" 'memory': 'N/A',","logger":"airflow.task.hooks.airflow.providers.standard.hooks.subprocess.SubprocessHook","filename":"subprocess.py","lineno":99}
{"timestamp":"2026-02-08T22:48:19.471034Z","level":"info","event":" 'price': '899',","logger":"airflow.task.hooks.airflow.providers.standard.hooks.subprocess.SubprocessHook","filename":"subprocess.py","lineno":99}
{"timestamp":"2026-02-08T22:48:19.471060Z","level":"info","event":" 'rating': '4.6',","logger":"airflow.task.hooks.airflow.providers.standard.hooks.subprocess.SubprocessHook","filename":"subprocess.py","lineno":99}
{"timestamp":"2026-02-08T22:48:19.471086Z","level":"info","event":" 'short_title': 'tablet',","logger":"airflow.task.hooks.airflow.providers.standard.hooks.subprocess.SubprocessHook","filename":"subprocess.py","lineno":99}
{"timestamp":"2026-02-08T22:48:19.471112Z","level":"info","event":" 'site_name': 'mercado_livre',","logger":"airflow.task.hooks.airflow.providers.standard.hooks.subprocess.SubprocessHook","filename":"subprocess.py","lineno":99}
{"timestamp":"2026-02-08T22:48:19.471138Z","level":"info","event":" 'storage': 'N/A'}","logger":"airflow.task.hooks.airflow.providers.standard.hooks.subprocess.SubprocessHook","filename":"subprocess.py","lineno":99}
{"timestamp":"2026-02-08T22:48:19.472003Z","level":"info","event":"2026-02-08 22:48:19 [scrapy.core.scraper] DEBUG: Scraped from <200 https://lista.mercadolivre.com.br/tablet>","logger":"airflow.task.hooks.airflow.providers.standard.hooks.subprocess.SubprocessHook","filename":"subprocess.py","lineno":99}
{"timestamp":"2026-02-08T22:48:19.472088Z","level":"info","event":"{'color': 'N/A',","logger":"airflow.task.hooks.airflow.providers.standard.hooks.subprocess.SubprocessHook","filename":"subprocess.py","lineno":99}
{"timestamp":"2026-02-08T22:48:19.472137Z","level":"info","event":" 'full_title': 'Tablet Infantil Positivo Vision Tab 7 Toy Story - Octa-core '","logger":"airflow.task.hooks.airflow.providers.standard.hooks.subprocess.SubprocessHook","filename":"subprocess.py","lineno":99}
{"timestamp":"2026-02-08T22:48:19.472169Z","level":"info","event":"               '3GB RAM 64GB Armazenamento Tela 7 IPS - 3100mAh Android 14 Go '","logger":"airflow.task.hooks.airflow.providers.standard.hooks.subprocess.SubprocessHook","filename":"subprocess.py","lineno":99}
{"timestamp":"2026-02-08T22:48:19.472200Z","level":"info","event":"               'Wi-fi - Preto - Capa De Proteção E Mochila De Transporte do '","logger":"airflow.task.hooks.airflow.providers.standard.hooks.subprocess.SubprocessHook","filename":"subprocess.py","lineno":99}
{"timestamp":"2026-02-08T22:48:19.472229Z","level":"info","event":"               'Buzz Lightyear',","logger":"airflow.task.hooks.airflow.providers.standard.hooks.subprocess.SubprocessHook","filename":"subprocess.py","lineno":99}
{"timestamp":"2026-02-08T22:48:19.472257Z","level":"info","event":" 'memory': '3GB',","logger":"airflow.task.hooks.airflow.providers.standard.hooks.subprocess.SubprocessHook","filename":"subprocess.py","lineno":99}
{"timestamp":"2026-02-08T22:48:19.472284Z","level":"info","event":" 'price': '699',","logger":"airflow.task.hooks.airflow.providers.standard.hooks.subprocess.SubprocessHook","filename":"subprocess.py","lineno":99}
{"timestamp":"2026-02-08T22:48:19.472311Z","level":"info","event":" 'rating': '4.8',","logger":"airflow.task.hooks.airflow.providers.standard.hooks.subprocess.SubprocessHook","filename":"subprocess.py","lineno":99}
{"timestamp":"2026-02-08T22:48:19.472337Z","level":"info","event":" 'short_title': 'tablet',","logger":"airflow.task.hooks.airflow.providers.standard.hooks.subprocess.SubprocessHook","filename":"subprocess.py","lineno":99}
{"timestamp":"2026-02-08T22:48:19.472363Z","level":"info","event":" 'site_name': 'mercado_livre',","logger":"airflow.task.hooks.airflow.providers.standard.hooks.subprocess.SubprocessHook","filename":"subprocess.py","lineno":99}
{"timestamp":"2026-02-08T22:48:19.472389Z","level":"info","event":" 'storage': 'N/A'}","logger":"airflow.task.hooks.airflow.providers.standard.hooks.subprocess.SubprocessHook","filename":"subprocess.py","lineno":99}
{"timestamp":"2026-02-08T22:48:19.473169Z","level":"info","event":"2026-02-08 22:48:19 [scrapy.core.scraper] DEBUG: Scraped from <200 https://lista.mercadolivre.com.br/tablet>","logger":"airflow.task.hooks.airflow.providers.standard.hooks.subprocess.SubprocessHook","filename":"subprocess.py","lineno":99}
{"timestamp":"2026-02-08T22:48:19.473251Z","level":"info","event":"{'color': 'Azul',","logger":"airflow.task.hooks.airflow.providers.standard.hooks.subprocess.SubprocessHook","filename":"subprocess.py","lineno":99}
{"timestamp":"2026-02-08T22:48:19.473299Z","level":"info","event":" 'full_title': 'Tablet Infantil Kids Para Menino E Menina Premiun Youtube. Cor '","logger":"airflow.task.hooks.airflow.providers.standard.hooks.subprocess.SubprocessHook","filename":"subprocess.py","lineno":99}
{"timestamp":"2026-02-08T22:48:19.473332Z","level":"info","event":"               'Azul',","logger":"airflow.task.hooks.airflow.providers.standard.hooks.subprocess.SubprocessHook","filename":"subprocess.py","lineno":99}
{"timestamp":"2026-02-08T22:48:19.473361Z","level":"info","event":" 'memory': 'N/A',","logger":"airflow.task.hooks.airflow.providers.standard.hooks.subprocess.SubprocessHook","filename":"subprocess.py","lineno":99}
{"timestamp":"2026-02-08T22:48:19.473390Z","level":"info","event":" 'price': '399',","logger":"airflow.task.hooks.airflow.providers.standard.hooks.subprocess.SubprocessHook","filename":"subprocess.py","lineno":99}
{"timestamp":"2026-02-08T22:48:19.473417Z","level":"info","event":" 'rating': '4.4',","logger":"airflow.task.hooks.airflow.providers.standard.hooks.subprocess.SubprocessHook","filename":"subprocess.py","lineno":99}
{"timestamp":"2026-02-08T22:48:19.473443Z","level":"info","event":" 'short_title': 'tablet',","logger":"airflow.task.hooks.airflow.providers.standard.hooks.subprocess.SubprocessHook","filename":"subprocess.py","lineno":99}
{"timestamp":"2026-02-08T22:48:19.473470Z","level":"info","event":" 'site_name': 'mercado_livre',","logger":"airflow.task.hooks.airflow.providers.standard.hooks.subprocess.SubprocessHook","filename":"subprocess.py","lineno":99}
{"timestamp":"2026-02-08T22:48:19.473495Z","level":"info","event":" 'storage': 'N/A'}","logger":"airflow.task.hooks.airflow.providers.standard.hooks.subprocess.SubprocessHook","filename":"subprocess.py","lineno":99}
{"timestamp":"2026-02-08T22:48:19.474342Z","level":"info","event":"2026-02-08 22:48:19 [scrapy.core.scraper] DEBUG: Scraped from <200 https://lista.mercadolivre.com.br/tablet>","logger":"airflow.task.hooks.airflow.providers.standard.hooks.subprocess.SubprocessHook","filename":"subprocess.py","lineno":99}
{"timestamp":"2026-02-08T22:48:19.474423Z","level":"info","event":"{'color': 'Cinza',","logger":"airflow.task.hooks.airflow.providers.standard.hooks.subprocess.SubprocessHook","filename":"subprocess.py","lineno":99}
{"timestamp":"2026-02-08T22:48:19.474471Z","level":"info","event":" 'full_title': 'Tablet M10 Wifi 128gb 6gb Ram Tela 10.1 Bluetooth Multilaser '","logger":"airflow.task.hooks.airflow.providers.standard.hooks.subprocess.SubprocessHook","filename":"subprocess.py","lineno":99}
{"timestamp":"2026-02-08T22:48:19.474503Z","level":"info","event":"               'Cor Cinza',","logger":"airflow.task.hooks.airflow.providers.standard.hooks.subprocess.SubprocessHook","filename":"subprocess.py","lineno":99}
{"timestamp":"2026-02-08T22:48:19.474532Z","level":"info","event":" 'memory': '6gb',","logger":"airflow.task.hooks.airflow.providers.standard.hooks.subprocess.SubprocessHook","filename":"subprocess.py","lineno":99}
{"timestamp":"2026-02-08T22:48:19.474559Z","level":"info","event":" 'price': '725',","logger":"airflow.task.hooks.airflow.providers.standard.hooks.subprocess.SubprocessHook","filename":"subprocess.py","lineno":99}
{"timestamp":"2026-02-08T22:48:19.474585Z","level":"info","event":" 'rating': '4.2',","logger":"airflow.task.hooks.airflow.providers.standard.hooks.subprocess.SubprocessHook","filename":"subprocess.py","lineno":99}
{"timestamp":"2026-02-08T22:48:19.474612Z","level":"info","event":" 'short_title': 'tablet',","logger":"airflow.task.hooks.airflow.providers.standard.hooks.subprocess.SubprocessHook","filename":"subprocess.py","lineno":99}
{"timestamp":"2026-02-08T22:48:19.474637Z","level":"info","event":" 'site_name': 'mercado_livre',","logger":"airflow.task.hooks.airflow.providers.standard.hooks.subprocess.SubprocessHook","filename":"subprocess.py","lineno":99}
{"timestamp":"2026-02-08T22:48:19.474663Z","level":"info","event":" 'storage': 'N/A'}","logger":"airflow.task.hooks.airflow.providers.standard.hooks.subprocess.SubprocessHook","filename":"subprocess.py","lineno":99}
{"timestamp":"2026-02-08T22:48:19.475569Z","level":"info","event":"2026-02-08 22:48:19 [scrapy.core.scraper] DEBUG: Scraped from <200 https://lista.mercadolivre.com.br/tablet>","logger":"airflow.task.hooks.airflow.providers.standard.hooks.subprocess.SubprocessHook","filename":"subprocess.py","lineno":99}
{"timestamp":"2026-02-08T22:48:19.475650Z","level":"info","event":"{'color': 'N/A',","logger":"airflow.task.hooks.airflow.providers.standard.hooks.subprocess.SubprocessHook","filename":"subprocess.py","lineno":99}
{"timestamp":"2026-02-08T22:48:19.475698Z","level":"info","event":" 'full_title': 'Tablet Lenovo Idea Tab Plus, 8GB RAM, 128GB, 12.1” 2.5K 90Hz, '","logger":"airflow.task.hooks.airflow.providers.standard.hooks.subprocess.SubprocessHook","filename":"subprocess.py","lineno":99}
{"timestamp":"2026-02-08T22:48:19.475732Z","level":"info","event":"               'Android 15, Wi-Fi, com Caneta e Capa, ZAG70926BR',","logger":"airflow.task.hooks.airflow.providers.standard.hooks.subprocess.SubprocessHook","filename":"subprocess.py","lineno":99}
{"timestamp":"2026-02-08T22:48:19.475761Z","level":"info","event":" 'memory': '8GB',","logger":"airflow.task.hooks.airflow.providers.standard.hooks.subprocess.SubprocessHook","filename":"subprocess.py","lineno":99}
{"timestamp":"2026-02-08T22:48:19.475789Z","level":"info","event":" 'price': '2.599',","logger":"airflow.task.hooks.airflow.providers.standard.hooks.subprocess.SubprocessHook","filename":"subprocess.py","lineno":99}
{"timestamp":"2026-02-08T22:48:19.475815Z","level":"info","event":" 'rating': '4.9',","logger":"airflow.task.hooks.airflow.providers.standard.hooks.subprocess.SubprocessHook","filename":"subprocess.py","lineno":99}
{"timestamp":"2026-02-08T22:48:19.475842Z","level":"info","event":" 'short_title': 'tablet',","logger":"airflow.task.hooks.airflow.providers.standard.hooks.subprocess.SubprocessHook","filename":"subprocess.py","lineno":99}
{"timestamp":"2026-02-08T22:48:19.475868Z","level":"info","event":" 'site_name': 'mercado_livre',","logger":"airflow.task.hooks.airflow.providers.standard.hooks.subprocess.SubprocessHook","filename":"subprocess.py","lineno":99}
{"timestamp":"2026-02-08T22:48:19.475894Z","level":"info","event":" 'storage': 'N/A'}","logger":"airflow.task.hooks.airflow.providers.standard.hooks.subprocess.SubprocessHook","filename":"subprocess.py","lineno":99}
{"timestamp":"2026-02-08T22:48:19.476837Z","level":"info","event":"2026-02-08 22:48:19 [scrapy.core.scraper] DEBUG: Scraped from <200 https://lista.mercadolivre.com.br/tablet>","logger":"airflow.task.hooks.airflow.providers.standard.hooks.subprocess.SubprocessHook","filename":"subprocess.py","lineno":99}
{"timestamp":"2026-02-08T22:48:19.476948Z","level":"info","event":"{'color': 'N/A',","logger":"airflow.task.hooks.airflow.providers.standard.hooks.subprocess.SubprocessHook","filename":"subprocess.py","lineno":99}
{"timestamp":"2026-02-08T22:48:19.477010Z","level":"info","event":" 'full_title': 'Tablet Nb417 Avengers 4gb 64gb 7 Multi',","logger":"airflow.task.hooks.airflow.providers.standard.hooks.subprocess.SubprocessHook","filename":"subprocess.py","lineno":99}
{"timestamp":"2026-02-08T22:48:19.477053Z","level":"info","event":" 'memory': 'N/A',","logger":"airflow.task.hooks.airflow.providers.standard.hooks.subprocess.SubprocessHook","filename":"subprocess.py","lineno":99}
{"timestamp":"2026-02-08T22:48:19.477090Z","level":"info","event":" 'price': '629',","logger":"airflow.task.hooks.airflow.providers.standard.hooks.subprocess.SubprocessHook","filename":"subprocess.py","lineno":99}
{"timestamp":"2026-02-08T22:48:19.477122Z","level":"info","event":" 'rating': '4.5',","logger":"airflow.task.hooks.airflow.providers.standard.hooks.subprocess.SubprocessHook","filename":"subprocess.py","lineno":99}
{"timestamp":"2026-02-08T22:48:19.477149Z","level":"info","event":" 'short_title': 'tablet',","logger":"airflow.task.hooks.airflow.providers.standard.hooks.subprocess.SubprocessHook","filename":"subprocess.py","lineno":99}
{"timestamp":"2026-02-08T22:48:19.477177Z","level":"info","event":" 'site_name': 'mercado_livre',","logger":"airflow.task.hooks.airflow.providers.standard.hooks.subprocess.SubprocessHook","filename":"subprocess.py","lineno":99}
{"timestamp":"2026-02-08T22:48:19.477203Z","level":"info","event":" 'storage': 'N/A'}","logger":"airflow.task.hooks.airflow.providers.standard.hooks.subprocess.SubprocessHook","filename":"subprocess.py","lineno":99}
{"timestamp":"2026-02-08T22:48:19.478109Z","level":"info","event":"2026-02-08 22:48:19 [scrapy.core.scraper] DEBUG: Scraped from <200 https://lista.mercadolivre.com.br/tablet>","logger":"airflow.task.hooks.airflow.providers.standard.hooks.subprocess.SubprocessHook","filename":"subprocess.py","lineno":99}
{"timestamp":"2026-02-08T22:48:19.478193Z","level":"info","event":"{'color': 'Cinza',","logger":"airflow.task.hooks.airflow.providers.standard.hooks.subprocess.SubprocessHook","filename":"subprocess.py","lineno":99}
{"timestamp":"2026-02-08T22:48:19.478241Z","level":"info","event":" 'full_title': 'Tablet Pab Android 14 10.1 64GB+1TB TF Ram Octa-core Cinza '","logger":"airflow.task.hooks.airflow.providers.standard.hooks.subprocess.SubprocessHook","filename":"subprocess.py","lineno":99}
{"timestamp":"2026-02-08T22:48:19.478274Z","level":"info","event":"               'Wifi - Cinza,unissex, Tablet Profissional Para Estudar E '","logger":"airflow.task.hooks.airflow.providers.standard.hooks.subprocess.SubprocessHook","filename":"subprocess.py","lineno":99}
{"timestamp":"2026-02-08T22:48:19.478304Z","level":"info","event":"               'Trabalhar, Com Case',","logger":"airflow.task.hooks.airflow.providers.standard.hooks.subprocess.SubprocessHook","filename":"subprocess.py","lineno":99}
{"timestamp":"2026-02-08T22:48:19.478333Z","level":"info","event":" 'memory': 'N/A',","logger":"airflow.task.hooks.airflow.providers.standard.hooks.subprocess.SubprocessHook","filename":"subprocess.py","lineno":99}
{"timestamp":"2026-02-08T22:48:19.478360Z","level":"info","event":" 'price': '1.398',","logger":"airflow.task.hooks.airflow.providers.standard.hooks.subprocess.SubprocessHook","filename":"subprocess.py","lineno":99}
{"timestamp":"2026-02-08T22:48:19.478386Z","level":"info","event":" 'rating': '4.6',","logger":"airflow.task.hooks.airflow.providers.standard.hooks.subprocess.SubprocessHook","filename":"subprocess.py","lineno":99}
{"timestamp":"2026-02-08T22:48:19.478412Z","level":"info","event":" 'short_title': 'tablet',","logger":"airflow.task.hooks.airflow.providers.standard.hooks.subprocess.SubprocessHook","filename":"subprocess.py","lineno":99}
{"timestamp":"2026-02-08T22:48:19.478438Z","level":"info","event":" 'site_name': 'mercado_livre',","logger":"airflow.task.hooks.airflow.providers.standard.hooks.subprocess.SubprocessHook","filename":"subprocess.py","lineno":99}
{"timestamp":"2026-02-08T22:48:19.478465Z","level":"info","event":" 'storage': 'N/A'}","logger":"airflow.task.hooks.airflow.providers.standard.hooks.subprocess.SubprocessHook","filename":"subprocess.py","lineno":99}
{"timestamp":"2026-02-08T22:48:19.479340Z","level":"info","event":"2026-02-08 22:48:19 [scrapy.core.scraper] DEBUG: Scraped from <200 https://lista.mercadolivre.com.br/tablet>","logger":"airflow.task.hooks.airflow.providers.standard.hooks.subprocess.SubprocessHook","filename":"subprocess.py","lineno":99}
{"timestamp":"2026-02-08T22:48:19.479420Z","level":"info","event":"{'color': 'N/A',","logger":"airflow.task.hooks.airflow.providers.standard.hooks.subprocess.SubprocessHook","filename":"subprocess.py","lineno":99}
{"timestamp":"2026-02-08T22:48:19.479469Z","level":"info","event":" 'full_title': 'Tablet Infantil Patrulha Canina 4gb Ram 64gb Multi - Nb421',","logger":"airflow.task.hooks.airflow.providers.standard.hooks.subprocess.SubprocessHook","filename":"subprocess.py","lineno":99}
{"timestamp":"2026-02-08T22:48:19.479501Z","level":"info","event":" 'memory': '4gb',","logger":"airflow.task.hooks.airflow.providers.standard.hooks.subprocess.SubprocessHook","filename":"subprocess.py","lineno":99}
{"timestamp":"2026-02-08T22:48:19.479529Z","level":"info","event":" 'price': '441',","logger":"airflow.task.hooks.airflow.providers.standard.hooks.subprocess.SubprocessHook","filename":"subprocess.py","lineno":99}
{"timestamp":"2026-02-08T22:48:19.479555Z","level":"info","event":" 'rating': '4.5',","logger":"airflow.task.hooks.airflow.providers.standard.hooks.subprocess.SubprocessHook","filename":"subprocess.py","lineno":99}
{"timestamp":"2026-02-08T22:48:19.479582Z","level":"info","event":" 'short_title': 'tablet',","logger":"airflow.task.hooks.airflow.providers.standard.hooks.subprocess.SubprocessHook","filename":"subprocess.py","lineno":99}
{"timestamp":"2026-02-08T22:48:19.479607Z","level":"info","event":" 'site_name': 'mercado_livre',","logger":"airflow.task.hooks.airflow.providers.standard.hooks.subprocess.SubprocessHook","filename":"subprocess.py","lineno":99}
{"timestamp":"2026-02-08T22:48:19.479633Z","level":"info","event":" 'storage': 'N/A'}","logger":"airflow.task.hooks.airflow.providers.standard.hooks.subprocess.SubprocessHook","filename":"subprocess.py","lineno":99}
{"timestamp":"2026-02-08T22:48:25.548115Z","level":"info","event":"2026-02-08 22:48:25 [scrapy.core.engine] DEBUG: Crawled (200) <GET https://lista.mercadolivre.com.br/console#D%5BA:console%5D> (referer: None)","logger":"airflow.task.hooks.airflow.providers.standard.hooks.subprocess.SubprocessHook","filename":"subprocess.py","lineno":99}
{"timestamp":"2026-02-08T22:48:25.697097Z","level":"info","event":"2026-02-08 22:48:25 [scrapy.core.scraper] DEBUG: Scraped from <200 https://lista.mercadolivre.com.br/console>","logger":"airflow.task.hooks.airflow.providers.standard.hooks.subprocess.SubprocessHook","filename":"subprocess.py","lineno":99}
{"timestamp":"2026-02-08T22:48:25.697302Z","level":"info","event":"{'color': 'white',","logger":"airflow.task.hooks.airflow.providers.standard.hooks.subprocess.SubprocessHook","filename":"subprocess.py","lineno":99}
{"timestamp":"2026-02-08T22:48:25.697356Z","level":"info","event":" 'full_title': 'Controle joystick sem fio Microsoft Wireless Controller Series '","logger":"airflow.task.hooks.airflow.providers.standard.hooks.subprocess.SubprocessHook","filename":"subprocess.py","lineno":99}
{"timestamp":"2026-02-08T22:48:25.697392Z","level":"info","event":"               'X|S Series X e S robot white',","logger":"airflow.task.hooks.airflow.providers.standard.hooks.subprocess.SubprocessHook","filename":"subprocess.py","lineno":99}
{"timestamp":"2026-02-08T22:48:25.697424Z","level":"info","event":" 'memory': 'N/A',","logger":"airflow.task.hooks.airflow.providers.standard.hooks.subprocess.SubprocessHook","filename":"subprocess.py","lineno":99}
{"timestamp":"2026-02-08T22:48:25.697453Z","level":"info","event":" 'price': '599',","logger":"airflow.task.hooks.airflow.providers.standard.hooks.subprocess.SubprocessHook","filename":"subprocess.py","lineno":99}
{"timestamp":"2026-02-08T22:48:25.697482Z","level":"info","event":" 'rating': '4.9',","logger":"airflow.task.hooks.airflow.providers.standard.hooks.subprocess.SubprocessHook","filename":"subprocess.py","lineno":99}
{"timestamp":"2026-02-08T22:48:25.697522Z","level":"info","event":" 'short_title': 'console',","logger":"airflow.task.hooks.airflow.providers.standard.hooks.subprocess.SubprocessHook","filename":"subprocess.py","lineno":99}
{"timestamp":"2026-02-08T22:48:25.697548Z","level":"info","event":" 'site_name': 'mercado_livre',","logger":"airflow.task.hooks.airflow.providers.standard.hooks.subprocess.SubprocessHook","filename":"subprocess.py","lineno":99}
{"timestamp":"2026-02-08T22:48:25.697574Z","level":"info","event":" 'storage': 'N/A'}","logger":"airflow.task.hooks.airflow.providers.standard.hooks.subprocess.SubprocessHook","filename":"subprocess.py","lineno":99}
{"timestamp":"2026-02-08T22:48:25.705581Z","level":"info","event":"2026-02-08 22:48:25 [scrapy.core.scraper] DEBUG: Scraped from <200 https://lista.mercadolivre.com.br/console>","logger":"airflow.task.hooks.airflow.providers.standard.hooks.subprocess.SubprocessHook","filename":"subprocess.py","lineno":99}
{"timestamp":"2026-02-08T22:48:25.705708Z","level":"info","event":"{'color': 'Black',","logger":"airflow.task.hooks.airflow.providers.standard.hooks.subprocess.SubprocessHook","filename":"subprocess.py","lineno":99}
{"timestamp":"2026-02-08T22:48:25.705762Z","level":"info","event":" 'full_title': 'Headset Sem Fio Pulse Elite Sony Ps5 Midnight Black',","logger":"airflow.task.hooks.airflow.providers.standard.hooks.subprocess.SubprocessHook","filename":"subprocess.py","lineno":99}
{"timestamp":"2026-02-08T22:48:25.705801Z","level":"info","event":" 'memory': 'N/A',","logger":"airflow.task.hooks.airflow.providers.standard.hooks.subprocess.SubprocessHook","filename":"subprocess.py","lineno":99}
{"timestamp":"2026-02-08T22:48:25.705833Z","level":"info","event":" 'price': '1.199',","logger":"airflow.task.hooks.airflow.providers.standard.hooks.subprocess.SubprocessHook","filename":"subprocess.py","lineno":99}
{"timestamp":"2026-02-08T22:48:25.705863Z","level":"info","event":" 'rating': '4.8',","logger":"airflow.task.hooks.airflow.providers.standard.hooks.subprocess.SubprocessHook","filename":"subprocess.py","lineno":99}
{"timestamp":"2026-02-08T22:48:25.705892Z","level":"info","event":" 'short_title': 'console',","logger":"airflow.task.hooks.airflow.providers.standard.hooks.subprocess.SubprocessHook","filename":"subprocess.py","lineno":99}
{"timestamp":"2026-02-08T22:48:25.705921Z","level":"info","event":" 'site_name': 'mercado_livre',","logger":"airflow.task.hooks.airflow.providers.standard.hooks.subprocess.SubprocessHook","filename":"subprocess.py","lineno":99}
{"timestamp":"2026-02-08T22:48:25.705948Z","level":"info","event":" 'storage': 'N/A'}","logger":"airflow.task.hooks.airflow.providers.standard.hooks.subprocess.SubprocessHook","filename":"subprocess.py","lineno":99}
{"timestamp":"2026-02-08T22:48:25.707025Z","level":"info","event":"2026-02-08 22:48:25 [scrapy.core.scraper] DEBUG: Scraped from <200 https://lista.mercadolivre.com.br/console>","logger":"airflow.task.hooks.airflow.providers.standard.hooks.subprocess.SubprocessHook","filename":"subprocess.py","lineno":99}
{"timestamp":"2026-02-08T22:48:25.707116Z","level":"info","event":"{'color': 'Branco',","logger":"airflow.task.hooks.airflow.providers.standard.hooks.subprocess.SubprocessHook","filename":"subprocess.py","lineno":99}
{"timestamp":"2026-02-08T22:48:25.707168Z","level":"info","event":" 'full_title': 'Adaptador Videogame Game Stick M15 Hdmi Retrô 2 Controles '","logger":"airflow.task.hooks.airflow.providers.standard.hooks.subprocess.SubprocessHook","filename":"subprocess.py","lineno":99}
{"timestamp":"2026-02-08T22:48:25.707206Z","level":"info","event":"               'Branco 127/220v',","logger":"airflow.task.hooks.airflow.providers.standard.hooks.subprocess.SubprocessHook","filename":"subprocess.py","lineno":99}
{"timestamp":"2026-02-08T22:48:25.707238Z","level":"info","event":" 'memory': 'N/A',","logger":"airflow.task.hooks.airflow.providers.standard.hooks.subprocess.SubprocessHook","filename":"subprocess.py","lineno":99}
{"timestamp":"2026-02-08T22:48:25.707267Z","level":"info","event":" 'price': '193',","logger":"airflow.task.hooks.airflow.providers.standard.hooks.subprocess.SubprocessHook","filename":"subprocess.py","lineno":99}
{"timestamp":"2026-02-08T22:48:25.707294Z","level":"info","event":" 'rating': '4.6',","logger":"airflow.task.hooks.airflow.providers.standard.hooks.subprocess.SubprocessHook","filename":"subprocess.py","lineno":99}
{"timestamp":"2026-02-08T22:48:25.707321Z","level":"info","event":" 'short_title': 'console',","logger":"airflow.task.hooks.airflow.providers.standard.hooks.subprocess.SubprocessHook","filename":"subprocess.py","lineno":99}
{"timestamp":"2026-02-08T22:48:25.707347Z","level":"info","event":" 'site_name': 'mercado_livre',","logger":"airflow.task.hooks.airflow.providers.standard.hooks.subprocess.SubprocessHook","filename":"subprocess.py","lineno":99}
{"timestamp":"2026-02-08T22:48:25.707373Z","level":"info","event":" 'storage': 'N/A'}","logger":"airflow.task.hooks.airflow.providers.standard.hooks.subprocess.SubprocessHook","filename":"subprocess.py","lineno":99}
{"timestamp":"2026-02-08T22:48:25.708341Z","level":"info","event":"2026-02-08 22:48:25 [scrapy.core.scraper] DEBUG: Scraped from <200 https://lista.mercadolivre.com.br/console>","logger":"airflow.task.hooks.airflow.providers.standard.hooks.subprocess.SubprocessHook","filename":"subprocess.py","lineno":99}
{"timestamp":"2026-02-08T22:48:25.708428Z","level":"info","event":"{'color': 'N/A',","logger":"airflow.task.hooks.airflow.providers.standard.hooks.subprocess.SubprocessHook","filename":"subprocess.py","lineno":99}
{"timestamp":"2026-02-08T22:48:25.708479Z","level":"info","event":" 'full_title': 'Kit 4 Cartão Sandisk Memória 100mb/s De Memória Full Hd 64g',","logger":"airflow.task.hooks.airflow.providers.standard.hooks.subprocess.SubprocessHook","filename":"subprocess.py","lineno":99}
{"timestamp":"2026-02-08T22:48:25.708516Z","level":"info","event":" 'memory': 'N/A',","logger":"airflow.task.hooks.airflow.providers.standard.hooks.subprocess.SubprocessHook","filename":"subprocess.py","lineno":99}
{"timestamp":"2026-02-08T22:48:25.708547Z","level":"info","event":" 'price': '148',","logger":"airflow.task.hooks.airflow.providers.standard.hooks.subprocess.SubprocessHook","filename":"subprocess.py","lineno":99}
{"timestamp":"2026-02-08T22:48:25.708574Z","level":"info","event":" 'rating': '4.0',","logger":"airflow.task.hooks.airflow.providers.standard.hooks.subprocess.SubprocessHook","filename":"subprocess.py","lineno":99}
{"timestamp":"2026-02-08T22:48:25.708617Z","level":"info","event":" 'short_title': 'console',","logger":"airflow.task.hooks.airflow.providers.standard.hooks.subprocess.SubprocessHook","filename":"subprocess.py","lineno":99}
{"timestamp":"2026-02-08T22:48:25.708643Z","level":"info","event":" 'site_name': 'mercado_livre',","logger":"airflow.task.hooks.airflow.providers.standard.hooks.subprocess.SubprocessHook","filename":"subprocess.py","lineno":99}
{"timestamp":"2026-02-08T22:48:25.708679Z","level":"info","event":" 'storage': 'N/A'}","logger":"airflow.task.hooks.airflow.providers.standard.hooks.subprocess.SubprocessHook","filename":"subprocess.py","lineno":99}
{"timestamp":"2026-02-08T22:48:25.709856Z","level":"info","event":"2026-02-08 22:48:25 [scrapy.core.scraper] DEBUG: Scraped from <200 https://lista.mercadolivre.com.br/console>","logger":"airflow.task.hooks.airflow.providers.standard.hooks.subprocess.SubprocessHook","filename":"subprocess.py","lineno":99}
{"timestamp":"2026-02-08T22:48:25.709942Z","level":"info","event":"{'color': 'Branco',","logger":"airflow.task.hooks.airflow.providers.standard.hooks.subprocess.SubprocessHook","filename":"subprocess.py","lineno":99}
{"timestamp":"2026-02-08T22:48:25.709993Z","level":"info","event":" 'full_title': 'Console Sony Playstation 5 Edição Slim Disk 1tb Branco + '","logger":"airflow.task.hooks.airflow.providers.standard.hooks.subprocess.SubprocessHook","filename":"subprocess.py","lineno":99}
{"timestamp":"2026-02-08T22:48:25.710078Z","level":"info","event":"               'Controle Sem Fio Dualsense Ps5 Branco',","logger":"airflow.task.hooks.airflow.providers.standard.hooks.subprocess.SubprocessHook","filename":"subprocess.py","lineno":99}
{"timestamp":"2026-02-08T22:48:25.710135Z","level":"info","event":" 'memory': 'N/A',","logger":"airflow.task.hooks.airflow.providers.standard.hooks.subprocess.SubprocessHook","filename":"subprocess.py","lineno":99}
{"timestamp":"2026-02-08T22:48:25.710175Z","level":"info","event":" 'price': '5.499',","logger":"airflow.task.hooks.airflow.providers.standard.hooks.subprocess.SubprocessHook","filename":"subprocess.py","lineno":99}
{"timestamp":"2026-02-08T22:48:25.710211Z","level":"info","event":" 'rating': '4.9',","logger":"airflow.task.hooks.airflow.providers.standard.hooks.subprocess.SubprocessHook","filename":"subprocess.py","lineno":99}
{"timestamp":"2026-02-08T22:48:25.710244Z","level":"info","event":" 'short_title': 'console',","logger":"airflow.task.hooks.airflow.providers.standard.hooks.subprocess.SubprocessHook","filename":"subprocess.py","lineno":99}
{"timestamp":"2026-02-08T22:48:25.710277Z","level":"info","event":" 'site_name': 'mercado_livre',","logger":"airflow.task.hooks.airflow.providers.standard.hooks.subprocess.SubprocessHook","filename":"subprocess.py","lineno":99}
{"timestamp":"2026-02-08T22:48:25.710308Z","level":"info","event":" 'storage': 'N/A'}","logger":"airflow.task.hooks.airflow.providers.standard.hooks.subprocess.SubprocessHook","filename":"subprocess.py","lineno":99}
{"timestamp":"2026-02-08T22:48:25.711113Z","level":"info","event":"2026-02-08 22:48:25 [scrapy.core.scraper] DEBUG: Scraped from <200 https://lista.mercadolivre.com.br/console>","logger":"airflow.task.hooks.airflow.providers.standard.hooks.subprocess.SubprocessHook","filename":"subprocess.py","lineno":99}
{"timestamp":"2026-02-08T22:48:25.711198Z","level":"info","event":"{'color': 'Branco',","logger":"airflow.task.hooks.airflow.providers.standard.hooks.subprocess.SubprocessHook","filename":"subprocess.py","lineno":99}
{"timestamp":"2026-02-08T22:48:25.711248Z","level":"info","event":" 'full_title': 'Adaptador Videogame Game Retro Stick M15 Tv Hdmi 2 Controles '","logger":"airflow.task.hooks.airflow.providers.standard.hooks.subprocess.SubprocessHook","filename":"subprocess.py","lineno":99}
{"timestamp":"2026-02-08T22:48:25.711283Z","level":"info","event":"               'Branco 127/220v',","logger":"airflow.task.hooks.airflow.providers.standard.hooks.subprocess.SubprocessHook","filename":"subprocess.py","lineno":99}
{"timestamp":"2026-02-08T22:48:25.711312Z","level":"info","event":" 'memory': 'N/A',","logger":"airflow.task.hooks.airflow.providers.standard.hooks.subprocess.SubprocessHook","filename":"subprocess.py","lineno":99}
{"timestamp":"2026-02-08T22:48:25.711340Z","level":"info","event":" 'price': '189',","logger":"airflow.task.hooks.airflow.providers.standard.hooks.subprocess.SubprocessHook","filename":"subprocess.py","lineno":99}
{"timestamp":"2026-02-08T22:48:25.711367Z","level":"info","event":" 'rating': '4.6',","logger":"airflow.task.hooks.airflow.providers.standard.hooks.subprocess.SubprocessHook","filename":"subprocess.py","lineno":99}
{"timestamp":"2026-02-08T22:48:25.711392Z","level":"info","event":" 'short_title': 'console',","logger":"airflow.task.hooks.airflow.providers.standard.hooks.subprocess.SubprocessHook","filename":"subprocess.py","lineno":99}
{"timestamp":"2026-02-08T22:48:25.711418Z","level":"info","event":" 'site_name': 'mercado_livre',","logger":"airflow.task.hooks.airflow.providers.standard.hooks.subprocess.SubprocessHook","filename":"subprocess.py","lineno":99}
{"timestamp":"2026-02-08T22:48:25.711445Z","level":"info","event":" 'storage': 'N/A'}","logger":"airflow.task.hooks.airflow.providers.standard.hooks.subprocess.SubprocessHook","filename":"subprocess.py","lineno":99}
{"timestamp":"2026-02-08T22:48:25.712355Z","level":"info","event":"2026-02-08 22:48:25 [scrapy.core.scraper] DEBUG: Scraped from <200 https://lista.mercadolivre.com.br/console>","logger":"airflow.task.hooks.airflow.providers.standard.hooks.subprocess.SubprocessHook","filename":"subprocess.py","lineno":99}
{"timestamp":"2026-02-08T22:48:25.712436Z","level":"info","event":"{'color': 'N/A',","logger":"airflow.task.hooks.airflow.providers.standard.hooks.subprocess.SubprocessHook","filename":"subprocess.py","lineno":99}
{"timestamp":"2026-02-08T22:48:25.712485Z","level":"info","event":" 'full_title': 'Controle Joystick Ps4 Doubleshock Sem Fio Playstation',","logger":"airflow.task.hooks.airflow.providers.standard.hooks.subprocess.SubprocessHook","filename":"subprocess.py","lineno":99}
{"timestamp":"2026-02-08T22:48:25.712518Z","level":"info","event":" 'memory': 'N/A',","logger":"airflow.task.hooks.airflow.providers.standard.hooks.subprocess.SubprocessHook","filename":"subprocess.py","lineno":99}
{"timestamp":"2026-02-08T22:48:25.712547Z","level":"info","event":" 'price': '59',","logger":"airflow.task.hooks.airflow.providers.standard.hooks.subprocess.SubprocessHook","filename":"subprocess.py","lineno":99}
{"timestamp":"2026-02-08T22:48:25.712575Z","level":"info","event":" 'rating': '4.8',","logger":"airflow.task.hooks.airflow.providers.standard.hooks.subprocess.SubprocessHook","filename":"subprocess.py","lineno":99}
{"timestamp":"2026-02-08T22:48:25.712601Z","level":"info","event":" 'short_title': 'console',","logger":"airflow.task.hooks.airflow.providers.standard.hooks.subprocess.SubprocessHook","filename":"subprocess.py","lineno":99}
{"timestamp":"2026-02-08T22:48:25.712627Z","level":"info","event":" 'site_name': 'mercado_livre',","logger":"airflow.task.hooks.airflow.providers.standard.hooks.subprocess.SubprocessHook","filename":"subprocess.py","lineno":99}
{"timestamp":"2026-02-08T22:48:25.712653Z","level":"info","event":" 'storage': 'N/A'}","logger":"airflow.task.hooks.airflow.providers.standard.hooks.subprocess.SubprocessHook","filename":"subprocess.py","lineno":99}
{"timestamp":"2026-02-08T22:48:25.713662Z","level":"info","event":"2026-02-08 22:48:25 [scrapy.core.scraper] DEBUG: Scraped from <200 https://lista.mercadolivre.com.br/console>","logger":"airflow.task.hooks.airflow.providers.standard.hooks.subprocess.SubprocessHook","filename":"subprocess.py","lineno":99}
{"timestamp":"2026-02-08T22:48:25.713742Z","level":"info","event":"{'color': 'N/A',","logger":"airflow.task.hooks.airflow.providers.standard.hooks.subprocess.SubprocessHook","filename":"subprocess.py","lineno":99}
{"timestamp":"2026-02-08T22:48:25.713790Z","level":"info","event":" 'full_title': 'Tela Display Lcd Touch Para Ps Vita Fat Psvita Pch-1001',","logger":"airflow.task.hooks.airflow.providers.standard.hooks.subprocess.SubprocessHook","filename":"subprocess.py","lineno":99}
{"timestamp":"2026-02-08T22:48:25.713822Z","level":"info","event":" 'memory': 'N/A',","logger":"airflow.task.hooks.airflow.providers.standard.hooks.subprocess.SubprocessHook","filename":"subprocess.py","lineno":99}
{"timestamp":"2026-02-08T22:48:25.713850Z","level":"info","event":" 'price': '279',","logger":"airflow.task.hooks.airflow.providers.standard.hooks.subprocess.SubprocessHook","filename":"subprocess.py","lineno":99}
{"timestamp":"2026-02-08T22:48:25.713878Z","level":"info","event":" 'rating': '4.5',","logger":"airflow.task.hooks.airflow.providers.standard.hooks.subprocess.SubprocessHook","filename":"subprocess.py","lineno":99}
{"timestamp":"2026-02-08T22:48:25.713904Z","level":"info","event":" 'short_title': 'console',","logger":"airflow.task.hooks.airflow.providers.standard.hooks.subprocess.SubprocessHook","filename":"subprocess.py","lineno":99}
{"timestamp":"2026-02-08T22:48:25.713930Z","level":"info","event":" 'site_name': 'mercado_livre',","logger":"airflow.task.hooks.airflow.providers.standard.hooks.subprocess.SubprocessHook","filename":"subprocess.py","lineno":99}
{"timestamp":"2026-02-08T22:48:25.713956Z","level":"info","event":" 'storage': 'N/A'}","logger":"airflow.task.hooks.airflow.providers.standard.hooks.subprocess.SubprocessHook","filename":"subprocess.py","lineno":99}
{"timestamp":"2026-02-08T22:48:25.714948Z","level":"info","event":"2026-02-08 22:48:25 [scrapy.core.scraper] DEBUG: Scraped from <200 https://lista.mercadolivre.com.br/console>","logger":"airflow.task.hooks.airflow.providers.standard.hooks.subprocess.SubprocessHook","filename":"subprocess.py","lineno":99}
{"timestamp":"2026-02-08T22:48:25.715029Z","level":"info","event":"{'color': 'Branco',","logger":"airflow.task.hooks.airflow.providers.standard.hooks.subprocess.SubprocessHook","filename":"subprocess.py","lineno":99}
{"timestamp":"2026-02-08T22:48:25.715077Z","level":"info","event":" 'full_title': 'Fone de Ouvido Havit H2230D 7.1 P3 50mm para PC e Consoles Cor '","logger":"airflow.task.hooks.airflow.providers.standard.hooks.subprocess.SubprocessHook","filename":"subprocess.py","lineno":99}
{"timestamp":"2026-02-08T22:48:25.715109Z","level":"info","event":"               'Branco',","logger":"airflow.task.hooks.airflow.providers.standard.hooks.subprocess.SubprocessHook","filename":"subprocess.py","lineno":99}
{"timestamp":"2026-02-08T22:48:25.715137Z","level":"info","event":" 'memory': 'N/A',","logger":"airflow.task.hooks.airflow.providers.standard.hooks.subprocess.SubprocessHook","filename":"subprocess.py","lineno":99}
{"timestamp":"2026-02-08T22:48:25.715164Z","level":"info","event":" 'price': '130',","logger":"airflow.task.hooks.airflow.providers.standard.hooks.subprocess.SubprocessHook","filename":"subprocess.py","lineno":99}
{"timestamp":"2026-02-08T22:48:25.715190Z","level":"info","event":" 'rating': '4.7',","logger":"airflow.task.hooks.airflow.providers.standard.hooks.subprocess.SubprocessHook","filename":"subprocess.py","lineno":99}
{"timestamp":"2026-02-08T22:48:25.715215Z","level":"info","event":" 'short_title': 'console',","logger":"airflow.task.hooks.airflow.providers.standard.hooks.subprocess.SubprocessHook","filename":"subprocess.py","lineno":99}
{"timestamp":"2026-02-08T22:48:25.715241Z","level":"info","event":" 'site_name': 'mercado_livre',","logger":"airflow.task.hooks.airflow.providers.standard.hooks.subprocess.SubprocessHook","filename":"subprocess.py","lineno":99}
{"timestamp":"2026-02-08T22:48:25.715267Z","level":"info","event":" 'storage': 'N/A'}","logger":"airflow.task.hooks.airflow.providers.standard.hooks.subprocess.SubprocessHook","filename":"subprocess.py","lineno":99}
{"timestamp":"2026-02-08T22:48:25.716249Z","level":"info","event":"2026-02-08 22:48:25 [scrapy.core.scraper] DEBUG: Scraped from <200 https://lista.mercadolivre.com.br/console>","logger":"airflow.task.hooks.airflow.providers.standard.hooks.subprocess.SubprocessHook","filename":"subprocess.py","lineno":99}
{"timestamp":"2026-02-08T22:48:25.716329Z","level":"info","event":"{'color': 'N/A',","logger":"airflow.task.hooks.airflow.providers.standard.hooks.subprocess.SubprocessHook","filename":"subprocess.py","lineno":99}
{"timestamp":"2026-02-08T22:48:25.716377Z","level":"info","event":" 'full_title': 'Prolongador Console Gol Voy Sav G4 G5 G6 C/ Coifa Freio Mão ',","logger":"airflow.task.hooks.airflow.providers.standard.hooks.subprocess.SubprocessHook","filename":"subprocess.py","lineno":99}
{"timestamp":"2026-02-08T22:48:25.716410Z","level":"info","event":" 'memory': 'N/A',","logger":"airflow.task.hooks.airflow.providers.standard.hooks.subprocess.SubprocessHook","filename":"subprocess.py","lineno":99}
{"timestamp":"2026-02-08T22:48:25.716438Z","level":"info","event":" 'price': '59',","logger":"airflow.task.hooks.airflow.providers.standard.hooks.subprocess.SubprocessHook","filename":"subprocess.py","lineno":99}
{"timestamp":"2026-02-08T22:48:25.716466Z","level":"info","event":" 'rating': '4.5',","logger":"airflow.task.hooks.airflow.providers.standard.hooks.subprocess.SubprocessHook","filename":"subprocess.py","lineno":99}
{"timestamp":"2026-02-08T22:48:25.716493Z","level":"info","event":" 'short_title': 'console',","logger":"airflow.task.hooks.airflow.providers.standard.hooks.subprocess.SubprocessHook","filename":"subprocess.py","lineno":99}
{"timestamp":"2026-02-08T22:48:25.716520Z","level":"info","event":" 'site_name': 'mercado_livre',","logger":"airflow.task.hooks.airflow.providers.standard.hooks.subprocess.SubprocessHook","filename":"subprocess.py","lineno":99}
{"timestamp":"2026-02-08T22:48:25.716545Z","level":"info","event":" 'storage': 'N/A'}","logger":"airflow.task.hooks.airflow.providers.standard.hooks.subprocess.SubprocessHook","filename":"subprocess.py","lineno":99}
{"timestamp":"2026-02-08T22:48:25.717615Z","level":"info","event":"2026-02-08 22:48:25 [scrapy.core.scraper] DEBUG: Scraped from <200 https://lista.mercadolivre.com.br/console>","logger":"airflow.task.hooks.airflow.providers.standard.hooks.subprocess.SubprocessHook","filename":"subprocess.py","lineno":99}
{"timestamp":"2026-02-08T22:48:25.717699Z","level":"info","event":"{'color': 'N/A',","logger":"airflow.task.hooks.airflow.providers.standard.hooks.subprocess.SubprocessHook","filename":"subprocess.py","lineno":99}
{"timestamp":"2026-02-08T22:48:25.717747Z","level":"info","event":" 'full_title': 'Controle Sem Fio Joystick Bluetooth Para Ps4 Videogame Tv '","logger":"airflow.task.hooks.airflow.providers.standard.hooks.subprocess.SubprocessHook","filename":"subprocess.py","lineno":99}
{"timestamp":"2026-02-08T22:48:25.717780Z","level":"info","event":"               'Samsung Pc P4 Ps 4 Dual Shock Manete Pc Tv Smart Controle '","logger":"airflow.task.hooks.airflow.providers.standard.hooks.subprocess.SubprocessHook","filename":"subprocess.py","lineno":99}
{"timestamp":"2026-02-08T22:48:25.717809Z","level":"info","event":"               'Bluetooth Sem Fio Celular Headset Com P2 - Marca REDFIN',","logger":"airflow.task.hooks.airflow.providers.standard.hooks.subprocess.SubprocessHook","filename":"subprocess.py","lineno":99}
{"timestamp":"2026-02-08T22:48:25.717836Z","level":"info","event":" 'memory': 'N/A',","logger":"airflow.task.hooks.airflow.providers.standard.hooks.subprocess.SubprocessHook","filename":"subprocess.py","lineno":99}
{"timestamp":"2026-02-08T22:48:25.717880Z","level":"info","event":" 'price': '89',","logger":"airflow.task.hooks.airflow.providers.standard.hooks.subprocess.SubprocessHook","filename":"subprocess.py","lineno":99}
{"timestamp":"2026-02-08T22:48:25.717911Z","level":"info","event":" 'rating': '4.7',","logger":"airflow.task.hooks.airflow.providers.standard.hooks.subprocess.SubprocessHook","filename":"subprocess.py","lineno":99}
{"timestamp":"2026-02-08T22:48:25.717938Z","level":"info","event":" 'short_title': 'console',","logger":"airflow.task.hooks.airflow.providers.standard.hooks.subprocess.SubprocessHook","filename":"subprocess.py","lineno":99}
{"timestamp":"2026-02-08T22:48:25.717964Z","level":"info","event":" 'site_name': 'mercado_livre',","logger":"airflow.task.hooks.airflow.providers.standard.hooks.subprocess.SubprocessHook","filename":"subprocess.py","lineno":99}
{"timestamp":"2026-02-08T22:48:25.717989Z","level":"info","event":" 'storage': 'N/A'}","logger":"airflow.task.hooks.airflow.providers.standard.hooks.subprocess.SubprocessHook","filename":"subprocess.py","lineno":99}
{"timestamp":"2026-02-08T22:48:25.718984Z","level":"info","event":"2026-02-08 22:48:25 [scrapy.core.scraper] DEBUG: Scraped from <200 https://lista.mercadolivre.com.br/console>","logger":"airflow.task.hooks.airflow.providers.standard.hooks.subprocess.SubprocessHook","filename":"subprocess.py","lineno":99}
{"timestamp":"2026-02-08T22:48:25.719074Z","level":"info","event":"{'color': 'N/A',","logger":"airflow.task.hooks.airflow.providers.standard.hooks.subprocess.SubprocessHook","filename":"subprocess.py","lineno":99}
{"timestamp":"2026-02-08T22:48:25.719125Z","level":"info","event":" 'full_title': 'Bundle Nintendo Switch + Super Mario Bros. Wonder + 3 Meses De '","logger":"airflow.task.hooks.airflow.providers.standard.hooks.subprocess.SubprocessHook","filename":"subprocess.py","lineno":99}
{"timestamp":"2026-02-08T22:48:25.719160Z","level":"info","event":"               'Assinatura Nintendo Switch Online',","logger":"airflow.task.hooks.airflow.providers.standard.hooks.subprocess.SubprocessHook","filename":"subprocess.py","lineno":99}
{"timestamp":"2026-02-08T22:48:25.719191Z","level":"info","event":" 'memory': 'N/A',","logger":"airflow.task.hooks.airflow.providers.standard.hooks.subprocess.SubprocessHook","filename":"subprocess.py","lineno":99}
{"timestamp":"2026-02-08T22:48:25.719220Z","level":"info","event":" 'price': '3.219',","logger":"airflow.task.hooks.airflow.providers.standard.hooks.subprocess.SubprocessHook","filename":"subprocess.py","lineno":99}
{"timestamp":"2026-02-08T22:48:25.719247Z","level":"info","event":" 'rating': '4.9',","logger":"airflow.task.hooks.airflow.providers.standard.hooks.subprocess.SubprocessHook","filename":"subprocess.py","lineno":99}
{"timestamp":"2026-02-08T22:48:25.719273Z","level":"info","event":" 'short_title': 'console',","logger":"airflow.task.hooks.airflow.providers.standard.hooks.subprocess.SubprocessHook","filename":"subprocess.py","lineno":99}
{"timestamp":"2026-02-08T22:48:25.719299Z","level":"info","event":" 'site_name': 'mercado_livre',","logger":"airflow.task.hooks.airflow.providers.standard.hooks.subprocess.SubprocessHook","filename":"subprocess.py","lineno":99}
{"timestamp":"2026-02-08T22:48:25.719325Z","level":"info","event":" 'storage': 'N/A'}","logger":"airflow.task.hooks.airflow.providers.standard.hooks.subprocess.SubprocessHook","filename":"subprocess.py","lineno":99}
{"timestamp":"2026-02-08T22:48:25.720269Z","level":"info","event":"2026-02-08 22:48:25 [scrapy.core.scraper] DEBUG: Scraped from <200 https://lista.mercadolivre.com.br/console>","logger":"airflow.task.hooks.airflow.providers.standard.hooks.subprocess.SubprocessHook","filename":"subprocess.py","lineno":99}
{"timestamp":"2026-02-08T22:48:25.720353Z","level":"info","event":"{'color': 'N/A',","logger":"airflow.task.hooks.airflow.providers.standard.hooks.subprocess.SubprocessHook","filename":"subprocess.py","lineno":99}
{"timestamp":"2026-02-08T22:48:25.720403Z","level":"info","event":" 'full_title': 'Moldura Console De Teto Porta Óculos Vectra B 2000/2005',","logger":"airflow.task.hooks.airflow.providers.standard.hooks.subprocess.SubprocessHook","filename":"subprocess.py","lineno":99}
{"timestamp":"2026-02-08T22:48:25.720437Z","level":"info","event":" 'memory': 'N/A',","logger":"airflow.task.hooks.airflow.providers.standard.hooks.subprocess.SubprocessHook","filename":"subprocess.py","lineno":99}
{"timestamp":"2026-02-08T22:48:25.720468Z","level":"info","event":" 'price': '309',","logger":"airflow.task.hooks.airflow.providers.standard.hooks.subprocess.SubprocessHook","filename":"subprocess.py","lineno":99}
{"timestamp":"2026-02-08T22:48:25.720496Z","level":"info","event":" 'rating': '4.3',","logger":"airflow.task.hooks.airflow.providers.standard.hooks.subprocess.SubprocessHook","filename":"subprocess.py","lineno":99}
{"timestamp":"2026-02-08T22:48:25.720523Z","level":"info","event":" 'short_title': 'console',","logger":"airflow.task.hooks.airflow.providers.standard.hooks.subprocess.SubprocessHook","filename":"subprocess.py","lineno":99}
{"timestamp":"2026-02-08T22:48:25.720549Z","level":"info","event":" 'site_name': 'mercado_livre',","logger":"airflow.task.hooks.airflow.providers.standard.hooks.subprocess.SubprocessHook","filename":"subprocess.py","lineno":99}
{"timestamp":"2026-02-08T22:48:25.720576Z","level":"info","event":" 'storage': 'N/A'}","logger":"airflow.task.hooks.airflow.providers.standard.hooks.subprocess.SubprocessHook","filename":"subprocess.py","lineno":99}
{"timestamp":"2026-02-08T22:48:25.721475Z","level":"info","event":"2026-02-08 22:48:25 [scrapy.core.scraper] DEBUG: Scraped from <200 https://lista.mercadolivre.com.br/console>","logger":"airflow.task.hooks.airflow.providers.standard.hooks.subprocess.SubprocessHook","filename":"subprocess.py","lineno":99}
{"timestamp":"2026-02-08T22:48:25.721557Z","level":"info","event":"{'color': 'N/A',","logger":"airflow.task.hooks.airflow.providers.standard.hooks.subprocess.SubprocessHook","filename":"subprocess.py","lineno":99}
{"timestamp":"2026-02-08T22:48:25.721605Z","level":"info","event":" 'full_title': 'Console Central S10 Manual 2013 A 2020 Original',","logger":"airflow.task.hooks.airflow.providers.standard.hooks.subprocess.SubprocessHook","filename":"subprocess.py","lineno":99}
{"timestamp":"2026-02-08T22:48:25.721637Z","level":"info","event":" 'memory': 'N/A',","logger":"airflow.task.hooks.airflow.providers.standard.hooks.subprocess.SubprocessHook","filename":"subprocess.py","lineno":99}
{"timestamp":"2026-02-08T22:48:25.721665Z","level":"info","event":" 'price': '1.589',","logger":"airflow.task.hooks.airflow.providers.standard.hooks.subprocess.SubprocessHook","filename":"subprocess.py","lineno":99}
{"timestamp":"2026-02-08T22:48:25.721692Z","level":"info","event":" 'rating': '3 vendidos',","logger":"airflow.task.hooks.airflow.providers.standard.hooks.subprocess.SubprocessHook","filename":"subprocess.py","lineno":99}
{"timestamp":"2026-02-08T22:48:25.721718Z","level":"info","event":" 'short_title': 'console',","logger":"airflow.task.hooks.airflow.providers.standard.hooks.subprocess.SubprocessHook","filename":"subprocess.py","lineno":99}
{"timestamp":"2026-02-08T22:48:25.721743Z","level":"info","event":" 'site_name': 'mercado_livre',","logger":"airflow.task.hooks.airflow.providers.standard.hooks.subprocess.SubprocessHook","filename":"subprocess.py","lineno":99}
{"timestamp":"2026-02-08T22:48:25.721771Z","level":"info","event":" 'storage': 'N/A'}","logger":"airflow.task.hooks.airflow.providers.standard.hooks.subprocess.SubprocessHook","filename":"subprocess.py","lineno":99}
{"timestamp":"2026-02-08T22:48:25.722706Z","level":"info","event":"2026-02-08 22:48:25 [scrapy.core.scraper] DEBUG: Scraped from <200 https://lista.mercadolivre.com.br/console>","logger":"airflow.task.hooks.airflow.providers.standard.hooks.subprocess.SubprocessHook","filename":"subprocess.py","lineno":99}
{"timestamp":"2026-02-08T22:48:25.722787Z","level":"info","event":"{'color': 'Azul',","logger":"airflow.task.hooks.airflow.providers.standard.hooks.subprocess.SubprocessHook","filename":"subprocess.py","lineno":99}
{"timestamp":"2026-02-08T22:48:25.722834Z","level":"info","event":" 'full_title': 'Fone Videogame Console De Mao Retro Tela Colorida '","logger":"airflow.task.hooks.airflow.providers.standard.hooks.subprocess.SubprocessHook","filename":"subprocess.py","lineno":99}
{"timestamp":"2026-02-08T22:48:25.722867Z","level":"info","event":"               'Azul/vermelho Portátil Recarregável Emuladores Jogos Clássicos',","logger":"airflow.task.hooks.airflow.providers.standard.hooks.subprocess.SubprocessHook","filename":"subprocess.py","lineno":99}
{"timestamp":"2026-02-08T22:48:25.722896Z","level":"info","event":" 'memory': 'N/A',","logger":"airflow.task.hooks.airflow.providers.standard.hooks.subprocess.SubprocessHook","filename":"subprocess.py","lineno":99}
{"timestamp":"2026-02-08T22:48:25.722924Z","level":"info","event":" 'price': '287',","logger":"airflow.task.hooks.airflow.providers.standard.hooks.subprocess.SubprocessHook","filename":"subprocess.py","lineno":99}
{"timestamp":"2026-02-08T22:48:25.722950Z","level":"info","event":" 'rating': '4.0',","logger":"airflow.task.hooks.airflow.providers.standard.hooks.subprocess.SubprocessHook","filename":"subprocess.py","lineno":99}
{"timestamp":"2026-02-08T22:48:25.722975Z","level":"info","event":" 'short_title': 'console',","logger":"airflow.task.hooks.airflow.providers.standard.hooks.subprocess.SubprocessHook","filename":"subprocess.py","lineno":99}
{"timestamp":"2026-02-08T22:48:25.723001Z","level":"info","event":" 'site_name': 'mercado_livre',","logger":"airflow.task.hooks.airflow.providers.standard.hooks.subprocess.SubprocessHook","filename":"subprocess.py","lineno":99}
{"timestamp":"2026-02-08T22:48:25.723027Z","level":"info","event":" 'storage': 'N/A'}","logger":"airflow.task.hooks.airflow.providers.standard.hooks.subprocess.SubprocessHook","filename":"subprocess.py","lineno":99}
{"timestamp":"2026-02-08T22:48:25.723922Z","level":"info","event":"2026-02-08 22:48:25 [scrapy.core.scraper] DEBUG: Scraped from <200 https://lista.mercadolivre.com.br/console>","logger":"airflow.task.hooks.airflow.providers.standard.hooks.subprocess.SubprocessHook","filename":"subprocess.py","lineno":99}
{"timestamp":"2026-02-08T22:48:25.724003Z","level":"info","event":"{'color': 'N/A',","logger":"airflow.task.hooks.airflow.providers.standard.hooks.subprocess.SubprocessHook","filename":"subprocess.py","lineno":99}
{"timestamp":"2026-02-08T22:48:25.724050Z","level":"info","event":" 'full_title': 'Console De Teto Kombi Mexicana',","logger":"airflow.task.hooks.airflow.providers.standard.hooks.subprocess.SubprocessHook","filename":"subprocess.py","lineno":99}
{"timestamp":"2026-02-08T22:48:25.724082Z","level":"info","event":" 'memory': 'N/A',","logger":"airflow.task.hooks.airflow.providers.standard.hooks.subprocess.SubprocessHook","filename":"subprocess.py","lineno":99}
{"timestamp":"2026-02-08T22:48:25.724110Z","level":"info","event":" 'price': '136',","logger":"airflow.task.hooks.airflow.providers.standard.hooks.subprocess.SubprocessHook","filename":"subprocess.py","lineno":99}
{"timestamp":"2026-02-08T22:48:25.724136Z","level":"info","event":" 'rating': '4.1',","logger":"airflow.task.hooks.airflow.providers.standard.hooks.subprocess.SubprocessHook","filename":"subprocess.py","lineno":99}
{"timestamp":"2026-02-08T22:48:25.724163Z","level":"info","event":" 'short_title': 'console',","logger":"airflow.task.hooks.airflow.providers.standard.hooks.subprocess.SubprocessHook","filename":"subprocess.py","lineno":99}
{"timestamp":"2026-02-08T22:48:25.724189Z","level":"info","event":" 'site_name': 'mercado_livre',","logger":"airflow.task.hooks.airflow.providers.standard.hooks.subprocess.SubprocessHook","filename":"subprocess.py","lineno":99}
{"timestamp":"2026-02-08T22:48:25.724215Z","level":"info","event":" 'storage': 'N/A'}","logger":"airflow.task.hooks.airflow.providers.standard.hooks.subprocess.SubprocessHook","filename":"subprocess.py","lineno":99}
{"timestamp":"2026-02-08T22:48:25.725195Z","level":"info","event":"2026-02-08 22:48:25 [scrapy.core.scraper] DEBUG: Scraped from <200 https://lista.mercadolivre.com.br/console>","logger":"airflow.task.hooks.airflow.providers.standard.hooks.subprocess.SubprocessHook","filename":"subprocess.py","lineno":99}
{"timestamp":"2026-02-08T22:48:25.725276Z","level":"info","event":"{'color': 'Branco',","logger":"airflow.task.hooks.airflow.providers.standard.hooks.subprocess.SubprocessHook","filename":"subprocess.py","lineno":99}
{"timestamp":"2026-02-08T22:48:25.725324Z","level":"info","event":" 'full_title': 'Adaptador Videogame Game Stick M15 Hdmi Retrô 2 Controles '","logger":"airflow.task.hooks.airflow.providers.standard.hooks.subprocess.SubprocessHook","filename":"subprocess.py","lineno":99}
{"timestamp":"2026-02-08T22:48:25.725357Z","level":"info","event":"               'Branco 127/220v',","logger":"airflow.task.hooks.airflow.providers.standard.hooks.subprocess.SubprocessHook","filename":"subprocess.py","lineno":99}
{"timestamp":"2026-02-08T22:48:25.725385Z","level":"info","event":" 'memory': 'N/A',","logger":"airflow.task.hooks.airflow.providers.standard.hooks.subprocess.SubprocessHook","filename":"subprocess.py","lineno":99}
{"timestamp":"2026-02-08T22:48:25.725413Z","level":"info","event":" 'price': '193',","logger":"airflow.task.hooks.airflow.providers.standard.hooks.subprocess.SubprocessHook","filename":"subprocess.py","lineno":99}
{"timestamp":"2026-02-08T22:48:25.725439Z","level":"info","event":" 'rating': '4.6',","logger":"airflow.task.hooks.airflow.providers.standard.hooks.subprocess.SubprocessHook","filename":"subprocess.py","lineno":99}
{"timestamp":"2026-02-08T22:48:25.725465Z","level":"info","event":" 'short_title': 'console',","logger":"airflow.task.hooks.airflow.providers.standard.hooks.subprocess.SubprocessHook","filename":"subprocess.py","lineno":99}
{"timestamp":"2026-02-08T22:48:25.725490Z","level":"info","event":" 'site_name': 'mercado_livre',","logger":"airflow.task.hooks.airflow.providers.standard.hooks.subprocess.SubprocessHook","filename":"subprocess.py","lineno":99}
{"timestamp":"2026-02-08T22:48:25.725516Z","level":"info","event":" 'storage': 'N/A'}","logger":"airflow.task.hooks.airflow.providers.standard.hooks.subprocess.SubprocessHook","filename":"subprocess.py","lineno":99}
{"timestamp":"2026-02-08T22:48:25.726497Z","level":"info","event":"2026-02-08 22:48:25 [scrapy.core.scraper] DEBUG: Scraped from <200 https://lista.mercadolivre.com.br/console>","logger":"airflow.task.hooks.airflow.providers.standard.hooks.subprocess.SubprocessHook","filename":"subprocess.py","lineno":99}
{"timestamp":"2026-02-08T22:48:25.726587Z","level":"info","event":"{'color': 'N/A',","logger":"airflow.task.hooks.airflow.providers.standard.hooks.subprocess.SubprocessHook","filename":"subprocess.py","lineno":99}
{"timestamp":"2026-02-08T22:48:25.726639Z","level":"info","event":" 'full_title': 'Capa Trigger Grips Handle Holder Para Ps Vita 1000',","logger":"airflow.task.hooks.airflow.providers.standard.hooks.subprocess.SubprocessHook","filename":"subprocess.py","lineno":99}
{"timestamp":"2026-02-08T22:48:25.726676Z","level":"info","event":" 'memory': 'N/A',","logger":"airflow.task.hooks.airflow.providers.standard.hooks.subprocess.SubprocessHook","filename":"subprocess.py","lineno":99}
{"timestamp":"2026-02-08T22:48:25.726712Z","level":"info","event":" 'price': '163',","logger":"airflow.task.hooks.airflow.providers.standard.hooks.subprocess.SubprocessHook","filename":"subprocess.py","lineno":99}
{"timestamp":"2026-02-08T22:48:25.726758Z","level":"info","event":" 'rating': None,","logger":"airflow.task.hooks.airflow.providers.standard.hooks.subprocess.SubprocessHook","filename":"subprocess.py","lineno":99}
{"timestamp":"2026-02-08T22:48:25.726788Z","level":"info","event":" 'short_title': 'console',","logger":"airflow.task.hooks.airflow.providers.standard.hooks.subprocess.SubprocessHook","filename":"subprocess.py","lineno":99}
{"timestamp":"2026-02-08T22:48:25.726816Z","level":"info","event":" 'site_name': 'mercado_livre',","logger":"airflow.task.hooks.airflow.providers.standard.hooks.subprocess.SubprocessHook","filename":"subprocess.py","lineno":99}
{"timestamp":"2026-02-08T22:48:25.726843Z","level":"info","event":" 'storage': 'N/A'}","logger":"airflow.task.hooks.airflow.providers.standard.hooks.subprocess.SubprocessHook","filename":"subprocess.py","lineno":99}
{"timestamp":"2026-02-08T22:48:25.727796Z","level":"info","event":"2026-02-08 22:48:25 [scrapy.core.scraper] DEBUG: Scraped from <200 https://lista.mercadolivre.com.br/console>","logger":"airflow.task.hooks.airflow.providers.standard.hooks.subprocess.SubprocessHook","filename":"subprocess.py","lineno":99}
{"timestamp":"2026-02-08T22:48:25.727878Z","level":"info","event":"{'color': 'N/A',","logger":"airflow.task.hooks.airflow.providers.standard.hooks.subprocess.SubprocessHook","filename":"subprocess.py","lineno":99}
{"timestamp":"2026-02-08T22:48:25.727937Z","level":"info","event":" 'full_title': 'Para console de jogos retrô R36hd, tela de jogo portátil',","logger":"airflow.task.hooks.airflow.providers.standard.hooks.subprocess.SubprocessHook","filename":"subprocess.py","lineno":99}
{"timestamp":"2026-02-08T22:48:25.727974Z","level":"info","event":" 'memory': 'N/A',","logger":"airflow.task.hooks.airflow.providers.standard.hooks.subprocess.SubprocessHook","filename":"subprocess.py","lineno":99}
{"timestamp":"2026-02-08T22:48:25.728003Z","level":"info","event":" 'price': '279',","logger":"airflow.task.hooks.airflow.providers.standard.hooks.subprocess.SubprocessHook","filename":"subprocess.py","lineno":99}
{"timestamp":"2026-02-08T22:48:25.728031Z","level":"info","event":" 'rating': None,","logger":"airflow.task.hooks.airflow.providers.standard.hooks.subprocess.SubprocessHook","filename":"subprocess.py","lineno":99}
{"timestamp":"2026-02-08T22:48:25.728057Z","level":"info","event":" 'short_title': 'console',","logger":"airflow.task.hooks.airflow.providers.standard.hooks.subprocess.SubprocessHook","filename":"subprocess.py","lineno":99}
{"timestamp":"2026-02-08T22:48:25.728083Z","level":"info","event":" 'site_name': 'mercado_livre',","logger":"airflow.task.hooks.airflow.providers.standard.hooks.subprocess.SubprocessHook","filename":"subprocess.py","lineno":99}
{"timestamp":"2026-02-08T22:48:25.728110Z","level":"info","event":" 'storage': 'N/A'}","logger":"airflow.task.hooks.airflow.providers.standard.hooks.subprocess.SubprocessHook","filename":"subprocess.py","lineno":99}
{"timestamp":"2026-02-08T22:48:25.729130Z","level":"info","event":"2026-02-08 22:48:25 [scrapy.core.scraper] DEBUG: Scraped from <200 https://lista.mercadolivre.com.br/console>","logger":"airflow.task.hooks.airflow.providers.standard.hooks.subprocess.SubprocessHook","filename":"subprocess.py","lineno":99}
{"timestamp":"2026-02-08T22:48:25.729214Z","level":"info","event":"{'color': 'Preto',","logger":"airflow.task.hooks.airflow.providers.standard.hooks.subprocess.SubprocessHook","filename":"subprocess.py","lineno":99}
{"timestamp":"2026-02-08T22:48:25.729262Z","level":"info","event":" 'full_title': 'Fones De Ouvido Bluetooth Sem Fio Para Jogos Preto',","logger":"airflow.task.hooks.airflow.providers.standard.hooks.subprocess.SubprocessHook","filename":"subprocess.py","lineno":99}
{"timestamp":"2026-02-08T22:48:25.729295Z","level":"info","event":" 'memory': 'N/A',","logger":"airflow.task.hooks.airflow.providers.standard.hooks.subprocess.SubprocessHook","filename":"subprocess.py","lineno":99}
{"timestamp":"2026-02-08T22:48:25.729323Z","level":"info","event":" 'price': '71',","logger":"airflow.task.hooks.airflow.providers.standard.hooks.subprocess.SubprocessHook","filename":"subprocess.py","lineno":99}
{"timestamp":"2026-02-08T22:48:25.729352Z","level":"info","event":" 'rating': None,","logger":"airflow.task.hooks.airflow.providers.standard.hooks.subprocess.SubprocessHook","filename":"subprocess.py","lineno":99}
{"timestamp":"2026-02-08T22:48:25.729379Z","level":"info","event":" 'short_title': 'console',","logger":"airflow.task.hooks.airflow.providers.standard.hooks.subprocess.SubprocessHook","filename":"subprocess.py","lineno":99}
{"timestamp":"2026-02-08T22:48:25.729405Z","level":"info","event":" 'site_name': 'mercado_livre',","logger":"airflow.task.hooks.airflow.providers.standard.hooks.subprocess.SubprocessHook","filename":"subprocess.py","lineno":99}
{"timestamp":"2026-02-08T22:48:25.729430Z","level":"info","event":" 'storage': 'N/A'}","logger":"airflow.task.hooks.airflow.providers.standard.hooks.subprocess.SubprocessHook","filename":"subprocess.py","lineno":99}
{"timestamp":"2026-02-08T22:48:25.730378Z","level":"info","event":"2026-02-08 22:48:25 [scrapy.core.scraper] DEBUG: Scraped from <200 https://lista.mercadolivre.com.br/console>","logger":"airflow.task.hooks.airflow.providers.standard.hooks.subprocess.SubprocessHook","filename":"subprocess.py","lineno":99}
{"timestamp":"2026-02-08T22:48:25.730461Z","level":"info","event":"{'color': 'N/A',","logger":"airflow.task.hooks.airflow.providers.standard.hooks.subprocess.SubprocessHook","filename":"subprocess.py","lineno":99}
{"timestamp":"2026-02-08T22:48:25.730508Z","level":"info","event":" 'full_title': 'Fone de Ouvido Headset Havit H2015d Pc Consoles color negro',","logger":"airflow.task.hooks.airflow.providers.standard.hooks.subprocess.SubprocessHook","filename":"subprocess.py","lineno":99}
{"timestamp":"2026-02-08T22:48:25.730540Z","level":"info","event":" 'memory': 'N/A',","logger":"airflow.task.hooks.airflow.providers.standard.hooks.subprocess.SubprocessHook","filename":"subprocess.py","lineno":99}
{"timestamp":"2026-02-08T22:48:25.730567Z","level":"info","event":" 'price': '166',","logger":"airflow.task.hooks.airflow.providers.standard.hooks.subprocess.SubprocessHook","filename":"subprocess.py","lineno":99}
{"timestamp":"2026-02-08T22:48:25.730594Z","level":"info","event":" 'rating': '4.8',","logger":"airflow.task.hooks.airflow.providers.standard.hooks.subprocess.SubprocessHook","filename":"subprocess.py","lineno":99}
{"timestamp":"2026-02-08T22:48:25.730620Z","level":"info","event":" 'short_title': 'console',","logger":"airflow.task.hooks.airflow.providers.standard.hooks.subprocess.SubprocessHook","filename":"subprocess.py","lineno":99}
{"timestamp":"2026-02-08T22:48:25.730645Z","level":"info","event":" 'site_name': 'mercado_livre',","logger":"airflow.task.hooks.airflow.providers.standard.hooks.subprocess.SubprocessHook","filename":"subprocess.py","lineno":99}
{"timestamp":"2026-02-08T22:48:25.730670Z","level":"info","event":" 'storage': 'N/A'}","logger":"airflow.task.hooks.airflow.providers.standard.hooks.subprocess.SubprocessHook","filename":"subprocess.py","lineno":99}
{"timestamp":"2026-02-08T22:48:25.731645Z","level":"info","event":"2026-02-08 22:48:25 [scrapy.core.scraper] DEBUG: Scraped from <200 https://lista.mercadolivre.com.br/console>","logger":"airflow.task.hooks.airflow.providers.standard.hooks.subprocess.SubprocessHook","filename":"subprocess.py","lineno":99}
{"timestamp":"2026-02-08T22:48:25.731726Z","level":"info","event":"{'color': 'N/A',","logger":"airflow.task.hooks.airflow.providers.standard.hooks.subprocess.SubprocessHook","filename":"subprocess.py","lineno":99}
{"timestamp":"2026-02-08T22:48:25.731773Z","level":"info","event":" 'full_title': 'Tampa Console Central Fiat Palio Strada Siena Idea Original',","logger":"airflow.task.hooks.airflow.providers.standard.hooks.subprocess.SubprocessHook","filename":"subprocess.py","lineno":99}
{"timestamp":"2026-02-08T22:48:25.731805Z","level":"info","event":" 'memory': 'N/A',","logger":"airflow.task.hooks.airflow.providers.standard.hooks.subprocess.SubprocessHook","filename":"subprocess.py","lineno":99}
{"timestamp":"2026-02-08T22:48:25.731833Z","level":"info","event":" 'price': '39',","logger":"airflow.task.hooks.airflow.providers.standard.hooks.subprocess.SubprocessHook","filename":"subprocess.py","lineno":99}
{"timestamp":"2026-02-08T22:48:25.731859Z","level":"info","event":" 'rating': '4.9',","logger":"airflow.task.hooks.airflow.providers.standard.hooks.subprocess.SubprocessHook","filename":"subprocess.py","lineno":99}
{"timestamp":"2026-02-08T22:48:25.731886Z","level":"info","event":" 'short_title': 'console',","logger":"airflow.task.hooks.airflow.providers.standard.hooks.subprocess.SubprocessHook","filename":"subprocess.py","lineno":99}
{"timestamp":"2026-02-08T22:48:25.731912Z","level":"info","event":" 'site_name': 'mercado_livre',","logger":"airflow.task.hooks.airflow.providers.standard.hooks.subprocess.SubprocessHook","filename":"subprocess.py","lineno":99}
{"timestamp":"2026-02-08T22:48:25.731937Z","level":"info","event":" 'storage': 'N/A'}","logger":"airflow.task.hooks.airflow.providers.standard.hooks.subprocess.SubprocessHook","filename":"subprocess.py","lineno":99}
{"timestamp":"2026-02-08T22:48:25.732895Z","level":"info","event":"2026-02-08 22:48:25 [scrapy.core.scraper] DEBUG: Scraped from <200 https://lista.mercadolivre.com.br/console>","logger":"airflow.task.hooks.airflow.providers.standard.hooks.subprocess.SubprocessHook","filename":"subprocess.py","lineno":99}
{"timestamp":"2026-02-08T22:48:25.732976Z","level":"info","event":"{'color': 'N/A',","logger":"airflow.task.hooks.airflow.providers.standard.hooks.subprocess.SubprocessHook","filename":"subprocess.py","lineno":99}
{"timestamp":"2026-02-08T22:48:25.733024Z","level":"info","event":" 'full_title': 'Controle Sem Fio Redfin Compatível PS4 PC Bluetooth Touchpad '","logger":"airflow.task.hooks.airflow.providers.standard.hooks.subprocess.SubprocessHook","filename":"subprocess.py","lineno":99}
{"timestamp":"2026-02-08T22:48:25.733057Z","level":"info","event":"               'Vibração Dupla',","logger":"airflow.task.hooks.airflow.providers.standard.hooks.subprocess.SubprocessHook","filename":"subprocess.py","lineno":99}
{"timestamp":"2026-02-08T22:48:25.733118Z","level":"info","event":" 'memory': 'N/A',","logger":"airflow.task.hooks.airflow.providers.standard.hooks.subprocess.SubprocessHook","filename":"subprocess.py","lineno":99}
{"timestamp":"2026-02-08T22:48:25.733165Z","level":"info","event":" 'price': '67',","logger":"airflow.task.hooks.airflow.providers.standard.hooks.subprocess.SubprocessHook","filename":"subprocess.py","lineno":99}
{"timestamp":"2026-02-08T22:48:25.733238Z","level":"info","event":" 'rating': '4.7',","logger":"airflow.task.hooks.airflow.providers.standard.hooks.subprocess.SubprocessHook","filename":"subprocess.py","lineno":99}
{"timestamp":"2026-02-08T22:48:25.733309Z","level":"info","event":" 'short_title': 'console',","logger":"airflow.task.hooks.airflow.providers.standard.hooks.subprocess.SubprocessHook","filename":"subprocess.py","lineno":99}
{"timestamp":"2026-02-08T22:48:25.733385Z","level":"info","event":" 'site_name': 'mercado_livre',","logger":"airflow.task.hooks.airflow.providers.standard.hooks.subprocess.SubprocessHook","filename":"subprocess.py","lineno":99}
{"timestamp":"2026-02-08T22:48:25.733422Z","level":"info","event":" 'storage': 'N/A'}","logger":"airflow.task.hooks.airflow.providers.standard.hooks.subprocess.SubprocessHook","filename":"subprocess.py","lineno":99}
{"timestamp":"2026-02-08T22:48:25.734241Z","level":"info","event":"2026-02-08 22:48:25 [scrapy.core.scraper] DEBUG: Scraped from <200 https://lista.mercadolivre.com.br/console>","logger":"airflow.task.hooks.airflow.providers.standard.hooks.subprocess.SubprocessHook","filename":"subprocess.py","lineno":99}
{"timestamp":"2026-02-08T22:48:25.734321Z","level":"info","event":"{'color': 'N/A',","logger":"airflow.task.hooks.airflow.providers.standard.hooks.subprocess.SubprocessHook","filename":"subprocess.py","lineno":99}
{"timestamp":"2026-02-08T22:48:25.734370Z","level":"info","event":" 'full_title': 'Console Playstation 5 Slim Edição Digital 825 Gb',","logger":"airflow.task.hooks.airflow.providers.standard.hooks.subprocess.SubprocessHook","filename":"subprocess.py","lineno":99}
{"timestamp":"2026-02-08T22:48:25.734403Z","level":"info","event":" 'memory': 'N/A',","logger":"airflow.task.hooks.airflow.providers.standard.hooks.subprocess.SubprocessHook","filename":"subprocess.py","lineno":99}
{"timestamp":"2026-02-08T22:48:25.734431Z","level":"info","event":" 'price': '3.999',","logger":"airflow.task.hooks.airflow.providers.standard.hooks.subprocess.SubprocessHook","filename":"subprocess.py","lineno":99}
{"timestamp":"2026-02-08T22:48:25.734458Z","level":"info","event":" 'rating': '5.0',","logger":"airflow.task.hooks.airflow.providers.standard.hooks.subprocess.SubprocessHook","filename":"subprocess.py","lineno":99}
{"timestamp":"2026-02-08T22:48:25.734484Z","level":"info","event":" 'short_title': 'console',","logger":"airflow.task.hooks.airflow.providers.standard.hooks.subprocess.SubprocessHook","filename":"subprocess.py","lineno":99}
{"timestamp":"2026-02-08T22:48:25.734511Z","level":"info","event":" 'site_name': 'mercado_livre',","logger":"airflow.task.hooks.airflow.providers.standard.hooks.subprocess.SubprocessHook","filename":"subprocess.py","lineno":99}
{"timestamp":"2026-02-08T22:48:25.734537Z","level":"info","event":" 'storage': 'N/A'}","logger":"airflow.task.hooks.airflow.providers.standard.hooks.subprocess.SubprocessHook","filename":"subprocess.py","lineno":99}
{"timestamp":"2026-02-08T22:48:25.735513Z","level":"info","event":"2026-02-08 22:48:25 [scrapy.core.scraper] DEBUG: Scraped from <200 https://lista.mercadolivre.com.br/console>","logger":"airflow.task.hooks.airflow.providers.standard.hooks.subprocess.SubprocessHook","filename":"subprocess.py","lineno":99}
{"timestamp":"2026-02-08T22:48:25.735594Z","level":"info","event":"{'color': 'N/A',","logger":"airflow.task.hooks.airflow.providers.standard.hooks.subprocess.SubprocessHook","filename":"subprocess.py","lineno":99}
{"timestamp":"2026-02-08T22:48:25.735641Z","level":"info","event":" 'full_title': 'Disco Desbloqueio Bd-j Bluray Bdj Ps4 Goldhen 12.50/12.52',","logger":"airflow.task.hooks.airflow.providers.standard.hooks.subprocess.SubprocessHook","filename":"subprocess.py","lineno":99}
{"timestamp":"2026-02-08T22:48:25.735672Z","level":"info","event":" 'memory': 'N/A',","logger":"airflow.task.hooks.airflow.providers.standard.hooks.subprocess.SubprocessHook","filename":"subprocess.py","lineno":99}
{"timestamp":"2026-02-08T22:48:25.735701Z","level":"info","event":" 'price': '45',","logger":"airflow.task.hooks.airflow.providers.standard.hooks.subprocess.SubprocessHook","filename":"subprocess.py","lineno":99}
{"timestamp":"2026-02-08T22:48:25.735728Z","level":"info","event":" 'rating': '4.8',","logger":"airflow.task.hooks.airflow.providers.standard.hooks.subprocess.SubprocessHook","filename":"subprocess.py","lineno":99}
{"timestamp":"2026-02-08T22:48:25.735753Z","level":"info","event":" 'short_title': 'console',","logger":"airflow.task.hooks.airflow.providers.standard.hooks.subprocess.SubprocessHook","filename":"subprocess.py","lineno":99}
{"timestamp":"2026-02-08T22:48:25.735779Z","level":"info","event":" 'site_name': 'mercado_livre',","logger":"airflow.task.hooks.airflow.providers.standard.hooks.subprocess.SubprocessHook","filename":"subprocess.py","lineno":99}
{"timestamp":"2026-02-08T22:48:25.735806Z","level":"info","event":" 'storage': 'N/A'}","logger":"airflow.task.hooks.airflow.providers.standard.hooks.subprocess.SubprocessHook","filename":"subprocess.py","lineno":99}
{"timestamp":"2026-02-08T22:48:25.736774Z","level":"info","event":"2026-02-08 22:48:25 [scrapy.core.scraper] DEBUG: Scraped from <200 https://lista.mercadolivre.com.br/console>","logger":"airflow.task.hooks.airflow.providers.standard.hooks.subprocess.SubprocessHook","filename":"subprocess.py","lineno":99}
{"timestamp":"2026-02-08T22:48:25.736854Z","level":"info","event":"{'color': 'Preto',","logger":"airflow.task.hooks.airflow.providers.standard.hooks.subprocess.SubprocessHook","filename":"subprocess.py","lineno":99}
{"timestamp":"2026-02-08T22:48:25.736903Z","level":"info","event":" 'full_title': 'Case Bolsa Estojo Para Nintendo Switch Alça Ombro Transporte '","logger":"airflow.task.hooks.airflow.providers.standard.hooks.subprocess.SubprocessHook","filename":"subprocess.py","lineno":99}
{"timestamp":"2026-02-08T22:48:25.736935Z","level":"info","event":"               'Preto',","logger":"airflow.task.hooks.airflow.providers.standard.hooks.subprocess.SubprocessHook","filename":"subprocess.py","lineno":99}
{"timestamp":"2026-02-08T22:48:25.736962Z","level":"info","event":" 'memory': 'N/A',","logger":"airflow.task.hooks.airflow.providers.standard.hooks.subprocess.SubprocessHook","filename":"subprocess.py","lineno":99}
{"timestamp":"2026-02-08T22:48:25.736989Z","level":"info","event":" 'price': '199',","logger":"airflow.task.hooks.airflow.providers.standard.hooks.subprocess.SubprocessHook","filename":"subprocess.py","lineno":99}
{"timestamp":"2026-02-08T22:48:25.737015Z","level":"info","event":" 'rating': '4.9',","logger":"airflow.task.hooks.airflow.providers.standard.hooks.subprocess.SubprocessHook","filename":"subprocess.py","lineno":99}
{"timestamp":"2026-02-08T22:48:25.737041Z","level":"info","event":" 'short_title': 'console',","logger":"airflow.task.hooks.airflow.providers.standard.hooks.subprocess.SubprocessHook","filename":"subprocess.py","lineno":99}
{"timestamp":"2026-02-08T22:48:25.737066Z","level":"info","event":" 'site_name': 'mercado_livre',","logger":"airflow.task.hooks.airflow.providers.standard.hooks.subprocess.SubprocessHook","filename":"subprocess.py","lineno":99}
{"timestamp":"2026-02-08T22:48:25.737091Z","level":"info","event":" 'storage': 'N/A'}","logger":"airflow.task.hooks.airflow.providers.standard.hooks.subprocess.SubprocessHook","filename":"subprocess.py","lineno":99}
{"timestamp":"2026-02-08T22:48:25.737998Z","level":"info","event":"2026-02-08 22:48:25 [scrapy.core.scraper] DEBUG: Scraped from <200 https://lista.mercadolivre.com.br/console>","logger":"airflow.task.hooks.airflow.providers.standard.hooks.subprocess.SubprocessHook","filename":"subprocess.py","lineno":99}
{"timestamp":"2026-02-08T22:48:25.738120Z","level":"info","event":"{'color': 'Preto',","logger":"airflow.task.hooks.airflow.providers.standard.hooks.subprocess.SubprocessHook","filename":"subprocess.py","lineno":99}
{"timestamp":"2026-02-08T22:48:25.738168Z","level":"info","event":" 'full_title': 'Fone Nubwo U3 Headset 3d Estéreo Ouvido Para Pc Ps4 Preto',","logger":"airflow.task.hooks.airflow.providers.standard.hooks.subprocess.SubprocessHook","filename":"subprocess.py","lineno":99}
{"timestamp":"2026-02-08T22:48:25.738200Z","level":"info","event":" 'memory': 'N/A',","logger":"airflow.task.hooks.airflow.providers.standard.hooks.subprocess.SubprocessHook","filename":"subprocess.py","lineno":99}
{"timestamp":"2026-02-08T22:48:25.738228Z","level":"info","event":" 'price': '200',","logger":"airflow.task.hooks.airflow.providers.standard.hooks.subprocess.SubprocessHook","filename":"subprocess.py","lineno":99}
{"timestamp":"2026-02-08T22:48:25.738255Z","level":"info","event":" 'rating': '4.8',","logger":"airflow.task.hooks.airflow.providers.standard.hooks.subprocess.SubprocessHook","filename":"subprocess.py","lineno":99}
{"timestamp":"2026-02-08T22:48:25.738281Z","level":"info","event":" 'short_title': 'console',","logger":"airflow.task.hooks.airflow.providers.standard.hooks.subprocess.SubprocessHook","filename":"subprocess.py","lineno":99}
{"timestamp":"2026-02-08T22:48:25.738307Z","level":"info","event":" 'site_name': 'mercado_livre',","logger":"airflow.task.hooks.airflow.providers.standard.hooks.subprocess.SubprocessHook","filename":"subprocess.py","lineno":99}
{"timestamp":"2026-02-08T22:48:25.738332Z","level":"info","event":" 'storage': 'N/A'}","logger":"airflow.task.hooks.airflow.providers.standard.hooks.subprocess.SubprocessHook","filename":"subprocess.py","lineno":99}
{"timestamp":"2026-02-08T22:48:25.739255Z","level":"info","event":"2026-02-08 22:48:25 [scrapy.core.scraper] DEBUG: Scraped from <200 https://lista.mercadolivre.com.br/console>","logger":"airflow.task.hooks.airflow.providers.standard.hooks.subprocess.SubprocessHook","filename":"subprocess.py","lineno":99}
{"timestamp":"2026-02-08T22:48:25.739343Z","level":"info","event":"{'color': 'N/A',","logger":"airflow.task.hooks.airflow.providers.standard.hooks.subprocess.SubprocessHook","filename":"subprocess.py","lineno":99}
{"timestamp":"2026-02-08T22:48:25.739395Z","level":"info","event":" 'full_title': 'Bd-j Desbloqueio P.s.4 Henloader Aio Automático',","logger":"airflow.task.hooks.airflow.providers.standard.hooks.subprocess.SubprocessHook","filename":"subprocess.py","lineno":99}
{"timestamp":"2026-02-08T22:48:25.739431Z","level":"info","event":" 'memory': 'N/A',","logger":"airflow.task.hooks.airflow.providers.standard.hooks.subprocess.SubprocessHook","filename":"subprocess.py","lineno":99}
{"timestamp":"2026-02-08T22:48:25.739460Z","level":"info","event":" 'price': '45',","logger":"airflow.task.hooks.airflow.providers.standard.hooks.subprocess.SubprocessHook","filename":"subprocess.py","lineno":99}
{"timestamp":"2026-02-08T22:48:25.739487Z","level":"info","event":" 'rating': '4.5',","logger":"airflow.task.hooks.airflow.providers.standard.hooks.subprocess.SubprocessHook","filename":"subprocess.py","lineno":99}
{"timestamp":"2026-02-08T22:48:25.739514Z","level":"info","event":" 'short_title': 'console',","logger":"airflow.task.hooks.airflow.providers.standard.hooks.subprocess.SubprocessHook","filename":"subprocess.py","lineno":99}
{"timestamp":"2026-02-08T22:48:25.739540Z","level":"info","event":" 'site_name': 'mercado_livre',","logger":"airflow.task.hooks.airflow.providers.standard.hooks.subprocess.SubprocessHook","filename":"subprocess.py","lineno":99}
{"timestamp":"2026-02-08T22:48:25.739566Z","level":"info","event":" 'storage': 'N/A'}","logger":"airflow.task.hooks.airflow.providers.standard.hooks.subprocess.SubprocessHook","filename":"subprocess.py","lineno":99}
{"timestamp":"2026-02-08T22:48:25.740714Z","level":"info","event":"2026-02-08 22:48:25 [scrapy.core.scraper] DEBUG: Scraped from <200 https://lista.mercadolivre.com.br/console>","logger":"airflow.task.hooks.airflow.providers.standard.hooks.subprocess.SubprocessHook","filename":"subprocess.py","lineno":99}
{"timestamp":"2026-02-08T22:48:25.740798Z","level":"info","event":"{'color': 'Branco',","logger":"airflow.task.hooks.airflow.providers.standard.hooks.subprocess.SubprocessHook","filename":"subprocess.py","lineno":99}
{"timestamp":"2026-02-08T22:48:25.740847Z","level":"info","event":" 'full_title': 'Adaptador Videogame Game Stick M15 Hdmi Retro 2 Controles '","logger":"airflow.task.hooks.airflow.providers.standard.hooks.subprocess.SubprocessHook","filename":"subprocess.py","lineno":99}
{"timestamp":"2026-02-08T22:48:25.740879Z","level":"info","event":"               'Branco 127/220v',","logger":"airflow.task.hooks.airflow.providers.standard.hooks.subprocess.SubprocessHook","filename":"subprocess.py","lineno":99}
{"timestamp":"2026-02-08T22:48:25.740908Z","level":"info","event":" 'memory': 'N/A',","logger":"airflow.task.hooks.airflow.providers.standard.hooks.subprocess.SubprocessHook","filename":"subprocess.py","lineno":99}
{"timestamp":"2026-02-08T22:48:25.740935Z","level":"info","event":" 'price': '219',","logger":"airflow.task.hooks.airflow.providers.standard.hooks.subprocess.SubprocessHook","filename":"subprocess.py","lineno":99}
{"timestamp":"2026-02-08T22:48:25.740961Z","level":"info","event":" 'rating': '4.8',","logger":"airflow.task.hooks.airflow.providers.standard.hooks.subprocess.SubprocessHook","filename":"subprocess.py","lineno":99}
{"timestamp":"2026-02-08T22:48:25.740987Z","level":"info","event":" 'short_title': 'console',","logger":"airflow.task.hooks.airflow.providers.standard.hooks.subprocess.SubprocessHook","filename":"subprocess.py","lineno":99}
{"timestamp":"2026-02-08T22:48:25.741014Z","level":"info","event":" 'site_name': 'mercado_livre',","logger":"airflow.task.hooks.airflow.providers.standard.hooks.subprocess.SubprocessHook","filename":"subprocess.py","lineno":99}
{"timestamp":"2026-02-08T22:48:25.741040Z","level":"info","event":" 'storage': 'N/A'}","logger":"airflow.task.hooks.airflow.providers.standard.hooks.subprocess.SubprocessHook","filename":"subprocess.py","lineno":99}
{"timestamp":"2026-02-08T22:48:25.741956Z","level":"info","event":"2026-02-08 22:48:25 [scrapy.core.scraper] DEBUG: Scraped from <200 https://lista.mercadolivre.com.br/console>","logger":"airflow.task.hooks.airflow.providers.standard.hooks.subprocess.SubprocessHook","filename":"subprocess.py","lineno":99}
{"timestamp":"2026-02-08T22:48:25.742052Z","level":"info","event":"{'color': 'N/A',","logger":"airflow.task.hooks.airflow.providers.standard.hooks.subprocess.SubprocessHook","filename":"subprocess.py","lineno":99}
{"timestamp":"2026-02-08T22:48:25.742101Z","level":"info","event":" 'full_title': 'Tela Game Portátil R36s Mais De 15mil Jogos Console 64gb Hd',","logger":"airflow.task.hooks.airflow.providers.standard.hooks.subprocess.SubprocessHook","filename":"subprocess.py","lineno":99}
{"timestamp":"2026-02-08T22:48:25.742132Z","level":"info","event":" 'memory': 'N/A',","logger":"airflow.task.hooks.airflow.providers.standard.hooks.subprocess.SubprocessHook","filename":"subprocess.py","lineno":99}
{"timestamp":"2026-02-08T22:48:25.742160Z","level":"info","event":" 'price': '300',","logger":"airflow.task.hooks.airflow.providers.standard.hooks.subprocess.SubprocessHook","filename":"subprocess.py","lineno":99}
{"timestamp":"2026-02-08T22:48:25.742186Z","level":"info","event":" 'rating': '5.0',","logger":"airflow.task.hooks.airflow.providers.standard.hooks.subprocess.SubprocessHook","filename":"subprocess.py","lineno":99}
{"timestamp":"2026-02-08T22:48:25.742212Z","level":"info","event":" 'short_title': 'console',","logger":"airflow.task.hooks.airflow.providers.standard.hooks.subprocess.SubprocessHook","filename":"subprocess.py","lineno":99}
{"timestamp":"2026-02-08T22:48:25.742239Z","level":"info","event":" 'site_name': 'mercado_livre',","logger":"airflow.task.hooks.airflow.providers.standard.hooks.subprocess.SubprocessHook","filename":"subprocess.py","lineno":99}
{"timestamp":"2026-02-08T22:48:25.742265Z","level":"info","event":" 'storage': 'N/A'}","logger":"airflow.task.hooks.airflow.providers.standard.hooks.subprocess.SubprocessHook","filename":"subprocess.py","lineno":99}
{"timestamp":"2026-02-08T22:48:25.743273Z","level":"info","event":"2026-02-08 22:48:25 [scrapy.core.scraper] DEBUG: Scraped from <200 https://lista.mercadolivre.com.br/console>","logger":"airflow.task.hooks.airflow.providers.standard.hooks.subprocess.SubprocessHook","filename":"subprocess.py","lineno":99}
{"timestamp":"2026-02-08T22:48:25.743354Z","level":"info","event":"{'color': 'N/A',","logger":"airflow.task.hooks.airflow.providers.standard.hooks.subprocess.SubprocessHook","filename":"subprocess.py","lineno":99}
{"timestamp":"2026-02-08T22:48:25.743401Z","level":"info","event":" 'full_title': 'HAVIT Fone de Ouvido Headset FUXI-H3 Quad-Mode (com fio e sem '","logger":"airflow.task.hooks.airflow.providers.standard.hooks.subprocess.SubprocessHook","filename":"subprocess.py","lineno":99}
{"timestamp":"2026-02-08T22:48:25.743432Z","level":"info","event":"               'fio, Wireless 2,4GHz, Bluetooth, Cabo USB-C, Cabo Auxiliar '","logger":"airflow.task.hooks.airflow.providers.standard.hooks.subprocess.SubprocessHook","filename":"subprocess.py","lineno":99}
{"timestamp":"2026-02-08T22:48:25.743461Z","level":"info","event":"               '3.5mm). Surround, Baixa Latência - Preto',","logger":"airflow.task.hooks.airflow.providers.standard.hooks.subprocess.SubprocessHook","filename":"subprocess.py","lineno":99}
{"timestamp":"2026-02-08T22:48:25.743489Z","level":"info","event":" 'memory': 'N/A',","logger":"airflow.task.hooks.airflow.providers.standard.hooks.subprocess.SubprocessHook","filename":"subprocess.py","lineno":99}
{"timestamp":"2026-02-08T22:48:25.743515Z","level":"info","event":" 'price': '329',","logger":"airflow.task.hooks.airflow.providers.standard.hooks.subprocess.SubprocessHook","filename":"subprocess.py","lineno":99}
{"timestamp":"2026-02-08T22:48:25.743541Z","level":"info","event":" 'rating': '4.8',","logger":"airflow.task.hooks.airflow.providers.standard.hooks.subprocess.SubprocessHook","filename":"subprocess.py","lineno":99}
{"timestamp":"2026-02-08T22:48:25.743568Z","level":"info","event":" 'short_title': 'console',","logger":"airflow.task.hooks.airflow.providers.standard.hooks.subprocess.SubprocessHook","filename":"subprocess.py","lineno":99}
{"timestamp":"2026-02-08T22:48:25.743594Z","level":"info","event":" 'site_name': 'mercado_livre',","logger":"airflow.task.hooks.airflow.providers.standard.hooks.subprocess.SubprocessHook","filename":"subprocess.py","lineno":99}
{"timestamp":"2026-02-08T22:48:25.743619Z","level":"info","event":" 'storage': 'N/A'}","logger":"airflow.task.hooks.airflow.providers.standard.hooks.subprocess.SubprocessHook","filename":"subprocess.py","lineno":99}
{"timestamp":"2026-02-08T22:48:25.744496Z","level":"info","event":"2026-02-08 22:48:25 [scrapy.core.scraper] DEBUG: Scraped from <200 https://lista.mercadolivre.com.br/console>","logger":"airflow.task.hooks.airflow.providers.standard.hooks.subprocess.SubprocessHook","filename":"subprocess.py","lineno":99}
{"timestamp":"2026-02-08T22:48:25.744576Z","level":"info","event":"{'color': 'N/A',","logger":"airflow.task.hooks.airflow.providers.standard.hooks.subprocess.SubprocessHook","filename":"subprocess.py","lineno":99}
{"timestamp":"2026-02-08T22:48:25.744623Z","level":"info","event":" 'full_title': 'Acabamento Banco Esquerdo Fiat Toro Jeep Renegade Compass',","logger":"airflow.task.hooks.airflow.providers.standard.hooks.subprocess.SubprocessHook","filename":"subprocess.py","lineno":99}
{"timestamp":"2026-02-08T22:48:25.744655Z","level":"info","event":" 'memory': 'N/A',","logger":"airflow.task.hooks.airflow.providers.standard.hooks.subprocess.SubprocessHook","filename":"subprocess.py","lineno":99}
{"timestamp":"2026-02-08T22:48:25.744682Z","level":"info","event":" 'price': '99',","logger":"airflow.task.hooks.airflow.providers.standard.hooks.subprocess.SubprocessHook","filename":"subprocess.py","lineno":99}
{"timestamp":"2026-02-08T22:48:25.744709Z","level":"info","event":" 'rating': '4.9',","logger":"airflow.task.hooks.airflow.providers.standard.hooks.subprocess.SubprocessHook","filename":"subprocess.py","lineno":99}
{"timestamp":"2026-02-08T22:48:25.744736Z","level":"info","event":" 'short_title': 'console',","logger":"airflow.task.hooks.airflow.providers.standard.hooks.subprocess.SubprocessHook","filename":"subprocess.py","lineno":99}
{"timestamp":"2026-02-08T22:48:25.744762Z","level":"info","event":" 'site_name': 'mercado_livre',","logger":"airflow.task.hooks.airflow.providers.standard.hooks.subprocess.SubprocessHook","filename":"subprocess.py","lineno":99}
{"timestamp":"2026-02-08T22:48:25.744787Z","level":"info","event":" 'storage': 'N/A'}","logger":"airflow.task.hooks.airflow.providers.standard.hooks.subprocess.SubprocessHook","filename":"subprocess.py","lineno":99}
{"timestamp":"2026-02-08T22:48:25.745740Z","level":"info","event":"2026-02-08 22:48:25 [scrapy.core.scraper] DEBUG: Scraped from <200 https://lista.mercadolivre.com.br/console>","logger":"airflow.task.hooks.airflow.providers.standard.hooks.subprocess.SubprocessHook","filename":"subprocess.py","lineno":99}
{"timestamp":"2026-02-08T22:48:25.745819Z","level":"info","event":"{'color': 'Preto',","logger":"airflow.task.hooks.airflow.providers.standard.hooks.subprocess.SubprocessHook","filename":"subprocess.py","lineno":99}
{"timestamp":"2026-02-08T22:48:25.745867Z","level":"info","event":" 'full_title': 'Controle Colorido Sem Fio Compativel Com Ps4 Pc Celular Preto',","logger":"airflow.task.hooks.airflow.providers.standard.hooks.subprocess.SubprocessHook","filename":"subprocess.py","lineno":99}
{"timestamp":"2026-02-08T22:48:25.745898Z","level":"info","event":" 'memory': 'N/A',","logger":"airflow.task.hooks.airflow.providers.standard.hooks.subprocess.SubprocessHook","filename":"subprocess.py","lineno":99}
{"timestamp":"2026-02-08T22:48:25.745926Z","level":"info","event":" 'price': '173',","logger":"airflow.task.hooks.airflow.providers.standard.hooks.subprocess.SubprocessHook","filename":"subprocess.py","lineno":99}
{"timestamp":"2026-02-08T22:48:25.745953Z","level":"info","event":" 'rating': '4.7',","logger":"airflow.task.hooks.airflow.providers.standard.hooks.subprocess.SubprocessHook","filename":"subprocess.py","lineno":99}
{"timestamp":"2026-02-08T22:48:25.745979Z","level":"info","event":" 'short_title': 'console',","logger":"airflow.task.hooks.airflow.providers.standard.hooks.subprocess.SubprocessHook","filename":"subprocess.py","lineno":99}
{"timestamp":"2026-02-08T22:48:25.746006Z","level":"info","event":" 'site_name': 'mercado_livre',","logger":"airflow.task.hooks.airflow.providers.standard.hooks.subprocess.SubprocessHook","filename":"subprocess.py","lineno":99}
{"timestamp":"2026-02-08T22:48:25.746046Z","level":"info","event":" 'storage': 'N/A'}","logger":"airflow.task.hooks.airflow.providers.standard.hooks.subprocess.SubprocessHook","filename":"subprocess.py","lineno":99}
{"timestamp":"2026-02-08T22:48:25.747104Z","level":"info","event":"2026-02-08 22:48:25 [scrapy.core.scraper] DEBUG: Scraped from <200 https://lista.mercadolivre.com.br/console>","logger":"airflow.task.hooks.airflow.providers.standard.hooks.subprocess.SubprocessHook","filename":"subprocess.py","lineno":99}
{"timestamp":"2026-02-08T22:48:25.747193Z","level":"info","event":"{'color': 'N/A',","logger":"airflow.task.hooks.airflow.providers.standard.hooks.subprocess.SubprocessHook","filename":"subprocess.py","lineno":99}
{"timestamp":"2026-02-08T22:48:25.747249Z","level":"info","event":" 'full_title': 'Bundle Nintendo Switch 2 + Mario Kart World',","logger":"airflow.task.hooks.airflow.providers.standard.hooks.subprocess.SubprocessHook","filename":"subprocess.py","lineno":99}
{"timestamp":"2026-02-08T22:48:25.747300Z","level":"info","event":" 'memory': 'N/A',","logger":"airflow.task.hooks.airflow.providers.standard.hooks.subprocess.SubprocessHook","filename":"subprocess.py","lineno":99}
{"timestamp":"2026-02-08T22:48:25.747333Z","level":"info","event":" 'price': '5.251',","logger":"airflow.task.hooks.airflow.providers.standard.hooks.subprocess.SubprocessHook","filename":"subprocess.py","lineno":99}
{"timestamp":"2026-02-08T22:48:25.747361Z","level":"info","event":" 'rating': '4.9',","logger":"airflow.task.hooks.airflow.providers.standard.hooks.subprocess.SubprocessHook","filename":"subprocess.py","lineno":99}
{"timestamp":"2026-02-08T22:48:25.747405Z","level":"info","event":" 'short_title': 'console',","logger":"airflow.task.hooks.airflow.providers.standard.hooks.subprocess.SubprocessHook","filename":"subprocess.py","lineno":99}
{"timestamp":"2026-02-08T22:48:25.747456Z","level":"info","event":" 'site_name': 'mercado_livre',","logger":"airflow.task.hooks.airflow.providers.standard.hooks.subprocess.SubprocessHook","filename":"subprocess.py","lineno":99}
{"timestamp":"2026-02-08T22:48:25.747488Z","level":"info","event":" 'storage': 'N/A'}","logger":"airflow.task.hooks.airflow.providers.standard.hooks.subprocess.SubprocessHook","filename":"subprocess.py","lineno":99}
{"timestamp":"2026-02-08T22:48:25.748549Z","level":"info","event":"2026-02-08 22:48:25 [scrapy.core.scraper] DEBUG: Scraped from <200 https://lista.mercadolivre.com.br/console>","logger":"airflow.task.hooks.airflow.providers.standard.hooks.subprocess.SubprocessHook","filename":"subprocess.py","lineno":99}
{"timestamp":"2026-02-08T22:48:25.748638Z","level":"info","event":"{'color': 'Preto',","logger":"airflow.task.hooks.airflow.providers.standard.hooks.subprocess.SubprocessHook","filename":"subprocess.py","lineno":99}
{"timestamp":"2026-02-08T22:48:25.748686Z","level":"info","event":" 'full_title': 'Adaptador Game Stick Hdmi Retrô 2 Ctroles 20000 Jogos 4k Preto '","logger":"airflow.task.hooks.airflow.providers.standard.hooks.subprocess.SubprocessHook","filename":"subprocess.py","lineno":99}
{"timestamp":"2026-02-08T22:48:25.748720Z","level":"info","event":"               '127/220v',","logger":"airflow.task.hooks.airflow.providers.standard.hooks.subprocess.SubprocessHook","filename":"subprocess.py","lineno":99}
{"timestamp":"2026-02-08T22:48:25.748749Z","level":"info","event":" 'memory': 'N/A',","logger":"airflow.task.hooks.airflow.providers.standard.hooks.subprocess.SubprocessHook","filename":"subprocess.py","lineno":99}
{"timestamp":"2026-02-08T22:48:25.748777Z","level":"info","event":" 'price': '129',","logger":"airflow.task.hooks.airflow.providers.standard.hooks.subprocess.SubprocessHook","filename":"subprocess.py","lineno":99}
{"timestamp":"2026-02-08T22:48:25.748804Z","level":"info","event":" 'rating': '4.4',","logger":"airflow.task.hooks.airflow.providers.standard.hooks.subprocess.SubprocessHook","filename":"subprocess.py","lineno":99}
{"timestamp":"2026-02-08T22:48:25.748830Z","level":"info","event":" 'short_title': 'console',","logger":"airflow.task.hooks.airflow.providers.standard.hooks.subprocess.SubprocessHook","filename":"subprocess.py","lineno":99}
{"timestamp":"2026-02-08T22:48:25.748856Z","level":"info","event":" 'site_name': 'mercado_livre',","logger":"airflow.task.hooks.airflow.providers.standard.hooks.subprocess.SubprocessHook","filename":"subprocess.py","lineno":99}
{"timestamp":"2026-02-08T22:48:25.748882Z","level":"info","event":" 'storage': 'N/A'}","logger":"airflow.task.hooks.airflow.providers.standard.hooks.subprocess.SubprocessHook","filename":"subprocess.py","lineno":99}
{"timestamp":"2026-02-08T22:48:25.750143Z","level":"info","event":"2026-02-08 22:48:25 [scrapy.core.scraper] DEBUG: Scraped from <200 https://lista.mercadolivre.com.br/console>","logger":"airflow.task.hooks.airflow.providers.standard.hooks.subprocess.SubprocessHook","filename":"subprocess.py","lineno":99}
{"timestamp":"2026-02-08T22:48:25.750279Z","level":"info","event":"{'color': 'N/A',","logger":"airflow.task.hooks.airflow.providers.standard.hooks.subprocess.SubprocessHook","filename":"subprocess.py","lineno":99}
{"timestamp":"2026-02-08T22:48:25.750334Z","level":"info","event":" 'full_title': 'Para console de jogos retrô R36hd, tela de jogo portátil',","logger":"airflow.task.hooks.airflow.providers.standard.hooks.subprocess.SubprocessHook","filename":"subprocess.py","lineno":99}
{"timestamp":"2026-02-08T22:48:25.750373Z","level":"info","event":" 'memory': 'N/A',","logger":"airflow.task.hooks.airflow.providers.standard.hooks.subprocess.SubprocessHook","filename":"subprocess.py","lineno":99}
{"timestamp":"2026-02-08T22:48:25.750406Z","level":"info","event":" 'price': '297',","logger":"airflow.task.hooks.airflow.providers.standard.hooks.subprocess.SubprocessHook","filename":"subprocess.py","lineno":99}
{"timestamp":"2026-02-08T22:48:25.750436Z","level":"info","event":" 'rating': '+5 vendidos',","logger":"airflow.task.hooks.airflow.providers.standard.hooks.subprocess.SubprocessHook","filename":"subprocess.py","lineno":99}
{"timestamp":"2026-02-08T22:48:25.750464Z","level":"info","event":" 'short_title': 'console',","logger":"airflow.task.hooks.airflow.providers.standard.hooks.subprocess.SubprocessHook","filename":"subprocess.py","lineno":99}
{"timestamp":"2026-02-08T22:48:25.750491Z","level":"info","event":" 'site_name': 'mercado_livre',","logger":"airflow.task.hooks.airflow.providers.standard.hooks.subprocess.SubprocessHook","filename":"subprocess.py","lineno":99}
{"timestamp":"2026-02-08T22:48:25.750517Z","level":"info","event":" 'storage': 'N/A'}","logger":"airflow.task.hooks.airflow.providers.standard.hooks.subprocess.SubprocessHook","filename":"subprocess.py","lineno":99}
{"timestamp":"2026-02-08T22:48:25.751814Z","level":"info","event":"2026-02-08 22:48:25 [scrapy.core.scraper] DEBUG: Scraped from <200 https://lista.mercadolivre.com.br/console>","logger":"airflow.task.hooks.airflow.providers.standard.hooks.subprocess.SubprocessHook","filename":"subprocess.py","lineno":99}
{"timestamp":"2026-02-08T22:48:25.751905Z","level":"info","event":"{'color': 'N/A',","logger":"airflow.task.hooks.airflow.providers.standard.hooks.subprocess.SubprocessHook","filename":"subprocess.py","lineno":99}
{"timestamp":"2026-02-08T22:48:25.751953Z","level":"info","event":" 'full_title': 'Headset EPM IMPORTS RGB LED com Microfone e Cancelamento de '","logger":"airflow.task.hooks.airflow.providers.standard.hooks.subprocess.SubprocessHook","filename":"subprocess.py","lineno":99}
{"timestamp":"2026-02-08T22:48:25.751986Z","level":"info","event":"               'Ruído para PS5/PS4/Xbox PC',","logger":"airflow.task.hooks.airflow.providers.standard.hooks.subprocess.SubprocessHook","filename":"subprocess.py","lineno":99}
{"timestamp":"2026-02-08T22:48:25.752017Z","level":"info","event":" 'memory': 'N/A',","logger":"airflow.task.hooks.airflow.providers.standard.hooks.subprocess.SubprocessHook","filename":"subprocess.py","lineno":99}
{"timestamp":"2026-02-08T22:48:25.752044Z","level":"info","event":" 'price': '78',","logger":"airflow.task.hooks.airflow.providers.standard.hooks.subprocess.SubprocessHook","filename":"subprocess.py","lineno":99}
{"timestamp":"2026-02-08T22:48:25.752071Z","level":"info","event":" 'rating': '4.8',","logger":"airflow.task.hooks.airflow.providers.standard.hooks.subprocess.SubprocessHook","filename":"subprocess.py","lineno":99}
{"timestamp":"2026-02-08T22:48:25.752098Z","level":"info","event":" 'short_title': 'console',","logger":"airflow.task.hooks.airflow.providers.standard.hooks.subprocess.SubprocessHook","filename":"subprocess.py","lineno":99}
{"timestamp":"2026-02-08T22:48:25.752124Z","level":"info","event":" 'site_name': 'mercado_livre',","logger":"airflow.task.hooks.airflow.providers.standard.hooks.subprocess.SubprocessHook","filename":"subprocess.py","lineno":99}
{"timestamp":"2026-02-08T22:48:25.752149Z","level":"info","event":" 'storage': 'N/A'}","logger":"airflow.task.hooks.airflow.providers.standard.hooks.subprocess.SubprocessHook","filename":"subprocess.py","lineno":99}
{"timestamp":"2026-02-08T22:48:25.753089Z","level":"info","event":"2026-02-08 22:48:25 [scrapy.core.scraper] DEBUG: Scraped from <200 https://lista.mercadolivre.com.br/console>","logger":"airflow.task.hooks.airflow.providers.standard.hooks.subprocess.SubprocessHook","filename":"subprocess.py","lineno":99}
{"timestamp":"2026-02-08T22:48:25.753170Z","level":"info","event":"{'color': 'N/A',","logger":"airflow.task.hooks.airflow.providers.standard.hooks.subprocess.SubprocessHook","filename":"subprocess.py","lineno":99}
{"timestamp":"2026-02-08T22:48:25.753218Z","level":"info","event":" 'full_title': 'Console Do Teto Com Porta Oculos Ranger 2014 2015 2016 2017',","logger":"airflow.task.hooks.airflow.providers.standard.hooks.subprocess.SubprocessHook","filename":"subprocess.py","lineno":99}
{"timestamp":"2026-02-08T22:48:25.753249Z","level":"info","event":" 'memory': 'N/A',","logger":"airflow.task.hooks.airflow.providers.standard.hooks.subprocess.SubprocessHook","filename":"subprocess.py","lineno":99}
{"timestamp":"2026-02-08T22:48:25.753296Z","level":"info","event":" 'price': '297',","logger":"airflow.task.hooks.airflow.providers.standard.hooks.subprocess.SubprocessHook","filename":"subprocess.py","lineno":99}
{"timestamp":"2026-02-08T22:48:25.753343Z","level":"info","event":" 'rating': '4.8',","logger":"airflow.task.hooks.airflow.providers.standard.hooks.subprocess.SubprocessHook","filename":"subprocess.py","lineno":99}
{"timestamp":"2026-02-08T22:48:25.753374Z","level":"info","event":" 'short_title': 'console',","logger":"airflow.task.hooks.airflow.providers.standard.hooks.subprocess.SubprocessHook","filename":"subprocess.py","lineno":99}
{"timestamp":"2026-02-08T22:48:25.753403Z","level":"info","event":" 'site_name': 'mercado_livre',","logger":"airflow.task.hooks.airflow.providers.standard.hooks.subprocess.SubprocessHook","filename":"subprocess.py","lineno":99}
{"timestamp":"2026-02-08T22:48:25.753429Z","level":"info","event":" 'storage': 'N/A'}","logger":"airflow.task.hooks.airflow.providers.standard.hooks.subprocess.SubprocessHook","filename":"subprocess.py","lineno":99}
{"timestamp":"2026-02-08T22:48:25.754337Z","level":"info","event":"2026-02-08 22:48:25 [scrapy.core.scraper] DEBUG: Scraped from <200 https://lista.mercadolivre.com.br/console>","logger":"airflow.task.hooks.airflow.providers.standard.hooks.subprocess.SubprocessHook","filename":"subprocess.py","lineno":99}
{"timestamp":"2026-02-08T22:48:25.754418Z","level":"info","event":"{'color': 'N/A',","logger":"airflow.task.hooks.airflow.providers.standard.hooks.subprocess.SubprocessHook","filename":"subprocess.py","lineno":99}
{"timestamp":"2026-02-08T22:48:25.754465Z","level":"info","event":" 'full_title': 'Console Nintendo Switch 2, Modelo Nacional de Tomada',","logger":"airflow.task.hooks.airflow.providers.standard.hooks.subprocess.SubprocessHook","filename":"subprocess.py","lineno":99}
{"timestamp":"2026-02-08T22:48:25.754497Z","level":"info","event":" 'memory': 'N/A',","logger":"airflow.task.hooks.airflow.providers.standard.hooks.subprocess.SubprocessHook","filename":"subprocess.py","lineno":99}
{"timestamp":"2026-02-08T22:48:25.754524Z","level":"info","event":" 'price': '4.499',","logger":"airflow.task.hooks.airflow.providers.standard.hooks.subprocess.SubprocessHook","filename":"subprocess.py","lineno":99}
{"timestamp":"2026-02-08T22:48:25.754551Z","level":"info","event":" 'rating': '4.8',","logger":"airflow.task.hooks.airflow.providers.standard.hooks.subprocess.SubprocessHook","filename":"subprocess.py","lineno":99}
{"timestamp":"2026-02-08T22:48:25.754577Z","level":"info","event":" 'short_title': 'console',","logger":"airflow.task.hooks.airflow.providers.standard.hooks.subprocess.SubprocessHook","filename":"subprocess.py","lineno":99}
{"timestamp":"2026-02-08T22:48:25.754602Z","level":"info","event":" 'site_name': 'mercado_livre',","logger":"airflow.task.hooks.airflow.providers.standard.hooks.subprocess.SubprocessHook","filename":"subprocess.py","lineno":99}
{"timestamp":"2026-02-08T22:48:25.754628Z","level":"info","event":" 'storage': 'N/A'}","logger":"airflow.task.hooks.airflow.providers.standard.hooks.subprocess.SubprocessHook","filename":"subprocess.py","lineno":99}
{"timestamp":"2026-02-08T22:48:25.755649Z","level":"info","event":"2026-02-08 22:48:25 [scrapy.core.scraper] DEBUG: Scraped from <200 https://lista.mercadolivre.com.br/console>","logger":"airflow.task.hooks.airflow.providers.standard.hooks.subprocess.SubprocessHook","filename":"subprocess.py","lineno":99}
{"timestamp":"2026-02-08T22:48:25.755729Z","level":"info","event":"{'color': 'Branco',","logger":"airflow.task.hooks.airflow.providers.standard.hooks.subprocess.SubprocessHook","filename":"subprocess.py","lineno":99}
{"timestamp":"2026-02-08T22:48:25.755777Z","level":"info","event":" 'full_title': 'Adaptador Videogame Game Stick M15 Hdmi Retrô 2 Controles '","logger":"airflow.task.hooks.airflow.providers.standard.hooks.subprocess.SubprocessHook","filename":"subprocess.py","lineno":99}
{"timestamp":"2026-02-08T22:48:25.755810Z","level":"info","event":"               'Branco 127/220v',","logger":"airflow.task.hooks.airflow.providers.standard.hooks.subprocess.SubprocessHook","filename":"subprocess.py","lineno":99}
{"timestamp":"2026-02-08T22:48:25.755839Z","level":"info","event":" 'memory': 'N/A',","logger":"airflow.task.hooks.airflow.providers.standard.hooks.subprocess.SubprocessHook","filename":"subprocess.py","lineno":99}
{"timestamp":"2026-02-08T22:48:25.755865Z","level":"info","event":" 'price': '179',","logger":"airflow.task.hooks.airflow.providers.standard.hooks.subprocess.SubprocessHook","filename":"subprocess.py","lineno":99}
{"timestamp":"2026-02-08T22:48:25.755893Z","level":"info","event":" 'rating': '+5 vendidos',","logger":"airflow.task.hooks.airflow.providers.standard.hooks.subprocess.SubprocessHook","filename":"subprocess.py","lineno":99}
{"timestamp":"2026-02-08T22:48:25.755919Z","level":"info","event":" 'short_title': 'console',","logger":"airflow.task.hooks.airflow.providers.standard.hooks.subprocess.SubprocessHook","filename":"subprocess.py","lineno":99}
{"timestamp":"2026-02-08T22:48:25.755946Z","level":"info","event":" 'site_name': 'mercado_livre',","logger":"airflow.task.hooks.airflow.providers.standard.hooks.subprocess.SubprocessHook","filename":"subprocess.py","lineno":99}
{"timestamp":"2026-02-08T22:48:25.755971Z","level":"info","event":" 'storage': 'N/A'}","logger":"airflow.task.hooks.airflow.providers.standard.hooks.subprocess.SubprocessHook","filename":"subprocess.py","lineno":99}
{"timestamp":"2026-02-08T22:48:25.756840Z","level":"info","event":"2026-02-08 22:48:25 [scrapy.core.scraper] DEBUG: Scraped from <200 https://lista.mercadolivre.com.br/console>","logger":"airflow.task.hooks.airflow.providers.standard.hooks.subprocess.SubprocessHook","filename":"subprocess.py","lineno":99}
{"timestamp":"2026-02-08T22:48:25.756920Z","level":"info","event":"{'color': 'N/A',","logger":"airflow.task.hooks.airflow.providers.standard.hooks.subprocess.SubprocessHook","filename":"subprocess.py","lineno":99}
{"timestamp":"2026-02-08T22:48:25.756968Z","level":"info","event":" 'full_title': '1pcs Ecrã Ips Portátil Para Jogos Retro R36s Pro 64g ..',","logger":"airflow.task.hooks.airflow.providers.standard.hooks.subprocess.SubprocessHook","filename":"subprocess.py","lineno":99}
{"timestamp":"2026-02-08T22:48:25.757000Z","level":"info","event":" 'memory': 'N/A',","logger":"airflow.task.hooks.airflow.providers.standard.hooks.subprocess.SubprocessHook","filename":"subprocess.py","lineno":99}
{"timestamp":"2026-02-08T22:48:25.757028Z","level":"info","event":" 'price': '159',","logger":"airflow.task.hooks.airflow.providers.standard.hooks.subprocess.SubprocessHook","filename":"subprocess.py","lineno":99}
{"timestamp":"2026-02-08T22:48:25.757055Z","level":"info","event":" 'rating': '1 vendido',","logger":"airflow.task.hooks.airflow.providers.standard.hooks.subprocess.SubprocessHook","filename":"subprocess.py","lineno":99}
{"timestamp":"2026-02-08T22:48:25.757080Z","level":"info","event":" 'short_title': 'console',","logger":"airflow.task.hooks.airflow.providers.standard.hooks.subprocess.SubprocessHook","filename":"subprocess.py","lineno":99}
{"timestamp":"2026-02-08T22:48:25.757106Z","level":"info","event":" 'site_name': 'mercado_livre',","logger":"airflow.task.hooks.airflow.providers.standard.hooks.subprocess.SubprocessHook","filename":"subprocess.py","lineno":99}
{"timestamp":"2026-02-08T22:48:25.757132Z","level":"info","event":" 'storage': 'N/A'}","logger":"airflow.task.hooks.airflow.providers.standard.hooks.subprocess.SubprocessHook","filename":"subprocess.py","lineno":99}
{"timestamp":"2026-02-08T22:48:25.758272Z","level":"info","event":"2026-02-08 22:48:25 [scrapy.core.scraper] DEBUG: Scraped from <200 https://lista.mercadolivre.com.br/console>","logger":"airflow.task.hooks.airflow.providers.standard.hooks.subprocess.SubprocessHook","filename":"subprocess.py","lineno":99}
{"timestamp":"2026-02-08T22:48:25.758352Z","level":"info","event":"{'color': 'Preto',","logger":"airflow.task.hooks.airflow.providers.standard.hooks.subprocess.SubprocessHook","filename":"subprocess.py","lineno":99}
{"timestamp":"2026-02-08T22:48:25.758401Z","level":"info","event":" 'full_title': 'Fone Headset HAVIT H2230d P2 P3 3,5MM Microfone Removível '","logger":"airflow.task.hooks.airflow.providers.standard.hooks.subprocess.SubprocessHook","filename":"subprocess.py","lineno":99}
{"timestamp":"2026-02-08T22:48:25.758433Z","level":"info","event":"               'Consoles PC Preto',","logger":"airflow.task.hooks.airflow.providers.standard.hooks.subprocess.SubprocessHook","filename":"subprocess.py","lineno":99}
{"timestamp":"2026-02-08T22:48:25.758491Z","level":"info","event":" 'memory': 'N/A',","logger":"airflow.task.hooks.airflow.providers.standard.hooks.subprocess.SubprocessHook","filename":"subprocess.py","lineno":99}
{"timestamp":"2026-02-08T22:48:25.758531Z","level":"info","event":" 'price': '133',","logger":"airflow.task.hooks.airflow.providers.standard.hooks.subprocess.SubprocessHook","filename":"subprocess.py","lineno":99}
{"timestamp":"2026-02-08T22:48:25.758574Z","level":"info","event":" 'rating': '4.7',","logger":"airflow.task.hooks.airflow.providers.standard.hooks.subprocess.SubprocessHook","filename":"subprocess.py","lineno":99}
{"timestamp":"2026-02-08T22:48:25.758603Z","level":"info","event":" 'short_title': 'console',","logger":"airflow.task.hooks.airflow.providers.standard.hooks.subprocess.SubprocessHook","filename":"subprocess.py","lineno":99}
{"timestamp":"2026-02-08T22:48:25.758631Z","level":"info","event":" 'site_name': 'mercado_livre',","logger":"airflow.task.hooks.airflow.providers.standard.hooks.subprocess.SubprocessHook","filename":"subprocess.py","lineno":99}
{"timestamp":"2026-02-08T22:48:25.758657Z","level":"info","event":" 'storage': 'N/A'}","logger":"airflow.task.hooks.airflow.providers.standard.hooks.subprocess.SubprocessHook","filename":"subprocess.py","lineno":99}
{"timestamp":"2026-02-08T22:48:25.759551Z","level":"info","event":"2026-02-08 22:48:25 [scrapy.core.scraper] DEBUG: Scraped from <200 https://lista.mercadolivre.com.br/console>","logger":"airflow.task.hooks.airflow.providers.standard.hooks.subprocess.SubprocessHook","filename":"subprocess.py","lineno":99}
{"timestamp":"2026-02-08T22:48:25.759642Z","level":"info","event":"{'color': 'N/A',","logger":"airflow.task.hooks.airflow.providers.standard.hooks.subprocess.SubprocessHook","filename":"subprocess.py","lineno":99}
{"timestamp":"2026-02-08T22:48:25.759693Z","level":"info","event":" 'full_title': 'Dty Para Adaptador De Controlador N64, Conversor De Jogos '","logger":"airflow.task.hooks.airflow.providers.standard.hooks.subprocess.SubprocessHook","filename":"subprocess.py","lineno":99}
{"timestamp":"2026-02-08T22:48:25.759728Z","level":"info","event":"               'Multif',","logger":"airflow.task.hooks.airflow.providers.standard.hooks.subprocess.SubprocessHook","filename":"subprocess.py","lineno":99}
{"timestamp":"2026-02-08T22:48:25.759758Z","level":"info","event":" 'memory': 'N/A',","logger":"airflow.task.hooks.airflow.providers.standard.hooks.subprocess.SubprocessHook","filename":"subprocess.py","lineno":99}
{"timestamp":"2026-02-08T22:48:25.759787Z","level":"info","event":" 'price': '47',","logger":"airflow.task.hooks.airflow.providers.standard.hooks.subprocess.SubprocessHook","filename":"subprocess.py","lineno":99}
{"timestamp":"2026-02-08T22:48:25.759813Z","level":"info","event":" 'rating': '5.0',","logger":"airflow.task.hooks.airflow.providers.standard.hooks.subprocess.SubprocessHook","filename":"subprocess.py","lineno":99}
{"timestamp":"2026-02-08T22:48:25.759839Z","level":"info","event":" 'short_title': 'console',","logger":"airflow.task.hooks.airflow.providers.standard.hooks.subprocess.SubprocessHook","filename":"subprocess.py","lineno":99}
{"timestamp":"2026-02-08T22:48:25.759866Z","level":"info","event":" 'site_name': 'mercado_livre',","logger":"airflow.task.hooks.airflow.providers.standard.hooks.subprocess.SubprocessHook","filename":"subprocess.py","lineno":99}
{"timestamp":"2026-02-08T22:48:25.759893Z","level":"info","event":" 'storage': 'N/A'}","logger":"airflow.task.hooks.airflow.providers.standard.hooks.subprocess.SubprocessHook","filename":"subprocess.py","lineno":99}
{"timestamp":"2026-02-08T22:48:25.761643Z","level":"info","event":"2026-02-08 22:48:25 [scrapy.core.scraper] DEBUG: Scraped from <200 https://lista.mercadolivre.com.br/console>","logger":"airflow.task.hooks.airflow.providers.standard.hooks.subprocess.SubprocessHook","filename":"subprocess.py","lineno":99}
{"timestamp":"2026-02-08T22:48:25.761726Z","level":"info","event":"{'color': 'Branco',","logger":"airflow.task.hooks.airflow.providers.standard.hooks.subprocess.SubprocessHook","filename":"subprocess.py","lineno":99}
{"timestamp":"2026-02-08T22:48:25.761774Z","level":"info","event":" 'full_title': 'Adaptador Videogame Game Stick M15 Hdmi Retrô 2 Controles '","logger":"airflow.task.hooks.airflow.providers.standard.hooks.subprocess.SubprocessHook","filename":"subprocess.py","lineno":99}
{"timestamp":"2026-02-08T22:48:25.761808Z","level":"info","event":"               'Branco 127/220v',","logger":"airflow.task.hooks.airflow.providers.standard.hooks.subprocess.SubprocessHook","filename":"subprocess.py","lineno":99}
{"timestamp":"2026-02-08T22:48:25.761836Z","level":"info","event":" 'memory': 'N/A',","logger":"airflow.task.hooks.airflow.providers.standard.hooks.subprocess.SubprocessHook","filename":"subprocess.py","lineno":99}
{"timestamp":"2026-02-08T22:48:25.761862Z","level":"info","event":" 'price': '199',","logger":"airflow.task.hooks.airflow.providers.standard.hooks.subprocess.SubprocessHook","filename":"subprocess.py","lineno":99}
{"timestamp":"2026-02-08T22:48:25.761888Z","level":"info","event":" 'rating': '4.7',","logger":"airflow.task.hooks.airflow.providers.standard.hooks.subprocess.SubprocessHook","filename":"subprocess.py","lineno":99}
{"timestamp":"2026-02-08T22:48:25.761915Z","level":"info","event":" 'short_title': 'console',","logger":"airflow.task.hooks.airflow.providers.standard.hooks.subprocess.SubprocessHook","filename":"subprocess.py","lineno":99}
{"timestamp":"2026-02-08T22:48:25.761941Z","level":"info","event":" 'site_name': 'mercado_livre',","logger":"airflow.task.hooks.airflow.providers.standard.hooks.subprocess.SubprocessHook","filename":"subprocess.py","lineno":99}
{"timestamp":"2026-02-08T22:48:25.761966Z","level":"info","event":" 'storage': 'N/A'}","logger":"airflow.task.hooks.airflow.providers.standard.hooks.subprocess.SubprocessHook","filename":"subprocess.py","lineno":99}
{"timestamp":"2026-02-08T22:48:25.762889Z","level":"info","event":"2026-02-08 22:48:25 [scrapy.core.scraper] DEBUG: Scraped from <200 https://lista.mercadolivre.com.br/console>","logger":"airflow.task.hooks.airflow.providers.standard.hooks.subprocess.SubprocessHook","filename":"subprocess.py","lineno":99}
{"timestamp":"2026-02-08T22:48:25.762970Z","level":"info","event":"{'color': 'N/A',","logger":"airflow.task.hooks.airflow.providers.standard.hooks.subprocess.SubprocessHook","filename":"subprocess.py","lineno":99}
{"timestamp":"2026-02-08T22:48:25.763018Z","level":"info","event":" 'full_title': 'Tela Display Lcd Para Nintendo Switch V1 V2',","logger":"airflow.task.hooks.airflow.providers.standard.hooks.subprocess.SubprocessHook","filename":"subprocess.py","lineno":99}
{"timestamp":"2026-02-08T22:48:25.763051Z","level":"info","event":" 'memory': 'N/A',","logger":"airflow.task.hooks.airflow.providers.standard.hooks.subprocess.SubprocessHook","filename":"subprocess.py","lineno":99}
{"timestamp":"2026-02-08T22:48:25.763080Z","level":"info","event":" 'price': '299',","logger":"airflow.task.hooks.airflow.providers.standard.hooks.subprocess.SubprocessHook","filename":"subprocess.py","lineno":99}
{"timestamp":"2026-02-08T22:48:25.763106Z","level":"info","event":" 'rating': '5.0',","logger":"airflow.task.hooks.airflow.providers.standard.hooks.subprocess.SubprocessHook","filename":"subprocess.py","lineno":99}
{"timestamp":"2026-02-08T22:48:25.763133Z","level":"info","event":" 'short_title': 'console',","logger":"airflow.task.hooks.airflow.providers.standard.hooks.subprocess.SubprocessHook","filename":"subprocess.py","lineno":99}
{"timestamp":"2026-02-08T22:48:25.763160Z","level":"info","event":" 'site_name': 'mercado_livre',","logger":"airflow.task.hooks.airflow.providers.standard.hooks.subprocess.SubprocessHook","filename":"subprocess.py","lineno":99}
{"timestamp":"2026-02-08T22:48:25.763186Z","level":"info","event":" 'storage': 'N/A'}","logger":"airflow.task.hooks.airflow.providers.standard.hooks.subprocess.SubprocessHook","filename":"subprocess.py","lineno":99}
{"timestamp":"2026-02-08T22:48:25.764145Z","level":"info","event":"2026-02-08 22:48:25 [scrapy.core.scraper] DEBUG: Scraped from <200 https://lista.mercadolivre.com.br/console>","logger":"airflow.task.hooks.airflow.providers.standard.hooks.subprocess.SubprocessHook","filename":"subprocess.py","lineno":99}
{"timestamp":"2026-02-08T22:48:25.764226Z","level":"info","event":"{'color': 'Preto',","logger":"airflow.task.hooks.airflow.providers.standard.hooks.subprocess.SubprocessHook","filename":"subprocess.py","lineno":99}
{"timestamp":"2026-02-08T22:48:25.764274Z","level":"info","event":" 'full_title': 'Fone Jogos Premium R36s Console De Jogos Portátil + Película '","logger":"airflow.task.hooks.airflow.providers.standard.hooks.subprocess.SubprocessHook","filename":"subprocess.py","lineno":99}
{"timestamp":"2026-02-08T22:48:25.764306Z","level":"info","event":"               'Preto',","logger":"airflow.task.hooks.airflow.providers.standard.hooks.subprocess.SubprocessHook","filename":"subprocess.py","lineno":99}
{"timestamp":"2026-02-08T22:48:25.764335Z","level":"info","event":" 'memory': 'N/A',","logger":"airflow.task.hooks.airflow.providers.standard.hooks.subprocess.SubprocessHook","filename":"subprocess.py","lineno":99}
{"timestamp":"2026-02-08T22:48:25.764362Z","level":"info","event":" 'price': '389',","logger":"airflow.task.hooks.airflow.providers.standard.hooks.subprocess.SubprocessHook","filename":"subprocess.py","lineno":99}
{"timestamp":"2026-02-08T22:48:25.764394Z","level":"info","event":" 'rating': '4.4',","logger":"airflow.task.hooks.airflow.providers.standard.hooks.subprocess.SubprocessHook","filename":"subprocess.py","lineno":99}
{"timestamp":"2026-02-08T22:48:25.764466Z","level":"info","event":" 'short_title': 'console',","logger":"airflow.task.hooks.airflow.providers.standard.hooks.subprocess.SubprocessHook","filename":"subprocess.py","lineno":99}
{"timestamp":"2026-02-08T22:48:25.764539Z","level":"info","event":" 'site_name': 'mercado_livre',","logger":"airflow.task.hooks.airflow.providers.standard.hooks.subprocess.SubprocessHook","filename":"subprocess.py","lineno":99}
{"timestamp":"2026-02-08T22:48:25.764614Z","level":"info","event":" 'storage': 'N/A'}","logger":"airflow.task.hooks.airflow.providers.standard.hooks.subprocess.SubprocessHook","filename":"subprocess.py","lineno":99}
{"timestamp":"2026-02-08T22:48:25.765534Z","level":"info","event":"2026-02-08 22:48:25 [scrapy.core.scraper] DEBUG: Scraped from <200 https://lista.mercadolivre.com.br/console>","logger":"airflow.task.hooks.airflow.providers.standard.hooks.subprocess.SubprocessHook","filename":"subprocess.py","lineno":99}
{"timestamp":"2026-02-08T22:48:25.765617Z","level":"info","event":"{'color': 'N/A',","logger":"airflow.task.hooks.airflow.providers.standard.hooks.subprocess.SubprocessHook","filename":"subprocess.py","lineno":99}
{"timestamp":"2026-02-08T22:48:25.765666Z","level":"info","event":" 'full_title': 'Tampa Do Console Freio De Mão Fox Spacefox Crossfox Spacecro',","logger":"airflow.task.hooks.airflow.providers.standard.hooks.subprocess.SubprocessHook","filename":"subprocess.py","lineno":99}
{"timestamp":"2026-02-08T22:48:25.765699Z","level":"info","event":" 'memory': 'N/A',","logger":"airflow.task.hooks.airflow.providers.standard.hooks.subprocess.SubprocessHook","filename":"subprocess.py","lineno":99}
{"timestamp":"2026-02-08T22:48:25.765726Z","level":"info","event":" 'price': '37',","logger":"airflow.task.hooks.airflow.providers.standard.hooks.subprocess.SubprocessHook","filename":"subprocess.py","lineno":99}
{"timestamp":"2026-02-08T22:48:25.765753Z","level":"info","event":" 'rating': '4.8',","logger":"airflow.task.hooks.airflow.providers.standard.hooks.subprocess.SubprocessHook","filename":"subprocess.py","lineno":99}
{"timestamp":"2026-02-08T22:48:25.765779Z","level":"info","event":" 'short_title': 'console',","logger":"airflow.task.hooks.airflow.providers.standard.hooks.subprocess.SubprocessHook","filename":"subprocess.py","lineno":99}
{"timestamp":"2026-02-08T22:48:25.765819Z","level":"info","event":" 'site_name': 'mercado_livre',","logger":"airflow.task.hooks.airflow.providers.standard.hooks.subprocess.SubprocessHook","filename":"subprocess.py","lineno":99}
{"timestamp":"2026-02-08T22:48:25.765888Z","level":"info","event":" 'storage': 'N/A'}","logger":"airflow.task.hooks.airflow.providers.standard.hooks.subprocess.SubprocessHook","filename":"subprocess.py","lineno":99}
{"timestamp":"2026-02-08T22:48:25.766959Z","level":"info","event":"2026-02-08 22:48:25 [scrapy.core.scraper] DEBUG: Scraped from <200 https://lista.mercadolivre.com.br/console>","logger":"airflow.task.hooks.airflow.providers.standard.hooks.subprocess.SubprocessHook","filename":"subprocess.py","lineno":99}
{"timestamp":"2026-02-08T22:48:25.767044Z","level":"info","event":"{'color': 'N/A',","logger":"airflow.task.hooks.airflow.providers.standard.hooks.subprocess.SubprocessHook","filename":"subprocess.py","lineno":99}
{"timestamp":"2026-02-08T22:48:25.767092Z","level":"info","event":" 'full_title': 'ROG Xbox Ally Console Portátil Tela 7\" Touchscreen 120Hz, AMD '","logger":"airflow.task.hooks.airflow.providers.standard.hooks.subprocess.SubprocessHook","filename":"subprocess.py","lineno":99}
{"timestamp":"2026-02-08T22:48:25.767124Z","level":"info","event":"               'Ryzen Z2A 2 GHz, 16 GB RAM, 512 GB SSD, Windows 11 Home - '","logger":"airflow.task.hooks.airflow.providers.standard.hooks.subprocess.SubprocessHook","filename":"subprocess.py","lineno":99}
{"timestamp":"2026-02-08T22:48:25.767153Z","level":"info","event":"               'White - RC73YA-NH003W',","logger":"airflow.task.hooks.airflow.providers.standard.hooks.subprocess.SubprocessHook","filename":"subprocess.py","lineno":99}
{"timestamp":"2026-02-08T22:48:25.767181Z","level":"info","event":" 'memory': '16 GB',","logger":"airflow.task.hooks.airflow.providers.standard.hooks.subprocess.SubprocessHook","filename":"subprocess.py","lineno":99}
{"timestamp":"2026-02-08T22:48:25.767208Z","level":"info","event":" 'price': '7.849',","logger":"airflow.task.hooks.airflow.providers.standard.hooks.subprocess.SubprocessHook","filename":"subprocess.py","lineno":99}
{"timestamp":"2026-02-08T22:48:25.767233Z","level":"info","event":" 'rating': '4.9',","logger":"airflow.task.hooks.airflow.providers.standard.hooks.subprocess.SubprocessHook","filename":"subprocess.py","lineno":99}
{"timestamp":"2026-02-08T22:48:25.767259Z","level":"info","event":" 'short_title': 'console',","logger":"airflow.task.hooks.airflow.providers.standard.hooks.subprocess.SubprocessHook","filename":"subprocess.py","lineno":99}
{"timestamp":"2026-02-08T22:48:25.767285Z","level":"info","event":" 'site_name': 'mercado_livre',","logger":"airflow.task.hooks.airflow.providers.standard.hooks.subprocess.SubprocessHook","filename":"subprocess.py","lineno":99}
{"timestamp":"2026-02-08T22:48:25.767311Z","level":"info","event":" 'storage': '512 GB'}","logger":"airflow.task.hooks.airflow.providers.standard.hooks.subprocess.SubprocessHook","filename":"subprocess.py","lineno":99}
{"timestamp":"2026-02-08T22:48:25.768203Z","level":"info","event":"2026-02-08 22:48:25 [scrapy.core.scraper] DEBUG: Scraped from <200 https://lista.mercadolivre.com.br/console>","logger":"airflow.task.hooks.airflow.providers.standard.hooks.subprocess.SubprocessHook","filename":"subprocess.py","lineno":99}
{"timestamp":"2026-02-08T22:48:25.768282Z","level":"info","event":"{'color': 'N/A',","logger":"airflow.task.hooks.airflow.providers.standard.hooks.subprocess.SubprocessHook","filename":"subprocess.py","lineno":99}
{"timestamp":"2026-02-08T22:48:25.768330Z","level":"info","event":" 'full_title': 'Gbs Control Conversor Gbs C Gbs-c Ossc Upscaler Rgb Scart',","logger":"airflow.task.hooks.airflow.providers.standard.hooks.subprocess.SubprocessHook","filename":"subprocess.py","lineno":99}
{"timestamp":"2026-02-08T22:48:25.768362Z","level":"info","event":" 'memory': 'N/A',","logger":"airflow.task.hooks.airflow.providers.standard.hooks.subprocess.SubprocessHook","filename":"subprocess.py","lineno":99}
{"timestamp":"2026-02-08T22:48:25.768390Z","level":"info","event":" 'price': '1.549',","logger":"airflow.task.hooks.airflow.providers.standard.hooks.subprocess.SubprocessHook","filename":"subprocess.py","lineno":99}
{"timestamp":"2026-02-08T22:48:25.768417Z","level":"info","event":" 'rating': '+25 vendidos',","logger":"airflow.task.hooks.airflow.providers.standard.hooks.subprocess.SubprocessHook","filename":"subprocess.py","lineno":99}
{"timestamp":"2026-02-08T22:48:25.768444Z","level":"info","event":" 'short_title': 'console',","logger":"airflow.task.hooks.airflow.providers.standard.hooks.subprocess.SubprocessHook","filename":"subprocess.py","lineno":99}
{"timestamp":"2026-02-08T22:48:25.768470Z","level":"info","event":" 'site_name': 'mercado_livre',","logger":"airflow.task.hooks.airflow.providers.standard.hooks.subprocess.SubprocessHook","filename":"subprocess.py","lineno":99}
{"timestamp":"2026-02-08T22:48:25.768495Z","level":"info","event":" 'storage': 'N/A'}","logger":"airflow.task.hooks.airflow.providers.standard.hooks.subprocess.SubprocessHook","filename":"subprocess.py","lineno":99}
{"timestamp":"2026-02-08T22:48:25.769425Z","level":"info","event":"2026-02-08 22:48:25 [scrapy.core.scraper] DEBUG: Scraped from <200 https://lista.mercadolivre.com.br/console>","logger":"airflow.task.hooks.airflow.providers.standard.hooks.subprocess.SubprocessHook","filename":"subprocess.py","lineno":99}
{"timestamp":"2026-02-08T22:48:25.769505Z","level":"info","event":"{'color': 'N/A',","logger":"airflow.task.hooks.airflow.providers.standard.hooks.subprocess.SubprocessHook","filename":"subprocess.py","lineno":99}
{"timestamp":"2026-02-08T22:48:25.769552Z","level":"info","event":" 'full_title': 'Y . Substituição Da Luz De Fundo Do Display Lcd Para Psp',","logger":"airflow.task.hooks.airflow.providers.standard.hooks.subprocess.SubprocessHook","filename":"subprocess.py","lineno":99}
{"timestamp":"2026-02-08T22:48:25.769584Z","level":"info","event":" 'memory': 'N/A',","logger":"airflow.task.hooks.airflow.providers.standard.hooks.subprocess.SubprocessHook","filename":"subprocess.py","lineno":99}
{"timestamp":"2026-02-08T22:48:25.769613Z","level":"info","event":" 'price': '130',","logger":"airflow.task.hooks.airflow.providers.standard.hooks.subprocess.SubprocessHook","filename":"subprocess.py","lineno":99}
{"timestamp":"2026-02-08T22:48:25.769640Z","level":"info","event":" 'rating': None,","logger":"airflow.task.hooks.airflow.providers.standard.hooks.subprocess.SubprocessHook","filename":"subprocess.py","lineno":99}
{"timestamp":"2026-02-08T22:48:25.769667Z","level":"info","event":" 'short_title': 'console',","logger":"airflow.task.hooks.airflow.providers.standard.hooks.subprocess.SubprocessHook","filename":"subprocess.py","lineno":99}
{"timestamp":"2026-02-08T22:48:25.769693Z","level":"info","event":" 'site_name': 'mercado_livre',","logger":"airflow.task.hooks.airflow.providers.standard.hooks.subprocess.SubprocessHook","filename":"subprocess.py","lineno":99}
{"timestamp":"2026-02-08T22:48:25.769737Z","level":"info","event":" 'storage': 'N/A'}","logger":"airflow.task.hooks.airflow.providers.standard.hooks.subprocess.SubprocessHook","filename":"subprocess.py","lineno":99}
{"timestamp":"2026-02-08T22:48:25.770769Z","level":"info","event":"2026-02-08 22:48:25 [scrapy.core.scraper] DEBUG: Scraped from <200 https://lista.mercadolivre.com.br/console>","logger":"airflow.task.hooks.airflow.providers.standard.hooks.subprocess.SubprocessHook","filename":"subprocess.py","lineno":99}
{"timestamp":"2026-02-08T22:48:25.770861Z","level":"info","event":"{'color': 'Branco',","logger":"airflow.task.hooks.airflow.providers.standard.hooks.subprocess.SubprocessHook","filename":"subprocess.py","lineno":99}
{"timestamp":"2026-02-08T22:48:25.770914Z","level":"info","event":" 'full_title': 'PlayStation 5 Slim Cor Branco 1 TB Versão Mídia Física',","logger":"airflow.task.hooks.airflow.providers.standard.hooks.subprocess.SubprocessHook","filename":"subprocess.py","lineno":99}
{"timestamp":"2026-02-08T22:48:25.770952Z","level":"info","event":" 'memory': 'N/A',","logger":"airflow.task.hooks.airflow.providers.standard.hooks.subprocess.SubprocessHook","filename":"subprocess.py","lineno":99}
{"timestamp":"2026-02-08T22:48:25.770982Z","level":"info","event":" 'price': '4.489',","logger":"airflow.task.hooks.airflow.providers.standard.hooks.subprocess.SubprocessHook","filename":"subprocess.py","lineno":99}
{"timestamp":"2026-02-08T22:48:25.771010Z","level":"info","event":" 'rating': '4.9',","logger":"airflow.task.hooks.airflow.providers.standard.hooks.subprocess.SubprocessHook","filename":"subprocess.py","lineno":99}
{"timestamp":"2026-02-08T22:48:25.771038Z","level":"info","event":" 'short_title': 'console',","logger":"airflow.task.hooks.airflow.providers.standard.hooks.subprocess.SubprocessHook","filename":"subprocess.py","lineno":99}
{"timestamp":"2026-02-08T22:48:25.771065Z","level":"info","event":" 'site_name': 'mercado_livre',","logger":"airflow.task.hooks.airflow.providers.standard.hooks.subprocess.SubprocessHook","filename":"subprocess.py","lineno":99}
{"timestamp":"2026-02-08T22:48:25.771091Z","level":"info","event":" 'storage': 'N/A'}","logger":"airflow.task.hooks.airflow.providers.standard.hooks.subprocess.SubprocessHook","filename":"subprocess.py","lineno":99}
{"timestamp":"2026-02-08T22:48:25.772007Z","level":"info","event":"2026-02-08 22:48:25 [scrapy.core.scraper] DEBUG: Scraped from <200 https://lista.mercadolivre.com.br/console>","logger":"airflow.task.hooks.airflow.providers.standard.hooks.subprocess.SubprocessHook","filename":"subprocess.py","lineno":99}
{"timestamp":"2026-02-08T22:48:25.772091Z","level":"info","event":"{'color': 'branco',","logger":"airflow.task.hooks.airflow.providers.standard.hooks.subprocess.SubprocessHook","filename":"subprocess.py","lineno":99}
{"timestamp":"2026-02-08T22:48:25.772138Z","level":"info","event":" 'full_title': 'Sony PlayStation 5 Slim 1TB cor branco',","logger":"airflow.task.hooks.airflow.providers.standard.hooks.subprocess.SubprocessHook","filename":"subprocess.py","lineno":99}
{"timestamp":"2026-02-08T22:48:25.772170Z","level":"info","event":" 'memory': 'N/A',","logger":"airflow.task.hooks.airflow.providers.standard.hooks.subprocess.SubprocessHook","filename":"subprocess.py","lineno":99}
{"timestamp":"2026-02-08T22:48:25.772199Z","level":"info","event":" 'price': '4.489',","logger":"airflow.task.hooks.airflow.providers.standard.hooks.subprocess.SubprocessHook","filename":"subprocess.py","lineno":99}
{"timestamp":"2026-02-08T22:48:25.772225Z","level":"info","event":" 'rating': '4.9',","logger":"airflow.task.hooks.airflow.providers.standard.hooks.subprocess.SubprocessHook","filename":"subprocess.py","lineno":99}
{"timestamp":"2026-02-08T22:48:25.772251Z","level":"info","event":" 'short_title': 'console',","logger":"airflow.task.hooks.airflow.providers.standard.hooks.subprocess.SubprocessHook","filename":"subprocess.py","lineno":99}
{"timestamp":"2026-02-08T22:48:25.772276Z","level":"info","event":" 'site_name': 'mercado_livre',","logger":"airflow.task.hooks.airflow.providers.standard.hooks.subprocess.SubprocessHook","filename":"subprocess.py","lineno":99}
{"timestamp":"2026-02-08T22:48:25.772301Z","level":"info","event":" 'storage': 'N/A'}","logger":"airflow.task.hooks.airflow.providers.standard.hooks.subprocess.SubprocessHook","filename":"subprocess.py","lineno":99}
{"timestamp":"2026-02-08T22:48:25.773258Z","level":"info","event":"2026-02-08 22:48:25 [scrapy.core.scraper] DEBUG: Scraped from <200 https://lista.mercadolivre.com.br/console>","logger":"airflow.task.hooks.airflow.providers.standard.hooks.subprocess.SubprocessHook","filename":"subprocess.py","lineno":99}
{"timestamp":"2026-02-08T22:48:25.773339Z","level":"info","event":"{'color': 'Branco',","logger":"airflow.task.hooks.airflow.providers.standard.hooks.subprocess.SubprocessHook","filename":"subprocess.py","lineno":99}
{"timestamp":"2026-02-08T22:48:25.773387Z","level":"info","event":" 'full_title': 'Adaptador Videogame Game Stick M15 Hdmi Retrô 2 Controles '","logger":"airflow.task.hooks.airflow.providers.standard.hooks.subprocess.SubprocessHook","filename":"subprocess.py","lineno":99}
{"timestamp":"2026-02-08T22:48:25.773420Z","level":"info","event":"               'Branco 5v',","logger":"airflow.task.hooks.airflow.providers.standard.hooks.subprocess.SubprocessHook","filename":"subprocess.py","lineno":99}
{"timestamp":"2026-02-08T22:48:25.773449Z","level":"info","event":" 'memory': 'N/A',","logger":"airflow.task.hooks.airflow.providers.standard.hooks.subprocess.SubprocessHook","filename":"subprocess.py","lineno":99}
{"timestamp":"2026-02-08T22:48:25.773477Z","level":"info","event":" 'price': '220',","logger":"airflow.task.hooks.airflow.providers.standard.hooks.subprocess.SubprocessHook","filename":"subprocess.py","lineno":99}
{"timestamp":"2026-02-08T22:48:25.773502Z","level":"info","event":" 'rating': '1 vendido',","logger":"airflow.task.hooks.airflow.providers.standard.hooks.subprocess.SubprocessHook","filename":"subprocess.py","lineno":99}
{"timestamp":"2026-02-08T22:48:25.773528Z","level":"info","event":" 'short_title': 'console',","logger":"airflow.task.hooks.airflow.providers.standard.hooks.subprocess.SubprocessHook","filename":"subprocess.py","lineno":99}
{"timestamp":"2026-02-08T22:48:25.773554Z","level":"info","event":" 'site_name': 'mercado_livre',","logger":"airflow.task.hooks.airflow.providers.standard.hooks.subprocess.SubprocessHook","filename":"subprocess.py","lineno":99}
{"timestamp":"2026-02-08T22:48:25.773579Z","level":"info","event":" 'storage': 'N/A'}","logger":"airflow.task.hooks.airflow.providers.standard.hooks.subprocess.SubprocessHook","filename":"subprocess.py","lineno":99}
{"timestamp":"2026-02-08T22:48:25.774484Z","level":"info","event":"2026-02-08 22:48:25 [scrapy.core.scraper] DEBUG: Scraped from <200 https://lista.mercadolivre.com.br/console>","logger":"airflow.task.hooks.airflow.providers.standard.hooks.subprocess.SubprocessHook","filename":"subprocess.py","lineno":99}
{"timestamp":"2026-02-08T22:48:25.774565Z","level":"info","event":"{'color': 'N/A',","logger":"airflow.task.hooks.airflow.providers.standard.hooks.subprocess.SubprocessHook","filename":"subprocess.py","lineno":99}
{"timestamp":"2026-02-08T22:48:25.774612Z","level":"info","event":" 'full_title': 'Xbox One S 1tb - Excelente (Recondicionado)',","logger":"airflow.task.hooks.airflow.providers.standard.hooks.subprocess.SubprocessHook","filename":"subprocess.py","lineno":99}
{"timestamp":"2026-02-08T22:48:25.774644Z","level":"info","event":" 'memory': 'N/A',","logger":"airflow.task.hooks.airflow.providers.standard.hooks.subprocess.SubprocessHook","filename":"subprocess.py","lineno":99}
{"timestamp":"2026-02-08T22:48:25.774673Z","level":"info","event":" 'price': '1.619',","logger":"airflow.task.hooks.airflow.providers.standard.hooks.subprocess.SubprocessHook","filename":"subprocess.py","lineno":99}
{"timestamp":"2026-02-08T22:48:25.774700Z","level":"info","event":" 'rating': '4.6',","logger":"airflow.task.hooks.airflow.providers.standard.hooks.subprocess.SubprocessHook","filename":"subprocess.py","lineno":99}
{"timestamp":"2026-02-08T22:48:25.774727Z","level":"info","event":" 'short_title': 'console',","logger":"airflow.task.hooks.airflow.providers.standard.hooks.subprocess.SubprocessHook","filename":"subprocess.py","lineno":99}
{"timestamp":"2026-02-08T22:48:25.774753Z","level":"info","event":" 'site_name': 'mercado_livre',","logger":"airflow.task.hooks.airflow.providers.standard.hooks.subprocess.SubprocessHook","filename":"subprocess.py","lineno":99}
{"timestamp":"2026-02-08T22:48:25.774779Z","level":"info","event":" 'storage': 'N/A'}","logger":"airflow.task.hooks.airflow.providers.standard.hooks.subprocess.SubprocessHook","filename":"subprocess.py","lineno":99}
{"timestamp":"2026-02-08T22:48:25.775774Z","level":"info","event":"2026-02-08 22:48:25 [scrapy.core.scraper] DEBUG: Scraped from <200 https://lista.mercadolivre.com.br/console>","logger":"airflow.task.hooks.airflow.providers.standard.hooks.subprocess.SubprocessHook","filename":"subprocess.py","lineno":99}
{"timestamp":"2026-02-08T22:48:25.775855Z","level":"info","event":"{'color': 'N/A',","logger":"airflow.task.hooks.airflow.providers.standard.hooks.subprocess.SubprocessHook","filename":"subprocess.py","lineno":99}
{"timestamp":"2026-02-08T22:48:25.775902Z","level":"info","event":" 'full_title': 'Tx Jr Programador V2 Para Xbox360 Game Console 3 Cabos Cabo',","logger":"airflow.task.hooks.airflow.providers.standard.hooks.subprocess.SubprocessHook","filename":"subprocess.py","lineno":99}
{"timestamp":"2026-02-08T22:48:25.775934Z","level":"info","event":" 'memory': 'N/A',","logger":"airflow.task.hooks.airflow.providers.standard.hooks.subprocess.SubprocessHook","filename":"subprocess.py","lineno":99}
{"timestamp":"2026-02-08T22:48:25.775962Z","level":"info","event":" 'price': '168',","logger":"airflow.task.hooks.airflow.providers.standard.hooks.subprocess.SubprocessHook","filename":"subprocess.py","lineno":99}
{"timestamp":"2026-02-08T22:48:25.775989Z","level":"info","event":" 'rating': '5.0',","logger":"airflow.task.hooks.airflow.providers.standard.hooks.subprocess.SubprocessHook","filename":"subprocess.py","lineno":99}
{"timestamp":"2026-02-08T22:48:25.776014Z","level":"info","event":" 'short_title': 'console',","logger":"airflow.task.hooks.airflow.providers.standard.hooks.subprocess.SubprocessHook","filename":"subprocess.py","lineno":99}
{"timestamp":"2026-02-08T22:48:25.776041Z","level":"info","event":" 'site_name': 'mercado_livre',","logger":"airflow.task.hooks.airflow.providers.standard.hooks.subprocess.SubprocessHook","filename":"subprocess.py","lineno":99}
{"timestamp":"2026-02-08T22:48:25.776067Z","level":"info","event":" 'storage': 'N/A'}","logger":"airflow.task.hooks.airflow.providers.standard.hooks.subprocess.SubprocessHook","filename":"subprocess.py","lineno":99}
{"timestamp":"2026-02-08T22:48:25.777013Z","level":"info","event":"2026-02-08 22:48:25 [scrapy.core.scraper] DEBUG: Scraped from <200 https://lista.mercadolivre.com.br/console>","logger":"airflow.task.hooks.airflow.providers.standard.hooks.subprocess.SubprocessHook","filename":"subprocess.py","lineno":99}
{"timestamp":"2026-02-08T22:48:25.777112Z","level":"info","event":"{'color': 'Branco',","logger":"airflow.task.hooks.airflow.providers.standard.hooks.subprocess.SubprocessHook","filename":"subprocess.py","lineno":99}
{"timestamp":"2026-02-08T22:48:25.777160Z","level":"info","event":" 'full_title': 'Console Nintendo Switch Oled Nintendo Bundle Super Mario Bros '","logger":"airflow.task.hooks.airflow.providers.standard.hooks.subprocess.SubprocessHook","filename":"subprocess.py","lineno":99}
{"timestamp":"2026-02-08T22:48:25.777192Z","level":"info","event":"               'Wonder 3 Meses Nintendo Switch Online 64gb Branco',","logger":"airflow.task.hooks.airflow.providers.standard.hooks.subprocess.SubprocessHook","filename":"subprocess.py","lineno":99}
{"timestamp":"2026-02-08T22:48:25.777220Z","level":"info","event":" 'memory': 'N/A',","logger":"airflow.task.hooks.airflow.providers.standard.hooks.subprocess.SubprocessHook","filename":"subprocess.py","lineno":99}
{"timestamp":"2026-02-08T22:48:25.777247Z","level":"info","event":" 'price': '2.892',","logger":"airflow.task.hooks.airflow.providers.standard.hooks.subprocess.SubprocessHook","filename":"subprocess.py","lineno":99}
{"timestamp":"2026-02-08T22:48:25.777273Z","level":"info","event":" 'rating': '5.0',","logger":"airflow.task.hooks.airflow.providers.standard.hooks.subprocess.SubprocessHook","filename":"subprocess.py","lineno":99}
{"timestamp":"2026-02-08T22:48:25.777298Z","level":"info","event":" 'short_title': 'console',","logger":"airflow.task.hooks.airflow.providers.standard.hooks.subprocess.SubprocessHook","filename":"subprocess.py","lineno":99}
{"timestamp":"2026-02-08T22:48:25.777324Z","level":"info","event":" 'site_name': 'mercado_livre',","logger":"airflow.task.hooks.airflow.providers.standard.hooks.subprocess.SubprocessHook","filename":"subprocess.py","lineno":99}
{"timestamp":"2026-02-08T22:48:25.777349Z","level":"info","event":" 'storage': 'N/A'}","logger":"airflow.task.hooks.airflow.providers.standard.hooks.subprocess.SubprocessHook","filename":"subprocess.py","lineno":99}
{"timestamp":"2026-02-08T22:48:25.778225Z","level":"info","event":"2026-02-08 22:48:25 [scrapy.core.scraper] DEBUG: Scraped from <200 https://lista.mercadolivre.com.br/console>","logger":"airflow.task.hooks.airflow.providers.standard.hooks.subprocess.SubprocessHook","filename":"subprocess.py","lineno":99}
{"timestamp":"2026-02-08T22:48:25.778305Z","level":"info","event":"{'color': 'cinza',","logger":"airflow.task.hooks.airflow.providers.standard.hooks.subprocess.SubprocessHook","filename":"subprocess.py","lineno":99}
{"timestamp":"2026-02-08T22:48:25.778352Z","level":"info","event":" 'full_title': 'Nintendo Standart Super Mini SFC Standard cor cinza 2017',","logger":"airflow.task.hooks.airflow.providers.standard.hooks.subprocess.SubprocessHook","filename":"subprocess.py","lineno":99}
{"timestamp":"2026-02-08T22:48:25.778383Z","level":"info","event":" 'memory': 'N/A',","logger":"airflow.task.hooks.airflow.providers.standard.hooks.subprocess.SubprocessHook","filename":"subprocess.py","lineno":99}
{"timestamp":"2026-02-08T22:48:25.778412Z","level":"info","event":" 'price': '197',","logger":"airflow.task.hooks.airflow.providers.standard.hooks.subprocess.SubprocessHook","filename":"subprocess.py","lineno":99}
{"timestamp":"2026-02-08T22:48:25.778439Z","level":"info","event":" 'rating': '3.7',","logger":"airflow.task.hooks.airflow.providers.standard.hooks.subprocess.SubprocessHook","filename":"subprocess.py","lineno":99}
{"timestamp":"2026-02-08T22:48:25.778465Z","level":"info","event":" 'short_title': 'console',","logger":"airflow.task.hooks.airflow.providers.standard.hooks.subprocess.SubprocessHook","filename":"subprocess.py","lineno":99}
{"timestamp":"2026-02-08T22:48:25.778491Z","level":"info","event":" 'site_name': 'mercado_livre',","logger":"airflow.task.hooks.airflow.providers.standard.hooks.subprocess.SubprocessHook","filename":"subprocess.py","lineno":99}
{"timestamp":"2026-02-08T22:48:25.778516Z","level":"info","event":" 'storage': 'N/A'}","logger":"airflow.task.hooks.airflow.providers.standard.hooks.subprocess.SubprocessHook","filename":"subprocess.py","lineno":99}
{"timestamp":"2026-02-08T22:48:25.779494Z","level":"info","event":"2026-02-08 22:48:25 [scrapy.core.scraper] DEBUG: Scraped from <200 https://lista.mercadolivre.com.br/console>","logger":"airflow.task.hooks.airflow.providers.standard.hooks.subprocess.SubprocessHook","filename":"subprocess.py","lineno":99}
{"timestamp":"2026-02-08T22:48:25.779574Z","level":"info","event":"{'color': 'N/A',","logger":"airflow.task.hooks.airflow.providers.standard.hooks.subprocess.SubprocessHook","filename":"subprocess.py","lineno":99}
{"timestamp":"2026-02-08T22:48:25.779630Z","level":"info","event":" 'full_title': 'Sony PlayStation 4 Slim 500GB - Excelente (Recondicionado)',","logger":"airflow.task.hooks.airflow.providers.standard.hooks.subprocess.SubprocessHook","filename":"subprocess.py","lineno":99}
{"timestamp":"2026-02-08T22:48:25.779665Z","level":"info","event":" 'memory': 'N/A',","logger":"airflow.task.hooks.airflow.providers.standard.hooks.subprocess.SubprocessHook","filename":"subprocess.py","lineno":99}
{"timestamp":"2026-02-08T22:48:25.779693Z","level":"info","event":" 'price': '1.557',","logger":"airflow.task.hooks.airflow.providers.standard.hooks.subprocess.SubprocessHook","filename":"subprocess.py","lineno":99}
{"timestamp":"2026-02-08T22:48:25.779720Z","level":"info","event":" 'rating': '4.6',","logger":"airflow.task.hooks.airflow.providers.standard.hooks.subprocess.SubprocessHook","filename":"subprocess.py","lineno":99}
{"timestamp":"2026-02-08T22:48:25.779746Z","level":"info","event":" 'short_title': 'console',","logger":"airflow.task.hooks.airflow.providers.standard.hooks.subprocess.SubprocessHook","filename":"subprocess.py","lineno":99}
{"timestamp":"2026-02-08T22:48:25.779772Z","level":"info","event":" 'site_name': 'mercado_livre',","logger":"airflow.task.hooks.airflow.providers.standard.hooks.subprocess.SubprocessHook","filename":"subprocess.py","lineno":99}
{"timestamp":"2026-02-08T22:48:25.779798Z","level":"info","event":" 'storage': 'N/A'}","logger":"airflow.task.hooks.airflow.providers.standard.hooks.subprocess.SubprocessHook","filename":"subprocess.py","lineno":99}
{"timestamp":"2026-02-08T22:48:25.780891Z","level":"info","event":"2026-02-08 22:48:25 [scrapy.core.scraper] DEBUG: Scraped from <200 https://lista.mercadolivre.com.br/console>","logger":"airflow.task.hooks.airflow.providers.standard.hooks.subprocess.SubprocessHook","filename":"subprocess.py","lineno":99}
{"timestamp":"2026-02-08T22:48:25.780988Z","level":"info","event":"{'color': 'Preto',","logger":"airflow.task.hooks.airflow.providers.standard.hooks.subprocess.SubprocessHook","filename":"subprocess.py","lineno":99}
{"timestamp":"2026-02-08T22:48:25.781046Z","level":"info","event":" 'full_title': 'Console Portátil Art Brink Brick Game 9999 in 1 Preto com 9999 '","logger":"airflow.task.hooks.airflow.providers.standard.hooks.subprocess.SubprocessHook","filename":"subprocess.py","lineno":99}
{"timestamp":"2026-02-08T22:48:25.781088Z","level":"info","event":"               'Jogos',","logger":"airflow.task.hooks.airflow.providers.standard.hooks.subprocess.SubprocessHook","filename":"subprocess.py","lineno":99}
{"timestamp":"2026-02-08T22:48:25.781134Z","level":"info","event":" 'memory': 'N/A',","logger":"airflow.task.hooks.airflow.providers.standard.hooks.subprocess.SubprocessHook","filename":"subprocess.py","lineno":99}
{"timestamp":"2026-02-08T22:48:25.781169Z","level":"info","event":" 'price': '19',","logger":"airflow.task.hooks.airflow.providers.standard.hooks.subprocess.SubprocessHook","filename":"subprocess.py","lineno":99}
{"timestamp":"2026-02-08T22:48:25.781197Z","level":"info","event":" 'rating': '4.3',","logger":"airflow.task.hooks.airflow.providers.standard.hooks.subprocess.SubprocessHook","filename":"subprocess.py","lineno":99}
{"timestamp":"2026-02-08T22:48:25.781224Z","level":"info","event":" 'short_title': 'console',","logger":"airflow.task.hooks.airflow.providers.standard.hooks.subprocess.SubprocessHook","filename":"subprocess.py","lineno":99}
{"timestamp":"2026-02-08T22:48:25.781251Z","level":"info","event":" 'site_name': 'mercado_livre',","logger":"airflow.task.hooks.airflow.providers.standard.hooks.subprocess.SubprocessHook","filename":"subprocess.py","lineno":99}
{"timestamp":"2026-02-08T22:48:25.781277Z","level":"info","event":" 'storage': 'N/A'}","logger":"airflow.task.hooks.airflow.providers.standard.hooks.subprocess.SubprocessHook","filename":"subprocess.py","lineno":99}
{"timestamp":"2026-02-08T22:48:25.782245Z","level":"info","event":"2026-02-08 22:48:25 [scrapy.core.scraper] DEBUG: Scraped from <200 https://lista.mercadolivre.com.br/console>","logger":"airflow.task.hooks.airflow.providers.standard.hooks.subprocess.SubprocessHook","filename":"subprocess.py","lineno":99}
{"timestamp":"2026-02-08T22:48:25.782332Z","level":"info","event":"{'color': 'Preto',","logger":"airflow.task.hooks.airflow.providers.standard.hooks.subprocess.SubprocessHook","filename":"subprocess.py","lineno":99}
{"timestamp":"2026-02-08T22:48:25.782382Z","level":"info","event":" 'full_title': 'Valve Steam Deck Oled 1TB Cor Preto',","logger":"airflow.task.hooks.airflow.providers.standard.hooks.subprocess.SubprocessHook","filename":"subprocess.py","lineno":99}
{"timestamp":"2026-02-08T22:48:25.782415Z","level":"info","event":" 'memory': 'N/A',","logger":"airflow.task.hooks.airflow.providers.standard.hooks.subprocess.SubprocessHook","filename":"subprocess.py","lineno":99}
{"timestamp":"2026-02-08T22:48:25.782443Z","level":"info","event":" 'price': '5.599',","logger":"airflow.task.hooks.airflow.providers.standard.hooks.subprocess.SubprocessHook","filename":"subprocess.py","lineno":99}
{"timestamp":"2026-02-08T22:48:25.782470Z","level":"info","event":" 'rating': '5.0',","logger":"airflow.task.hooks.airflow.providers.standard.hooks.subprocess.SubprocessHook","filename":"subprocess.py","lineno":99}
{"timestamp":"2026-02-08T22:48:25.782496Z","level":"info","event":" 'short_title': 'console',","logger":"airflow.task.hooks.airflow.providers.standard.hooks.subprocess.SubprocessHook","filename":"subprocess.py","lineno":99}
{"timestamp":"2026-02-08T22:48:25.782522Z","level":"info","event":" 'site_name': 'mercado_livre',","logger":"airflow.task.hooks.airflow.providers.standard.hooks.subprocess.SubprocessHook","filename":"subprocess.py","lineno":99}
{"timestamp":"2026-02-08T22:48:25.782548Z","level":"info","event":" 'storage': 'N/A'}","logger":"airflow.task.hooks.airflow.providers.standard.hooks.subprocess.SubprocessHook","filename":"subprocess.py","lineno":99}
{"timestamp":"2026-02-08T22:48:30.902111Z","level":"info","event":"2026-02-08 22:48:30 [scrapy.core.engine] DEBUG: Crawled (200) <GET https://lista.mercadolivre.com.br/headset#D%5BA:headset%5D> (referer: None)","logger":"airflow.task.hooks.airflow.providers.standard.hooks.subprocess.SubprocessHook","filename":"subprocess.py","lineno":99}
{"timestamp":"2026-02-08T22:48:31.065488Z","level":"info","event":"2026-02-08 22:48:31 [scrapy.core.scraper] DEBUG: Scraped from <200 https://lista.mercadolivre.com.br/headset>","logger":"airflow.task.hooks.airflow.providers.standard.hooks.subprocess.SubprocessHook","filename":"subprocess.py","lineno":99}
{"timestamp":"2026-02-08T22:48:31.065659Z","level":"info","event":"{'color': 'N/A',","logger":"airflow.task.hooks.airflow.providers.standard.hooks.subprocess.SubprocessHook","filename":"subprocess.py","lineno":99}
{"timestamp":"2026-02-08T22:48:31.065713Z","level":"info","event":" 'full_title': 'Headset Sem Fio Voyager Focus B825 M Poly 202652-102',","logger":"airflow.task.hooks.airflow.providers.standard.hooks.subprocess.SubprocessHook","filename":"subprocess.py","lineno":99}
{"timestamp":"2026-02-08T22:48:31.065751Z","level":"info","event":" 'memory': 'N/A',","logger":"airflow.task.hooks.airflow.providers.standard.hooks.subprocess.SubprocessHook","filename":"subprocess.py","lineno":99}
{"timestamp":"2026-02-08T22:48:31.065784Z","level":"info","event":" 'price': '878',","logger":"airflow.task.hooks.airflow.providers.standard.hooks.subprocess.SubprocessHook","filename":"subprocess.py","lineno":99}
{"timestamp":"2026-02-08T22:48:31.065814Z","level":"info","event":" 'rating': '4.4',","logger":"airflow.task.hooks.airflow.providers.standard.hooks.subprocess.SubprocessHook","filename":"subprocess.py","lineno":99}
{"timestamp":"2026-02-08T22:48:31.065841Z","level":"info","event":" 'short_title': 'headset',","logger":"airflow.task.hooks.airflow.providers.standard.hooks.subprocess.SubprocessHook","filename":"subprocess.py","lineno":99}
{"timestamp":"2026-02-08T22:48:31.065869Z","level":"info","event":" 'site_name': 'mercado_livre',","logger":"airflow.task.hooks.airflow.providers.standard.hooks.subprocess.SubprocessHook","filename":"subprocess.py","lineno":99}
{"timestamp":"2026-02-08T22:48:31.065897Z","level":"info","event":" 'storage': 'N/A'}","logger":"airflow.task.hooks.airflow.providers.standard.hooks.subprocess.SubprocessHook","filename":"subprocess.py","lineno":99}
{"timestamp":"2026-02-08T22:48:31.073843Z","level":"info","event":"2026-02-08 22:48:31 [scrapy.core.scraper] DEBUG: Scraped from <200 https://lista.mercadolivre.com.br/headset>","logger":"airflow.task.hooks.airflow.providers.standard.hooks.subprocess.SubprocessHook","filename":"subprocess.py","lineno":99}
{"timestamp":"2026-02-08T22:48:31.074008Z","level":"info","event":"{'color': 'Branco',","logger":"airflow.task.hooks.airflow.providers.standard.hooks.subprocess.SubprocessHook","filename":"subprocess.py","lineno":99}
{"timestamp":"2026-02-08T22:48:31.074063Z","level":"info","event":" 'full_title': 'Headset Bluetooth Redução De Ruído Do Anc Hifi Com Microfone '","logger":"airflow.task.hooks.airflow.providers.standard.hooks.subprocess.SubprocessHook","filename":"subprocess.py","lineno":99}
{"timestamp":"2026-02-08T22:48:31.074102Z","level":"info","event":"               'Cor Branco',","logger":"airflow.task.hooks.airflow.providers.standard.hooks.subprocess.SubprocessHook","filename":"subprocess.py","lineno":99}
{"timestamp":"2026-02-08T22:48:31.074133Z","level":"info","event":" 'memory': 'N/A',","logger":"airflow.task.hooks.airflow.providers.standard.hooks.subprocess.SubprocessHook","filename":"subprocess.py","lineno":99}
{"timestamp":"2026-02-08T22:48:31.074184Z","level":"info","event":" 'price': '298',","logger":"airflow.task.hooks.airflow.providers.standard.hooks.subprocess.SubprocessHook","filename":"subprocess.py","lineno":99}
{"timestamp":"2026-02-08T22:48:31.074217Z","level":"info","event":" 'rating': '4.8',","logger":"airflow.task.hooks.airflow.providers.standard.hooks.subprocess.SubprocessHook","filename":"subprocess.py","lineno":99}
{"timestamp":"2026-02-08T22:48:31.074246Z","level":"info","event":" 'short_title': 'headset',","logger":"airflow.task.hooks.airflow.providers.standard.hooks.subprocess.SubprocessHook","filename":"subprocess.py","lineno":99}
{"timestamp":"2026-02-08T22:48:31.074274Z","level":"info","event":" 'site_name': 'mercado_livre',","logger":"airflow.task.hooks.airflow.providers.standard.hooks.subprocess.SubprocessHook","filename":"subprocess.py","lineno":99}
{"timestamp":"2026-02-08T22:48:31.074301Z","level":"info","event":" 'storage': 'N/A'}","logger":"airflow.task.hooks.airflow.providers.standard.hooks.subprocess.SubprocessHook","filename":"subprocess.py","lineno":99}
{"timestamp":"2026-02-08T22:48:31.075685Z","level":"info","event":"2026-02-08 22:48:31 [scrapy.core.scraper] DEBUG: Scraped from <200 https://lista.mercadolivre.com.br/headset>","logger":"airflow.task.hooks.airflow.providers.standard.hooks.subprocess.SubprocessHook","filename":"subprocess.py","lineno":99}
{"timestamp":"2026-02-08T22:48:31.075782Z","level":"info","event":"{'color': 'Preto',","logger":"airflow.task.hooks.airflow.providers.standard.hooks.subprocess.SubprocessHook","filename":"subprocess.py","lineno":99}
{"timestamp":"2026-02-08T22:48:31.075832Z","level":"info","event":" 'full_title': 'Headset Redragon Zeus Lite Preto P3 H510-lt Preto',","logger":"airflow.task.hooks.airflow.providers.standard.hooks.subprocess.SubprocessHook","filename":"subprocess.py","lineno":99}
{"timestamp":"2026-02-08T22:48:31.075866Z","level":"info","event":" 'memory': 'N/A',","logger":"airflow.task.hooks.airflow.providers.standard.hooks.subprocess.SubprocessHook","filename":"subprocess.py","lineno":99}
{"timestamp":"2026-02-08T22:48:31.075896Z","level":"info","event":" 'price': '209',","logger":"airflow.task.hooks.airflow.providers.standard.hooks.subprocess.SubprocessHook","filename":"subprocess.py","lineno":99}
{"timestamp":"2026-02-08T22:48:31.075923Z","level":"info","event":" 'rating': '4.9',","logger":"airflow.task.hooks.airflow.providers.standard.hooks.subprocess.SubprocessHook","filename":"subprocess.py","lineno":99}
{"timestamp":"2026-02-08T22:48:31.075949Z","level":"info","event":" 'short_title': 'headset',","logger":"airflow.task.hooks.airflow.providers.standard.hooks.subprocess.SubprocessHook","filename":"subprocess.py","lineno":99}
{"timestamp":"2026-02-08T22:48:31.075977Z","level":"info","event":" 'site_name': 'mercado_livre',","logger":"airflow.task.hooks.airflow.providers.standard.hooks.subprocess.SubprocessHook","filename":"subprocess.py","lineno":99}
{"timestamp":"2026-02-08T22:48:31.076005Z","level":"info","event":" 'storage': 'N/A'}","logger":"airflow.task.hooks.airflow.providers.standard.hooks.subprocess.SubprocessHook","filename":"subprocess.py","lineno":99}
{"timestamp":"2026-02-08T22:48:31.077357Z","level":"info","event":"2026-02-08 22:48:31 [scrapy.core.scraper] DEBUG: Scraped from <200 https://lista.mercadolivre.com.br/headset>","logger":"airflow.task.hooks.airflow.providers.standard.hooks.subprocess.SubprocessHook","filename":"subprocess.py","lineno":99}
{"timestamp":"2026-02-08T22:48:31.077445Z","level":"info","event":"{'color': 'N/A',","logger":"airflow.task.hooks.airflow.providers.standard.hooks.subprocess.SubprocessHook","filename":"subprocess.py","lineno":99}
{"timestamp":"2026-02-08T22:48:31.077496Z","level":"info","event":" 'full_title': 'Fone de Ouvido Headphone AIWA HP-02-B Bluetooth ANC Alta '","logger":"airflow.task.hooks.airflow.providers.standard.hooks.subprocess.SubprocessHook","filename":"subprocess.py","lineno":99}
{"timestamp":"2026-02-08T22:48:31.077531Z","level":"info","event":"               'Definição',","logger":"airflow.task.hooks.airflow.providers.standard.hooks.subprocess.SubprocessHook","filename":"subprocess.py","lineno":99}
{"timestamp":"2026-02-08T22:48:31.077562Z","level":"info","event":" 'memory': 'N/A',","logger":"airflow.task.hooks.airflow.providers.standard.hooks.subprocess.SubprocessHook","filename":"subprocess.py","lineno":99}
{"timestamp":"2026-02-08T22:48:31.077591Z","level":"info","event":" 'price': '310',","logger":"airflow.task.hooks.airflow.providers.standard.hooks.subprocess.SubprocessHook","filename":"subprocess.py","lineno":99}
{"timestamp":"2026-02-08T22:48:31.077618Z","level":"info","event":" 'rating': '4.7',","logger":"airflow.task.hooks.airflow.providers.standard.hooks.subprocess.SubprocessHook","filename":"subprocess.py","lineno":99}
{"timestamp":"2026-02-08T22:48:31.077644Z","level":"info","event":" 'short_title': 'headset',","logger":"airflow.task.hooks.airflow.providers.standard.hooks.subprocess.SubprocessHook","filename":"subprocess.py","lineno":99}
{"timestamp":"2026-02-08T22:48:31.077670Z","level":"info","event":" 'site_name': 'mercado_livre',","logger":"airflow.task.hooks.airflow.providers.standard.hooks.subprocess.SubprocessHook","filename":"subprocess.py","lineno":99}
{"timestamp":"2026-02-08T22:48:31.077696Z","level":"info","event":" 'storage': 'N/A'}","logger":"airflow.task.hooks.airflow.providers.standard.hooks.subprocess.SubprocessHook","filename":"subprocess.py","lineno":99}
{"timestamp":"2026-02-08T22:48:31.079004Z","level":"info","event":"2026-02-08 22:48:31 [scrapy.core.scraper] DEBUG: Scraped from <200 https://lista.mercadolivre.com.br/headset>","logger":"airflow.task.hooks.airflow.providers.standard.hooks.subprocess.SubprocessHook","filename":"subprocess.py","lineno":99}
{"timestamp":"2026-02-08T22:48:31.079091Z","level":"info","event":"{'color': 'Preto',","logger":"airflow.task.hooks.airflow.providers.standard.hooks.subprocess.SubprocessHook","filename":"subprocess.py","lineno":99}
{"timestamp":"2026-02-08T22:48:31.079141Z","level":"info","event":" 'full_title': 'Headset Com Microfone Ajustável Cabo P2 2,5 Metros Over-ear '","logger":"airflow.task.hooks.airflow.providers.standard.hooks.subprocess.SubprocessHook","filename":"subprocess.py","lineno":99}
{"timestamp":"2026-02-08T22:48:31.079176Z","level":"info","event":"               'Rgb Headphone Confortável Ergônomico USB P/ Celular Pc Ps4 '","logger":"airflow.task.hooks.airflow.providers.standard.hooks.subprocess.SubprocessHook","filename":"subprocess.py","lineno":99}
{"timestamp":"2026-02-08T22:48:31.079206Z","level":"info","event":"               'Notebook Console Cor Preto Woosh',","logger":"airflow.task.hooks.airflow.providers.standard.hooks.subprocess.SubprocessHook","filename":"subprocess.py","lineno":99}
{"timestamp":"2026-02-08T22:48:31.079235Z","level":"info","event":" 'memory': 'N/A',","logger":"airflow.task.hooks.airflow.providers.standard.hooks.subprocess.SubprocessHook","filename":"subprocess.py","lineno":99}
{"timestamp":"2026-02-08T22:48:31.079294Z","level":"info","event":" 'price': '48',","logger":"airflow.task.hooks.airflow.providers.standard.hooks.subprocess.SubprocessHook","filename":"subprocess.py","lineno":99}
{"timestamp":"2026-02-08T22:48:31.079353Z","level":"info","event":" 'rating': '4.6',","logger":"airflow.task.hooks.airflow.providers.standard.hooks.subprocess.SubprocessHook","filename":"subprocess.py","lineno":99}
{"timestamp":"2026-02-08T22:48:31.079396Z","level":"info","event":" 'short_title': 'headset',","logger":"airflow.task.hooks.airflow.providers.standard.hooks.subprocess.SubprocessHook","filename":"subprocess.py","lineno":99}
{"timestamp":"2026-02-08T22:48:31.079426Z","level":"info","event":" 'site_name': 'mercado_livre',","logger":"airflow.task.hooks.airflow.providers.standard.hooks.subprocess.SubprocessHook","filename":"subprocess.py","lineno":99}
{"timestamp":"2026-02-08T22:48:31.079454Z","level":"info","event":" 'storage': 'N/A'}","logger":"airflow.task.hooks.airflow.providers.standard.hooks.subprocess.SubprocessHook","filename":"subprocess.py","lineno":99}
{"timestamp":"2026-02-08T22:48:31.080908Z","level":"info","event":"2026-02-08 22:48:31 [scrapy.core.scraper] DEBUG: Scraped from <200 https://lista.mercadolivre.com.br/headset>","logger":"airflow.task.hooks.airflow.providers.standard.hooks.subprocess.SubprocessHook","filename":"subprocess.py","lineno":99}
{"timestamp":"2026-02-08T22:48:31.081010Z","level":"info","event":"{'color': 'Preto',","logger":"airflow.task.hooks.airflow.providers.standard.hooks.subprocess.SubprocessHook","filename":"subprocess.py","lineno":99}
{"timestamp":"2026-02-08T22:48:31.081059Z","level":"info","event":" 'full_title': 'Headset Onikuma K8 Fone de ouvido over-ear Compatível com '","logger":"airflow.task.hooks.airflow.providers.standard.hooks.subprocess.SubprocessHook","filename":"subprocess.py","lineno":99}
{"timestamp":"2026-02-08T22:48:31.081094Z","level":"info","event":"               'PS4/PS5/XBOX/ONE/SERIES/PC Preto com luz LED Plug 3.5mm com '","logger":"airflow.task.hooks.airflow.providers.standard.hooks.subprocess.SubprocessHook","filename":"subprocess.py","lineno":99}
{"timestamp":"2026-02-08T22:48:31.081124Z","level":"info","event":"               'Microfone flexível incorporado cabo é de 2.2m Confortável e '","logger":"airflow.task.hooks.airflow.providers.standard.hooks.subprocess.SubprocessHook","filename":"subprocess.py","lineno":99}
{"timestamp":"2026-02-08T22:48:31.081152Z","level":"info","event":"               'Prático',","logger":"airflow.task.hooks.airflow.providers.standard.hooks.subprocess.SubprocessHook","filename":"subprocess.py","lineno":99}
{"timestamp":"2026-02-08T22:48:31.081180Z","level":"info","event":" 'memory': 'N/A',","logger":"airflow.task.hooks.airflow.providers.standard.hooks.subprocess.SubprocessHook","filename":"subprocess.py","lineno":99}
{"timestamp":"2026-02-08T22:48:31.081206Z","level":"info","event":" 'price': '142',","logger":"airflow.task.hooks.airflow.providers.standard.hooks.subprocess.SubprocessHook","filename":"subprocess.py","lineno":99}
{"timestamp":"2026-02-08T22:48:31.081232Z","level":"info","event":" 'rating': '4.8',","logger":"airflow.task.hooks.airflow.providers.standard.hooks.subprocess.SubprocessHook","filename":"subprocess.py","lineno":99}
{"timestamp":"2026-02-08T22:48:31.081259Z","level":"info","event":" 'short_title': 'headset',","logger":"airflow.task.hooks.airflow.providers.standard.hooks.subprocess.SubprocessHook","filename":"subprocess.py","lineno":99}
{"timestamp":"2026-02-08T22:48:31.081286Z","level":"info","event":" 'site_name': 'mercado_livre',","logger":"airflow.task.hooks.airflow.providers.standard.hooks.subprocess.SubprocessHook","filename":"subprocess.py","lineno":99}
{"timestamp":"2026-02-08T22:48:31.081311Z","level":"info","event":" 'storage': 'N/A'}","logger":"airflow.task.hooks.airflow.providers.standard.hooks.subprocess.SubprocessHook","filename":"subprocess.py","lineno":99}
{"timestamp":"2026-02-08T22:48:31.082618Z","level":"info","event":"2026-02-08 22:48:31 [scrapy.core.scraper] DEBUG: Scraped from <200 https://lista.mercadolivre.com.br/headset>","logger":"airflow.task.hooks.airflow.providers.standard.hooks.subprocess.SubprocessHook","filename":"subprocess.py","lineno":99}
{"timestamp":"2026-02-08T22:48:31.082708Z","level":"info","event":"{'color': 'N/A',","logger":"airflow.task.hooks.airflow.providers.standard.hooks.subprocess.SubprocessHook","filename":"subprocess.py","lineno":99}
{"timestamp":"2026-02-08T22:48:31.082757Z","level":"info","event":" 'full_title': 'Base De Discagem Telefone Headset Atendimento',","logger":"airflow.task.hooks.airflow.providers.standard.hooks.subprocess.SubprocessHook","filename":"subprocess.py","lineno":99}
{"timestamp":"2026-02-08T22:48:31.082791Z","level":"info","event":" 'memory': 'N/A',","logger":"airflow.task.hooks.airflow.providers.standard.hooks.subprocess.SubprocessHook","filename":"subprocess.py","lineno":99}
{"timestamp":"2026-02-08T22:48:31.082821Z","level":"info","event":" 'price': '189',","logger":"airflow.task.hooks.airflow.providers.standard.hooks.subprocess.SubprocessHook","filename":"subprocess.py","lineno":99}
{"timestamp":"2026-02-08T22:48:31.082849Z","level":"info","event":" 'rating': '5.0',","logger":"airflow.task.hooks.airflow.providers.standard.hooks.subprocess.SubprocessHook","filename":"subprocess.py","lineno":99}
{"timestamp":"2026-02-08T22:48:31.082876Z","level":"info","event":" 'short_title': 'headset',","logger":"airflow.task.hooks.airflow.providers.standard.hooks.subprocess.SubprocessHook","filename":"subprocess.py","lineno":99}
{"timestamp":"2026-02-08T22:48:31.082903Z","level":"info","event":" 'site_name': 'mercado_livre',","logger":"airflow.task.hooks.airflow.providers.standard.hooks.subprocess.SubprocessHook","filename":"subprocess.py","lineno":99}
{"timestamp":"2026-02-08T22:48:31.082929Z","level":"info","event":" 'storage': 'N/A'}","logger":"airflow.task.hooks.airflow.providers.standard.hooks.subprocess.SubprocessHook","filename":"subprocess.py","lineno":99}
{"timestamp":"2026-02-08T22:48:31.084163Z","level":"info","event":"2026-02-08 22:48:31 [scrapy.core.scraper] DEBUG: Scraped from <200 https://lista.mercadolivre.com.br/headset>","logger":"airflow.task.hooks.airflow.providers.standard.hooks.subprocess.SubprocessHook","filename":"subprocess.py","lineno":99}
{"timestamp":"2026-02-08T22:48:31.084251Z","level":"info","event":"{'color': 'Preto',","logger":"airflow.task.hooks.airflow.providers.standard.hooks.subprocess.SubprocessHook","filename":"subprocess.py","lineno":99}
{"timestamp":"2026-02-08T22:48:31.084300Z","level":"info","event":" 'full_title': 'Fone Headset C/ Luz Led P/ Celular Jogar Free Fire Cor Preto '","logger":"airflow.task.hooks.airflow.providers.standard.hooks.subprocess.SubprocessHook","filename":"subprocess.py","lineno":99}
{"timestamp":"2026-02-08T22:48:31.084332Z","level":"info","event":"               'Cor da luz Rainbow',","logger":"airflow.task.hooks.airflow.providers.standard.hooks.subprocess.SubprocessHook","filename":"subprocess.py","lineno":99}
{"timestamp":"2026-02-08T22:48:31.084363Z","level":"info","event":" 'memory': 'N/A',","logger":"airflow.task.hooks.airflow.providers.standard.hooks.subprocess.SubprocessHook","filename":"subprocess.py","lineno":99}
{"timestamp":"2026-02-08T22:48:31.084389Z","level":"info","event":" 'price': '47',","logger":"airflow.task.hooks.airflow.providers.standard.hooks.subprocess.SubprocessHook","filename":"subprocess.py","lineno":99}
{"timestamp":"2026-02-08T22:48:31.084416Z","level":"info","event":" 'rating': '4.6',","logger":"airflow.task.hooks.airflow.providers.standard.hooks.subprocess.SubprocessHook","filename":"subprocess.py","lineno":99}
{"timestamp":"2026-02-08T22:48:31.084443Z","level":"info","event":" 'short_title': 'headset',","logger":"airflow.task.hooks.airflow.providers.standard.hooks.subprocess.SubprocessHook","filename":"subprocess.py","lineno":99}
{"timestamp":"2026-02-08T22:48:31.084469Z","level":"info","event":" 'site_name': 'mercado_livre',","logger":"airflow.task.hooks.airflow.providers.standard.hooks.subprocess.SubprocessHook","filename":"subprocess.py","lineno":99}
{"timestamp":"2026-02-08T22:48:31.084495Z","level":"info","event":" 'storage': 'N/A'}","logger":"airflow.task.hooks.airflow.providers.standard.hooks.subprocess.SubprocessHook","filename":"subprocess.py","lineno":99}
{"timestamp":"2026-02-08T22:48:31.085686Z","level":"info","event":"2026-02-08 22:48:31 [scrapy.core.scraper] DEBUG: Scraped from <200 https://lista.mercadolivre.com.br/headset>","logger":"airflow.task.hooks.airflow.providers.standard.hooks.subprocess.SubprocessHook","filename":"subprocess.py","lineno":99}
{"timestamp":"2026-02-08T22:48:31.085798Z","level":"info","event":"{'color': 'Branco',","logger":"airflow.task.hooks.airflow.providers.standard.hooks.subprocess.SubprocessHook","filename":"subprocess.py","lineno":99}
{"timestamp":"2026-02-08T22:48:31.085859Z","level":"info","event":" 'full_title': 'Headset Sem Fio Pulse Elite - Sony Cor Branco',","logger":"airflow.task.hooks.airflow.providers.standard.hooks.subprocess.SubprocessHook","filename":"subprocess.py","lineno":99}
{"timestamp":"2026-02-08T22:48:31.085906Z","level":"info","event":" 'memory': 'N/A',","logger":"airflow.task.hooks.airflow.providers.standard.hooks.subprocess.SubprocessHook","filename":"subprocess.py","lineno":99}
{"timestamp":"2026-02-08T22:48:31.085944Z","level":"info","event":" 'price': '1.008',","logger":"airflow.task.hooks.airflow.providers.standard.hooks.subprocess.SubprocessHook","filename":"subprocess.py","lineno":99}
{"timestamp":"2026-02-08T22:48:31.085978Z","level":"info","event":" 'rating': '4.7',","logger":"airflow.task.hooks.airflow.providers.standard.hooks.subprocess.SubprocessHook","filename":"subprocess.py","lineno":99}
{"timestamp":"2026-02-08T22:48:31.086012Z","level":"info","event":" 'short_title': 'headset',","logger":"airflow.task.hooks.airflow.providers.standard.hooks.subprocess.SubprocessHook","filename":"subprocess.py","lineno":99}
{"timestamp":"2026-02-08T22:48:31.086062Z","level":"info","event":" 'site_name': 'mercado_livre',","logger":"airflow.task.hooks.airflow.providers.standard.hooks.subprocess.SubprocessHook","filename":"subprocess.py","lineno":99}
{"timestamp":"2026-02-08T22:48:31.086097Z","level":"info","event":" 'storage': 'N/A'}","logger":"airflow.task.hooks.airflow.providers.standard.hooks.subprocess.SubprocessHook","filename":"subprocess.py","lineno":99}
{"timestamp":"2026-02-08T22:48:31.087277Z","level":"info","event":"2026-02-08 22:48:31 [scrapy.core.scraper] DEBUG: Scraped from <200 https://lista.mercadolivre.com.br/headset>","logger":"airflow.task.hooks.airflow.providers.standard.hooks.subprocess.SubprocessHook","filename":"subprocess.py","lineno":99}
{"timestamp":"2026-02-08T22:48:31.087366Z","level":"info","event":"{'color': 'Preto',","logger":"airflow.task.hooks.airflow.providers.standard.hooks.subprocess.SubprocessHook","filename":"subprocess.py","lineno":99}
{"timestamp":"2026-02-08T22:48:31.087415Z","level":"info","event":" 'full_title': 'JBL Fone de Ouvido On ear Tune 720BT Preto',","logger":"airflow.task.hooks.airflow.providers.standard.hooks.subprocess.SubprocessHook","filename":"subprocess.py","lineno":99}
{"timestamp":"2026-02-08T22:48:31.087448Z","level":"info","event":" 'memory': 'N/A',","logger":"airflow.task.hooks.airflow.providers.standard.hooks.subprocess.SubprocessHook","filename":"subprocess.py","lineno":99}
{"timestamp":"2026-02-08T22:48:31.087477Z","level":"info","event":" 'price': '439',","logger":"airflow.task.hooks.airflow.providers.standard.hooks.subprocess.SubprocessHook","filename":"subprocess.py","lineno":99}
{"timestamp":"2026-02-08T22:48:31.087506Z","level":"info","event":" 'rating': '4.9',","logger":"airflow.task.hooks.airflow.providers.standard.hooks.subprocess.SubprocessHook","filename":"subprocess.py","lineno":99}
{"timestamp":"2026-02-08T22:48:31.087533Z","level":"info","event":" 'short_title': 'headset',","logger":"airflow.task.hooks.airflow.providers.standard.hooks.subprocess.SubprocessHook","filename":"subprocess.py","lineno":99}
{"timestamp":"2026-02-08T22:48:31.087560Z","level":"info","event":" 'site_name': 'mercado_livre',","logger":"airflow.task.hooks.airflow.providers.standard.hooks.subprocess.SubprocessHook","filename":"subprocess.py","lineno":99}
{"timestamp":"2026-02-08T22:48:31.087587Z","level":"info","event":" 'storage': 'N/A'}","logger":"airflow.task.hooks.airflow.providers.standard.hooks.subprocess.SubprocessHook","filename":"subprocess.py","lineno":99}
{"timestamp":"2026-02-08T22:48:31.088779Z","level":"info","event":"2026-02-08 22:48:31 [scrapy.core.scraper] DEBUG: Scraped from <200 https://lista.mercadolivre.com.br/headset>","logger":"airflow.task.hooks.airflow.providers.standard.hooks.subprocess.SubprocessHook","filename":"subprocess.py","lineno":99}
{"timestamp":"2026-02-08T22:48:31.088866Z","level":"info","event":"{'color': 'Preto',","logger":"airflow.task.hooks.airflow.providers.standard.hooks.subprocess.SubprocessHook","filename":"subprocess.py","lineno":99}
{"timestamp":"2026-02-08T22:48:31.088914Z","level":"info","event":" 'full_title': 'Fone Nubwo U3 Headset 3d Estéreo Ouvido Para Pc Ps4 Preto',","logger":"airflow.task.hooks.airflow.providers.standard.hooks.subprocess.SubprocessHook","filename":"subprocess.py","lineno":99}
{"timestamp":"2026-02-08T22:48:31.088948Z","level":"info","event":" 'memory': 'N/A',","logger":"airflow.task.hooks.airflow.providers.standard.hooks.subprocess.SubprocessHook","filename":"subprocess.py","lineno":99}
{"timestamp":"2026-02-08T22:48:31.088978Z","level":"info","event":" 'price': '200',","logger":"airflow.task.hooks.airflow.providers.standard.hooks.subprocess.SubprocessHook","filename":"subprocess.py","lineno":99}
{"timestamp":"2026-02-08T22:48:31.089006Z","level":"info","event":" 'rating': '4.8',","logger":"airflow.task.hooks.airflow.providers.standard.hooks.subprocess.SubprocessHook","filename":"subprocess.py","lineno":99}
{"timestamp":"2026-02-08T22:48:31.089032Z","level":"info","event":" 'short_title': 'headset',","logger":"airflow.task.hooks.airflow.providers.standard.hooks.subprocess.SubprocessHook","filename":"subprocess.py","lineno":99}
{"timestamp":"2026-02-08T22:48:31.089058Z","level":"info","event":" 'site_name': 'mercado_livre',","logger":"airflow.task.hooks.airflow.providers.standard.hooks.subprocess.SubprocessHook","filename":"subprocess.py","lineno":99}
{"timestamp":"2026-02-08T22:48:31.089084Z","level":"info","event":" 'storage': 'N/A'}","logger":"airflow.task.hooks.airflow.providers.standard.hooks.subprocess.SubprocessHook","filename":"subprocess.py","lineno":99}
{"timestamp":"2026-02-08T22:48:31.090313Z","level":"info","event":"2026-02-08 22:48:31 [scrapy.core.scraper] DEBUG: Scraped from <200 https://lista.mercadolivre.com.br/headset>","logger":"airflow.task.hooks.airflow.providers.standard.hooks.subprocess.SubprocessHook","filename":"subprocess.py","lineno":99}
{"timestamp":"2026-02-08T22:48:31.090397Z","level":"info","event":"{'color': 'N/A',","logger":"airflow.task.hooks.airflow.providers.standard.hooks.subprocess.SubprocessHook","filename":"subprocess.py","lineno":99}
{"timestamp":"2026-02-08T22:48:31.090447Z","level":"info","event":" 'full_title': 'Fone De Ouvido Headset Rgb Led Pc Computador Vídeogame',","logger":"airflow.task.hooks.airflow.providers.standard.hooks.subprocess.SubprocessHook","filename":"subprocess.py","lineno":99}
{"timestamp":"2026-02-08T22:48:31.090481Z","level":"info","event":" 'memory': 'N/A',","logger":"airflow.task.hooks.airflow.providers.standard.hooks.subprocess.SubprocessHook","filename":"subprocess.py","lineno":99}
{"timestamp":"2026-02-08T22:48:31.090509Z","level":"info","event":" 'price': '157',","logger":"airflow.task.hooks.airflow.providers.standard.hooks.subprocess.SubprocessHook","filename":"subprocess.py","lineno":99}
{"timestamp":"2026-02-08T22:48:31.090538Z","level":"info","event":" 'rating': '4.6',","logger":"airflow.task.hooks.airflow.providers.standard.hooks.subprocess.SubprocessHook","filename":"subprocess.py","lineno":99}
{"timestamp":"2026-02-08T22:48:31.090564Z","level":"info","event":" 'short_title': 'headset',","logger":"airflow.task.hooks.airflow.providers.standard.hooks.subprocess.SubprocessHook","filename":"subprocess.py","lineno":99}
{"timestamp":"2026-02-08T22:48:31.090590Z","level":"info","event":" 'site_name': 'mercado_livre',","logger":"airflow.task.hooks.airflow.providers.standard.hooks.subprocess.SubprocessHook","filename":"subprocess.py","lineno":99}
{"timestamp":"2026-02-08T22:48:31.090616Z","level":"info","event":" 'storage': 'N/A'}","logger":"airflow.task.hooks.airflow.providers.standard.hooks.subprocess.SubprocessHook","filename":"subprocess.py","lineno":99}
{"timestamp":"2026-02-08T22:48:31.091988Z","level":"info","event":"2026-02-08 22:48:31 [scrapy.core.scraper] DEBUG: Scraped from <200 https://lista.mercadolivre.com.br/headset>","logger":"airflow.task.hooks.airflow.providers.standard.hooks.subprocess.SubprocessHook","filename":"subprocess.py","lineno":99}
{"timestamp":"2026-02-08T22:48:31.092083Z","level":"info","event":"{'color': 'preto',","logger":"airflow.task.hooks.airflow.providers.standard.hooks.subprocess.SubprocessHook","filename":"subprocess.py","lineno":99}
{"timestamp":"2026-02-08T22:48:31.092132Z","level":"info","event":" 'full_title': 'Headset over-ear Fone sem fio Logitech G435 preto e '","logger":"airflow.task.hooks.airflow.providers.standard.hooks.subprocess.SubprocessHook","filename":"subprocess.py","lineno":99}
{"timestamp":"2026-02-08T22:48:31.092165Z","level":"info","event":"               'amarelo-fluorescente',","logger":"airflow.task.hooks.airflow.providers.standard.hooks.subprocess.SubprocessHook","filename":"subprocess.py","lineno":99}
{"timestamp":"2026-02-08T22:48:31.092194Z","level":"info","event":" 'memory': 'N/A',","logger":"airflow.task.hooks.airflow.providers.standard.hooks.subprocess.SubprocessHook","filename":"subprocess.py","lineno":99}
{"timestamp":"2026-02-08T22:48:31.092221Z","level":"info","event":" 'price': '440',","logger":"airflow.task.hooks.airflow.providers.standard.hooks.subprocess.SubprocessHook","filename":"subprocess.py","lineno":99}
{"timestamp":"2026-02-08T22:48:31.092247Z","level":"info","event":" 'rating': '4.6',","logger":"airflow.task.hooks.airflow.providers.standard.hooks.subprocess.SubprocessHook","filename":"subprocess.py","lineno":99}
{"timestamp":"2026-02-08T22:48:31.092273Z","level":"info","event":" 'short_title': 'headset',","logger":"airflow.task.hooks.airflow.providers.standard.hooks.subprocess.SubprocessHook","filename":"subprocess.py","lineno":99}
{"timestamp":"2026-02-08T22:48:31.092299Z","level":"info","event":" 'site_name': 'mercado_livre',","logger":"airflow.task.hooks.airflow.providers.standard.hooks.subprocess.SubprocessHook","filename":"subprocess.py","lineno":99}
{"timestamp":"2026-02-08T22:48:31.092324Z","level":"info","event":" 'storage': 'N/A'}","logger":"airflow.task.hooks.airflow.providers.standard.hooks.subprocess.SubprocessHook","filename":"subprocess.py","lineno":99}
{"timestamp":"2026-02-08T22:48:31.093604Z","level":"info","event":"2026-02-08 22:48:31 [scrapy.core.scraper] DEBUG: Scraped from <200 https://lista.mercadolivre.com.br/headset>","logger":"airflow.task.hooks.airflow.providers.standard.hooks.subprocess.SubprocessHook","filename":"subprocess.py","lineno":99}
{"timestamp":"2026-02-08T22:48:31.093692Z","level":"info","event":"{'color': 'Preto',","logger":"airflow.task.hooks.airflow.providers.standard.hooks.subprocess.SubprocessHook","filename":"subprocess.py","lineno":99}
{"timestamp":"2026-02-08T22:48:31.093741Z","level":"info","event":" 'full_title': 'Fone De Ouvido Bluetooth Sem Fio Regulável Corrida Treino '","logger":"airflow.task.hooks.airflow.providers.standard.hooks.subprocess.SubprocessHook","filename":"subprocess.py","lineno":99}
{"timestamp":"2026-02-08T22:48:31.093774Z","level":"info","event":"               'Academia Mp3 Wireless Para Smartphone Pc Desktop Rhead Red '","logger":"airflow.task.hooks.airflow.providers.standard.hooks.subprocess.SubprocessHook","filename":"subprocess.py","lineno":99}
{"timestamp":"2026-02-08T22:48:31.093803Z","level":"info","event":"               'Preto',","logger":"airflow.task.hooks.airflow.providers.standard.hooks.subprocess.SubprocessHook","filename":"subprocess.py","lineno":99}
{"timestamp":"2026-02-08T22:48:31.093831Z","level":"info","event":" 'memory': 'N/A',","logger":"airflow.task.hooks.airflow.providers.standard.hooks.subprocess.SubprocessHook","filename":"subprocess.py","lineno":99}
{"timestamp":"2026-02-08T22:48:31.093858Z","level":"info","event":" 'price': '46',","logger":"airflow.task.hooks.airflow.providers.standard.hooks.subprocess.SubprocessHook","filename":"subprocess.py","lineno":99}
{"timestamp":"2026-02-08T22:48:31.093884Z","level":"info","event":" 'rating': '4.4',","logger":"airflow.task.hooks.airflow.providers.standard.hooks.subprocess.SubprocessHook","filename":"subprocess.py","lineno":99}
{"timestamp":"2026-02-08T22:48:31.093910Z","level":"info","event":" 'short_title': 'headset',","logger":"airflow.task.hooks.airflow.providers.standard.hooks.subprocess.SubprocessHook","filename":"subprocess.py","lineno":99}
{"timestamp":"2026-02-08T22:48:31.093935Z","level":"info","event":" 'site_name': 'mercado_livre',","logger":"airflow.task.hooks.airflow.providers.standard.hooks.subprocess.SubprocessHook","filename":"subprocess.py","lineno":99}
{"timestamp":"2026-02-08T22:48:31.093961Z","level":"info","event":" 'storage': 'N/A'}","logger":"airflow.task.hooks.airflow.providers.standard.hooks.subprocess.SubprocessHook","filename":"subprocess.py","lineno":99}
{"timestamp":"2026-02-08T22:48:31.095252Z","level":"info","event":"2026-02-08 22:48:31 [scrapy.core.scraper] DEBUG: Scraped from <200 https://lista.mercadolivre.com.br/headset>","logger":"airflow.task.hooks.airflow.providers.standard.hooks.subprocess.SubprocessHook","filename":"subprocess.py","lineno":99}
{"timestamp":"2026-02-08T22:48:31.095366Z","level":"info","event":"{'color': 'Preto',","logger":"airflow.task.hooks.airflow.providers.standard.hooks.subprocess.SubprocessHook","filename":"subprocess.py","lineno":99}
{"timestamp":"2026-02-08T22:48:31.095429Z","level":"info","event":" 'full_title': 'Fone De Ouvido Headset Havit H2002d P3 Para '","logger":"airflow.task.hooks.airflow.providers.standard.hooks.subprocess.SubprocessHook","filename":"subprocess.py","lineno":99}
{"timestamp":"2026-02-08T22:48:31.095476Z","level":"info","event":"               'PS3/PS4/PS5/XBOX/PC Cor Preto',","logger":"airflow.task.hooks.airflow.providers.standard.hooks.subprocess.SubprocessHook","filename":"subprocess.py","lineno":99}
{"timestamp":"2026-02-08T22:48:31.095515Z","level":"info","event":" 'memory': 'N/A',","logger":"airflow.task.hooks.airflow.providers.standard.hooks.subprocess.SubprocessHook","filename":"subprocess.py","lineno":99}
{"timestamp":"2026-02-08T22:48:31.095551Z","level":"info","event":" 'price': '219',","logger":"airflow.task.hooks.airflow.providers.standard.hooks.subprocess.SubprocessHook","filename":"subprocess.py","lineno":99}
{"timestamp":"2026-02-08T22:48:31.095585Z","level":"info","event":" 'rating': '4.8',","logger":"airflow.task.hooks.airflow.providers.standard.hooks.subprocess.SubprocessHook","filename":"subprocess.py","lineno":99}
{"timestamp":"2026-02-08T22:48:31.095695Z","level":"info","event":" 'short_title': 'headset',","logger":"airflow.task.hooks.airflow.providers.standard.hooks.subprocess.SubprocessHook","filename":"subprocess.py","lineno":99}
{"timestamp":"2026-02-08T22:48:31.095737Z","level":"info","event":" 'site_name': 'mercado_livre',","logger":"airflow.task.hooks.airflow.providers.standard.hooks.subprocess.SubprocessHook","filename":"subprocess.py","lineno":99}
{"timestamp":"2026-02-08T22:48:31.095770Z","level":"info","event":" 'storage': 'N/A'}","logger":"airflow.task.hooks.airflow.providers.standard.hooks.subprocess.SubprocessHook","filename":"subprocess.py","lineno":99}
{"timestamp":"2026-02-08T22:48:31.097057Z","level":"info","event":"2026-02-08 22:48:31 [scrapy.core.scraper] DEBUG: Scraped from <200 https://lista.mercadolivre.com.br/headset>","logger":"airflow.task.hooks.airflow.providers.standard.hooks.subprocess.SubprocessHook","filename":"subprocess.py","lineno":99}
{"timestamp":"2026-02-08T22:48:31.097143Z","level":"info","event":"{'color': 'Preto',","logger":"airflow.task.hooks.airflow.providers.standard.hooks.subprocess.SubprocessHook","filename":"subprocess.py","lineno":99}
{"timestamp":"2026-02-08T22:48:31.097190Z","level":"info","event":" 'full_title': 'Fones De Ouvido Bluetooth Sem Fio Para Jogos Preto',","logger":"airflow.task.hooks.airflow.providers.standard.hooks.subprocess.SubprocessHook","filename":"subprocess.py","lineno":99}
{"timestamp":"2026-02-08T22:48:31.097223Z","level":"info","event":" 'memory': 'N/A',","logger":"airflow.task.hooks.airflow.providers.standard.hooks.subprocess.SubprocessHook","filename":"subprocess.py","lineno":99}
{"timestamp":"2026-02-08T22:48:31.097252Z","level":"info","event":" 'price': '71',","logger":"airflow.task.hooks.airflow.providers.standard.hooks.subprocess.SubprocessHook","filename":"subprocess.py","lineno":99}
{"timestamp":"2026-02-08T22:48:31.097279Z","level":"info","event":" 'rating': None,","logger":"airflow.task.hooks.airflow.providers.standard.hooks.subprocess.SubprocessHook","filename":"subprocess.py","lineno":99}
{"timestamp":"2026-02-08T22:48:31.097305Z","level":"info","event":" 'short_title': 'headset',","logger":"airflow.task.hooks.airflow.providers.standard.hooks.subprocess.SubprocessHook","filename":"subprocess.py","lineno":99}
{"timestamp":"2026-02-08T22:48:31.097332Z","level":"info","event":" 'site_name': 'mercado_livre',","logger":"airflow.task.hooks.airflow.providers.standard.hooks.subprocess.SubprocessHook","filename":"subprocess.py","lineno":99}
{"timestamp":"2026-02-08T22:48:31.097358Z","level":"info","event":" 'storage': 'N/A'}","logger":"airflow.task.hooks.airflow.providers.standard.hooks.subprocess.SubprocessHook","filename":"subprocess.py","lineno":99}
{"timestamp":"2026-02-08T22:48:31.098621Z","level":"info","event":"2026-02-08 22:48:31 [scrapy.core.scraper] DEBUG: Scraped from <200 https://lista.mercadolivre.com.br/headset>","logger":"airflow.task.hooks.airflow.providers.standard.hooks.subprocess.SubprocessHook","filename":"subprocess.py","lineno":99}
{"timestamp":"2026-02-08T22:48:31.098708Z","level":"info","event":"{'color': 'Preto',","logger":"airflow.task.hooks.airflow.providers.standard.hooks.subprocess.SubprocessHook","filename":"subprocess.py","lineno":99}
{"timestamp":"2026-02-08T22:48:31.098756Z","level":"info","event":" 'full_title': 'Fone De Ouvido Call Center Oex Hs100 Preto',","logger":"airflow.task.hooks.airflow.providers.standard.hooks.subprocess.SubprocessHook","filename":"subprocess.py","lineno":99}
{"timestamp":"2026-02-08T22:48:31.098789Z","level":"info","event":" 'memory': 'N/A',","logger":"airflow.task.hooks.airflow.providers.standard.hooks.subprocess.SubprocessHook","filename":"subprocess.py","lineno":99}
{"timestamp":"2026-02-08T22:48:31.098818Z","level":"info","event":" 'price': '21',","logger":"airflow.task.hooks.airflow.providers.standard.hooks.subprocess.SubprocessHook","filename":"subprocess.py","lineno":99}
{"timestamp":"2026-02-08T22:48:31.098846Z","level":"info","event":" 'rating': '4.0',","logger":"airflow.task.hooks.airflow.providers.standard.hooks.subprocess.SubprocessHook","filename":"subprocess.py","lineno":99}
{"timestamp":"2026-02-08T22:48:31.098873Z","level":"info","event":" 'short_title': 'headset',","logger":"airflow.task.hooks.airflow.providers.standard.hooks.subprocess.SubprocessHook","filename":"subprocess.py","lineno":99}
{"timestamp":"2026-02-08T22:48:31.098899Z","level":"info","event":" 'site_name': 'mercado_livre',","logger":"airflow.task.hooks.airflow.providers.standard.hooks.subprocess.SubprocessHook","filename":"subprocess.py","lineno":99}
{"timestamp":"2026-02-08T22:48:31.098925Z","level":"info","event":" 'storage': 'N/A'}","logger":"airflow.task.hooks.airflow.providers.standard.hooks.subprocess.SubprocessHook","filename":"subprocess.py","lineno":99}
{"timestamp":"2026-02-08T22:48:31.100175Z","level":"info","event":"2026-02-08 22:48:31 [scrapy.core.scraper] DEBUG: Scraped from <200 https://lista.mercadolivre.com.br/headset>","logger":"airflow.task.hooks.airflow.providers.standard.hooks.subprocess.SubprocessHook","filename":"subprocess.py","lineno":99}
{"timestamp":"2026-02-08T22:48:31.100263Z","level":"info","event":"{'color': 'Preto',","logger":"airflow.task.hooks.airflow.providers.standard.hooks.subprocess.SubprocessHook","filename":"subprocess.py","lineno":99}
{"timestamp":"2026-02-08T22:48:31.100311Z","level":"info","event":" 'full_title': 'Fones De Ouvido Bluetooth 5.4 Sem Fio Com Microfone Preto',","logger":"airflow.task.hooks.airflow.providers.standard.hooks.subprocess.SubprocessHook","filename":"subprocess.py","lineno":99}
{"timestamp":"2026-02-08T22:48:31.100344Z","level":"info","event":" 'memory': 'N/A',","logger":"airflow.task.hooks.airflow.providers.standard.hooks.subprocess.SubprocessHook","filename":"subprocess.py","lineno":99}
{"timestamp":"2026-02-08T22:48:31.100374Z","level":"info","event":" 'price': '24',","logger":"airflow.task.hooks.airflow.providers.standard.hooks.subprocess.SubprocessHook","filename":"subprocess.py","lineno":99}
{"timestamp":"2026-02-08T22:48:31.100402Z","level":"info","event":" 'rating': None,","logger":"airflow.task.hooks.airflow.providers.standard.hooks.subprocess.SubprocessHook","filename":"subprocess.py","lineno":99}
{"timestamp":"2026-02-08T22:48:31.100429Z","level":"info","event":" 'short_title': 'headset',","logger":"airflow.task.hooks.airflow.providers.standard.hooks.subprocess.SubprocessHook","filename":"subprocess.py","lineno":99}
{"timestamp":"2026-02-08T22:48:31.100454Z","level":"info","event":" 'site_name': 'mercado_livre',","logger":"airflow.task.hooks.airflow.providers.standard.hooks.subprocess.SubprocessHook","filename":"subprocess.py","lineno":99}
{"timestamp":"2026-02-08T22:48:31.100480Z","level":"info","event":" 'storage': 'N/A'}","logger":"airflow.task.hooks.airflow.providers.standard.hooks.subprocess.SubprocessHook","filename":"subprocess.py","lineno":99}
{"timestamp":"2026-02-08T22:48:31.101740Z","level":"info","event":"2026-02-08 22:48:31 [scrapy.core.scraper] DEBUG: Scraped from <200 https://lista.mercadolivre.com.br/headset>","logger":"airflow.task.hooks.airflow.providers.standard.hooks.subprocess.SubprocessHook","filename":"subprocess.py","lineno":99}
{"timestamp":"2026-02-08T22:48:31.101830Z","level":"info","event":"{'color': 'Preto',","logger":"airflow.task.hooks.airflow.providers.standard.hooks.subprocess.SubprocessHook","filename":"subprocess.py","lineno":99}
{"timestamp":"2026-02-08T22:48:31.101877Z","level":"info","event":" 'full_title': 'Headset Profissional Onikuma X33 Usb / Type-c Preto Preto',","logger":"airflow.task.hooks.airflow.providers.standard.hooks.subprocess.SubprocessHook","filename":"subprocess.py","lineno":99}
{"timestamp":"2026-02-08T22:48:31.101909Z","level":"info","event":" 'memory': 'N/A',","logger":"airflow.task.hooks.airflow.providers.standard.hooks.subprocess.SubprocessHook","filename":"subprocess.py","lineno":99}
{"timestamp":"2026-02-08T22:48:31.101938Z","level":"info","event":" 'price': '139',","logger":"airflow.task.hooks.airflow.providers.standard.hooks.subprocess.SubprocessHook","filename":"subprocess.py","lineno":99}
{"timestamp":"2026-02-08T22:48:31.101965Z","level":"info","event":" 'rating': '4.7',","logger":"airflow.task.hooks.airflow.providers.standard.hooks.subprocess.SubprocessHook","filename":"subprocess.py","lineno":99}
{"timestamp":"2026-02-08T22:48:31.101990Z","level":"info","event":" 'short_title': 'headset',","logger":"airflow.task.hooks.airflow.providers.standard.hooks.subprocess.SubprocessHook","filename":"subprocess.py","lineno":99}
{"timestamp":"2026-02-08T22:48:31.102017Z","level":"info","event":" 'site_name': 'mercado_livre',","logger":"airflow.task.hooks.airflow.providers.standard.hooks.subprocess.SubprocessHook","filename":"subprocess.py","lineno":99}
{"timestamp":"2026-02-08T22:48:31.102062Z","level":"info","event":" 'storage': 'N/A'}","logger":"airflow.task.hooks.airflow.providers.standard.hooks.subprocess.SubprocessHook","filename":"subprocess.py","lineno":99}
{"timestamp":"2026-02-08T22:48:31.103261Z","level":"info","event":"2026-02-08 22:48:31 [scrapy.core.scraper] DEBUG: Scraped from <200 https://lista.mercadolivre.com.br/headset>","logger":"airflow.task.hooks.airflow.providers.standard.hooks.subprocess.SubprocessHook","filename":"subprocess.py","lineno":99}
{"timestamp":"2026-02-08T22:48:31.103349Z","level":"info","event":"{'color': 'Preto',","logger":"airflow.task.hooks.airflow.providers.standard.hooks.subprocess.SubprocessHook","filename":"subprocess.py","lineno":99}
{"timestamp":"2026-02-08T22:48:31.103396Z","level":"info","event":" 'full_title': 'Fone De Ouvido Headset Evolut Eg308 Starter Com fio Cor Preto',","logger":"airflow.task.hooks.airflow.providers.standard.hooks.subprocess.SubprocessHook","filename":"subprocess.py","lineno":99}
{"timestamp":"2026-02-08T22:48:31.103428Z","level":"info","event":" 'memory': 'N/A',","logger":"airflow.task.hooks.airflow.providers.standard.hooks.subprocess.SubprocessHook","filename":"subprocess.py","lineno":99}
{"timestamp":"2026-02-08T22:48:31.103458Z","level":"info","event":" 'price': '40',","logger":"airflow.task.hooks.airflow.providers.standard.hooks.subprocess.SubprocessHook","filename":"subprocess.py","lineno":99}
{"timestamp":"2026-02-08T22:48:31.103486Z","level":"info","event":" 'rating': '4.5',","logger":"airflow.task.hooks.airflow.providers.standard.hooks.subprocess.SubprocessHook","filename":"subprocess.py","lineno":99}
{"timestamp":"2026-02-08T22:48:31.103513Z","level":"info","event":" 'short_title': 'headset',","logger":"airflow.task.hooks.airflow.providers.standard.hooks.subprocess.SubprocessHook","filename":"subprocess.py","lineno":99}
{"timestamp":"2026-02-08T22:48:31.103540Z","level":"info","event":" 'site_name': 'mercado_livre',","logger":"airflow.task.hooks.airflow.providers.standard.hooks.subprocess.SubprocessHook","filename":"subprocess.py","lineno":99}
{"timestamp":"2026-02-08T22:48:31.103566Z","level":"info","event":" 'storage': 'N/A'}","logger":"airflow.task.hooks.airflow.providers.standard.hooks.subprocess.SubprocessHook","filename":"subprocess.py","lineno":99}
{"timestamp":"2026-02-08T22:48:31.104750Z","level":"info","event":"2026-02-08 22:48:31 [scrapy.core.scraper] DEBUG: Scraped from <200 https://lista.mercadolivre.com.br/headset>","logger":"airflow.task.hooks.airflow.providers.standard.hooks.subprocess.SubprocessHook","filename":"subprocess.py","lineno":99}
{"timestamp":"2026-02-08T22:48:31.104834Z","level":"info","event":"{'color': 'Preto',","logger":"airflow.task.hooks.airflow.providers.standard.hooks.subprocess.SubprocessHook","filename":"subprocess.py","lineno":99}
{"timestamp":"2026-02-08T22:48:31.104882Z","level":"info","event":" 'full_title': 'Headset com fio USB Logitech H390 Preto',","logger":"airflow.task.hooks.airflow.providers.standard.hooks.subprocess.SubprocessHook","filename":"subprocess.py","lineno":99}
{"timestamp":"2026-02-08T22:48:31.104914Z","level":"info","event":" 'memory': 'N/A',","logger":"airflow.task.hooks.airflow.providers.standard.hooks.subprocess.SubprocessHook","filename":"subprocess.py","lineno":99}
{"timestamp":"2026-02-08T22:48:31.104942Z","level":"info","event":" 'price': '229',","logger":"airflow.task.hooks.airflow.providers.standard.hooks.subprocess.SubprocessHook","filename":"subprocess.py","lineno":99}
{"timestamp":"2026-02-08T22:48:31.104970Z","level":"info","event":" 'rating': '4.8',","logger":"airflow.task.hooks.airflow.providers.standard.hooks.subprocess.SubprocessHook","filename":"subprocess.py","lineno":99}
{"timestamp":"2026-02-08T22:48:31.104996Z","level":"info","event":" 'short_title': 'headset',","logger":"airflow.task.hooks.airflow.providers.standard.hooks.subprocess.SubprocessHook","filename":"subprocess.py","lineno":99}
{"timestamp":"2026-02-08T22:48:31.105022Z","level":"info","event":" 'site_name': 'mercado_livre',","logger":"airflow.task.hooks.airflow.providers.standard.hooks.subprocess.SubprocessHook","filename":"subprocess.py","lineno":99}
{"timestamp":"2026-02-08T22:48:31.105048Z","level":"info","event":" 'storage': 'N/A'}","logger":"airflow.task.hooks.airflow.providers.standard.hooks.subprocess.SubprocessHook","filename":"subprocess.py","lineno":99}
{"timestamp":"2026-02-08T22:48:31.106243Z","level":"info","event":"2026-02-08 22:48:31 [scrapy.core.scraper] DEBUG: Scraped from <200 https://lista.mercadolivre.com.br/headset>","logger":"airflow.task.hooks.airflow.providers.standard.hooks.subprocess.SubprocessHook","filename":"subprocess.py","lineno":99}
{"timestamp":"2026-02-08T22:48:31.106331Z","level":"info","event":"{'color': 'Preto',","logger":"airflow.task.hooks.airflow.providers.standard.hooks.subprocess.SubprocessHook","filename":"subprocess.py","lineno":99}
{"timestamp":"2026-02-08T22:48:31.106381Z","level":"info","event":" 'full_title': 'Fone De Ouvido Com Microfone Headset Usb Call Center Preto',","logger":"airflow.task.hooks.airflow.providers.standard.hooks.subprocess.SubprocessHook","filename":"subprocess.py","lineno":99}
{"timestamp":"2026-02-08T22:48:31.106417Z","level":"info","event":" 'memory': 'N/A',","logger":"airflow.task.hooks.airflow.providers.standard.hooks.subprocess.SubprocessHook","filename":"subprocess.py","lineno":99}
{"timestamp":"2026-02-08T22:48:31.106447Z","level":"info","event":" 'price': '54',","logger":"airflow.task.hooks.airflow.providers.standard.hooks.subprocess.SubprocessHook","filename":"subprocess.py","lineno":99}
{"timestamp":"2026-02-08T22:48:31.106476Z","level":"info","event":" 'rating': '4.6',","logger":"airflow.task.hooks.airflow.providers.standard.hooks.subprocess.SubprocessHook","filename":"subprocess.py","lineno":99}
{"timestamp":"2026-02-08T22:48:31.106503Z","level":"info","event":" 'short_title': 'headset',","logger":"airflow.task.hooks.airflow.providers.standard.hooks.subprocess.SubprocessHook","filename":"subprocess.py","lineno":99}
{"timestamp":"2026-02-08T22:48:31.106530Z","level":"info","event":" 'site_name': 'mercado_livre',","logger":"airflow.task.hooks.airflow.providers.standard.hooks.subprocess.SubprocessHook","filename":"subprocess.py","lineno":99}
{"timestamp":"2026-02-08T22:48:31.106556Z","level":"info","event":" 'storage': 'N/A'}","logger":"airflow.task.hooks.airflow.providers.standard.hooks.subprocess.SubprocessHook","filename":"subprocess.py","lineno":99}
{"timestamp":"2026-02-08T22:48:31.107780Z","level":"info","event":"2026-02-08 22:48:31 [scrapy.core.scraper] DEBUG: Scraped from <200 https://lista.mercadolivre.com.br/headset>","logger":"airflow.task.hooks.airflow.providers.standard.hooks.subprocess.SubprocessHook","filename":"subprocess.py","lineno":99}
{"timestamp":"2026-02-08T22:48:31.107864Z","level":"info","event":"{'color': 'N/A',","logger":"airflow.task.hooks.airflow.providers.standard.hooks.subprocess.SubprocessHook","filename":"subprocess.py","lineno":99}
{"timestamp":"2026-02-08T22:48:31.107913Z","level":"info","event":" 'full_title': 'Fone de Ouvido Headset Hi-Fi Super Bass Maxmidia Microfone '","logger":"airflow.task.hooks.airflow.providers.standard.hooks.subprocess.SubprocessHook","filename":"subprocess.py","lineno":99}
{"timestamp":"2026-02-08T22:48:31.107946Z","level":"info","event":"               'Flexível Prateado',","logger":"airflow.task.hooks.airflow.providers.standard.hooks.subprocess.SubprocessHook","filename":"subprocess.py","lineno":99}
{"timestamp":"2026-02-08T22:48:31.107976Z","level":"info","event":" 'memory': 'N/A',","logger":"airflow.task.hooks.airflow.providers.standard.hooks.subprocess.SubprocessHook","filename":"subprocess.py","lineno":99}
{"timestamp":"2026-02-08T22:48:31.108004Z","level":"info","event":" 'price': '41',","logger":"airflow.task.hooks.airflow.providers.standard.hooks.subprocess.SubprocessHook","filename":"subprocess.py","lineno":99}
{"timestamp":"2026-02-08T22:48:31.108031Z","level":"info","event":" 'rating': '4.9',","logger":"airflow.task.hooks.airflow.providers.standard.hooks.subprocess.SubprocessHook","filename":"subprocess.py","lineno":99}
{"timestamp":"2026-02-08T22:48:31.108057Z","level":"info","event":" 'short_title': 'headset',","logger":"airflow.task.hooks.airflow.providers.standard.hooks.subprocess.SubprocessHook","filename":"subprocess.py","lineno":99}
{"timestamp":"2026-02-08T22:48:31.108084Z","level":"info","event":" 'site_name': 'mercado_livre',","logger":"airflow.task.hooks.airflow.providers.standard.hooks.subprocess.SubprocessHook","filename":"subprocess.py","lineno":99}
{"timestamp":"2026-02-08T22:48:31.108111Z","level":"info","event":" 'storage': 'N/A'}","logger":"airflow.task.hooks.airflow.providers.standard.hooks.subprocess.SubprocessHook","filename":"subprocess.py","lineno":99}
{"timestamp":"2026-02-08T22:48:31.109321Z","level":"info","event":"2026-02-08 22:48:31 [scrapy.core.scraper] DEBUG: Scraped from <200 https://lista.mercadolivre.com.br/headset>","logger":"airflow.task.hooks.airflow.providers.standard.hooks.subprocess.SubprocessHook","filename":"subprocess.py","lineno":99}
{"timestamp":"2026-02-08T22:48:31.109405Z","level":"info","event":"{'color': 'Preto',","logger":"airflow.task.hooks.airflow.providers.standard.hooks.subprocess.SubprocessHook","filename":"subprocess.py","lineno":99}
{"timestamp":"2026-02-08T22:48:31.109454Z","level":"info","event":" 'full_title': 'Fone De Ouvido Bluetooth Sem Fio Regulável P47 Corrida '","logger":"airflow.task.hooks.airflow.providers.standard.hooks.subprocess.SubprocessHook","filename":"subprocess.py","lineno":99}
{"timestamp":"2026-02-08T22:48:31.109487Z","level":"info","event":"               'Caminhada Treino Academia Entrada Jogo P2 Mp3 Wireless Para '","logger":"airflow.task.hooks.airflow.providers.standard.hooks.subprocess.SubprocessHook","filename":"subprocess.py","lineno":99}
{"timestamp":"2026-02-08T22:48:31.109516Z","level":"info","event":"               'Smartphone Celular Pc Desktop Headphone Com Microfone Áudio '","logger":"airflow.task.hooks.airflow.providers.standard.hooks.subprocess.SubprocessHook","filename":"subprocess.py","lineno":99}
{"timestamp":"2026-02-08T22:48:31.109546Z","level":"info","event":"               'Potente Lfal Preto',","logger":"airflow.task.hooks.airflow.providers.standard.hooks.subprocess.SubprocessHook","filename":"subprocess.py","lineno":99}
{"timestamp":"2026-02-08T22:48:31.109574Z","level":"info","event":" 'memory': 'N/A',","logger":"airflow.task.hooks.airflow.providers.standard.hooks.subprocess.SubprocessHook","filename":"subprocess.py","lineno":99}
{"timestamp":"2026-02-08T22:48:31.109600Z","level":"info","event":" 'price': '34',","logger":"airflow.task.hooks.airflow.providers.standard.hooks.subprocess.SubprocessHook","filename":"subprocess.py","lineno":99}
{"timestamp":"2026-02-08T22:48:31.109625Z","level":"info","event":" 'rating': '4.7',","logger":"airflow.task.hooks.airflow.providers.standard.hooks.subprocess.SubprocessHook","filename":"subprocess.py","lineno":99}
{"timestamp":"2026-02-08T22:48:31.109651Z","level":"info","event":" 'short_title': 'headset',","logger":"airflow.task.hooks.airflow.providers.standard.hooks.subprocess.SubprocessHook","filename":"subprocess.py","lineno":99}
{"timestamp":"2026-02-08T22:48:31.109677Z","level":"info","event":" 'site_name': 'mercado_livre',","logger":"airflow.task.hooks.airflow.providers.standard.hooks.subprocess.SubprocessHook","filename":"subprocess.py","lineno":99}
{"timestamp":"2026-02-08T22:48:31.109702Z","level":"info","event":" 'storage': 'N/A'}","logger":"airflow.task.hooks.airflow.providers.standard.hooks.subprocess.SubprocessHook","filename":"subprocess.py","lineno":99}
{"timestamp":"2026-02-08T22:48:31.110945Z","level":"info","event":"2026-02-08 22:48:31 [scrapy.core.scraper] DEBUG: Scraped from <200 https://lista.mercadolivre.com.br/headset>","logger":"airflow.task.hooks.airflow.providers.standard.hooks.subprocess.SubprocessHook","filename":"subprocess.py","lineno":99}
{"timestamp":"2026-02-08T22:48:31.111024Z","level":"info","event":"{'color': 'Preto',","logger":"airflow.task.hooks.airflow.providers.standard.hooks.subprocess.SubprocessHook","filename":"subprocess.py","lineno":99}
{"timestamp":"2026-02-08T22:48:31.111082Z","level":"info","event":" 'full_title': 'Headset Redragon H510-Pro Zeus Rgb Wireless 7.1 53mm Preto',","logger":"airflow.task.hooks.airflow.providers.standard.hooks.subprocess.SubprocessHook","filename":"subprocess.py","lineno":99}
{"timestamp":"2026-02-08T22:48:31.111121Z","level":"info","event":" 'memory': 'N/A',","logger":"airflow.task.hooks.airflow.providers.standard.hooks.subprocess.SubprocessHook","filename":"subprocess.py","lineno":99}
{"timestamp":"2026-02-08T22:48:31.111151Z","level":"info","event":" 'price': '489',","logger":"airflow.task.hooks.airflow.providers.standard.hooks.subprocess.SubprocessHook","filename":"subprocess.py","lineno":99}
{"timestamp":"2026-02-08T22:48:31.111179Z","level":"info","event":" 'rating': '4.9',","logger":"airflow.task.hooks.airflow.providers.standard.hooks.subprocess.SubprocessHook","filename":"subprocess.py","lineno":99}
{"timestamp":"2026-02-08T22:48:31.111207Z","level":"info","event":" 'short_title': 'headset',","logger":"airflow.task.hooks.airflow.providers.standard.hooks.subprocess.SubprocessHook","filename":"subprocess.py","lineno":99}
{"timestamp":"2026-02-08T22:48:31.111234Z","level":"info","event":" 'site_name': 'mercado_livre',","logger":"airflow.task.hooks.airflow.providers.standard.hooks.subprocess.SubprocessHook","filename":"subprocess.py","lineno":99}
{"timestamp":"2026-02-08T22:48:31.111259Z","level":"info","event":" 'storage': 'N/A'}","logger":"airflow.task.hooks.airflow.providers.standard.hooks.subprocess.SubprocessHook","filename":"subprocess.py","lineno":99}
{"timestamp":"2026-02-08T22:48:31.112410Z","level":"info","event":"2026-02-08 22:48:31 [scrapy.core.scraper] DEBUG: Scraped from <200 https://lista.mercadolivre.com.br/headset>","logger":"airflow.task.hooks.airflow.providers.standard.hooks.subprocess.SubprocessHook","filename":"subprocess.py","lineno":99}
{"timestamp":"2026-02-08T22:48:31.112504Z","level":"info","event":"{'color': 'Preto',","logger":"airflow.task.hooks.airflow.providers.standard.hooks.subprocess.SubprocessHook","filename":"subprocess.py","lineno":99}
{"timestamp":"2026-02-08T22:48:31.112557Z","level":"info","event":" 'full_title': 'Headset Bluetooth Redução De Ruído Do Anc Hifi Com Microfone '","logger":"airflow.task.hooks.airflow.providers.standard.hooks.subprocess.SubprocessHook","filename":"subprocess.py","lineno":99}
{"timestamp":"2026-02-08T22:48:31.112596Z","level":"info","event":"               'Cor Preto',","logger":"airflow.task.hooks.airflow.providers.standard.hooks.subprocess.SubprocessHook","filename":"subprocess.py","lineno":99}
{"timestamp":"2026-02-08T22:48:31.112627Z","level":"info","event":" 'memory': 'N/A',","logger":"airflow.task.hooks.airflow.providers.standard.hooks.subprocess.SubprocessHook","filename":"subprocess.py","lineno":99}
{"timestamp":"2026-02-08T22:48:31.112656Z","level":"info","event":" 'price': '298',","logger":"airflow.task.hooks.airflow.providers.standard.hooks.subprocess.SubprocessHook","filename":"subprocess.py","lineno":99}
{"timestamp":"2026-02-08T22:48:31.112684Z","level":"info","event":" 'rating': '4.8',","logger":"airflow.task.hooks.airflow.providers.standard.hooks.subprocess.SubprocessHook","filename":"subprocess.py","lineno":99}
{"timestamp":"2026-02-08T22:48:31.112710Z","level":"info","event":" 'short_title': 'headset',","logger":"airflow.task.hooks.airflow.providers.standard.hooks.subprocess.SubprocessHook","filename":"subprocess.py","lineno":99}
{"timestamp":"2026-02-08T22:48:31.112737Z","level":"info","event":" 'site_name': 'mercado_livre',","logger":"airflow.task.hooks.airflow.providers.standard.hooks.subprocess.SubprocessHook","filename":"subprocess.py","lineno":99}
{"timestamp":"2026-02-08T22:48:31.112762Z","level":"info","event":" 'storage': 'N/A'}","logger":"airflow.task.hooks.airflow.providers.standard.hooks.subprocess.SubprocessHook","filename":"subprocess.py","lineno":99}
{"timestamp":"2026-02-08T22:48:31.113937Z","level":"info","event":"2026-02-08 22:48:31 [scrapy.core.scraper] DEBUG: Scraped from <200 https://lista.mercadolivre.com.br/headset>","logger":"airflow.task.hooks.airflow.providers.standard.hooks.subprocess.SubprocessHook","filename":"subprocess.py","lineno":99}
{"timestamp":"2026-02-08T22:48:31.114040Z","level":"info","event":"{'color': 'N/A',","logger":"airflow.task.hooks.airflow.providers.standard.hooks.subprocess.SubprocessHook","filename":"subprocess.py","lineno":99}
{"timestamp":"2026-02-08T22:48:31.114092Z","level":"info","event":" 'full_title': 'Headset Com Fio Havit Gamenote Fuxi-h5d Fuxi H5',","logger":"airflow.task.hooks.airflow.providers.standard.hooks.subprocess.SubprocessHook","filename":"subprocess.py","lineno":99}
{"timestamp":"2026-02-08T22:48:31.114126Z","level":"info","event":" 'memory': 'N/A',","logger":"airflow.task.hooks.airflow.providers.standard.hooks.subprocess.SubprocessHook","filename":"subprocess.py","lineno":99}
{"timestamp":"2026-02-08T22:48:31.114155Z","level":"info","event":" 'price': '119',","logger":"airflow.task.hooks.airflow.providers.standard.hooks.subprocess.SubprocessHook","filename":"subprocess.py","lineno":99}
{"timestamp":"2026-02-08T22:48:31.114195Z","level":"info","event":" 'rating': '4.9',","logger":"airflow.task.hooks.airflow.providers.standard.hooks.subprocess.SubprocessHook","filename":"subprocess.py","lineno":99}
{"timestamp":"2026-02-08T22:48:31.114224Z","level":"info","event":" 'short_title': 'headset',","logger":"airflow.task.hooks.airflow.providers.standard.hooks.subprocess.SubprocessHook","filename":"subprocess.py","lineno":99}
{"timestamp":"2026-02-08T22:48:31.114250Z","level":"info","event":" 'site_name': 'mercado_livre',","logger":"airflow.task.hooks.airflow.providers.standard.hooks.subprocess.SubprocessHook","filename":"subprocess.py","lineno":99}
{"timestamp":"2026-02-08T22:48:31.114278Z","level":"info","event":" 'storage': 'N/A'}","logger":"airflow.task.hooks.airflow.providers.standard.hooks.subprocess.SubprocessHook","filename":"subprocess.py","lineno":99}
{"timestamp":"2026-02-08T22:48:31.115454Z","level":"info","event":"2026-02-08 22:48:31 [scrapy.core.scraper] DEBUG: Scraped from <200 https://lista.mercadolivre.com.br/headset>","logger":"airflow.task.hooks.airflow.providers.standard.hooks.subprocess.SubprocessHook","filename":"subprocess.py","lineno":99}
{"timestamp":"2026-02-08T22:48:31.115537Z","level":"info","event":"{'color': 'Preto',","logger":"airflow.task.hooks.airflow.providers.standard.hooks.subprocess.SubprocessHook","filename":"subprocess.py","lineno":99}
{"timestamp":"2026-02-08T22:48:31.115586Z","level":"info","event":" 'full_title': 'Kit 10 Fone Ouvido Intra C/ Microfone Atacado Alto Cor Preto E '","logger":"airflow.task.hooks.airflow.providers.standard.hooks.subprocess.SubprocessHook","filename":"subprocess.py","lineno":99}
{"timestamp":"2026-02-08T22:48:31.115619Z","level":"info","event":"               'Branco',","logger":"airflow.task.hooks.airflow.providers.standard.hooks.subprocess.SubprocessHook","filename":"subprocess.py","lineno":99}
{"timestamp":"2026-02-08T22:48:31.115648Z","level":"info","event":" 'memory': 'N/A',","logger":"airflow.task.hooks.airflow.providers.standard.hooks.subprocess.SubprocessHook","filename":"subprocess.py","lineno":99}
{"timestamp":"2026-02-08T22:48:31.115675Z","level":"info","event":" 'price': '38',","logger":"airflow.task.hooks.airflow.providers.standard.hooks.subprocess.SubprocessHook","filename":"subprocess.py","lineno":99}
{"timestamp":"2026-02-08T22:48:31.115701Z","level":"info","event":" 'rating': '+500 vendidos',","logger":"airflow.task.hooks.airflow.providers.standard.hooks.subprocess.SubprocessHook","filename":"subprocess.py","lineno":99}
{"timestamp":"2026-02-08T22:48:31.115728Z","level":"info","event":" 'short_title': 'headset',","logger":"airflow.task.hooks.airflow.providers.standard.hooks.subprocess.SubprocessHook","filename":"subprocess.py","lineno":99}
{"timestamp":"2026-02-08T22:48:31.115753Z","level":"info","event":" 'site_name': 'mercado_livre',","logger":"airflow.task.hooks.airflow.providers.standard.hooks.subprocess.SubprocessHook","filename":"subprocess.py","lineno":99}
{"timestamp":"2026-02-08T22:48:31.115779Z","level":"info","event":" 'storage': 'N/A'}","logger":"airflow.task.hooks.airflow.providers.standard.hooks.subprocess.SubprocessHook","filename":"subprocess.py","lineno":99}
{"timestamp":"2026-02-08T22:48:31.117098Z","level":"info","event":"2026-02-08 22:48:31 [scrapy.core.scraper] DEBUG: Scraped from <200 https://lista.mercadolivre.com.br/headset>","logger":"airflow.task.hooks.airflow.providers.standard.hooks.subprocess.SubprocessHook","filename":"subprocess.py","lineno":99}
{"timestamp":"2026-02-08T22:48:31.117204Z","level":"info","event":"{'color': 'N/A',","logger":"airflow.task.hooks.airflow.providers.standard.hooks.subprocess.SubprocessHook","filename":"subprocess.py","lineno":99}
{"timestamp":"2026-02-08T22:48:31.117258Z","level":"info","event":" 'full_title': 'Fone De Ouvido Headset Rgb Led Pc Computador Vídeogame Rival '","logger":"airflow.task.hooks.airflow.providers.standard.hooks.subprocess.SubprocessHook","filename":"subprocess.py","lineno":99}
{"timestamp":"2026-02-08T22:48:31.117296Z","level":"info","event":"               'EG-307',","logger":"airflow.task.hooks.airflow.providers.standard.hooks.subprocess.SubprocessHook","filename":"subprocess.py","lineno":99}
{"timestamp":"2026-02-08T22:48:31.117328Z","level":"info","event":" 'memory': 'N/A',","logger":"airflow.task.hooks.airflow.providers.standard.hooks.subprocess.SubprocessHook","filename":"subprocess.py","lineno":99}
{"timestamp":"2026-02-08T22:48:31.117357Z","level":"info","event":" 'price': '78',","logger":"airflow.task.hooks.airflow.providers.standard.hooks.subprocess.SubprocessHook","filename":"subprocess.py","lineno":99}
{"timestamp":"2026-02-08T22:48:31.117384Z","level":"info","event":" 'rating': '4.7',","logger":"airflow.task.hooks.airflow.providers.standard.hooks.subprocess.SubprocessHook","filename":"subprocess.py","lineno":99}
{"timestamp":"2026-02-08T22:48:31.117411Z","level":"info","event":" 'short_title': 'headset',","logger":"airflow.task.hooks.airflow.providers.standard.hooks.subprocess.SubprocessHook","filename":"subprocess.py","lineno":99}
{"timestamp":"2026-02-08T22:48:31.117438Z","level":"info","event":" 'site_name': 'mercado_livre',","logger":"airflow.task.hooks.airflow.providers.standard.hooks.subprocess.SubprocessHook","filename":"subprocess.py","lineno":99}
{"timestamp":"2026-02-08T22:48:31.117484Z","level":"info","event":" 'storage': 'N/A'}","logger":"airflow.task.hooks.airflow.providers.standard.hooks.subprocess.SubprocessHook","filename":"subprocess.py","lineno":99}
{"timestamp":"2026-02-08T22:48:31.118817Z","level":"info","event":"2026-02-08 22:48:31 [scrapy.core.scraper] DEBUG: Scraped from <200 https://lista.mercadolivre.com.br/headset>","logger":"airflow.task.hooks.airflow.providers.standard.hooks.subprocess.SubprocessHook","filename":"subprocess.py","lineno":99}
{"timestamp":"2026-02-08T22:48:31.118907Z","level":"info","event":"{'color': 'Preto',","logger":"airflow.task.hooks.airflow.providers.standard.hooks.subprocess.SubprocessHook","filename":"subprocess.py","lineno":99}
{"timestamp":"2026-02-08T22:48:31.118957Z","level":"info","event":" 'full_title': 'Espumas Almofadas Compatível com Kingston Hyperx Cloud Ii Core '","logger":"airflow.task.hooks.airflow.providers.standard.hooks.subprocess.SubprocessHook","filename":"subprocess.py","lineno":99}
{"timestamp":"2026-02-08T22:48:31.118990Z","level":"info","event":"               'Earpad Cor Veludo Preto',","logger":"airflow.task.hooks.airflow.providers.standard.hooks.subprocess.SubprocessHook","filename":"subprocess.py","lineno":99}
{"timestamp":"2026-02-08T22:48:31.119021Z","level":"info","event":" 'memory': 'N/A',","logger":"airflow.task.hooks.airflow.providers.standard.hooks.subprocess.SubprocessHook","filename":"subprocess.py","lineno":99}
{"timestamp":"2026-02-08T22:48:31.119049Z","level":"info","event":" 'price': '56',","logger":"airflow.task.hooks.airflow.providers.standard.hooks.subprocess.SubprocessHook","filename":"subprocess.py","lineno":99}
{"timestamp":"2026-02-08T22:48:31.119076Z","level":"info","event":" 'rating': '4.8',","logger":"airflow.task.hooks.airflow.providers.standard.hooks.subprocess.SubprocessHook","filename":"subprocess.py","lineno":99}
{"timestamp":"2026-02-08T22:48:31.119102Z","level":"info","event":" 'short_title': 'headset',","logger":"airflow.task.hooks.airflow.providers.standard.hooks.subprocess.SubprocessHook","filename":"subprocess.py","lineno":99}
{"timestamp":"2026-02-08T22:48:31.119129Z","level":"info","event":" 'site_name': 'mercado_livre',","logger":"airflow.task.hooks.airflow.providers.standard.hooks.subprocess.SubprocessHook","filename":"subprocess.py","lineno":99}
{"timestamp":"2026-02-08T22:48:31.119155Z","level":"info","event":" 'storage': 'N/A'}","logger":"airflow.task.hooks.airflow.providers.standard.hooks.subprocess.SubprocessHook","filename":"subprocess.py","lineno":99}
{"timestamp":"2026-02-08T22:48:31.120348Z","level":"info","event":"2026-02-08 22:48:31 [scrapy.core.scraper] DEBUG: Scraped from <200 https://lista.mercadolivre.com.br/headset>","logger":"airflow.task.hooks.airflow.providers.standard.hooks.subprocess.SubprocessHook","filename":"subprocess.py","lineno":99}
{"timestamp":"2026-02-08T22:48:31.120433Z","level":"info","event":"{'color': 'Preto',","logger":"airflow.task.hooks.airflow.providers.standard.hooks.subprocess.SubprocessHook","filename":"subprocess.py","lineno":99}
{"timestamp":"2026-02-08T22:48:31.120481Z","level":"info","event":" 'full_title': 'Headphone, Fone De Ouvido Bluetooth Tune 720bt Jbl Preto '","logger":"airflow.task.hooks.airflow.providers.standard.hooks.subprocess.SubprocessHook","filename":"subprocess.py","lineno":99}
{"timestamp":"2026-02-08T22:48:31.120513Z","level":"info","event":"               'Original',","logger":"airflow.task.hooks.airflow.providers.standard.hooks.subprocess.SubprocessHook","filename":"subprocess.py","lineno":99}
{"timestamp":"2026-02-08T22:48:31.120542Z","level":"info","event":" 'memory': 'N/A',","logger":"airflow.task.hooks.airflow.providers.standard.hooks.subprocess.SubprocessHook","filename":"subprocess.py","lineno":99}
{"timestamp":"2026-02-08T22:48:31.120570Z","level":"info","event":" 'price': '369',","logger":"airflow.task.hooks.airflow.providers.standard.hooks.subprocess.SubprocessHook","filename":"subprocess.py","lineno":99}
{"timestamp":"2026-02-08T22:48:31.120597Z","level":"info","event":" 'rating': '4.8',","logger":"airflow.task.hooks.airflow.providers.standard.hooks.subprocess.SubprocessHook","filename":"subprocess.py","lineno":99}
{"timestamp":"2026-02-08T22:48:31.120623Z","level":"info","event":" 'short_title': 'headset',","logger":"airflow.task.hooks.airflow.providers.standard.hooks.subprocess.SubprocessHook","filename":"subprocess.py","lineno":99}
{"timestamp":"2026-02-08T22:48:31.120648Z","level":"info","event":" 'site_name': 'mercado_livre',","logger":"airflow.task.hooks.airflow.providers.standard.hooks.subprocess.SubprocessHook","filename":"subprocess.py","lineno":99}
{"timestamp":"2026-02-08T22:48:31.120674Z","level":"info","event":" 'storage': 'N/A'}","logger":"airflow.task.hooks.airflow.providers.standard.hooks.subprocess.SubprocessHook","filename":"subprocess.py","lineno":99}
{"timestamp":"2026-02-08T22:48:31.121956Z","level":"info","event":"2026-02-08 22:48:31 [scrapy.core.scraper] DEBUG: Scraped from <200 https://lista.mercadolivre.com.br/headset>","logger":"airflow.task.hooks.airflow.providers.standard.hooks.subprocess.SubprocessHook","filename":"subprocess.py","lineno":99}
{"timestamp":"2026-02-08T22:48:31.122057Z","level":"info","event":"{'color': 'N/A',","logger":"airflow.task.hooks.airflow.providers.standard.hooks.subprocess.SubprocessHook","filename":"subprocess.py","lineno":99}
{"timestamp":"2026-02-08T22:48:31.122107Z","level":"info","event":" 'full_title': 'Fone de Ouvido Bluetooth Wireless Sem Fio Intra auricular In '","logger":"airflow.task.hooks.airflow.providers.standard.hooks.subprocess.SubprocessHook","filename":"subprocess.py","lineno":99}
{"timestamp":"2026-02-08T22:48:31.122142Z","level":"info","event":"               'Ear Auriculares Headset Headphone BT Para Celular Smartphone '","logger":"airflow.task.hooks.airflow.providers.standard.hooks.subprocess.SubprocessHook","filename":"subprocess.py","lineno":99}
{"timestamp":"2026-02-08T22:48:31.122174Z","level":"info","event":"               'Android iOS PC Notebooks Tablet Universal Música Áudio Estéreo '","logger":"airflow.task.hooks.airflow.providers.standard.hooks.subprocess.SubprocessHook","filename":"subprocess.py","lineno":99}
{"timestamp":"2026-02-08T22:48:31.122202Z","level":"info","event":"               'Brasiliana Tech',","logger":"airflow.task.hooks.airflow.providers.standard.hooks.subprocess.SubprocessHook","filename":"subprocess.py","lineno":99}
{"timestamp":"2026-02-08T22:48:31.122229Z","level":"info","event":" 'memory': 'N/A',","logger":"airflow.task.hooks.airflow.providers.standard.hooks.subprocess.SubprocessHook","filename":"subprocess.py","lineno":99}
{"timestamp":"2026-02-08T22:48:31.122256Z","level":"info","event":" 'price': '71',","logger":"airflow.task.hooks.airflow.providers.standard.hooks.subprocess.SubprocessHook","filename":"subprocess.py","lineno":99}
{"timestamp":"2026-02-08T22:48:31.122284Z","level":"info","event":" 'rating': '4.6',","logger":"airflow.task.hooks.airflow.providers.standard.hooks.subprocess.SubprocessHook","filename":"subprocess.py","lineno":99}
{"timestamp":"2026-02-08T22:48:31.122310Z","level":"info","event":" 'short_title': 'headset',","logger":"airflow.task.hooks.airflow.providers.standard.hooks.subprocess.SubprocessHook","filename":"subprocess.py","lineno":99}
{"timestamp":"2026-02-08T22:48:31.122337Z","level":"info","event":" 'site_name': 'mercado_livre',","logger":"airflow.task.hooks.airflow.providers.standard.hooks.subprocess.SubprocessHook","filename":"subprocess.py","lineno":99}
{"timestamp":"2026-02-08T22:48:31.122363Z","level":"info","event":" 'storage': 'N/A'}","logger":"airflow.task.hooks.airflow.providers.standard.hooks.subprocess.SubprocessHook","filename":"subprocess.py","lineno":99}
{"timestamp":"2026-02-08T22:48:31.123344Z","level":"info","event":"2026-02-08 22:48:31 [scrapy.core.scraper] DEBUG: Scraped from <200 https://lista.mercadolivre.com.br/headset>","logger":"airflow.task.hooks.airflow.providers.standard.hooks.subprocess.SubprocessHook","filename":"subprocess.py","lineno":99}
{"timestamp":"2026-02-08T22:48:31.123431Z","level":"info","event":"{'color': 'Branco',","logger":"airflow.task.hooks.airflow.providers.standard.hooks.subprocess.SubprocessHook","filename":"subprocess.py","lineno":99}
{"timestamp":"2026-02-08T22:48:31.123480Z","level":"info","event":" 'full_title': 'Headset Havit Gamenote H2002d Mic Removível Branco',","logger":"airflow.task.hooks.airflow.providers.standard.hooks.subprocess.SubprocessHook","filename":"subprocess.py","lineno":99}
{"timestamp":"2026-02-08T22:48:31.123514Z","level":"info","event":" 'memory': 'N/A',","logger":"airflow.task.hooks.airflow.providers.standard.hooks.subprocess.SubprocessHook","filename":"subprocess.py","lineno":99}
{"timestamp":"2026-02-08T22:48:31.123544Z","level":"info","event":" 'price': '259',","logger":"airflow.task.hooks.airflow.providers.standard.hooks.subprocess.SubprocessHook","filename":"subprocess.py","lineno":99}
{"timestamp":"2026-02-08T22:48:31.123572Z","level":"info","event":" 'rating': '4.8',","logger":"airflow.task.hooks.airflow.providers.standard.hooks.subprocess.SubprocessHook","filename":"subprocess.py","lineno":99}
{"timestamp":"2026-02-08T22:48:31.123598Z","level":"info","event":" 'short_title': 'headset',","logger":"airflow.task.hooks.airflow.providers.standard.hooks.subprocess.SubprocessHook","filename":"subprocess.py","lineno":99}
{"timestamp":"2026-02-08T22:48:31.123624Z","level":"info","event":" 'site_name': 'mercado_livre',","logger":"airflow.task.hooks.airflow.providers.standard.hooks.subprocess.SubprocessHook","filename":"subprocess.py","lineno":99}
{"timestamp":"2026-02-08T22:48:31.123651Z","level":"info","event":" 'storage': 'N/A'}","logger":"airflow.task.hooks.airflow.providers.standard.hooks.subprocess.SubprocessHook","filename":"subprocess.py","lineno":99}
{"timestamp":"2026-02-08T22:48:31.124836Z","level":"info","event":"2026-02-08 22:48:31 [scrapy.core.scraper] DEBUG: Scraped from <200 https://lista.mercadolivre.com.br/headset>","logger":"airflow.task.hooks.airflow.providers.standard.hooks.subprocess.SubprocessHook","filename":"subprocess.py","lineno":99}
{"timestamp":"2026-02-08T22:48:31.124932Z","level":"info","event":"{'color': 'N/A',","logger":"airflow.task.hooks.airflow.providers.standard.hooks.subprocess.SubprocessHook","filename":"subprocess.py","lineno":99}
{"timestamp":"2026-02-08T22:48:31.124986Z","level":"info","event":" 'full_title': 'Headset Comunicador USB Profissional com Placa de Som, Áudio '","logger":"airflow.task.hooks.airflow.providers.standard.hooks.subprocess.SubprocessHook","filename":"subprocess.py","lineno":99}
{"timestamp":"2026-02-08T22:48:31.125031Z","level":"info","event":"               'Digital e Microfone - K800 USB',","logger":"airflow.task.hooks.airflow.providers.standard.hooks.subprocess.SubprocessHook","filename":"subprocess.py","lineno":99}
{"timestamp":"2026-02-08T22:48:31.125065Z","level":"info","event":" 'memory': 'N/A',","logger":"airflow.task.hooks.airflow.providers.standard.hooks.subprocess.SubprocessHook","filename":"subprocess.py","lineno":99}
{"timestamp":"2026-02-08T22:48:31.125102Z","level":"info","event":" 'price': '217',","logger":"airflow.task.hooks.airflow.providers.standard.hooks.subprocess.SubprocessHook","filename":"subprocess.py","lineno":99}
{"timestamp":"2026-02-08T22:48:31.125140Z","level":"info","event":" 'rating': '4.9',","logger":"airflow.task.hooks.airflow.providers.standard.hooks.subprocess.SubprocessHook","filename":"subprocess.py","lineno":99}
{"timestamp":"2026-02-08T22:48:31.125172Z","level":"info","event":" 'short_title': 'headset',","logger":"airflow.task.hooks.airflow.providers.standard.hooks.subprocess.SubprocessHook","filename":"subprocess.py","lineno":99}
{"timestamp":"2026-02-08T22:48:31.125200Z","level":"info","event":" 'site_name': 'mercado_livre',","logger":"airflow.task.hooks.airflow.providers.standard.hooks.subprocess.SubprocessHook","filename":"subprocess.py","lineno":99}
{"timestamp":"2026-02-08T22:48:31.125226Z","level":"info","event":" 'storage': 'N/A'}","logger":"airflow.task.hooks.airflow.providers.standard.hooks.subprocess.SubprocessHook","filename":"subprocess.py","lineno":99}
{"timestamp":"2026-02-08T22:48:31.126439Z","level":"info","event":"2026-02-08 22:48:31 [scrapy.core.scraper] DEBUG: Scraped from <200 https://lista.mercadolivre.com.br/headset>","logger":"airflow.task.hooks.airflow.providers.standard.hooks.subprocess.SubprocessHook","filename":"subprocess.py","lineno":99}
{"timestamp":"2026-02-08T22:48:31.126523Z","level":"info","event":"{'color': 'N/A',","logger":"airflow.task.hooks.airflow.providers.standard.hooks.subprocess.SubprocessHook","filename":"subprocess.py","lineno":99}
{"timestamp":"2026-02-08T22:48:31.126570Z","level":"info","event":" 'full_title': 'Headset Logitech G Astro A50 -preto',","logger":"airflow.task.hooks.airflow.providers.standard.hooks.subprocess.SubprocessHook","filename":"subprocess.py","lineno":99}
{"timestamp":"2026-02-08T22:48:31.126602Z","level":"info","event":" 'memory': 'N/A',","logger":"airflow.task.hooks.airflow.providers.standard.hooks.subprocess.SubprocessHook","filename":"subprocess.py","lineno":99}
{"timestamp":"2026-02-08T22:48:31.126631Z","level":"info","event":" 'price': '2.200',","logger":"airflow.task.hooks.airflow.providers.standard.hooks.subprocess.SubprocessHook","filename":"subprocess.py","lineno":99}
{"timestamp":"2026-02-08T22:48:31.126674Z","level":"info","event":" 'rating': '4.9',","logger":"airflow.task.hooks.airflow.providers.standard.hooks.subprocess.SubprocessHook","filename":"subprocess.py","lineno":99}
{"timestamp":"2026-02-08T22:48:31.126746Z","level":"info","event":" 'short_title': 'headset',","logger":"airflow.task.hooks.airflow.providers.standard.hooks.subprocess.SubprocessHook","filename":"subprocess.py","lineno":99}
{"timestamp":"2026-02-08T22:48:31.126812Z","level":"info","event":" 'site_name': 'mercado_livre',","logger":"airflow.task.hooks.airflow.providers.standard.hooks.subprocess.SubprocessHook","filename":"subprocess.py","lineno":99}
{"timestamp":"2026-02-08T22:48:31.126868Z","level":"info","event":" 'storage': 'N/A'}","logger":"airflow.task.hooks.airflow.providers.standard.hooks.subprocess.SubprocessHook","filename":"subprocess.py","lineno":99}
{"timestamp":"2026-02-08T22:48:31.128161Z","level":"info","event":"2026-02-08 22:48:31 [scrapy.core.scraper] DEBUG: Scraped from <200 https://lista.mercadolivre.com.br/headset>","logger":"airflow.task.hooks.airflow.providers.standard.hooks.subprocess.SubprocessHook","filename":"subprocess.py","lineno":99}
{"timestamp":"2026-02-08T22:48:31.128248Z","level":"info","event":"{'color': 'N/A',","logger":"airflow.task.hooks.airflow.providers.standard.hooks.subprocess.SubprocessHook","filename":"subprocess.py","lineno":99}
{"timestamp":"2026-02-08T22:48:31.128296Z","level":"info","event":" 'full_title': 'Fone de Ouvido Headset Havit H2015d Pc Consoles color negro',","logger":"airflow.task.hooks.airflow.providers.standard.hooks.subprocess.SubprocessHook","filename":"subprocess.py","lineno":99}
{"timestamp":"2026-02-08T22:48:31.128329Z","level":"info","event":" 'memory': 'N/A',","logger":"airflow.task.hooks.airflow.providers.standard.hooks.subprocess.SubprocessHook","filename":"subprocess.py","lineno":99}
{"timestamp":"2026-02-08T22:48:31.128357Z","level":"info","event":" 'price': '166',","logger":"airflow.task.hooks.airflow.providers.standard.hooks.subprocess.SubprocessHook","filename":"subprocess.py","lineno":99}
{"timestamp":"2026-02-08T22:48:31.128385Z","level":"info","event":" 'rating': '4.8',","logger":"airflow.task.hooks.airflow.providers.standard.hooks.subprocess.SubprocessHook","filename":"subprocess.py","lineno":99}
{"timestamp":"2026-02-08T22:48:31.128412Z","level":"info","event":" 'short_title': 'headset',","logger":"airflow.task.hooks.airflow.providers.standard.hooks.subprocess.SubprocessHook","filename":"subprocess.py","lineno":99}
{"timestamp":"2026-02-08T22:48:31.128439Z","level":"info","event":" 'site_name': 'mercado_livre',","logger":"airflow.task.hooks.airflow.providers.standard.hooks.subprocess.SubprocessHook","filename":"subprocess.py","lineno":99}
{"timestamp":"2026-02-08T22:48:31.128465Z","level":"info","event":" 'storage': 'N/A'}","logger":"airflow.task.hooks.airflow.providers.standard.hooks.subprocess.SubprocessHook","filename":"subprocess.py","lineno":99}
{"timestamp":"2026-02-08T22:48:31.129682Z","level":"info","event":"2026-02-08 22:48:31 [scrapy.core.scraper] DEBUG: Scraped from <200 https://lista.mercadolivre.com.br/headset>","logger":"airflow.task.hooks.airflow.providers.standard.hooks.subprocess.SubprocessHook","filename":"subprocess.py","lineno":99}
{"timestamp":"2026-02-08T22:48:31.129764Z","level":"info","event":"{'color': 'Preto',","logger":"airflow.task.hooks.airflow.providers.standard.hooks.subprocess.SubprocessHook","filename":"subprocess.py","lineno":99}
{"timestamp":"2026-02-08T22:48:31.129814Z","level":"info","event":" 'full_title': 'Espumas Earpad Almofadas Par Compatível com Hyperx Cloud '","logger":"airflow.task.hooks.airflow.providers.standard.hooks.subprocess.SubprocessHook","filename":"subprocess.py","lineno":99}
{"timestamp":"2026-02-08T22:48:31.129846Z","level":"info","event":"               'Stinger Cloud Cor Preto Couro PU Casa do Periférico',","logger":"airflow.task.hooks.airflow.providers.standard.hooks.subprocess.SubprocessHook","filename":"subprocess.py","lineno":99}
{"timestamp":"2026-02-08T22:48:31.129876Z","level":"info","event":" 'memory': 'N/A',","logger":"airflow.task.hooks.airflow.providers.standard.hooks.subprocess.SubprocessHook","filename":"subprocess.py","lineno":99}
{"timestamp":"2026-02-08T22:48:31.129904Z","level":"info","event":" 'price': '56',","logger":"airflow.task.hooks.airflow.providers.standard.hooks.subprocess.SubprocessHook","filename":"subprocess.py","lineno":99}
{"timestamp":"2026-02-08T22:48:31.129931Z","level":"info","event":" 'rating': '4.8',","logger":"airflow.task.hooks.airflow.providers.standard.hooks.subprocess.SubprocessHook","filename":"subprocess.py","lineno":99}
{"timestamp":"2026-02-08T22:48:31.129956Z","level":"info","event":" 'short_title': 'headset',","logger":"airflow.task.hooks.airflow.providers.standard.hooks.subprocess.SubprocessHook","filename":"subprocess.py","lineno":99}
{"timestamp":"2026-02-08T22:48:31.129982Z","level":"info","event":" 'site_name': 'mercado_livre',","logger":"airflow.task.hooks.airflow.providers.standard.hooks.subprocess.SubprocessHook","filename":"subprocess.py","lineno":99}
{"timestamp":"2026-02-08T22:48:31.130007Z","level":"info","event":" 'storage': 'N/A'}","logger":"airflow.task.hooks.airflow.providers.standard.hooks.subprocess.SubprocessHook","filename":"subprocess.py","lineno":99}
{"timestamp":"2026-02-08T22:48:31.131226Z","level":"info","event":"2026-02-08 22:48:31 [scrapy.core.scraper] DEBUG: Scraped from <200 https://lista.mercadolivre.com.br/headset>","logger":"airflow.task.hooks.airflow.providers.standard.hooks.subprocess.SubprocessHook","filename":"subprocess.py","lineno":99}
{"timestamp":"2026-02-08T22:48:31.131318Z","level":"info","event":"{'color': 'Preto',","logger":"airflow.task.hooks.airflow.providers.standard.hooks.subprocess.SubprocessHook","filename":"subprocess.py","lineno":99}
{"timestamp":"2026-02-08T22:48:31.131373Z","level":"info","event":" 'full_title': 'Fone De Ouvido Headset Office Call Reunião Compátivel Ps4 Pc '","logger":"airflow.task.hooks.airflow.providers.standard.hooks.subprocess.SubprocessHook","filename":"subprocess.py","lineno":99}
{"timestamp":"2026-02-08T22:48:31.131413Z","level":"info","event":"               'Xbox One Series S/x P2 Cor Preto Casenn',","logger":"airflow.task.hooks.airflow.providers.standard.hooks.subprocess.SubprocessHook","filename":"subprocess.py","lineno":99}
{"timestamp":"2026-02-08T22:48:31.131450Z","level":"info","event":" 'memory': 'N/A',","logger":"airflow.task.hooks.airflow.providers.standard.hooks.subprocess.SubprocessHook","filename":"subprocess.py","lineno":99}
{"timestamp":"2026-02-08T22:48:31.131482Z","level":"info","event":" 'price': '69',","logger":"airflow.task.hooks.airflow.providers.standard.hooks.subprocess.SubprocessHook","filename":"subprocess.py","lineno":99}
{"timestamp":"2026-02-08T22:48:31.131517Z","level":"info","event":" 'rating': '4.7',","logger":"airflow.task.hooks.airflow.providers.standard.hooks.subprocess.SubprocessHook","filename":"subprocess.py","lineno":99}
{"timestamp":"2026-02-08T22:48:31.131548Z","level":"info","event":" 'short_title': 'headset',","logger":"airflow.task.hooks.airflow.providers.standard.hooks.subprocess.SubprocessHook","filename":"subprocess.py","lineno":99}
{"timestamp":"2026-02-08T22:48:31.131578Z","level":"info","event":" 'site_name': 'mercado_livre',","logger":"airflow.task.hooks.airflow.providers.standard.hooks.subprocess.SubprocessHook","filename":"subprocess.py","lineno":99}
{"timestamp":"2026-02-08T22:48:31.131604Z","level":"info","event":" 'storage': 'N/A'}","logger":"airflow.task.hooks.airflow.providers.standard.hooks.subprocess.SubprocessHook","filename":"subprocess.py","lineno":99}
{"timestamp":"2026-02-08T22:48:31.132905Z","level":"info","event":"2026-02-08 22:48:31 [scrapy.core.scraper] DEBUG: Scraped from <200 https://lista.mercadolivre.com.br/headset>","logger":"airflow.task.hooks.airflow.providers.standard.hooks.subprocess.SubprocessHook","filename":"subprocess.py","lineno":99}
{"timestamp":"2026-02-08T22:48:31.133002Z","level":"info","event":"{'color': 'Azul',","logger":"airflow.task.hooks.airflow.providers.standard.hooks.subprocess.SubprocessHook","filename":"subprocess.py","lineno":99}
{"timestamp":"2026-02-08T22:48:31.133054Z","level":"info","event":" 'full_title': 'Headset Bluetooth Redução De Ruído Do Anc Hifi Com Microfone '","logger":"airflow.task.hooks.airflow.providers.standard.hooks.subprocess.SubprocessHook","filename":"subprocess.py","lineno":99}
{"timestamp":"2026-02-08T22:48:31.133090Z","level":"info","event":"               'Cor Azul-celeste',","logger":"airflow.task.hooks.airflow.providers.standard.hooks.subprocess.SubprocessHook","filename":"subprocess.py","lineno":99}
{"timestamp":"2026-02-08T22:48:31.133122Z","level":"info","event":" 'memory': 'N/A',","logger":"airflow.task.hooks.airflow.providers.standard.hooks.subprocess.SubprocessHook","filename":"subprocess.py","lineno":99}
{"timestamp":"2026-02-08T22:48:31.133150Z","level":"info","event":" 'price': '298',","logger":"airflow.task.hooks.airflow.providers.standard.hooks.subprocess.SubprocessHook","filename":"subprocess.py","lineno":99}
{"timestamp":"2026-02-08T22:48:31.133179Z","level":"info","event":" 'rating': '4.8',","logger":"airflow.task.hooks.airflow.providers.standard.hooks.subprocess.SubprocessHook","filename":"subprocess.py","lineno":99}
{"timestamp":"2026-02-08T22:48:31.133207Z","level":"info","event":" 'short_title': 'headset',","logger":"airflow.task.hooks.airflow.providers.standard.hooks.subprocess.SubprocessHook","filename":"subprocess.py","lineno":99}
{"timestamp":"2026-02-08T22:48:31.133234Z","level":"info","event":" 'site_name': 'mercado_livre',","logger":"airflow.task.hooks.airflow.providers.standard.hooks.subprocess.SubprocessHook","filename":"subprocess.py","lineno":99}
{"timestamp":"2026-02-08T22:48:31.133260Z","level":"info","event":" 'storage': 'N/A'}","logger":"airflow.task.hooks.airflow.providers.standard.hooks.subprocess.SubprocessHook","filename":"subprocess.py","lineno":99}
{"timestamp":"2026-02-08T22:48:31.135319Z","level":"info","event":"2026-02-08 22:48:31 [scrapy.core.scraper] DEBUG: Scraped from <200 https://lista.mercadolivre.com.br/headset>","logger":"airflow.task.hooks.airflow.providers.standard.hooks.subprocess.SubprocessHook","filename":"subprocess.py","lineno":99}
{"timestamp":"2026-02-08T22:48:31.135405Z","level":"info","event":"{'color': 'N/A',","logger":"airflow.task.hooks.airflow.providers.standard.hooks.subprocess.SubprocessHook","filename":"subprocess.py","lineno":99}
{"timestamp":"2026-02-08T22:48:31.135455Z","level":"info","event":" 'full_title': 'Headset Havit Fuxi H7se Sem Fio 2.4ghz/ Bluetooth',","logger":"airflow.task.hooks.airflow.providers.standard.hooks.subprocess.SubprocessHook","filename":"subprocess.py","lineno":99}
{"timestamp":"2026-02-08T22:48:31.135490Z","level":"info","event":" 'memory': 'N/A',","logger":"airflow.task.hooks.airflow.providers.standard.hooks.subprocess.SubprocessHook","filename":"subprocess.py","lineno":99}
{"timestamp":"2026-02-08T22:48:31.135519Z","level":"info","event":" 'price': '299',","logger":"airflow.task.hooks.airflow.providers.standard.hooks.subprocess.SubprocessHook","filename":"subprocess.py","lineno":99}
{"timestamp":"2026-02-08T22:48:31.135547Z","level":"info","event":" 'rating': '4.9',","logger":"airflow.task.hooks.airflow.providers.standard.hooks.subprocess.SubprocessHook","filename":"subprocess.py","lineno":99}
{"timestamp":"2026-02-08T22:48:31.135574Z","level":"info","event":" 'short_title': 'headset',","logger":"airflow.task.hooks.airflow.providers.standard.hooks.subprocess.SubprocessHook","filename":"subprocess.py","lineno":99}
{"timestamp":"2026-02-08T22:48:31.135599Z","level":"info","event":" 'site_name': 'mercado_livre',","logger":"airflow.task.hooks.airflow.providers.standard.hooks.subprocess.SubprocessHook","filename":"subprocess.py","lineno":99}
{"timestamp":"2026-02-08T22:48:31.135624Z","level":"info","event":" 'storage': 'N/A'}","logger":"airflow.task.hooks.airflow.providers.standard.hooks.subprocess.SubprocessHook","filename":"subprocess.py","lineno":99}
{"timestamp":"2026-02-08T22:48:31.136803Z","level":"info","event":"2026-02-08 22:48:31 [scrapy.core.scraper] DEBUG: Scraped from <200 https://lista.mercadolivre.com.br/headset>","logger":"airflow.task.hooks.airflow.providers.standard.hooks.subprocess.SubprocessHook","filename":"subprocess.py","lineno":99}
{"timestamp":"2026-02-08T22:48:31.136897Z","level":"info","event":"{'color': 'AzuL',","logger":"airflow.task.hooks.airflow.providers.standard.hooks.subprocess.SubprocessHook","filename":"subprocess.py","lineno":99}
{"timestamp":"2026-02-08T22:48:31.136950Z","level":"info","event":" 'full_title': 'Fone De Ouvido Headphone Bluetooth JBL Tune 520bt AzuL',","logger":"airflow.task.hooks.airflow.providers.standard.hooks.subprocess.SubprocessHook","filename":"subprocess.py","lineno":99}
{"timestamp":"2026-02-08T22:48:31.136992Z","level":"info","event":" 'memory': 'N/A',","logger":"airflow.task.hooks.airflow.providers.standard.hooks.subprocess.SubprocessHook","filename":"subprocess.py","lineno":99}
{"timestamp":"2026-02-08T22:48:31.137024Z","level":"info","event":" 'price': '339',","logger":"airflow.task.hooks.airflow.providers.standard.hooks.subprocess.SubprocessHook","filename":"subprocess.py","lineno":99}
{"timestamp":"2026-02-08T22:48:31.137051Z","level":"info","event":" 'rating': '4.9',","logger":"airflow.task.hooks.airflow.providers.standard.hooks.subprocess.SubprocessHook","filename":"subprocess.py","lineno":99}
{"timestamp":"2026-02-08T22:48:31.137077Z","level":"info","event":" 'short_title': 'headset',","logger":"airflow.task.hooks.airflow.providers.standard.hooks.subprocess.SubprocessHook","filename":"subprocess.py","lineno":99}
{"timestamp":"2026-02-08T22:48:31.137103Z","level":"info","event":" 'site_name': 'mercado_livre',","logger":"airflow.task.hooks.airflow.providers.standard.hooks.subprocess.SubprocessHook","filename":"subprocess.py","lineno":99}
{"timestamp":"2026-02-08T22:48:31.137128Z","level":"info","event":" 'storage': 'N/A'}","logger":"airflow.task.hooks.airflow.providers.standard.hooks.subprocess.SubprocessHook","filename":"subprocess.py","lineno":99}
{"timestamp":"2026-02-08T22:48:31.138286Z","level":"info","event":"2026-02-08 22:48:31 [scrapy.core.scraper] DEBUG: Scraped from <200 https://lista.mercadolivre.com.br/headset>","logger":"airflow.task.hooks.airflow.providers.standard.hooks.subprocess.SubprocessHook","filename":"subprocess.py","lineno":99}
{"timestamp":"2026-02-08T22:48:31.138381Z","level":"info","event":"{'color': 'N/A',","logger":"airflow.task.hooks.airflow.providers.standard.hooks.subprocess.SubprocessHook","filename":"subprocess.py","lineno":99}
{"timestamp":"2026-02-08T22:48:31.138437Z","level":"info","event":" 'full_title': 'Headset Redragon Cragblade H541, Drivers De 53mm',","logger":"airflow.task.hooks.airflow.providers.standard.hooks.subprocess.SubprocessHook","filename":"subprocess.py","lineno":99}
{"timestamp":"2026-02-08T22:48:31.138471Z","level":"info","event":" 'memory': 'N/A',","logger":"airflow.task.hooks.airflow.providers.standard.hooks.subprocess.SubprocessHook","filename":"subprocess.py","lineno":99}
{"timestamp":"2026-02-08T22:48:31.138500Z","level":"info","event":" 'price': '199',","logger":"airflow.task.hooks.airflow.providers.standard.hooks.subprocess.SubprocessHook","filename":"subprocess.py","lineno":99}
{"timestamp":"2026-02-08T22:48:31.138528Z","level":"info","event":" 'rating': '4.9',","logger":"airflow.task.hooks.airflow.providers.standard.hooks.subprocess.SubprocessHook","filename":"subprocess.py","lineno":99}
{"timestamp":"2026-02-08T22:48:31.138555Z","level":"info","event":" 'short_title': 'headset',","logger":"airflow.task.hooks.airflow.providers.standard.hooks.subprocess.SubprocessHook","filename":"subprocess.py","lineno":99}
{"timestamp":"2026-02-08T22:48:31.138580Z","level":"info","event":" 'site_name': 'mercado_livre',","logger":"airflow.task.hooks.airflow.providers.standard.hooks.subprocess.SubprocessHook","filename":"subprocess.py","lineno":99}
{"timestamp":"2026-02-08T22:48:31.138606Z","level":"info","event":" 'storage': 'N/A'}","logger":"airflow.task.hooks.airflow.providers.standard.hooks.subprocess.SubprocessHook","filename":"subprocess.py","lineno":99}
{"timestamp":"2026-02-08T22:48:31.139767Z","level":"info","event":"2026-02-08 22:48:31 [scrapy.core.scraper] DEBUG: Scraped from <200 https://lista.mercadolivre.com.br/headset>","logger":"airflow.task.hooks.airflow.providers.standard.hooks.subprocess.SubprocessHook","filename":"subprocess.py","lineno":99}
{"timestamp":"2026-02-08T22:48:31.139896Z","level":"info","event":"{'color': 'N/A',","logger":"airflow.task.hooks.airflow.providers.standard.hooks.subprocess.SubprocessHook","filename":"subprocess.py","lineno":99}
{"timestamp":"2026-02-08T22:48:31.139950Z","level":"info","event":" 'full_title': 'Headset Com Fio Quantum 100m2 Jbl JBLQTUM100M2BLK Com Mic - '","logger":"airflow.task.hooks.airflow.providers.standard.hooks.subprocess.SubprocessHook","filename":"subprocess.py","lineno":99}
{"timestamp":"2026-02-08T22:48:31.139986Z","level":"info","event":"               'Preto',","logger":"airflow.task.hooks.airflow.providers.standard.hooks.subprocess.SubprocessHook","filename":"subprocess.py","lineno":99}
{"timestamp":"2026-02-08T22:48:31.140016Z","level":"info","event":" 'memory': 'N/A',","logger":"airflow.task.hooks.airflow.providers.standard.hooks.subprocess.SubprocessHook","filename":"subprocess.py","lineno":99}
{"timestamp":"2026-02-08T22:48:31.140045Z","level":"info","event":" 'price': '229',","logger":"airflow.task.hooks.airflow.providers.standard.hooks.subprocess.SubprocessHook","filename":"subprocess.py","lineno":99}
{"timestamp":"2026-02-08T22:48:31.140072Z","level":"info","event":" 'rating': '4.8',","logger":"airflow.task.hooks.airflow.providers.standard.hooks.subprocess.SubprocessHook","filename":"subprocess.py","lineno":99}
{"timestamp":"2026-02-08T22:48:31.140097Z","level":"info","event":" 'short_title': 'headset',","logger":"airflow.task.hooks.airflow.providers.standard.hooks.subprocess.SubprocessHook","filename":"subprocess.py","lineno":99}
{"timestamp":"2026-02-08T22:48:31.140123Z","level":"info","event":" 'site_name': 'mercado_livre',","logger":"airflow.task.hooks.airflow.providers.standard.hooks.subprocess.SubprocessHook","filename":"subprocess.py","lineno":99}
{"timestamp":"2026-02-08T22:48:31.140148Z","level":"info","event":" 'storage': 'N/A'}","logger":"airflow.task.hooks.airflow.providers.standard.hooks.subprocess.SubprocessHook","filename":"subprocess.py","lineno":99}
{"timestamp":"2026-02-08T22:48:31.141032Z","level":"info","event":"2026-02-08 22:48:31 [scrapy.core.scraper] DEBUG: Scraped from <200 https://lista.mercadolivre.com.br/headset>","logger":"airflow.task.hooks.airflow.providers.standard.hooks.subprocess.SubprocessHook","filename":"subprocess.py","lineno":99}
{"timestamp":"2026-02-08T22:48:31.141138Z","level":"info","event":"{'color': 'Branco',","logger":"airflow.task.hooks.airflow.providers.standard.hooks.subprocess.SubprocessHook","filename":"subprocess.py","lineno":99}
{"timestamp":"2026-02-08T22:48:31.141223Z","level":"info","event":" 'full_title': 'Headset Onikuma B2 Fone Tipo G435 Bt-5.3 Ps5 Ps4 Pc Cor Branco',","logger":"airflow.task.hooks.airflow.providers.standard.hooks.subprocess.SubprocessHook","filename":"subprocess.py","lineno":99}
{"timestamp":"2026-02-08T22:48:31.141287Z","level":"info","event":" 'memory': 'N/A',","logger":"airflow.task.hooks.airflow.providers.standard.hooks.subprocess.SubprocessHook","filename":"subprocess.py","lineno":99}
{"timestamp":"2026-02-08T22:48:31.141341Z","level":"info","event":" 'price': '269',","logger":"airflow.task.hooks.airflow.providers.standard.hooks.subprocess.SubprocessHook","filename":"subprocess.py","lineno":99}
{"timestamp":"2026-02-08T22:48:31.141393Z","level":"info","event":" 'rating': '4.7',","logger":"airflow.task.hooks.airflow.providers.standard.hooks.subprocess.SubprocessHook","filename":"subprocess.py","lineno":99}
{"timestamp":"2026-02-08T22:48:31.141442Z","level":"info","event":" 'short_title': 'headset',","logger":"airflow.task.hooks.airflow.providers.standard.hooks.subprocess.SubprocessHook","filename":"subprocess.py","lineno":99}
{"timestamp":"2026-02-08T22:48:31.141525Z","level":"info","event":" 'site_name': 'mercado_livre',","logger":"airflow.task.hooks.airflow.providers.standard.hooks.subprocess.SubprocessHook","filename":"subprocess.py","lineno":99}
{"timestamp":"2026-02-08T22:48:31.141578Z","level":"info","event":" 'storage': 'N/A'}","logger":"airflow.task.hooks.airflow.providers.standard.hooks.subprocess.SubprocessHook","filename":"subprocess.py","lineno":99}
{"timestamp":"2026-02-08T22:48:31.142914Z","level":"info","event":"2026-02-08 22:48:31 [scrapy.core.scraper] DEBUG: Scraped from <200 https://lista.mercadolivre.com.br/headset>","logger":"airflow.task.hooks.airflow.providers.standard.hooks.subprocess.SubprocessHook","filename":"subprocess.py","lineno":99}
{"timestamp":"2026-02-08T22:48:31.143003Z","level":"info","event":"{'color': 'Rosa',","logger":"airflow.task.hooks.airflow.providers.standard.hooks.subprocess.SubprocessHook","filename":"subprocess.py","lineno":99}
{"timestamp":"2026-02-08T22:48:31.143053Z","level":"info","event":" 'full_title': 'Headset Bluetooth Redução De Ruído Do Anc Hifi Com Microfone '","logger":"airflow.task.hooks.airflow.providers.standard.hooks.subprocess.SubprocessHook","filename":"subprocess.py","lineno":99}
{"timestamp":"2026-02-08T22:48:31.143088Z","level":"info","event":"               'Cor Rosa',","logger":"airflow.task.hooks.airflow.providers.standard.hooks.subprocess.SubprocessHook","filename":"subprocess.py","lineno":99}
{"timestamp":"2026-02-08T22:48:31.143117Z","level":"info","event":" 'memory': 'N/A',","logger":"airflow.task.hooks.airflow.providers.standard.hooks.subprocess.SubprocessHook","filename":"subprocess.py","lineno":99}
{"timestamp":"2026-02-08T22:48:31.143145Z","level":"info","event":" 'price': '298',","logger":"airflow.task.hooks.airflow.providers.standard.hooks.subprocess.SubprocessHook","filename":"subprocess.py","lineno":99}
{"timestamp":"2026-02-08T22:48:31.143171Z","level":"info","event":" 'rating': '4.8',","logger":"airflow.task.hooks.airflow.providers.standard.hooks.subprocess.SubprocessHook","filename":"subprocess.py","lineno":99}
{"timestamp":"2026-02-08T22:48:31.143197Z","level":"info","event":" 'short_title': 'headset',","logger":"airflow.task.hooks.airflow.providers.standard.hooks.subprocess.SubprocessHook","filename":"subprocess.py","lineno":99}
{"timestamp":"2026-02-08T22:48:31.143222Z","level":"info","event":" 'site_name': 'mercado_livre',","logger":"airflow.task.hooks.airflow.providers.standard.hooks.subprocess.SubprocessHook","filename":"subprocess.py","lineno":99}
{"timestamp":"2026-02-08T22:48:31.143247Z","level":"info","event":" 'storage': 'N/A'}","logger":"airflow.task.hooks.airflow.providers.standard.hooks.subprocess.SubprocessHook","filename":"subprocess.py","lineno":99}
{"timestamp":"2026-02-08T22:48:31.144409Z","level":"info","event":"2026-02-08 22:48:31 [scrapy.core.scraper] DEBUG: Scraped from <200 https://lista.mercadolivre.com.br/headset>","logger":"airflow.task.hooks.airflow.providers.standard.hooks.subprocess.SubprocessHook","filename":"subprocess.py","lineno":99}
{"timestamp":"2026-02-08T22:48:31.144491Z","level":"info","event":"{'color': 'N/A',","logger":"airflow.task.hooks.airflow.providers.standard.hooks.subprocess.SubprocessHook","filename":"subprocess.py","lineno":99}
{"timestamp":"2026-02-08T22:48:31.144541Z","level":"info","event":" 'full_title': 'Fone De Ouvido Headset Rgb Led Pc Computador Vídeogame',","logger":"airflow.task.hooks.airflow.providers.standard.hooks.subprocess.SubprocessHook","filename":"subprocess.py","lineno":99}
{"timestamp":"2026-02-08T22:48:31.144574Z","level":"info","event":" 'memory': 'N/A',","logger":"airflow.task.hooks.airflow.providers.standard.hooks.subprocess.SubprocessHook","filename":"subprocess.py","lineno":99}
{"timestamp":"2026-02-08T22:48:31.144603Z","level":"info","event":" 'price': '157',","logger":"airflow.task.hooks.airflow.providers.standard.hooks.subprocess.SubprocessHook","filename":"subprocess.py","lineno":99}
{"timestamp":"2026-02-08T22:48:31.144630Z","level":"info","event":" 'rating': '4.6',","logger":"airflow.task.hooks.airflow.providers.standard.hooks.subprocess.SubprocessHook","filename":"subprocess.py","lineno":99}
{"timestamp":"2026-02-08T22:48:31.144657Z","level":"info","event":" 'short_title': 'headset',","logger":"airflow.task.hooks.airflow.providers.standard.hooks.subprocess.SubprocessHook","filename":"subprocess.py","lineno":99}
{"timestamp":"2026-02-08T22:48:31.144684Z","level":"info","event":" 'site_name': 'mercado_livre',","logger":"airflow.task.hooks.airflow.providers.standard.hooks.subprocess.SubprocessHook","filename":"subprocess.py","lineno":99}
{"timestamp":"2026-02-08T22:48:31.144710Z","level":"info","event":" 'storage': 'N/A'}","logger":"airflow.task.hooks.airflow.providers.standard.hooks.subprocess.SubprocessHook","filename":"subprocess.py","lineno":99}
{"timestamp":"2026-02-08T22:48:31.145888Z","level":"info","event":"2026-02-08 22:48:31 [scrapy.core.scraper] DEBUG: Scraped from <200 https://lista.mercadolivre.com.br/headset>","logger":"airflow.task.hooks.airflow.providers.standard.hooks.subprocess.SubprocessHook","filename":"subprocess.py","lineno":99}
{"timestamp":"2026-02-08T22:48:31.145970Z","level":"info","event":"{'color': 'N/A',","logger":"airflow.task.hooks.airflow.providers.standard.hooks.subprocess.SubprocessHook","filename":"subprocess.py","lineno":99}
{"timestamp":"2026-02-08T22:48:31.146017Z","level":"info","event":" 'full_title': 'Espuma Almofada Preta para Headset Logitech H390 H600 H609 H7 '","logger":"airflow.task.hooks.airflow.providers.standard.hooks.subprocess.SubprocessHook","filename":"subprocess.py","lineno":99}
{"timestamp":"2026-02-08T22:48:31.146067Z","level":"info","event":"               'Compatível',","logger":"airflow.task.hooks.airflow.providers.standard.hooks.subprocess.SubprocessHook","filename":"subprocess.py","lineno":99}
{"timestamp":"2026-02-08T22:48:31.146096Z","level":"info","event":" 'memory': 'N/A',","logger":"airflow.task.hooks.airflow.providers.standard.hooks.subprocess.SubprocessHook","filename":"subprocess.py","lineno":99}
{"timestamp":"2026-02-08T22:48:31.146123Z","level":"info","event":" 'price': '36',","logger":"airflow.task.hooks.airflow.providers.standard.hooks.subprocess.SubprocessHook","filename":"subprocess.py","lineno":99}
{"timestamp":"2026-02-08T22:48:31.146149Z","level":"info","event":" 'rating': '4.8',","logger":"airflow.task.hooks.airflow.providers.standard.hooks.subprocess.SubprocessHook","filename":"subprocess.py","lineno":99}
{"timestamp":"2026-02-08T22:48:31.146175Z","level":"info","event":" 'short_title': 'headset',","logger":"airflow.task.hooks.airflow.providers.standard.hooks.subprocess.SubprocessHook","filename":"subprocess.py","lineno":99}
{"timestamp":"2026-02-08T22:48:31.146199Z","level":"info","event":" 'site_name': 'mercado_livre',","logger":"airflow.task.hooks.airflow.providers.standard.hooks.subprocess.SubprocessHook","filename":"subprocess.py","lineno":99}
{"timestamp":"2026-02-08T22:48:31.146225Z","level":"info","event":" 'storage': 'N/A'}","logger":"airflow.task.hooks.airflow.providers.standard.hooks.subprocess.SubprocessHook","filename":"subprocess.py","lineno":99}
{"timestamp":"2026-02-08T22:48:31.147391Z","level":"info","event":"2026-02-08 22:48:31 [scrapy.core.scraper] DEBUG: Scraped from <200 https://lista.mercadolivre.com.br/headset>","logger":"airflow.task.hooks.airflow.providers.standard.hooks.subprocess.SubprocessHook","filename":"subprocess.py","lineno":99}
{"timestamp":"2026-02-08T22:48:31.147474Z","level":"info","event":"{'color': 'N/A',","logger":"airflow.task.hooks.airflow.providers.standard.hooks.subprocess.SubprocessHook","filename":"subprocess.py","lineno":99}
{"timestamp":"2026-02-08T22:48:31.147524Z","level":"info","event":" 'full_title': 'Headset HP DHH-1601, Drivers 40mm, Conector P2 3,5mm, Cabo 2m, '","logger":"airflow.task.hooks.airflow.providers.standard.hooks.subprocess.SubprocessHook","filename":"subprocess.py","lineno":99}
{"timestamp":"2026-02-08T22:48:31.147555Z","level":"info","event":"               'Preto',","logger":"airflow.task.hooks.airflow.providers.standard.hooks.subprocess.SubprocessHook","filename":"subprocess.py","lineno":99}
{"timestamp":"2026-02-08T22:48:31.147584Z","level":"info","event":" 'memory': 'N/A',","logger":"airflow.task.hooks.airflow.providers.standard.hooks.subprocess.SubprocessHook","filename":"subprocess.py","lineno":99}
{"timestamp":"2026-02-08T22:48:31.147611Z","level":"info","event":" 'price': '74',","logger":"airflow.task.hooks.airflow.providers.standard.hooks.subprocess.SubprocessHook","filename":"subprocess.py","lineno":99}
{"timestamp":"2026-02-08T22:48:31.147637Z","level":"info","event":" 'rating': '4.6',","logger":"airflow.task.hooks.airflow.providers.standard.hooks.subprocess.SubprocessHook","filename":"subprocess.py","lineno":99}
{"timestamp":"2026-02-08T22:48:31.147662Z","level":"info","event":" 'short_title': 'headset',","logger":"airflow.task.hooks.airflow.providers.standard.hooks.subprocess.SubprocessHook","filename":"subprocess.py","lineno":99}
{"timestamp":"2026-02-08T22:48:31.147688Z","level":"info","event":" 'site_name': 'mercado_livre',","logger":"airflow.task.hooks.airflow.providers.standard.hooks.subprocess.SubprocessHook","filename":"subprocess.py","lineno":99}
{"timestamp":"2026-02-08T22:48:31.147713Z","level":"info","event":" 'storage': 'N/A'}","logger":"airflow.task.hooks.airflow.providers.standard.hooks.subprocess.SubprocessHook","filename":"subprocess.py","lineno":99}
{"timestamp":"2026-02-08T22:48:31.148913Z","level":"info","event":"2026-02-08 22:48:31 [scrapy.core.scraper] DEBUG: Scraped from <200 https://lista.mercadolivre.com.br/headset>","logger":"airflow.task.hooks.airflow.providers.standard.hooks.subprocess.SubprocessHook","filename":"subprocess.py","lineno":99}
{"timestamp":"2026-02-08T22:48:31.149002Z","level":"info","event":"{'color': 'Preto',","logger":"airflow.task.hooks.airflow.providers.standard.hooks.subprocess.SubprocessHook","filename":"subprocess.py","lineno":99}
{"timestamp":"2026-02-08T22:48:31.149054Z","level":"info","event":" 'full_title': 'Headphone Bluetooth Redução De Ruído Com Microfone Cor Cor '","logger":"airflow.task.hooks.airflow.providers.standard.hooks.subprocess.SubprocessHook","filename":"subprocess.py","lineno":99}
{"timestamp":"2026-02-08T22:48:31.149090Z","level":"info","event":"               'Preto',","logger":"airflow.task.hooks.airflow.providers.standard.hooks.subprocess.SubprocessHook","filename":"subprocess.py","lineno":99}
{"timestamp":"2026-02-08T22:48:31.149120Z","level":"info","event":" 'memory': 'N/A',","logger":"airflow.task.hooks.airflow.providers.standard.hooks.subprocess.SubprocessHook","filename":"subprocess.py","lineno":99}
{"timestamp":"2026-02-08T22:48:31.149149Z","level":"info","event":" 'price': '282',","logger":"airflow.task.hooks.airflow.providers.standard.hooks.subprocess.SubprocessHook","filename":"subprocess.py","lineno":99}
{"timestamp":"2026-02-08T22:48:31.149176Z","level":"info","event":" 'rating': '4.8',","logger":"airflow.task.hooks.airflow.providers.standard.hooks.subprocess.SubprocessHook","filename":"subprocess.py","lineno":99}
{"timestamp":"2026-02-08T22:48:31.149203Z","level":"info","event":" 'short_title': 'headset',","logger":"airflow.task.hooks.airflow.providers.standard.hooks.subprocess.SubprocessHook","filename":"subprocess.py","lineno":99}
{"timestamp":"2026-02-08T22:48:31.149230Z","level":"info","event":" 'site_name': 'mercado_livre',","logger":"airflow.task.hooks.airflow.providers.standard.hooks.subprocess.SubprocessHook","filename":"subprocess.py","lineno":99}
{"timestamp":"2026-02-08T22:48:31.149257Z","level":"info","event":" 'storage': 'N/A'}","logger":"airflow.task.hooks.airflow.providers.standard.hooks.subprocess.SubprocessHook","filename":"subprocess.py","lineno":99}
{"timestamp":"2026-02-08T22:48:31.150482Z","level":"info","event":"2026-02-08 22:48:31 [scrapy.core.scraper] DEBUG: Scraped from <200 https://lista.mercadolivre.com.br/headset>","logger":"airflow.task.hooks.airflow.providers.standard.hooks.subprocess.SubprocessHook","filename":"subprocess.py","lineno":99}
{"timestamp":"2026-02-08T22:48:31.150570Z","level":"info","event":"{'color': 'Preto',","logger":"airflow.task.hooks.airflow.providers.standard.hooks.subprocess.SubprocessHook","filename":"subprocess.py","lineno":99}
{"timestamp":"2026-02-08T22:48:31.150619Z","level":"info","event":" 'full_title': 'Auscultador Wireless Hyperx Cloud Iii Preto Cor Preto',","logger":"airflow.task.hooks.airflow.providers.standard.hooks.subprocess.SubprocessHook","filename":"subprocess.py","lineno":99}
{"timestamp":"2026-02-08T22:48:31.150652Z","level":"info","event":" 'memory': 'N/A',","logger":"airflow.task.hooks.airflow.providers.standard.hooks.subprocess.SubprocessHook","filename":"subprocess.py","lineno":99}
{"timestamp":"2026-02-08T22:48:31.150681Z","level":"info","event":" 'price': '841',","logger":"airflow.task.hooks.airflow.providers.standard.hooks.subprocess.SubprocessHook","filename":"subprocess.py","lineno":99}
{"timestamp":"2026-02-08T22:48:31.150709Z","level":"info","event":" 'rating': '4.9',","logger":"airflow.task.hooks.airflow.providers.standard.hooks.subprocess.SubprocessHook","filename":"subprocess.py","lineno":99}
{"timestamp":"2026-02-08T22:48:31.150735Z","level":"info","event":" 'short_title': 'headset',","logger":"airflow.task.hooks.airflow.providers.standard.hooks.subprocess.SubprocessHook","filename":"subprocess.py","lineno":99}
{"timestamp":"2026-02-08T22:48:31.150762Z","level":"info","event":" 'site_name': 'mercado_livre',","logger":"airflow.task.hooks.airflow.providers.standard.hooks.subprocess.SubprocessHook","filename":"subprocess.py","lineno":99}
{"timestamp":"2026-02-08T22:48:31.150789Z","level":"info","event":" 'storage': 'N/A'}","logger":"airflow.task.hooks.airflow.providers.standard.hooks.subprocess.SubprocessHook","filename":"subprocess.py","lineno":99}
{"timestamp":"2026-02-08T22:48:31.152062Z","level":"info","event":"2026-02-08 22:48:31 [scrapy.core.scraper] DEBUG: Scraped from <200 https://lista.mercadolivre.com.br/headset>","logger":"airflow.task.hooks.airflow.providers.standard.hooks.subprocess.SubprocessHook","filename":"subprocess.py","lineno":99}
{"timestamp":"2026-02-08T22:48:31.152132Z","level":"info","event":"{'color': 'Branco',","logger":"airflow.task.hooks.airflow.providers.standard.hooks.subprocess.SubprocessHook","filename":"subprocess.py","lineno":99}
{"timestamp":"2026-02-08T22:48:31.152171Z","level":"info","event":" 'full_title': 'Fone de Ouvido Bluetooth JBL Tune 720BT Branco Dobrável',","logger":"airflow.task.hooks.airflow.providers.standard.hooks.subprocess.SubprocessHook","filename":"subprocess.py","lineno":99}
{"timestamp":"2026-02-08T22:48:31.152655Z","level":"info","event":" 'memory': 'N/A',","logger":"airflow.task.hooks.airflow.providers.standard.hooks.subprocess.SubprocessHook","filename":"subprocess.py","lineno":99}
{"timestamp":"2026-02-08T22:48:31.152799Z","level":"info","event":" 'price': '439',","logger":"airflow.task.hooks.airflow.providers.standard.hooks.subprocess.SubprocessHook","filename":"subprocess.py","lineno":99}
{"timestamp":"2026-02-08T22:48:31.152851Z","level":"info","event":" 'rating': '4.9',","logger":"airflow.task.hooks.airflow.providers.standard.hooks.subprocess.SubprocessHook","filename":"subprocess.py","lineno":99}
{"timestamp":"2026-02-08T22:48:31.152885Z","level":"info","event":" 'short_title': 'headset',","logger":"airflow.task.hooks.airflow.providers.standard.hooks.subprocess.SubprocessHook","filename":"subprocess.py","lineno":99}
{"timestamp":"2026-02-08T22:48:31.152915Z","level":"info","event":" 'site_name': 'mercado_livre',","logger":"airflow.task.hooks.airflow.providers.standard.hooks.subprocess.SubprocessHook","filename":"subprocess.py","lineno":99}
{"timestamp":"2026-02-08T22:48:31.152943Z","level":"info","event":" 'storage': 'N/A'}","logger":"airflow.task.hooks.airflow.providers.standard.hooks.subprocess.SubprocessHook","filename":"subprocess.py","lineno":99}
{"timestamp":"2026-02-08T22:48:31.153727Z","level":"info","event":"2026-02-08 22:48:31 [scrapy.core.scraper] DEBUG: Scraped from <200 https://lista.mercadolivre.com.br/headset>","logger":"airflow.task.hooks.airflow.providers.standard.hooks.subprocess.SubprocessHook","filename":"subprocess.py","lineno":99}
{"timestamp":"2026-02-08T22:48:31.153790Z","level":"info","event":"{'color': 'Preto',","logger":"airflow.task.hooks.airflow.providers.standard.hooks.subprocess.SubprocessHook","filename":"subprocess.py","lineno":99}
{"timestamp":"2026-02-08T22:48:31.153827Z","level":"info","event":" 'full_title': 'Headset P3 - HP DHE-8009 194r3aa - Cor Preto',","logger":"airflow.task.hooks.airflow.providers.standard.hooks.subprocess.SubprocessHook","filename":"subprocess.py","lineno":99}
{"timestamp":"2026-02-08T22:48:31.153917Z","level":"info","event":" 'memory': 'N/A',","logger":"airflow.task.hooks.airflow.providers.standard.hooks.subprocess.SubprocessHook","filename":"subprocess.py","lineno":99}
{"timestamp":"2026-02-08T22:48:31.153963Z","level":"info","event":" 'price': '60',","logger":"airflow.task.hooks.airflow.providers.standard.hooks.subprocess.SubprocessHook","filename":"subprocess.py","lineno":99}
{"timestamp":"2026-02-08T22:48:31.153994Z","level":"info","event":" 'rating': '4.7',","logger":"airflow.task.hooks.airflow.providers.standard.hooks.subprocess.SubprocessHook","filename":"subprocess.py","lineno":99}
{"timestamp":"2026-02-08T22:48:31.154022Z","level":"info","event":" 'short_title': 'headset',","logger":"airflow.task.hooks.airflow.providers.standard.hooks.subprocess.SubprocessHook","filename":"subprocess.py","lineno":99}
{"timestamp":"2026-02-08T22:48:31.154050Z","level":"info","event":" 'site_name': 'mercado_livre',","logger":"airflow.task.hooks.airflow.providers.standard.hooks.subprocess.SubprocessHook","filename":"subprocess.py","lineno":99}
{"timestamp":"2026-02-08T22:48:31.154075Z","level":"info","event":" 'storage': 'N/A'}","logger":"airflow.task.hooks.airflow.providers.standard.hooks.subprocess.SubprocessHook","filename":"subprocess.py","lineno":99}
{"timestamp":"2026-02-08T22:48:31.155214Z","level":"info","event":"2026-02-08 22:48:31 [scrapy.core.scraper] DEBUG: Scraped from <200 https://lista.mercadolivre.com.br/headset>","logger":"airflow.task.hooks.airflow.providers.standard.hooks.subprocess.SubprocessHook","filename":"subprocess.py","lineno":99}
{"timestamp":"2026-02-08T22:48:31.155300Z","level":"info","event":"{'color': 'Preto',","logger":"airflow.task.hooks.airflow.providers.standard.hooks.subprocess.SubprocessHook","filename":"subprocess.py","lineno":99}
{"timestamp":"2026-02-08T22:48:31.155350Z","level":"info","event":" 'full_title': 'Headset Bluetooth Redução De Ruído Do Anc Com Microfone '","logger":"airflow.task.hooks.airflow.providers.standard.hooks.subprocess.SubprocessHook","filename":"subprocess.py","lineno":99}
{"timestamp":"2026-02-08T22:48:31.155385Z","level":"info","event":"               'Enc(Chamada Hd Bluetooth), Fone Bluetooth , Bateria 30 Horas, '","logger":"airflow.task.hooks.airflow.providers.standard.hooks.subprocess.SubprocessHook","filename":"subprocess.py","lineno":99}
{"timestamp":"2026-02-08T22:48:31.155414Z","level":"info","event":"               'Hifi Chamadas Por Bluetooth, Cor Preto Basike Ba-FON113',","logger":"airflow.task.hooks.airflow.providers.standard.hooks.subprocess.SubprocessHook","filename":"subprocess.py","lineno":99}
{"timestamp":"2026-02-08T22:48:31.155443Z","level":"info","event":" 'memory': 'N/A',","logger":"airflow.task.hooks.airflow.providers.standard.hooks.subprocess.SubprocessHook","filename":"subprocess.py","lineno":99}
{"timestamp":"2026-02-08T22:48:31.155469Z","level":"info","event":" 'price': '241',","logger":"airflow.task.hooks.airflow.providers.standard.hooks.subprocess.SubprocessHook","filename":"subprocess.py","lineno":99}
{"timestamp":"2026-02-08T22:48:31.155494Z","level":"info","event":" 'rating': '4.8',","logger":"airflow.task.hooks.airflow.providers.standard.hooks.subprocess.SubprocessHook","filename":"subprocess.py","lineno":99}
{"timestamp":"2026-02-08T22:48:31.155520Z","level":"info","event":" 'short_title': 'headset',","logger":"airflow.task.hooks.airflow.providers.standard.hooks.subprocess.SubprocessHook","filename":"subprocess.py","lineno":99}
{"timestamp":"2026-02-08T22:48:31.155545Z","level":"info","event":" 'site_name': 'mercado_livre',","logger":"airflow.task.hooks.airflow.providers.standard.hooks.subprocess.SubprocessHook","filename":"subprocess.py","lineno":99}
{"timestamp":"2026-02-08T22:48:31.155571Z","level":"info","event":" 'storage': 'N/A'}","logger":"airflow.task.hooks.airflow.providers.standard.hooks.subprocess.SubprocessHook","filename":"subprocess.py","lineno":99}
{"timestamp":"2026-02-08T22:48:31.156702Z","level":"info","event":"2026-02-08 22:48:31 [scrapy.core.scraper] DEBUG: Scraped from <200 https://lista.mercadolivre.com.br/headset>","logger":"airflow.task.hooks.airflow.providers.standard.hooks.subprocess.SubprocessHook","filename":"subprocess.py","lineno":99}
{"timestamp":"2026-02-08T22:48:31.156786Z","level":"info","event":"{'color': 'N/A',","logger":"airflow.task.hooks.airflow.providers.standard.hooks.subprocess.SubprocessHook","filename":"subprocess.py","lineno":99}
{"timestamp":"2026-02-08T22:48:31.156834Z","level":"info","event":" 'full_title': 'HAVIT Fone de Ouvido Headset FUXI-H3 Quad-Mode (com fio e sem '","logger":"airflow.task.hooks.airflow.providers.standard.hooks.subprocess.SubprocessHook","filename":"subprocess.py","lineno":99}
{"timestamp":"2026-02-08T22:48:31.156868Z","level":"info","event":"               'fio, Wireless 2,4GHz, Bluetooth, Cabo USB-C, Cabo Auxiliar '","logger":"airflow.task.hooks.airflow.providers.standard.hooks.subprocess.SubprocessHook","filename":"subprocess.py","lineno":99}
{"timestamp":"2026-02-08T22:48:31.156898Z","level":"info","event":"               '3.5mm). Surround, Baixa Latência - Preto',","logger":"airflow.task.hooks.airflow.providers.standard.hooks.subprocess.SubprocessHook","filename":"subprocess.py","lineno":99}
{"timestamp":"2026-02-08T22:48:31.156926Z","level":"info","event":" 'memory': 'N/A',","logger":"airflow.task.hooks.airflow.providers.standard.hooks.subprocess.SubprocessHook","filename":"subprocess.py","lineno":99}
{"timestamp":"2026-02-08T22:48:31.156953Z","level":"info","event":" 'price': '329',","logger":"airflow.task.hooks.airflow.providers.standard.hooks.subprocess.SubprocessHook","filename":"subprocess.py","lineno":99}
{"timestamp":"2026-02-08T22:48:31.156978Z","level":"info","event":" 'rating': '4.8',","logger":"airflow.task.hooks.airflow.providers.standard.hooks.subprocess.SubprocessHook","filename":"subprocess.py","lineno":99}
{"timestamp":"2026-02-08T22:48:31.157003Z","level":"info","event":" 'short_title': 'headset',","logger":"airflow.task.hooks.airflow.providers.standard.hooks.subprocess.SubprocessHook","filename":"subprocess.py","lineno":99}
{"timestamp":"2026-02-08T22:48:31.157029Z","level":"info","event":" 'site_name': 'mercado_livre',","logger":"airflow.task.hooks.airflow.providers.standard.hooks.subprocess.SubprocessHook","filename":"subprocess.py","lineno":99}
{"timestamp":"2026-02-08T22:48:31.157054Z","level":"info","event":" 'storage': 'N/A'}","logger":"airflow.task.hooks.airflow.providers.standard.hooks.subprocess.SubprocessHook","filename":"subprocess.py","lineno":99}
{"timestamp":"2026-02-08T22:48:31.158360Z","level":"info","event":"2026-02-08 22:48:31 [scrapy.core.scraper] DEBUG: Scraped from <200 https://lista.mercadolivre.com.br/headset>","logger":"airflow.task.hooks.airflow.providers.standard.hooks.subprocess.SubprocessHook","filename":"subprocess.py","lineno":99}
{"timestamp":"2026-02-08T22:48:31.158450Z","level":"info","event":"{'color': 'Branco',","logger":"airflow.task.hooks.airflow.providers.standard.hooks.subprocess.SubprocessHook","filename":"subprocess.py","lineno":99}
{"timestamp":"2026-02-08T22:48:31.158500Z","level":"info","event":" 'full_title': 'Headset Bluetooth Redução De Ruído Do Anc Hifi Com Microfone '","logger":"airflow.task.hooks.airflow.providers.standard.hooks.subprocess.SubprocessHook","filename":"subprocess.py","lineno":99}
{"timestamp":"2026-02-08T22:48:31.158532Z","level":"info","event":"               'Cor Branco',","logger":"airflow.task.hooks.airflow.providers.standard.hooks.subprocess.SubprocessHook","filename":"subprocess.py","lineno":99}
{"timestamp":"2026-02-08T22:48:31.158561Z","level":"info","event":" 'memory': 'N/A',","logger":"airflow.task.hooks.airflow.providers.standard.hooks.subprocess.SubprocessHook","filename":"subprocess.py","lineno":99}
{"timestamp":"2026-02-08T22:48:31.158588Z","level":"info","event":" 'price': '298',","logger":"airflow.task.hooks.airflow.providers.standard.hooks.subprocess.SubprocessHook","filename":"subprocess.py","lineno":99}
{"timestamp":"2026-02-08T22:48:31.158614Z","level":"info","event":" 'rating': '4.8',","logger":"airflow.task.hooks.airflow.providers.standard.hooks.subprocess.SubprocessHook","filename":"subprocess.py","lineno":99}
{"timestamp":"2026-02-08T22:48:31.158640Z","level":"info","event":" 'short_title': 'headset',","logger":"airflow.task.hooks.airflow.providers.standard.hooks.subprocess.SubprocessHook","filename":"subprocess.py","lineno":99}
{"timestamp":"2026-02-08T22:48:31.158665Z","level":"info","event":" 'site_name': 'mercado_livre',","logger":"airflow.task.hooks.airflow.providers.standard.hooks.subprocess.SubprocessHook","filename":"subprocess.py","lineno":99}
{"timestamp":"2026-02-08T22:48:31.158690Z","level":"info","event":" 'storage': 'N/A'}","logger":"airflow.task.hooks.airflow.providers.standard.hooks.subprocess.SubprocessHook","filename":"subprocess.py","lineno":99}
{"timestamp":"2026-02-08T22:48:31.159824Z","level":"info","event":"2026-02-08 22:48:31 [scrapy.core.scraper] DEBUG: Scraped from <200 https://lista.mercadolivre.com.br/headset>","logger":"airflow.task.hooks.airflow.providers.standard.hooks.subprocess.SubprocessHook","filename":"subprocess.py","lineno":99}
{"timestamp":"2026-02-08T22:48:31.159909Z","level":"info","event":"{'color': 'Preto',","logger":"airflow.task.hooks.airflow.providers.standard.hooks.subprocess.SubprocessHook","filename":"subprocess.py","lineno":99}
{"timestamp":"2026-02-08T22:48:31.159957Z","level":"info","event":" 'full_title': 'Suporte Headset Sculpy C1 Preto Mesa Fones Grandes Pés '","logger":"airflow.task.hooks.airflow.providers.standard.hooks.subprocess.SubprocessHook","filename":"subprocess.py","lineno":99}
{"timestamp":"2026-02-08T22:48:31.159990Z","level":"info","event":"               'Silicone',","logger":"airflow.task.hooks.airflow.providers.standard.hooks.subprocess.SubprocessHook","filename":"subprocess.py","lineno":99}
{"timestamp":"2026-02-08T22:48:31.160020Z","level":"info","event":" 'memory': 'N/A',","logger":"airflow.task.hooks.airflow.providers.standard.hooks.subprocess.SubprocessHook","filename":"subprocess.py","lineno":99}
{"timestamp":"2026-02-08T22:48:31.160047Z","level":"info","event":" 'price': '49',","logger":"airflow.task.hooks.airflow.providers.standard.hooks.subprocess.SubprocessHook","filename":"subprocess.py","lineno":99}
{"timestamp":"2026-02-08T22:48:31.160073Z","level":"info","event":" 'rating': '4.6',","logger":"airflow.task.hooks.airflow.providers.standard.hooks.subprocess.SubprocessHook","filename":"subprocess.py","lineno":99}
{"timestamp":"2026-02-08T22:48:31.160100Z","level":"info","event":" 'short_title': 'headset',","logger":"airflow.task.hooks.airflow.providers.standard.hooks.subprocess.SubprocessHook","filename":"subprocess.py","lineno":99}
{"timestamp":"2026-02-08T22:48:31.160126Z","level":"info","event":" 'site_name': 'mercado_livre',","logger":"airflow.task.hooks.airflow.providers.standard.hooks.subprocess.SubprocessHook","filename":"subprocess.py","lineno":99}
{"timestamp":"2026-02-08T22:48:31.160151Z","level":"info","event":" 'storage': 'N/A'}","logger":"airflow.task.hooks.airflow.providers.standard.hooks.subprocess.SubprocessHook","filename":"subprocess.py","lineno":99}
{"timestamp":"2026-02-08T22:48:31.161375Z","level":"info","event":"2026-02-08 22:48:31 [scrapy.core.engine] INFO: Closing spider (finished)","logger":"airflow.task.hooks.airflow.providers.standard.hooks.subprocess.SubprocessHook","filename":"subprocess.py","lineno":99}
{"timestamp":"2026-02-08T22:48:31.162676Z","level":"info","event":"2026-02-08 22:48:31 [scrapy.statscollectors] INFO: Dumping Scrapy stats:","logger":"airflow.task.hooks.airflow.providers.standard.hooks.subprocess.SubprocessHook","filename":"subprocess.py","lineno":99}
{"timestamp":"2026-02-08T22:48:31.162746Z","level":"info","event":"{'downloader/request_bytes': 2217,","logger":"airflow.task.hooks.airflow.providers.standard.hooks.subprocess.SubprocessHook","filename":"subprocess.py","lineno":99}
{"timestamp":"2026-02-08T22:48:31.162784Z","level":"info","event":" 'downloader/request_count': 6,","logger":"airflow.task.hooks.airflow.providers.standard.hooks.subprocess.SubprocessHook","filename":"subprocess.py","lineno":99}
{"timestamp":"2026-02-08T22:48:31.162816Z","level":"info","event":" 'downloader/request_method_count/GET': 6,","logger":"airflow.task.hooks.airflow.providers.standard.hooks.subprocess.SubprocessHook","filename":"subprocess.py","lineno":99}
{"timestamp":"2026-02-08T22:48:31.162847Z","level":"info","event":" 'downloader/response_bytes': 1979328,","logger":"airflow.task.hooks.airflow.providers.standard.hooks.subprocess.SubprocessHook","filename":"subprocess.py","lineno":99}
{"timestamp":"2026-02-08T22:48:31.162874Z","level":"info","event":" 'downloader/response_count': 6,","logger":"airflow.task.hooks.airflow.providers.standard.hooks.subprocess.SubprocessHook","filename":"subprocess.py","lineno":99}
{"timestamp":"2026-02-08T22:48:31.162902Z","level":"info","event":" 'downloader/response_status_count/200': 6,","logger":"airflow.task.hooks.airflow.providers.standard.hooks.subprocess.SubprocessHook","filename":"subprocess.py","lineno":99}
{"timestamp":"2026-02-08T22:48:31.162928Z","level":"info","event":" 'elapsed_time_seconds': 34.347876,","logger":"airflow.task.hooks.airflow.providers.standard.hooks.subprocess.SubprocessHook","filename":"subprocess.py","lineno":99}
{"timestamp":"2026-02-08T22:48:31.162955Z","level":"info","event":" 'finish_reason': 'finished',","logger":"airflow.task.hooks.airflow.providers.standard.hooks.subprocess.SubprocessHook","filename":"subprocess.py","lineno":99}
{"timestamp":"2026-02-08T22:48:31.162982Z","level":"info","event":" 'finish_time': datetime.datetime(2026, 2, 8, 22, 48, 31, 161601, tzinfo=datetime.timezone.utc),","logger":"airflow.task.hooks.airflow.providers.standard.hooks.subprocess.SubprocessHook","filename":"subprocess.py","lineno":99}
{"timestamp":"2026-02-08T22:48:31.163011Z","level":"info","event":" 'httpcompression/response_bytes': 12389232,","logger":"airflow.task.hooks.airflow.providers.standard.hooks.subprocess.SubprocessHook","filename":"subprocess.py","lineno":99}
{"timestamp":"2026-02-08T22:48:31.163038Z","level":"info","event":" 'httpcompression/response_count': 6,","logger":"airflow.task.hooks.airflow.providers.standard.hooks.subprocess.SubprocessHook","filename":"subprocess.py","lineno":99}
{"timestamp":"2026-02-08T22:48:31.163064Z","level":"info","event":" 'item_scraped_count': 287,","logger":"airflow.task.hooks.airflow.providers.standard.hooks.subprocess.SubprocessHook","filename":"subprocess.py","lineno":99}
{"timestamp":"2026-02-08T22:48:31.163090Z","level":"info","event":" 'items_per_minute': 506.47058823529414,","logger":"airflow.task.hooks.airflow.providers.standard.hooks.subprocess.SubprocessHook","filename":"subprocess.py","lineno":99}
{"timestamp":"2026-02-08T22:48:31.163116Z","level":"info","event":" 'log_count/DEBUG': 300,","logger":"airflow.task.hooks.airflow.providers.standard.hooks.subprocess.SubprocessHook","filename":"subprocess.py","lineno":99}
{"timestamp":"2026-02-08T22:48:31.163141Z","level":"info","event":" 'log_count/INFO': 10,","logger":"airflow.task.hooks.airflow.providers.standard.hooks.subprocess.SubprocessHook","filename":"subprocess.py","lineno":99}
{"timestamp":"2026-02-08T22:48:31.163169Z","level":"info","event":" 'memusage/max': 236912640,","logger":"airflow.task.hooks.airflow.providers.standard.hooks.subprocess.SubprocessHook","filename":"subprocess.py","lineno":99}
{"timestamp":"2026-02-08T22:48:31.163195Z","level":"info","event":" 'memusage/startup': 236912640,","logger":"airflow.task.hooks.airflow.providers.standard.hooks.subprocess.SubprocessHook","filename":"subprocess.py","lineno":99}
{"timestamp":"2026-02-08T22:48:31.163220Z","level":"info","event":" 'response_received_count': 6,","logger":"airflow.task.hooks.airflow.providers.standard.hooks.subprocess.SubprocessHook","filename":"subprocess.py","lineno":99}
{"timestamp":"2026-02-08T22:48:31.163247Z","level":"info","event":" 'responses_per_minute': 10.588235294117647,","logger":"airflow.task.hooks.airflow.providers.standard.hooks.subprocess.SubprocessHook","filename":"subprocess.py","lineno":99}
{"timestamp":"2026-02-08T22:48:31.163273Z","level":"info","event":" 'robotstxt/request_count': 1,","logger":"airflow.task.hooks.airflow.providers.standard.hooks.subprocess.SubprocessHook","filename":"subprocess.py","lineno":99}
{"timestamp":"2026-02-08T22:48:31.163299Z","level":"info","event":" 'robotstxt/response_count': 1,","logger":"airflow.task.hooks.airflow.providers.standard.hooks.subprocess.SubprocessHook","filename":"subprocess.py","lineno":99}
{"timestamp":"2026-02-08T22:48:31.163324Z","level":"info","event":" 'robotstxt/response_status_count/200': 1,","logger":"airflow.task.hooks.airflow.providers.standard.hooks.subprocess.SubprocessHook","filename":"subprocess.py","lineno":99}
{"timestamp":"2026-02-08T22:48:31.163350Z","level":"info","event":" 'scheduler/dequeued': 5,","logger":"airflow.task.hooks.airflow.providers.standard.hooks.subprocess.SubprocessHook","filename":"subprocess.py","lineno":99}
{"timestamp":"2026-02-08T22:48:31.163376Z","level":"info","event":" 'scheduler/dequeued/memory': 5,","logger":"airflow.task.hooks.airflow.providers.standard.hooks.subprocess.SubprocessHook","filename":"subprocess.py","lineno":99}
{"timestamp":"2026-02-08T22:48:31.163401Z","level":"info","event":" 'scheduler/enqueued': 5,","logger":"airflow.task.hooks.airflow.providers.standard.hooks.subprocess.SubprocessHook","filename":"subprocess.py","lineno":99}
{"timestamp":"2026-02-08T22:48:31.163427Z","level":"info","event":" 'scheduler/enqueued/memory': 5,","logger":"airflow.task.hooks.airflow.providers.standard.hooks.subprocess.SubprocessHook","filename":"subprocess.py","lineno":99}
{"timestamp":"2026-02-08T22:48:31.163452Z","level":"info","event":" 'start_time': datetime.datetime(2026, 2, 8, 22, 47, 56, 813725, tzinfo=datetime.timezone.utc)}","logger":"airflow.task.hooks.airflow.providers.standard.hooks.subprocess.SubprocessHook","filename":"subprocess.py","lineno":99}
{"timestamp":"2026-02-08T22:48:31.163515Z","level":"info","event":"2026-02-08 22:48:31 [scrapy.core.engine] INFO: Spider closed (finished)","logger":"airflow.task.hooks.airflow.providers.standard.hooks.subprocess.SubprocessHook","filename":"subprocess.py","lineno":99}
{"timestamp":"2026-02-08T22:48:31.404875Z","level":"info","event":"Command exited with return code 0","logger":"airflow.task.hooks.airflow.providers.standard.hooks.subprocess.SubprocessHook","filename":"subprocess.py","lineno":103}
{"timestamp":"2026-02-08T22:48:31.405683Z","level":"info","event":"Pushing xcom","ti":"RuntimeTaskInstance(id=UUID('019c3f70-67ab-788f-a92d-91b425a61640'), task_id='run_scrapy_mercado_livre', dag_id='scrapy_pipeline', run_id='scheduled__2026-02-08T22:30:00+00:00', try_number=1, dag_version_id=UUID('019c1489-5544-7059-b1ee-b747d346a304'), map_index=-1, hostname='c70de4d1f24e', context_carrier={}, task=<Task(BashOperator): run_scrapy_mercado_livre>, bundle_instance=LocalDagBundle(name=dags-folder), max_tries=0, start_date=datetime.datetime(2026, 2, 8, 22, 47, 52, 643317, tzinfo=datetime.timezone.utc), end_date=None, state=<TaskInstanceState.RUNNING: 'running'>, is_mapped=False, rendered_map_index=None)","logger":"task","filename":"task_runner.py","lineno":1370}
