{"timestamp":"2026-01-16T03:24:48.777043Z","level":"info","event":"DAG bundles loaded: dags-folder","logger":"airflow.dag_processing.bundles.manager.DagBundlesManager","filename":"manager.py","lineno":179}
{"timestamp":"2026-01-16T03:24:48.779965Z","level":"info","event":"Filling up the DagBag from /opt/airflow/dags/scrapy_pipeline.py","logger":"airflow.models.dagbag.DagBag","filename":"dagbag.py","lineno":593}
{"timestamp":"2026-01-16T03:24:48.905246Z","level":"info","event":"Tmp dir root location: /tmp","logger":"airflow.task.hooks.airflow.providers.standard.hooks.subprocess.SubprocessHook","filename":"subprocess.py","lineno":78}
{"timestamp":"2026-01-16T03:24:48.905778Z","level":"info","event":"Running command: ['/usr/bin/bash', '-c', 'export PYTHONPATH=$PYTHONPATH:/opt/airflow/project/ecommerce_scraper && python3 -m scrapy crawl cute_mercado_livre_spider']","logger":"airflow.task.hooks.airflow.providers.standard.hooks.subprocess.SubprocessHook","filename":"subprocess.py","lineno":80}
{"timestamp":"2026-01-16T03:24:48.908114Z","level":"info","event":"Output:","logger":"airflow.task.hooks.airflow.providers.standard.hooks.subprocess.SubprocessHook","filename":"subprocess.py","lineno":92}
{"timestamp":"2026-01-16T03:24:49.620360Z","level":"info","event":"2026-01-16 03:24:49 [scrapy.utils.log] INFO: Scrapy 2.13.4 started (bot: ecommerce_scraper)","logger":"airflow.task.hooks.airflow.providers.standard.hooks.subprocess.SubprocessHook","filename":"subprocess.py","lineno":99}
{"timestamp":"2026-01-16T03:24:49.629398Z","level":"info","event":"2026-01-16 03:24:49 [scrapy.utils.log] INFO: Versions:","logger":"airflow.task.hooks.airflow.providers.standard.hooks.subprocess.SubprocessHook","filename":"subprocess.py","lineno":99}
{"timestamp":"2026-01-16T03:24:49.629593Z","level":"info","event":"{'lxml': '6.0.2',","logger":"airflow.task.hooks.airflow.providers.standard.hooks.subprocess.SubprocessHook","filename":"subprocess.py","lineno":99}
{"timestamp":"2026-01-16T03:24:49.629679Z","level":"info","event":" 'libxml2': '2.9.14',","logger":"airflow.task.hooks.airflow.providers.standard.hooks.subprocess.SubprocessHook","filename":"subprocess.py","lineno":99}
{"timestamp":"2026-01-16T03:24:49.629746Z","level":"info","event":" 'cssselect': '1.3.0',","logger":"airflow.task.hooks.airflow.providers.standard.hooks.subprocess.SubprocessHook","filename":"subprocess.py","lineno":99}
{"timestamp":"2026-01-16T03:24:49.629796Z","level":"info","event":" 'parsel': '1.10.0',","logger":"airflow.task.hooks.airflow.providers.standard.hooks.subprocess.SubprocessHook","filename":"subprocess.py","lineno":99}
{"timestamp":"2026-01-16T03:24:49.629832Z","level":"info","event":" 'w3lib': '2.3.1',","logger":"airflow.task.hooks.airflow.providers.standard.hooks.subprocess.SubprocessHook","filename":"subprocess.py","lineno":99}
{"timestamp":"2026-01-16T03:24:49.629866Z","level":"info","event":" 'Twisted': '25.5.0',","logger":"airflow.task.hooks.airflow.providers.standard.hooks.subprocess.SubprocessHook","filename":"subprocess.py","lineno":99}
{"timestamp":"2026-01-16T03:24:49.629897Z","level":"info","event":" 'Python': '3.12.12 (main, Dec 12 2025, 21:44:08) [GCC 12.2.0]',","logger":"airflow.task.hooks.airflow.providers.standard.hooks.subprocess.SubprocessHook","filename":"subprocess.py","lineno":99}
{"timestamp":"2026-01-16T03:24:49.629929Z","level":"info","event":" 'pyOpenSSL': '25.3.0 (OpenSSL 3.5.4 30 Sep 2025)',","logger":"airflow.task.hooks.airflow.providers.standard.hooks.subprocess.SubprocessHook","filename":"subprocess.py","lineno":99}
{"timestamp":"2026-01-16T03:24:49.629960Z","level":"info","event":" 'cryptography': '46.0.3',","logger":"airflow.task.hooks.airflow.providers.standard.hooks.subprocess.SubprocessHook","filename":"subprocess.py","lineno":99}
{"timestamp":"2026-01-16T03:24:49.629990Z","level":"info","event":" 'Platform': 'Linux-6.6.87.2-microsoft-standard-WSL2-x86_64-with-glibc2.36'}","logger":"airflow.task.hooks.airflow.providers.standard.hooks.subprocess.SubprocessHook","filename":"subprocess.py","lineno":99}
{"timestamp":"2026-01-16T03:24:49.631293Z","level":"info","event":"2026-01-16 03:24:49 [scrapy.addons] INFO: Enabled addons:","logger":"airflow.task.hooks.airflow.providers.standard.hooks.subprocess.SubprocessHook","filename":"subprocess.py","lineno":99}
{"timestamp":"2026-01-16T03:24:49.631405Z","level":"info","event":"[]","logger":"airflow.task.hooks.airflow.providers.standard.hooks.subprocess.SubprocessHook","filename":"subprocess.py","lineno":99}
{"timestamp":"2026-01-16T03:24:49.633916Z","level":"info","event":"2026-01-16 03:24:49 [asyncio] DEBUG: Using selector: EpollSelector","logger":"airflow.task.hooks.airflow.providers.standard.hooks.subprocess.SubprocessHook","filename":"subprocess.py","lineno":99}
{"timestamp":"2026-01-16T03:24:49.634312Z","level":"info","event":"2026-01-16 03:24:49 [scrapy.utils.log] DEBUG: Using reactor: twisted.internet.asyncioreactor.AsyncioSelectorReactor","logger":"airflow.task.hooks.airflow.providers.standard.hooks.subprocess.SubprocessHook","filename":"subprocess.py","lineno":99}
{"timestamp":"2026-01-16T03:24:49.634409Z","level":"info","event":"2026-01-16 03:24:49 [scrapy.utils.log] DEBUG: Using asyncio event loop: asyncio.unix_events._UnixSelectorEventLoop","logger":"airflow.task.hooks.airflow.providers.standard.hooks.subprocess.SubprocessHook","filename":"subprocess.py","lineno":99}
{"timestamp":"2026-01-16T03:24:49.636489Z","level":"info","event":"2026-01-16 03:24:49 [scrapy.extensions.telnet] INFO: Telnet Password: 3557c36b4d359b05","logger":"airflow.task.hooks.airflow.providers.standard.hooks.subprocess.SubprocessHook","filename":"subprocess.py","lineno":99}
{"timestamp":"2026-01-16T03:24:49.649215Z","level":"info","event":"2026-01-16 03:24:49 [scrapy.middleware] INFO: Enabled extensions:","logger":"airflow.task.hooks.airflow.providers.standard.hooks.subprocess.SubprocessHook","filename":"subprocess.py","lineno":99}
{"timestamp":"2026-01-16T03:24:49.649418Z","level":"info","event":"['scrapy.extensions.corestats.CoreStats',","logger":"airflow.task.hooks.airflow.providers.standard.hooks.subprocess.SubprocessHook","filename":"subprocess.py","lineno":99}
{"timestamp":"2026-01-16T03:24:49.649487Z","level":"info","event":" 'scrapy.extensions.telnet.TelnetConsole',","logger":"airflow.task.hooks.airflow.providers.standard.hooks.subprocess.SubprocessHook","filename":"subprocess.py","lineno":99}
{"timestamp":"2026-01-16T03:24:49.649538Z","level":"info","event":" 'scrapy.extensions.memusage.MemoryUsage',","logger":"airflow.task.hooks.airflow.providers.standard.hooks.subprocess.SubprocessHook","filename":"subprocess.py","lineno":99}
{"timestamp":"2026-01-16T03:24:49.649579Z","level":"info","event":" 'scrapy.extensions.logstats.LogStats',","logger":"airflow.task.hooks.airflow.providers.standard.hooks.subprocess.SubprocessHook","filename":"subprocess.py","lineno":99}
{"timestamp":"2026-01-16T03:24:49.649617Z","level":"info","event":" 'scrapy.extensions.throttle.AutoThrottle']","logger":"airflow.task.hooks.airflow.providers.standard.hooks.subprocess.SubprocessHook","filename":"subprocess.py","lineno":99}
{"timestamp":"2026-01-16T03:24:49.649659Z","level":"info","event":"2026-01-16 03:24:49 [scrapy.crawler] INFO: Overridden settings:","logger":"airflow.task.hooks.airflow.providers.standard.hooks.subprocess.SubprocessHook","filename":"subprocess.py","lineno":99}
{"timestamp":"2026-01-16T03:24:49.649699Z","level":"info","event":"{'AUTOTHROTTLE_ENABLED': True,","logger":"airflow.task.hooks.airflow.providers.standard.hooks.subprocess.SubprocessHook","filename":"subprocess.py","lineno":99}
{"timestamp":"2026-01-16T03:24:49.649738Z","level":"info","event":" 'BOT_NAME': 'ecommerce_scraper',","logger":"airflow.task.hooks.airflow.providers.standard.hooks.subprocess.SubprocessHook","filename":"subprocess.py","lineno":99}
{"timestamp":"2026-01-16T03:24:49.649776Z","level":"info","event":" 'CONCURRENT_REQUESTS_PER_DOMAIN': 1,","logger":"airflow.task.hooks.airflow.providers.standard.hooks.subprocess.SubprocessHook","filename":"subprocess.py","lineno":99}
{"timestamp":"2026-01-16T03:24:49.649811Z","level":"info","event":" 'DOWNLOAD_DELAY': 1,","logger":"airflow.task.hooks.airflow.providers.standard.hooks.subprocess.SubprocessHook","filename":"subprocess.py","lineno":99}
{"timestamp":"2026-01-16T03:24:49.649847Z","level":"info","event":" 'FEED_EXPORT_ENCODING': 'utf-8',","logger":"airflow.task.hooks.airflow.providers.standard.hooks.subprocess.SubprocessHook","filename":"subprocess.py","lineno":99}
{"timestamp":"2026-01-16T03:24:49.649882Z","level":"info","event":" 'NEWSPIDER_MODULE': 'ecommerce_scraper.spiders',","logger":"airflow.task.hooks.airflow.providers.standard.hooks.subprocess.SubprocessHook","filename":"subprocess.py","lineno":99}
{"timestamp":"2026-01-16T03:24:49.649917Z","level":"info","event":" 'ROBOTSTXT_OBEY': True,","logger":"airflow.task.hooks.airflow.providers.standard.hooks.subprocess.SubprocessHook","filename":"subprocess.py","lineno":99}
{"timestamp":"2026-01-16T03:24:49.649954Z","level":"info","event":" 'SPIDER_MODULES': ['ecommerce_scraper.spiders']}","logger":"airflow.task.hooks.airflow.providers.standard.hooks.subprocess.SubprocessHook","filename":"subprocess.py","lineno":99}
{"timestamp":"2026-01-16T03:24:49.819116Z","level":"info","event":"2026-01-16 03:24:49 [faker.factory] DEBUG: Not in REPL -> leaving logger event level as is.","logger":"airflow.task.hooks.airflow.providers.standard.hooks.subprocess.SubprocessHook","filename":"subprocess.py","lineno":99}
{"timestamp":"2026-01-16T03:24:49.887445Z","level":"info","event":"2026-01-16 03:24:49 [scrapy_ua_rotator.middleware] DEBUG: Loaded User-Agent provider: scrapy_ua_rotator.providers.FakeUserAgentProvider","logger":"airflow.task.hooks.airflow.providers.standard.hooks.subprocess.SubprocessHook","filename":"subprocess.py","lineno":99}
{"timestamp":"2026-01-16T03:24:49.976447Z","level":"info","event":"2026-01-16 03:24:49 [scrapy.middleware] INFO: Enabled downloader middlewares:","logger":"airflow.task.hooks.airflow.providers.standard.hooks.subprocess.SubprocessHook","filename":"subprocess.py","lineno":99}
{"timestamp":"2026-01-16T03:24:49.976605Z","level":"info","event":"['scrapy.downloadermiddlewares.offsite.OffsiteMiddleware',","logger":"airflow.task.hooks.airflow.providers.standard.hooks.subprocess.SubprocessHook","filename":"subprocess.py","lineno":99}
{"timestamp":"2026-01-16T03:24:49.976650Z","level":"info","event":" 'scrapy.downloadermiddlewares.robotstxt.RobotsTxtMiddleware',","logger":"airflow.task.hooks.airflow.providers.standard.hooks.subprocess.SubprocessHook","filename":"subprocess.py","lineno":99}
{"timestamp":"2026-01-16T03:24:49.976686Z","level":"info","event":" 'scrapy.downloadermiddlewares.httpauth.HttpAuthMiddleware',","logger":"airflow.task.hooks.airflow.providers.standard.hooks.subprocess.SubprocessHook","filename":"subprocess.py","lineno":99}
{"timestamp":"2026-01-16T03:24:49.976717Z","level":"info","event":" 'scrapy.downloadermiddlewares.downloadtimeout.DownloadTimeoutMiddleware',","logger":"airflow.task.hooks.airflow.providers.standard.hooks.subprocess.SubprocessHook","filename":"subprocess.py","lineno":99}
{"timestamp":"2026-01-16T03:24:49.976748Z","level":"info","event":" 'scrapy.downloadermiddlewares.defaultheaders.DefaultHeadersMiddleware',","logger":"airflow.task.hooks.airflow.providers.standard.hooks.subprocess.SubprocessHook","filename":"subprocess.py","lineno":99}
{"timestamp":"2026-01-16T03:24:49.976777Z","level":"info","event":" 'scrapy_ua_rotator.middleware.RandomUserAgentMiddleware',","logger":"airflow.task.hooks.airflow.providers.standard.hooks.subprocess.SubprocessHook","filename":"subprocess.py","lineno":99}
{"timestamp":"2026-01-16T03:24:49.976806Z","level":"info","event":" 'scrapy.downloadermiddlewares.retry.RetryMiddleware',","logger":"airflow.task.hooks.airflow.providers.standard.hooks.subprocess.SubprocessHook","filename":"subprocess.py","lineno":99}
{"timestamp":"2026-01-16T03:24:49.976837Z","level":"info","event":" 'scrapy.downloadermiddlewares.redirect.MetaRefreshMiddleware',","logger":"airflow.task.hooks.airflow.providers.standard.hooks.subprocess.SubprocessHook","filename":"subprocess.py","lineno":99}
{"timestamp":"2026-01-16T03:24:49.976865Z","level":"info","event":" 'scrapy.downloadermiddlewares.httpcompression.HttpCompressionMiddleware',","logger":"airflow.task.hooks.airflow.providers.standard.hooks.subprocess.SubprocessHook","filename":"subprocess.py","lineno":99}
{"timestamp":"2026-01-16T03:24:49.976894Z","level":"info","event":" 'scrapy.downloadermiddlewares.redirect.RedirectMiddleware',","logger":"airflow.task.hooks.airflow.providers.standard.hooks.subprocess.SubprocessHook","filename":"subprocess.py","lineno":99}
{"timestamp":"2026-01-16T03:24:49.976923Z","level":"info","event":" 'scrapy.downloadermiddlewares.cookies.CookiesMiddleware',","logger":"airflow.task.hooks.airflow.providers.standard.hooks.subprocess.SubprocessHook","filename":"subprocess.py","lineno":99}
{"timestamp":"2026-01-16T03:24:49.977096Z","level":"info","event":" 'scrapy.downloadermiddlewares.httpproxy.HttpProxyMiddleware',","logger":"airflow.task.hooks.airflow.providers.standard.hooks.subprocess.SubprocessHook","filename":"subprocess.py","lineno":99}
{"timestamp":"2026-01-16T03:24:49.977140Z","level":"info","event":" 'scrapy.downloadermiddlewares.stats.DownloaderStats']","logger":"airflow.task.hooks.airflow.providers.standard.hooks.subprocess.SubprocessHook","filename":"subprocess.py","lineno":99}
{"timestamp":"2026-01-16T03:24:49.979883Z","level":"info","event":"2026-01-16 03:24:49 [scrapy.middleware] INFO: Enabled spider middlewares:","logger":"airflow.task.hooks.airflow.providers.standard.hooks.subprocess.SubprocessHook","filename":"subprocess.py","lineno":99}
{"timestamp":"2026-01-16T03:24:49.980006Z","level":"info","event":"['scrapy.spidermiddlewares.start.StartSpiderMiddleware',","logger":"airflow.task.hooks.airflow.providers.standard.hooks.subprocess.SubprocessHook","filename":"subprocess.py","lineno":99}
{"timestamp":"2026-01-16T03:24:49.980059Z","level":"info","event":" 'scrapy.spidermiddlewares.httperror.HttpErrorMiddleware',","logger":"airflow.task.hooks.airflow.providers.standard.hooks.subprocess.SubprocessHook","filename":"subprocess.py","lineno":99}
{"timestamp":"2026-01-16T03:24:49.980101Z","level":"info","event":" 'scrapy.spidermiddlewares.referer.RefererMiddleware',","logger":"airflow.task.hooks.airflow.providers.standard.hooks.subprocess.SubprocessHook","filename":"subprocess.py","lineno":99}
{"timestamp":"2026-01-16T03:24:49.980140Z","level":"info","event":" 'scrapy.spidermiddlewares.urllength.UrlLengthMiddleware',","logger":"airflow.task.hooks.airflow.providers.standard.hooks.subprocess.SubprocessHook","filename":"subprocess.py","lineno":99}
{"timestamp":"2026-01-16T03:24:49.980223Z","level":"info","event":" 'scrapy.spidermiddlewares.depth.DepthMiddleware']","logger":"airflow.task.hooks.airflow.providers.standard.hooks.subprocess.SubprocessHook","filename":"subprocess.py","lineno":99}
{"timestamp":"2026-01-16T03:24:49.995886Z","level":"info","event":"2026-01-16 03:24:49 [scrapy.middleware] INFO: Enabled item pipelines:","logger":"airflow.task.hooks.airflow.providers.standard.hooks.subprocess.SubprocessHook","filename":"subprocess.py","lineno":99}
{"timestamp":"2026-01-16T03:24:49.996060Z","level":"info","event":"['ecommerce_scraper.pipelines.PostgresPipeline']","logger":"airflow.task.hooks.airflow.providers.standard.hooks.subprocess.SubprocessHook","filename":"subprocess.py","lineno":99}
{"timestamp":"2026-01-16T03:24:49.996105Z","level":"info","event":"2026-01-16 03:24:49 [scrapy.core.engine] INFO: Spider opened","logger":"airflow.task.hooks.airflow.providers.standard.hooks.subprocess.SubprocessHook","filename":"subprocess.py","lineno":99}
{"timestamp":"2026-01-16T03:24:50.006196Z","level":"info","event":"2026-01-16 03:24:50 [py.warnings] WARNING: /home/airflow/.local/lib/python3.12/site-packages/scrapy/core/spidermw.py:433: ScrapyDeprecationWarning: ecommerce_scraper.spiders.mercado_livre_scraper.MercadoLivreSpider defines the deprecated start_requests() method. start_requests() has been deprecated in favor of a new method, start(), to support asynchronous code execution. start_requests() will stop being called in a future version of Scrapy. If you use Scrapy 2.13 or higher only, replace start_requests() with start(); note that start() is a coroutine (async def). If you need to maintain compatibility with lower Scrapy versions, when overriding start_requests() in a spider class, override start() as well; you can use super() to reuse the inherited start() implementation without copy-pasting. See the release notes of Scrapy 2.13 for details: https://docs.scrapy.org/en/2.13/news.html","logger":"airflow.task.hooks.airflow.providers.standard.hooks.subprocess.SubprocessHook","filename":"subprocess.py","lineno":99}
{"timestamp":"2026-01-16T03:24:50.006388Z","level":"info","event":"  warn(","logger":"airflow.task.hooks.airflow.providers.standard.hooks.subprocess.SubprocessHook","filename":"subprocess.py","lineno":99}
{"timestamp":"2026-01-16T03:24:50.006445Z","level":"info","event":"","logger":"airflow.task.hooks.airflow.providers.standard.hooks.subprocess.SubprocessHook","filename":"subprocess.py","lineno":99}
{"timestamp":"2026-01-16T03:24:50.018756Z","level":"info","event":"2026-01-16 03:24:50 [scrapy.extensions.logstats] INFO: Crawled 0 pages (at 0 pages/min), scraped 0 items (at 0 items/min)","logger":"airflow.task.hooks.airflow.providers.standard.hooks.subprocess.SubprocessHook","filename":"subprocess.py","lineno":99}
{"timestamp":"2026-01-16T03:24:50.020113Z","level":"info","event":"2026-01-16 03:24:50 [scrapy.extensions.telnet] INFO: Telnet console listening on 127.0.0.1:6023","logger":"airflow.task.hooks.airflow.providers.standard.hooks.subprocess.SubprocessHook","filename":"subprocess.py","lineno":99}
{"timestamp":"2026-01-16T03:24:50.605888Z","level":"info","event":"2026-01-16 03:24:50 [scrapy.core.engine] DEBUG: Crawled (200) <GET https://lista.mercadolivre.com.br/robots.txt> (referer: None)","logger":"airflow.task.hooks.airflow.providers.standard.hooks.subprocess.SubprocessHook","filename":"subprocess.py","lineno":99}
{"timestamp":"2026-01-16T03:24:58.537565Z","level":"info","event":"2026-01-16 03:24:58 [scrapy.core.engine] DEBUG: Crawled (200) <GET https://lista.mercadolivre.com.br/notebook#D%5BA:notebook%5D> (referer: None)","logger":"airflow.task.hooks.airflow.providers.standard.hooks.subprocess.SubprocessHook","filename":"subprocess.py","lineno":99}
{"timestamp":"2026-01-16T03:24:58.722015Z","level":"info","event":"2026-01-16 03:24:58 [scrapy.core.scraper] DEBUG: Scraped from <200 https://lista.mercadolivre.com.br/notebook>","logger":"airflow.task.hooks.airflow.providers.standard.hooks.subprocess.SubprocessHook","filename":"subprocess.py","lineno":99}
{"timestamp":"2026-01-16T03:24:58.722253Z","level":"info","event":"{'color': 'N/A',","logger":"airflow.task.hooks.airflow.providers.standard.hooks.subprocess.SubprocessHook","filename":"subprocess.py","lineno":99}
{"timestamp":"2026-01-16T03:24:58.722316Z","level":"info","event":" 'full_title': 'Notebook Positivo Vision C15m Intel Celeron N4500 Windows 11 '","logger":"airflow.task.hooks.airflow.providers.standard.hooks.subprocess.SubprocessHook","filename":"subprocess.py","lineno":99}
{"timestamp":"2026-01-16T03:24:58.722357Z","level":"info","event":"               'Home 8gb Ram 128gb Emmc Tela 15 Full Hd Ips Antirreflexo - '","logger":"airflow.task.hooks.airflow.providers.standard.hooks.subprocess.SubprocessHook","filename":"subprocess.py","lineno":99}
{"timestamp":"2026-01-16T03:24:58.722392Z","level":"info","event":"               'Minitela E Tecla Copilot - Permite Upgrade De Memória Ssd - '","logger":"airflow.task.hooks.airflow.providers.standard.hooks.subprocess.SubprocessHook","filename":"subprocess.py","lineno":99}
{"timestamp":"2026-01-16T03:24:58.722427Z","level":"info","event":"               'Cinza',","logger":"airflow.task.hooks.airflow.providers.standard.hooks.subprocess.SubprocessHook","filename":"subprocess.py","lineno":99}
{"timestamp":"2026-01-16T03:24:58.722458Z","level":"info","event":" 'memory': '8gb',","logger":"airflow.task.hooks.airflow.providers.standard.hooks.subprocess.SubprocessHook","filename":"subprocess.py","lineno":99}
{"timestamp":"2026-01-16T03:24:58.722488Z","level":"info","event":" 'price': '2.855',","logger":"airflow.task.hooks.airflow.providers.standard.hooks.subprocess.SubprocessHook","filename":"subprocess.py","lineno":99}
{"timestamp":"2026-01-16T03:24:58.722518Z","level":"info","event":" 'rating': '4.7',","logger":"airflow.task.hooks.airflow.providers.standard.hooks.subprocess.SubprocessHook","filename":"subprocess.py","lineno":99}
{"timestamp":"2026-01-16T03:24:58.722547Z","level":"info","event":" 'site_name': 'mercado_livre',","logger":"airflow.task.hooks.airflow.providers.standard.hooks.subprocess.SubprocessHook","filename":"subprocess.py","lineno":99}
{"timestamp":"2026-01-16T03:24:58.722577Z","level":"info","event":" 'storage': 'N/A'}","logger":"airflow.task.hooks.airflow.providers.standard.hooks.subprocess.SubprocessHook","filename":"subprocess.py","lineno":99}
{"timestamp":"2026-01-16T03:24:58.782145Z","level":"info","event":"2026-01-16 03:24:58 [scrapy.core.scraper] DEBUG: Scraped from <200 https://lista.mercadolivre.com.br/notebook>","logger":"airflow.task.hooks.airflow.providers.standard.hooks.subprocess.SubprocessHook","filename":"subprocess.py","lineno":99}
{"timestamp":"2026-01-16T03:24:58.782463Z","level":"info","event":"{'color': 'N/A',","logger":"airflow.task.hooks.airflow.providers.standard.hooks.subprocess.SubprocessHook","filename":"subprocess.py","lineno":99}
{"timestamp":"2026-01-16T03:24:58.782524Z","level":"info","event":" 'full_title': 'Notebook HP IA PC Probook 14\" 440 G11 I Intel Core Ultra '","logger":"airflow.task.hooks.airflow.providers.standard.hooks.subprocess.SubprocessHook","filename":"subprocess.py","lineno":99}
{"timestamp":"2026-01-16T03:24:58.782565Z","level":"info","event":"               '5-125u, 16GB RAM, SSD 512GB, Windows 11 Home - SKU CL5X4LA',","logger":"airflow.task.hooks.airflow.providers.standard.hooks.subprocess.SubprocessHook","filename":"subprocess.py","lineno":99}
{"timestamp":"2026-01-16T03:24:58.782600Z","level":"info","event":" 'memory': '16GB',","logger":"airflow.task.hooks.airflow.providers.standard.hooks.subprocess.SubprocessHook","filename":"subprocess.py","lineno":99}
{"timestamp":"2026-01-16T03:24:58.782631Z","level":"info","event":" 'price': '7.999',","logger":"airflow.task.hooks.airflow.providers.standard.hooks.subprocess.SubprocessHook","filename":"subprocess.py","lineno":99}
{"timestamp":"2026-01-16T03:24:58.782659Z","level":"info","event":" 'rating': '5.0',","logger":"airflow.task.hooks.airflow.providers.standard.hooks.subprocess.SubprocessHook","filename":"subprocess.py","lineno":99}
{"timestamp":"2026-01-16T03:24:58.782690Z","level":"info","event":" 'site_name': 'mercado_livre',","logger":"airflow.task.hooks.airflow.providers.standard.hooks.subprocess.SubprocessHook","filename":"subprocess.py","lineno":99}
{"timestamp":"2026-01-16T03:24:58.782719Z","level":"info","event":" 'storage': 'N/A'}","logger":"airflow.task.hooks.airflow.providers.standard.hooks.subprocess.SubprocessHook","filename":"subprocess.py","lineno":99}
{"timestamp":"2026-01-16T03:24:58.784318Z","level":"info","event":"2026-01-16 03:24:58 [scrapy.core.scraper] DEBUG: Scraped from <200 https://lista.mercadolivre.com.br/notebook>","logger":"airflow.task.hooks.airflow.providers.standard.hooks.subprocess.SubprocessHook","filename":"subprocess.py","lineno":99}
{"timestamp":"2026-01-16T03:24:58.784444Z","level":"info","event":"{'color': 'N/A',","logger":"airflow.task.hooks.airflow.providers.standard.hooks.subprocess.SubprocessHook","filename":"subprocess.py","lineno":99}
{"timestamp":"2026-01-16T03:24:58.784502Z","level":"info","event":" 'full_title': 'Notebook Acer Nitro V15 ANV15-41-R2GT AMD Ryzen 7 7735HS RTX '","logger":"airflow.task.hooks.airflow.providers.standard.hooks.subprocess.SubprocessHook","filename":"subprocess.py","lineno":99}
{"timestamp":"2026-01-16T03:24:58.784544Z","level":"info","event":"               '4050 16 GB RAM 512 GB SSD Full HD 15.6”',","logger":"airflow.task.hooks.airflow.providers.standard.hooks.subprocess.SubprocessHook","filename":"subprocess.py","lineno":99}
{"timestamp":"2026-01-16T03:24:58.784580Z","level":"info","event":" 'memory': '16 GB',","logger":"airflow.task.hooks.airflow.providers.standard.hooks.subprocess.SubprocessHook","filename":"subprocess.py","lineno":99}
{"timestamp":"2026-01-16T03:24:58.784612Z","level":"info","event":" 'price': '5.999',","logger":"airflow.task.hooks.airflow.providers.standard.hooks.subprocess.SubprocessHook","filename":"subprocess.py","lineno":99}
{"timestamp":"2026-01-16T03:24:58.784642Z","level":"info","event":" 'rating': '4.9',","logger":"airflow.task.hooks.airflow.providers.standard.hooks.subprocess.SubprocessHook","filename":"subprocess.py","lineno":99}
{"timestamp":"2026-01-16T03:24:58.784670Z","level":"info","event":" 'site_name': 'mercado_livre',","logger":"airflow.task.hooks.airflow.providers.standard.hooks.subprocess.SubprocessHook","filename":"subprocess.py","lineno":99}
{"timestamp":"2026-01-16T03:24:58.784698Z","level":"info","event":" 'storage': '512 GB'}","logger":"airflow.task.hooks.airflow.providers.standard.hooks.subprocess.SubprocessHook","filename":"subprocess.py","lineno":99}
{"timestamp":"2026-01-16T03:24:58.786218Z","level":"info","event":"2026-01-16 03:24:58 [scrapy.core.scraper] DEBUG: Scraped from <200 https://lista.mercadolivre.com.br/notebook>","logger":"airflow.task.hooks.airflow.providers.standard.hooks.subprocess.SubprocessHook","filename":"subprocess.py","lineno":99}
{"timestamp":"2026-01-16T03:24:58.786335Z","level":"info","event":"{'color': 'Silver',","logger":"airflow.task.hooks.airflow.providers.standard.hooks.subprocess.SubprocessHook","filename":"subprocess.py","lineno":99}
{"timestamp":"2026-01-16T03:24:58.786389Z","level":"info","event":" 'full_title': 'Notebook Asus Vivobook Go 15 E1504ga Intel Core I3 N305 4gb '","logger":"airflow.task.hooks.airflow.providers.standard.hooks.subprocess.SubprocessHook","filename":"subprocess.py","lineno":99}
{"timestamp":"2026-01-16T03:24:58.786429Z","level":"info","event":"               'Ram 128gb Ssd Windows 11 Tela 15,6 Fhd Silver - Nj440w',","logger":"airflow.task.hooks.airflow.providers.standard.hooks.subprocess.SubprocessHook","filename":"subprocess.py","lineno":99}
{"timestamp":"2026-01-16T03:24:58.786463Z","level":"info","event":" 'memory': '4gb',","logger":"airflow.task.hooks.airflow.providers.standard.hooks.subprocess.SubprocessHook","filename":"subprocess.py","lineno":99}
{"timestamp":"2026-01-16T03:24:58.786494Z","level":"info","event":" 'price': '4.299',","logger":"airflow.task.hooks.airflow.providers.standard.hooks.subprocess.SubprocessHook","filename":"subprocess.py","lineno":99}
{"timestamp":"2026-01-16T03:24:58.786523Z","level":"info","event":" 'rating': '4.8',","logger":"airflow.task.hooks.airflow.providers.standard.hooks.subprocess.SubprocessHook","filename":"subprocess.py","lineno":99}
{"timestamp":"2026-01-16T03:24:58.786551Z","level":"info","event":" 'site_name': 'mercado_livre',","logger":"airflow.task.hooks.airflow.providers.standard.hooks.subprocess.SubprocessHook","filename":"subprocess.py","lineno":99}
{"timestamp":"2026-01-16T03:24:58.786579Z","level":"info","event":" 'storage': '128gb'}","logger":"airflow.task.hooks.airflow.providers.standard.hooks.subprocess.SubprocessHook","filename":"subprocess.py","lineno":99}
{"timestamp":"2026-01-16T03:24:58.787822Z","level":"info","event":"2026-01-16 03:24:58 [scrapy.core.scraper] DEBUG: Scraped from <200 https://lista.mercadolivre.com.br/notebook>","logger":"airflow.task.hooks.airflow.providers.standard.hooks.subprocess.SubprocessHook","filename":"subprocess.py","lineno":99}
{"timestamp":"2026-01-16T03:24:58.787928Z","level":"info","event":"{'color': 'N/A',","logger":"airflow.task.hooks.airflow.providers.standard.hooks.subprocess.SubprocessHook","filename":"subprocess.py","lineno":99}
{"timestamp":"2026-01-16T03:24:58.787984Z","level":"info","event":" 'full_title': 'Notebook Acer Aspire Go 15 AG15-71P-53D9 Intel Core I5-13420h '","logger":"airflow.task.hooks.airflow.providers.standard.hooks.subprocess.SubprocessHook","filename":"subprocess.py","lineno":99}
{"timestamp":"2026-01-16T03:24:58.788026Z","level":"info","event":"               '13ªg 16GB Ram 512SSD Linux 15.6 Full HD (1920 x 1080)',","logger":"airflow.task.hooks.airflow.providers.standard.hooks.subprocess.SubprocessHook","filename":"subprocess.py","lineno":99}
{"timestamp":"2026-01-16T03:24:58.788059Z","level":"info","event":" 'memory': '16GB',","logger":"airflow.task.hooks.airflow.providers.standard.hooks.subprocess.SubprocessHook","filename":"subprocess.py","lineno":99}
{"timestamp":"2026-01-16T03:24:58.788090Z","level":"info","event":" 'price': '4.299',","logger":"airflow.task.hooks.airflow.providers.standard.hooks.subprocess.SubprocessHook","filename":"subprocess.py","lineno":99}
{"timestamp":"2026-01-16T03:24:58.788121Z","level":"info","event":" 'rating': '4.9',","logger":"airflow.task.hooks.airflow.providers.standard.hooks.subprocess.SubprocessHook","filename":"subprocess.py","lineno":99}
{"timestamp":"2026-01-16T03:24:58.788168Z","level":"info","event":" 'site_name': 'mercado_livre',","logger":"airflow.task.hooks.airflow.providers.standard.hooks.subprocess.SubprocessHook","filename":"subprocess.py","lineno":99}
{"timestamp":"2026-01-16T03:24:58.788201Z","level":"info","event":" 'storage': 'N/A'}","logger":"airflow.task.hooks.airflow.providers.standard.hooks.subprocess.SubprocessHook","filename":"subprocess.py","lineno":99}
{"timestamp":"2026-01-16T03:24:58.789321Z","level":"info","event":"2026-01-16 03:24:58 [scrapy.core.scraper] DEBUG: Scraped from <200 https://lista.mercadolivre.com.br/notebook>","logger":"airflow.task.hooks.airflow.providers.standard.hooks.subprocess.SubprocessHook","filename":"subprocess.py","lineno":99}
{"timestamp":"2026-01-16T03:24:58.789416Z","level":"info","event":"{'color': 'N/A',","logger":"airflow.task.hooks.airflow.providers.standard.hooks.subprocess.SubprocessHook","filename":"subprocess.py","lineno":99}
{"timestamp":"2026-01-16T03:24:58.789471Z","level":"info","event":" 'full_title': \"Notebook Multi Ultra Celeron N4020c 4gb 128gb W11 14'' Cinza\",","logger":"airflow.task.hooks.airflow.providers.standard.hooks.subprocess.SubprocessHook","filename":"subprocess.py","lineno":99}
{"timestamp":"2026-01-16T03:24:58.789510Z","level":"info","event":" 'memory': 'N/A',","logger":"airflow.task.hooks.airflow.providers.standard.hooks.subprocess.SubprocessHook","filename":"subprocess.py","lineno":99}
{"timestamp":"2026-01-16T03:24:58.789544Z","level":"info","event":" 'price': '2.064',","logger":"airflow.task.hooks.airflow.providers.standard.hooks.subprocess.SubprocessHook","filename":"subprocess.py","lineno":99}
{"timestamp":"2026-01-16T03:24:58.789574Z","level":"info","event":" 'rating': '4.6',","logger":"airflow.task.hooks.airflow.providers.standard.hooks.subprocess.SubprocessHook","filename":"subprocess.py","lineno":99}
{"timestamp":"2026-01-16T03:24:58.789603Z","level":"info","event":" 'site_name': 'mercado_livre',","logger":"airflow.task.hooks.airflow.providers.standard.hooks.subprocess.SubprocessHook","filename":"subprocess.py","lineno":99}
{"timestamp":"2026-01-16T03:24:58.789631Z","level":"info","event":" 'storage': 'N/A'}","logger":"airflow.task.hooks.airflow.providers.standard.hooks.subprocess.SubprocessHook","filename":"subprocess.py","lineno":99}
{"timestamp":"2026-01-16T03:24:58.790702Z","level":"info","event":"2026-01-16 03:24:58 [scrapy.core.scraper] DEBUG: Scraped from <200 https://lista.mercadolivre.com.br/notebook>","logger":"airflow.task.hooks.airflow.providers.standard.hooks.subprocess.SubprocessHook","filename":"subprocess.py","lineno":99}
{"timestamp":"2026-01-16T03:24:58.790792Z","level":"info","event":"{'color': 'N/A',","logger":"airflow.task.hooks.airflow.providers.standard.hooks.subprocess.SubprocessHook","filename":"subprocess.py","lineno":99}
{"timestamp":"2026-01-16T03:24:58.790845Z","level":"info","event":" 'full_title': 'Notebook 2 Em 1 Dell Inspiron 2in1-i150u-m50 14 Fhd+ Touch '","logger":"airflow.task.hooks.airflow.providers.standard.hooks.subprocess.SubprocessHook","filename":"subprocess.py","lineno":99}
{"timestamp":"2026-01-16T03:24:58.790882Z","level":"info","event":"               'Prata Gelo',","logger":"airflow.task.hooks.airflow.providers.standard.hooks.subprocess.SubprocessHook","filename":"subprocess.py","lineno":99}
{"timestamp":"2026-01-16T03:24:58.790914Z","level":"info","event":" 'memory': 'N/A',","logger":"airflow.task.hooks.airflow.providers.standard.hooks.subprocess.SubprocessHook","filename":"subprocess.py","lineno":99}
{"timestamp":"2026-01-16T03:24:58.790944Z","level":"info","event":" 'price': '8.059',","logger":"airflow.task.hooks.airflow.providers.standard.hooks.subprocess.SubprocessHook","filename":"subprocess.py","lineno":99}
{"timestamp":"2026-01-16T03:24:58.790972Z","level":"info","event":" 'rating': '4.9',","logger":"airflow.task.hooks.airflow.providers.standard.hooks.subprocess.SubprocessHook","filename":"subprocess.py","lineno":99}
{"timestamp":"2026-01-16T03:24:58.790999Z","level":"info","event":" 'site_name': 'mercado_livre',","logger":"airflow.task.hooks.airflow.providers.standard.hooks.subprocess.SubprocessHook","filename":"subprocess.py","lineno":99}
{"timestamp":"2026-01-16T03:24:58.791027Z","level":"info","event":" 'storage': 'N/A'}","logger":"airflow.task.hooks.airflow.providers.standard.hooks.subprocess.SubprocessHook","filename":"subprocess.py","lineno":99}
{"timestamp":"2026-01-16T03:24:58.792086Z","level":"info","event":"2026-01-16 03:24:58 [scrapy.core.scraper] DEBUG: Scraped from <200 https://lista.mercadolivre.com.br/notebook>","logger":"airflow.task.hooks.airflow.providers.standard.hooks.subprocess.SubprocessHook","filename":"subprocess.py","lineno":99}
{"timestamp":"2026-01-16T03:24:58.792182Z","level":"info","event":"{'color': 'Grey',","logger":"airflow.task.hooks.airflow.providers.standard.hooks.subprocess.SubprocessHook","filename":"subprocess.py","lineno":99}
{"timestamp":"2026-01-16T03:24:58.792236Z","level":"info","event":" 'full_title': 'Notebook Lenovo Ideapad 1 15iru7 Intel Core i3-1315u 8gb 256gb '","logger":"airflow.task.hooks.airflow.providers.standard.hooks.subprocess.SubprocessHook","filename":"subprocess.py","lineno":99}
{"timestamp":"2026-01-16T03:24:58.792275Z","level":"info","event":"               'Ssd Windows 11 15.6 - 83qj0001bo Cloud Grey',","logger":"airflow.task.hooks.airflow.providers.standard.hooks.subprocess.SubprocessHook","filename":"subprocess.py","lineno":99}
{"timestamp":"2026-01-16T03:24:58.792308Z","level":"info","event":" 'memory': 'N/A',","logger":"airflow.task.hooks.airflow.providers.standard.hooks.subprocess.SubprocessHook","filename":"subprocess.py","lineno":99}
{"timestamp":"2026-01-16T03:24:58.792338Z","level":"info","event":" 'price': '4.150',","logger":"airflow.task.hooks.airflow.providers.standard.hooks.subprocess.SubprocessHook","filename":"subprocess.py","lineno":99}
{"timestamp":"2026-01-16T03:24:58.792366Z","level":"info","event":" 'rating': '4.9',","logger":"airflow.task.hooks.airflow.providers.standard.hooks.subprocess.SubprocessHook","filename":"subprocess.py","lineno":99}
{"timestamp":"2026-01-16T03:24:58.792394Z","level":"info","event":" 'site_name': 'mercado_livre',","logger":"airflow.task.hooks.airflow.providers.standard.hooks.subprocess.SubprocessHook","filename":"subprocess.py","lineno":99}
{"timestamp":"2026-01-16T03:24:58.792423Z","level":"info","event":" 'storage': '256gb'}","logger":"airflow.task.hooks.airflow.providers.standard.hooks.subprocess.SubprocessHook","filename":"subprocess.py","lineno":99}
{"timestamp":"2026-01-16T03:24:58.793506Z","level":"info","event":"2026-01-16 03:24:58 [scrapy.core.scraper] DEBUG: Scraped from <200 https://lista.mercadolivre.com.br/notebook>","logger":"airflow.task.hooks.airflow.providers.standard.hooks.subprocess.SubprocessHook","filename":"subprocess.py","lineno":99}
{"timestamp":"2026-01-16T03:24:58.793597Z","level":"info","event":"{'color': 'N/A',","logger":"airflow.task.hooks.airflow.providers.standard.hooks.subprocess.SubprocessHook","filename":"subprocess.py","lineno":99}
{"timestamp":"2026-01-16T03:24:58.793650Z","level":"info","event":" 'full_title': 'Notebook Samsung Galaxy Book Go, Windows 11 Home, Snapdragon '","logger":"airflow.task.hooks.airflow.providers.standard.hooks.subprocess.SubprocessHook","filename":"subprocess.py","lineno":99}
{"timestamp":"2026-01-16T03:24:58.793688Z","level":"info","event":"               \"7c, 4gb, 128gb Ufs, 14'' Full Hd Led, 1.38kg Com Copilot \"","logger":"airflow.task.hooks.airflow.providers.standard.hooks.subprocess.SubprocessHook","filename":"subprocess.py","lineno":99}
{"timestamp":"2026-01-16T03:24:58.793719Z","level":"info","event":"               'Integrado',","logger":"airflow.task.hooks.airflow.providers.standard.hooks.subprocess.SubprocessHook","filename":"subprocess.py","lineno":99}
{"timestamp":"2026-01-16T03:24:58.793749Z","level":"info","event":" 'memory': 'N/A',","logger":"airflow.task.hooks.airflow.providers.standard.hooks.subprocess.SubprocessHook","filename":"subprocess.py","lineno":99}
{"timestamp":"2026-01-16T03:24:58.793786Z","level":"info","event":" 'price': '2.199',","logger":"airflow.task.hooks.airflow.providers.standard.hooks.subprocess.SubprocessHook","filename":"subprocess.py","lineno":99}
{"timestamp":"2026-01-16T03:24:58.793829Z","level":"info","event":" 'rating': '4.8',","logger":"airflow.task.hooks.airflow.providers.standard.hooks.subprocess.SubprocessHook","filename":"subprocess.py","lineno":99}
{"timestamp":"2026-01-16T03:24:58.793860Z","level":"info","event":" 'site_name': 'mercado_livre',","logger":"airflow.task.hooks.airflow.providers.standard.hooks.subprocess.SubprocessHook","filename":"subprocess.py","lineno":99}
{"timestamp":"2026-01-16T03:24:58.793890Z","level":"info","event":" 'storage': 'N/A'}","logger":"airflow.task.hooks.airflow.providers.standard.hooks.subprocess.SubprocessHook","filename":"subprocess.py","lineno":99}
{"timestamp":"2026-01-16T03:24:58.794961Z","level":"info","event":"2026-01-16 03:24:58 [scrapy.core.scraper] DEBUG: Scraped from <200 https://lista.mercadolivre.com.br/notebook>","logger":"airflow.task.hooks.airflow.providers.standard.hooks.subprocess.SubprocessHook","filename":"subprocess.py","lineno":99}
{"timestamp":"2026-01-16T03:24:58.795086Z","level":"info","event":"{'color': 'Preto',","logger":"airflow.task.hooks.airflow.providers.standard.hooks.subprocess.SubprocessHook","filename":"subprocess.py","lineno":99}
{"timestamp":"2026-01-16T03:24:58.795142Z","level":"info","event":" 'full_title': 'Notebook Dell Inspiron I15-i1300-a30p 15.6 I5 8gb 512gb W11 '","logger":"airflow.task.hooks.airflow.providers.standard.hooks.subprocess.SubprocessHook","filename":"subprocess.py","lineno":99}
{"timestamp":"2026-01-16T03:24:58.795181Z","level":"info","event":"               'Preto',","logger":"airflow.task.hooks.airflow.providers.standard.hooks.subprocess.SubprocessHook","filename":"subprocess.py","lineno":99}
{"timestamp":"2026-01-16T03:24:58.795212Z","level":"info","event":" 'memory': 'N/A',","logger":"airflow.task.hooks.airflow.providers.standard.hooks.subprocess.SubprocessHook","filename":"subprocess.py","lineno":99}
{"timestamp":"2026-01-16T03:24:58.795241Z","level":"info","event":" 'price': '4.198',","logger":"airflow.task.hooks.airflow.providers.standard.hooks.subprocess.SubprocessHook","filename":"subprocess.py","lineno":99}
{"timestamp":"2026-01-16T03:24:58.795269Z","level":"info","event":" 'rating': '4.9',","logger":"airflow.task.hooks.airflow.providers.standard.hooks.subprocess.SubprocessHook","filename":"subprocess.py","lineno":99}
{"timestamp":"2026-01-16T03:24:58.795297Z","level":"info","event":" 'site_name': 'mercado_livre',","logger":"airflow.task.hooks.airflow.providers.standard.hooks.subprocess.SubprocessHook","filename":"subprocess.py","lineno":99}
{"timestamp":"2026-01-16T03:24:58.795326Z","level":"info","event":" 'storage': 'N/A'}","logger":"airflow.task.hooks.airflow.providers.standard.hooks.subprocess.SubprocessHook","filename":"subprocess.py","lineno":99}
{"timestamp":"2026-01-16T03:24:58.796533Z","level":"info","event":"2026-01-16 03:24:58 [scrapy.core.scraper] DEBUG: Scraped from <200 https://lista.mercadolivre.com.br/notebook>","logger":"airflow.task.hooks.airflow.providers.standard.hooks.subprocess.SubprocessHook","filename":"subprocess.py","lineno":99}
{"timestamp":"2026-01-16T03:24:58.796630Z","level":"info","event":"{'color': 'N/A',","logger":"airflow.task.hooks.airflow.providers.standard.hooks.subprocess.SubprocessHook","filename":"subprocess.py","lineno":99}
{"timestamp":"2026-01-16T03:24:58.796692Z","level":"info","event":" 'full_title': 'Notebook I7 13 13620h 32gb Ram 1tb Ssd Mx550 Windows 11 16in '","logger":"airflow.task.hooks.airflow.providers.standard.hooks.subprocess.SubprocessHook","filename":"subprocess.py","lineno":99}
{"timestamp":"2026-01-16T03:24:58.796729Z","level":"info","event":"               'Prateado',","logger":"airflow.task.hooks.airflow.providers.standard.hooks.subprocess.SubprocessHook","filename":"subprocess.py","lineno":99}
{"timestamp":"2026-01-16T03:24:58.796760Z","level":"info","event":" 'memory': '32gb',","logger":"airflow.task.hooks.airflow.providers.standard.hooks.subprocess.SubprocessHook","filename":"subprocess.py","lineno":99}
{"timestamp":"2026-01-16T03:24:58.796789Z","level":"info","event":" 'price': '9.348',","logger":"airflow.task.hooks.airflow.providers.standard.hooks.subprocess.SubprocessHook","filename":"subprocess.py","lineno":99}
{"timestamp":"2026-01-16T03:24:58.796816Z","level":"info","event":" 'rating': '1 vendido',","logger":"airflow.task.hooks.airflow.providers.standard.hooks.subprocess.SubprocessHook","filename":"subprocess.py","lineno":99}
{"timestamp":"2026-01-16T03:24:58.796844Z","level":"info","event":" 'site_name': 'mercado_livre',","logger":"airflow.task.hooks.airflow.providers.standard.hooks.subprocess.SubprocessHook","filename":"subprocess.py","lineno":99}
{"timestamp":"2026-01-16T03:24:58.796871Z","level":"info","event":" 'storage': '1tb'}","logger":"airflow.task.hooks.airflow.providers.standard.hooks.subprocess.SubprocessHook","filename":"subprocess.py","lineno":99}
{"timestamp":"2026-01-16T03:24:58.798045Z","level":"info","event":"2026-01-16 03:24:58 [scrapy.core.scraper] DEBUG: Scraped from <200 https://lista.mercadolivre.com.br/notebook>","logger":"airflow.task.hooks.airflow.providers.standard.hooks.subprocess.SubprocessHook","filename":"subprocess.py","lineno":99}
{"timestamp":"2026-01-16T03:24:58.798135Z","level":"info","event":"{'color': 'N/A',","logger":"airflow.task.hooks.airflow.providers.standard.hooks.subprocess.SubprocessHook","filename":"subprocess.py","lineno":99}
{"timestamp":"2026-01-16T03:24:58.798186Z","level":"info","event":" 'full_title': 'Notebook Lenovo Loq-e Ci5 16gb/512gb Rtx3050 W11+ubook',","logger":"airflow.task.hooks.airflow.providers.standard.hooks.subprocess.SubprocessHook","filename":"subprocess.py","lineno":99}
{"timestamp":"2026-01-16T03:24:58.798222Z","level":"info","event":" 'memory': 'N/A',","logger":"airflow.task.hooks.airflow.providers.standard.hooks.subprocess.SubprocessHook","filename":"subprocess.py","lineno":99}
{"timestamp":"2026-01-16T03:24:58.798252Z","level":"info","event":" 'price': '5.249',","logger":"airflow.task.hooks.airflow.providers.standard.hooks.subprocess.SubprocessHook","filename":"subprocess.py","lineno":99}
{"timestamp":"2026-01-16T03:24:58.798282Z","level":"info","event":" 'rating': '4.5',","logger":"airflow.task.hooks.airflow.providers.standard.hooks.subprocess.SubprocessHook","filename":"subprocess.py","lineno":99}
{"timestamp":"2026-01-16T03:24:58.798310Z","level":"info","event":" 'site_name': 'mercado_livre',","logger":"airflow.task.hooks.airflow.providers.standard.hooks.subprocess.SubprocessHook","filename":"subprocess.py","lineno":99}
{"timestamp":"2026-01-16T03:24:58.798338Z","level":"info","event":" 'storage': 'N/A'}","logger":"airflow.task.hooks.airflow.providers.standard.hooks.subprocess.SubprocessHook","filename":"subprocess.py","lineno":99}
{"timestamp":"2026-01-16T03:24:58.799472Z","level":"info","event":"2026-01-16 03:24:58 [scrapy.core.scraper] DEBUG: Scraped from <200 https://lista.mercadolivre.com.br/notebook>","logger":"airflow.task.hooks.airflow.providers.standard.hooks.subprocess.SubprocessHook","filename":"subprocess.py","lineno":99}
{"timestamp":"2026-01-16T03:24:58.799567Z","level":"info","event":"{'color': 'Grey',","logger":"airflow.task.hooks.airflow.providers.standard.hooks.subprocess.SubprocessHook","filename":"subprocess.py","lineno":99}
{"timestamp":"2026-01-16T03:24:58.799689Z","level":"info","event":" 'full_title': 'Notebook Lenovo Ideapad Slim 3 15irh10 Intel Core i7-13620h '","logger":"airflow.task.hooks.airflow.providers.standard.hooks.subprocess.SubprocessHook","filename":"subprocess.py","lineno":99}
{"timestamp":"2026-01-16T03:24:58.799755Z","level":"info","event":"               '16gb 512gb Ssd Linux 15.3 - 83nss00100 Luna Grey',","logger":"airflow.task.hooks.airflow.providers.standard.hooks.subprocess.SubprocessHook","filename":"subprocess.py","lineno":99}
{"timestamp":"2026-01-16T03:24:58.799807Z","level":"info","event":" 'memory': 'N/A',","logger":"airflow.task.hooks.airflow.providers.standard.hooks.subprocess.SubprocessHook","filename":"subprocess.py","lineno":99}
{"timestamp":"2026-01-16T03:24:58.799850Z","level":"info","event":" 'price': '4.799',","logger":"airflow.task.hooks.airflow.providers.standard.hooks.subprocess.SubprocessHook","filename":"subprocess.py","lineno":99}
{"timestamp":"2026-01-16T03:24:58.799890Z","level":"info","event":" 'rating': '4.9',","logger":"airflow.task.hooks.airflow.providers.standard.hooks.subprocess.SubprocessHook","filename":"subprocess.py","lineno":99}
{"timestamp":"2026-01-16T03:24:58.799929Z","level":"info","event":" 'site_name': 'mercado_livre',","logger":"airflow.task.hooks.airflow.providers.standard.hooks.subprocess.SubprocessHook","filename":"subprocess.py","lineno":99}
{"timestamp":"2026-01-16T03:24:58.799989Z","level":"info","event":" 'storage': '512gb'}","logger":"airflow.task.hooks.airflow.providers.standard.hooks.subprocess.SubprocessHook","filename":"subprocess.py","lineno":99}
{"timestamp":"2026-01-16T03:24:58.801394Z","level":"info","event":"2026-01-16 03:24:58 [scrapy.core.scraper] DEBUG: Scraped from <200 https://lista.mercadolivre.com.br/notebook>","logger":"airflow.task.hooks.airflow.providers.standard.hooks.subprocess.SubprocessHook","filename":"subprocess.py","lineno":99}
{"timestamp":"2026-01-16T03:24:58.801653Z","level":"info","event":"{'color': 'N/A',","logger":"airflow.task.hooks.airflow.providers.standard.hooks.subprocess.SubprocessHook","filename":"subprocess.py","lineno":99}
{"timestamp":"2026-01-16T03:24:58.801799Z","level":"info","event":" 'full_title': 'Notebook Lenovo Slim3 R7 8gb 256gb Ssd 15.3 Fhd Linux',","logger":"airflow.task.hooks.airflow.providers.standard.hooks.subprocess.SubprocessHook","filename":"subprocess.py","lineno":99}
{"timestamp":"2026-01-16T03:24:58.801913Z","level":"info","event":" 'memory': 'N/A',","logger":"airflow.task.hooks.airflow.providers.standard.hooks.subprocess.SubprocessHook","filename":"subprocess.py","lineno":99}
{"timestamp":"2026-01-16T03:24:58.801984Z","level":"info","event":" 'price': '3.499',","logger":"airflow.task.hooks.airflow.providers.standard.hooks.subprocess.SubprocessHook","filename":"subprocess.py","lineno":99}
{"timestamp":"2026-01-16T03:24:58.802041Z","level":"info","event":" 'rating': '4.9',","logger":"airflow.task.hooks.airflow.providers.standard.hooks.subprocess.SubprocessHook","filename":"subprocess.py","lineno":99}
{"timestamp":"2026-01-16T03:24:58.802079Z","level":"info","event":" 'site_name': 'mercado_livre',","logger":"airflow.task.hooks.airflow.providers.standard.hooks.subprocess.SubprocessHook","filename":"subprocess.py","lineno":99}
{"timestamp":"2026-01-16T03:24:58.802110Z","level":"info","event":" 'storage': '256gb'}","logger":"airflow.task.hooks.airflow.providers.standard.hooks.subprocess.SubprocessHook","filename":"subprocess.py","lineno":99}
{"timestamp":"2026-01-16T03:24:58.803994Z","level":"info","event":"2026-01-16 03:24:58 [scrapy.core.scraper] DEBUG: Scraped from <200 https://lista.mercadolivre.com.br/notebook>","logger":"airflow.task.hooks.airflow.providers.standard.hooks.subprocess.SubprocessHook","filename":"subprocess.py","lineno":99}
{"timestamp":"2026-01-16T03:24:58.804118Z","level":"info","event":"{'color': 'N/A',","logger":"airflow.task.hooks.airflow.providers.standard.hooks.subprocess.SubprocessHook","filename":"subprocess.py","lineno":99}
{"timestamp":"2026-01-16T03:24:58.804170Z","level":"info","event":" 'full_title': 'Notebook Acer Aspire 15 Ag15-51p-39mu Ci3 8gb 256gb Ssd Led '","logger":"airflow.task.hooks.airflow.providers.standard.hooks.subprocess.SubprocessHook","filename":"subprocess.py","lineno":99}
{"timestamp":"2026-01-16T03:24:58.804208Z","level":"info","event":"               'Ips W11',","logger":"airflow.task.hooks.airflow.providers.standard.hooks.subprocess.SubprocessHook","filename":"subprocess.py","lineno":99}
{"timestamp":"2026-01-16T03:24:58.804240Z","level":"info","event":" 'memory': 'N/A',","logger":"airflow.task.hooks.airflow.providers.standard.hooks.subprocess.SubprocessHook","filename":"subprocess.py","lineno":99}
{"timestamp":"2026-01-16T03:24:58.804282Z","level":"info","event":" 'price': '4.099',","logger":"airflow.task.hooks.airflow.providers.standard.hooks.subprocess.SubprocessHook","filename":"subprocess.py","lineno":99}
{"timestamp":"2026-01-16T03:24:58.804316Z","level":"info","event":" 'rating': '4.9',","logger":"airflow.task.hooks.airflow.providers.standard.hooks.subprocess.SubprocessHook","filename":"subprocess.py","lineno":99}
{"timestamp":"2026-01-16T03:24:58.804359Z","level":"info","event":" 'site_name': 'mercado_livre',","logger":"airflow.task.hooks.airflow.providers.standard.hooks.subprocess.SubprocessHook","filename":"subprocess.py","lineno":99}
{"timestamp":"2026-01-16T03:24:58.804390Z","level":"info","event":" 'storage': '256gb'}","logger":"airflow.task.hooks.airflow.providers.standard.hooks.subprocess.SubprocessHook","filename":"subprocess.py","lineno":99}
{"timestamp":"2026-01-16T03:24:58.806179Z","level":"info","event":"2026-01-16 03:24:58 [scrapy.core.scraper] DEBUG: Scraped from <200 https://lista.mercadolivre.com.br/notebook>","logger":"airflow.task.hooks.airflow.providers.standard.hooks.subprocess.SubprocessHook","filename":"subprocess.py","lineno":99}
{"timestamp":"2026-01-16T03:24:58.806291Z","level":"info","event":"{'color': 'Preto',","logger":"airflow.task.hooks.airflow.providers.standard.hooks.subprocess.SubprocessHook","filename":"subprocess.py","lineno":99}
{"timestamp":"2026-01-16T03:24:58.806346Z","level":"info","event":" 'full_title': 'Notebook Dell Inspiron I15-i1300-a15p Core 3 8gb 512gb W11 '","logger":"airflow.task.hooks.airflow.providers.standard.hooks.subprocess.SubprocessHook","filename":"subprocess.py","lineno":99}
{"timestamp":"2026-01-16T03:24:58.806382Z","level":"info","event":"               'Preto',","logger":"airflow.task.hooks.airflow.providers.standard.hooks.subprocess.SubprocessHook","filename":"subprocess.py","lineno":99}
{"timestamp":"2026-01-16T03:24:58.806415Z","level":"info","event":" 'memory': 'N/A',","logger":"airflow.task.hooks.airflow.providers.standard.hooks.subprocess.SubprocessHook","filename":"subprocess.py","lineno":99}
{"timestamp":"2026-01-16T03:24:58.806445Z","level":"info","event":" 'price': '3.199',","logger":"airflow.task.hooks.airflow.providers.standard.hooks.subprocess.SubprocessHook","filename":"subprocess.py","lineno":99}
{"timestamp":"2026-01-16T03:24:58.806474Z","level":"info","event":" 'rating': '4.9',","logger":"airflow.task.hooks.airflow.providers.standard.hooks.subprocess.SubprocessHook","filename":"subprocess.py","lineno":99}
{"timestamp":"2026-01-16T03:24:58.806502Z","level":"info","event":" 'site_name': 'mercado_livre',","logger":"airflow.task.hooks.airflow.providers.standard.hooks.subprocess.SubprocessHook","filename":"subprocess.py","lineno":99}
{"timestamp":"2026-01-16T03:24:58.806530Z","level":"info","event":" 'storage': 'N/A'}","logger":"airflow.task.hooks.airflow.providers.standard.hooks.subprocess.SubprocessHook","filename":"subprocess.py","lineno":99}
{"timestamp":"2026-01-16T03:24:58.807837Z","level":"info","event":"2026-01-16 03:24:58 [scrapy.core.scraper] DEBUG: Scraped from <200 https://lista.mercadolivre.com.br/notebook>","logger":"airflow.task.hooks.airflow.providers.standard.hooks.subprocess.SubprocessHook","filename":"subprocess.py","lineno":99}
{"timestamp":"2026-01-16T03:24:58.807938Z","level":"info","event":"{'color': 'Cinza',","logger":"airflow.task.hooks.airflow.providers.standard.hooks.subprocess.SubprocessHook","filename":"subprocess.py","lineno":99}
{"timestamp":"2026-01-16T03:24:58.807993Z","level":"info","event":" 'full_title': 'Notebook Vaio Fe16 Amd Ryzen 7-5825u Linux 16gb RAM 512gb Ssd '","logger":"airflow.task.hooks.airflow.providers.standard.hooks.subprocess.SubprocessHook","filename":"subprocess.py","lineno":99}
{"timestamp":"2026-01-16T03:24:58.808033Z","level":"info","event":"               'Wi-Fi 6 Tela 16\" Ips Wuxga Antirreflexo Cinza Grafite '","logger":"airflow.task.hooks.airflow.providers.standard.hooks.subprocess.SubprocessHook","filename":"subprocess.py","lineno":99}
{"timestamp":"2026-01-16T03:24:58.808068Z","level":"info","event":"               'Vjfe69f11xb0121h - Permite upgrade de memória RAM e SSD',","logger":"airflow.task.hooks.airflow.providers.standard.hooks.subprocess.SubprocessHook","filename":"subprocess.py","lineno":99}
{"timestamp":"2026-01-16T03:24:58.808100Z","level":"info","event":" 'memory': '16gb',","logger":"airflow.task.hooks.airflow.providers.standard.hooks.subprocess.SubprocessHook","filename":"subprocess.py","lineno":99}
{"timestamp":"2026-01-16T03:24:58.808129Z","level":"info","event":" 'price': '4.999',","logger":"airflow.task.hooks.airflow.providers.standard.hooks.subprocess.SubprocessHook","filename":"subprocess.py","lineno":99}
{"timestamp":"2026-01-16T03:24:58.808159Z","level":"info","event":" 'rating': '4.8',","logger":"airflow.task.hooks.airflow.providers.standard.hooks.subprocess.SubprocessHook","filename":"subprocess.py","lineno":99}
{"timestamp":"2026-01-16T03:24:58.808189Z","level":"info","event":" 'site_name': 'mercado_livre',","logger":"airflow.task.hooks.airflow.providers.standard.hooks.subprocess.SubprocessHook","filename":"subprocess.py","lineno":99}
{"timestamp":"2026-01-16T03:24:58.808218Z","level":"info","event":" 'storage': '512gb'}","logger":"airflow.task.hooks.airflow.providers.standard.hooks.subprocess.SubprocessHook","filename":"subprocess.py","lineno":99}
{"timestamp":"2026-01-16T03:24:58.809306Z","level":"info","event":"2026-01-16 03:24:58 [scrapy.core.scraper] DEBUG: Scraped from <200 https://lista.mercadolivre.com.br/notebook>","logger":"airflow.task.hooks.airflow.providers.standard.hooks.subprocess.SubprocessHook","filename":"subprocess.py","lineno":99}
{"timestamp":"2026-01-16T03:24:58.809403Z","level":"info","event":"{'color': 'N/A',","logger":"airflow.task.hooks.airflow.providers.standard.hooks.subprocess.SubprocessHook","filename":"subprocess.py","lineno":99}
{"timestamp":"2026-01-16T03:24:58.809458Z","level":"info","event":" 'full_title': \"Notebook Multi Ultra Celeron N4020c 4gb 128gb W11 15,6'' Cinza \"","logger":"airflow.task.hooks.airflow.providers.standard.hooks.subprocess.SubprocessHook","filename":"subprocess.py","lineno":99}
{"timestamp":"2026-01-16T03:24:58.809499Z","level":"info","event":"               '- Ub261',","logger":"airflow.task.hooks.airflow.providers.standard.hooks.subprocess.SubprocessHook","filename":"subprocess.py","lineno":99}
{"timestamp":"2026-01-16T03:24:58.809532Z","level":"info","event":" 'memory': 'N/A',","logger":"airflow.task.hooks.airflow.providers.standard.hooks.subprocess.SubprocessHook","filename":"subprocess.py","lineno":99}
{"timestamp":"2026-01-16T03:24:58.809563Z","level":"info","event":" 'price': '2.098',","logger":"airflow.task.hooks.airflow.providers.standard.hooks.subprocess.SubprocessHook","filename":"subprocess.py","lineno":99}
{"timestamp":"2026-01-16T03:24:58.809592Z","level":"info","event":" 'rating': '4.6',","logger":"airflow.task.hooks.airflow.providers.standard.hooks.subprocess.SubprocessHook","filename":"subprocess.py","lineno":99}
{"timestamp":"2026-01-16T03:24:58.809621Z","level":"info","event":" 'site_name': 'mercado_livre',","logger":"airflow.task.hooks.airflow.providers.standard.hooks.subprocess.SubprocessHook","filename":"subprocess.py","lineno":99}
{"timestamp":"2026-01-16T03:24:58.809649Z","level":"info","event":" 'storage': 'N/A'}","logger":"airflow.task.hooks.airflow.providers.standard.hooks.subprocess.SubprocessHook","filename":"subprocess.py","lineno":99}
{"timestamp":"2026-01-16T03:24:58.810729Z","level":"info","event":"2026-01-16 03:24:58 [scrapy.core.scraper] DEBUG: Scraped from <200 https://lista.mercadolivre.com.br/notebook>","logger":"airflow.task.hooks.airflow.providers.standard.hooks.subprocess.SubprocessHook","filename":"subprocess.py","lineno":99}
{"timestamp":"2026-01-16T03:24:58.810820Z","level":"info","event":"{'color': 'N/A',","logger":"airflow.task.hooks.airflow.providers.standard.hooks.subprocess.SubprocessHook","filename":"subprocess.py","lineno":99}
{"timestamp":"2026-01-16T03:24:58.810873Z","level":"info","event":" 'full_title': 'Notebook Vaio Fe16 Amd Ryzen 7 5825u Linux 8gb RAM 512gb Ssd '","logger":"airflow.task.hooks.airflow.providers.standard.hooks.subprocess.SubprocessHook","filename":"subprocess.py","lineno":99}
{"timestamp":"2026-01-16T03:24:58.810911Z","level":"info","event":"               'Wi-Fi 6 Tela 16\" Ips Wuxga Antirreflexo - Cinza Grafite '","logger":"airflow.task.hooks.airflow.providers.standard.hooks.subprocess.SubprocessHook","filename":"subprocess.py","lineno":99}
{"timestamp":"2026-01-16T03:24:58.810945Z","level":"info","event":"               'Vjfe69f11xb0321h - Permite upgrade de memória RAM e SSD',","logger":"airflow.task.hooks.airflow.providers.standard.hooks.subprocess.SubprocessHook","filename":"subprocess.py","lineno":99}
{"timestamp":"2026-01-16T03:24:58.810977Z","level":"info","event":" 'memory': '8gb',","logger":"airflow.task.hooks.airflow.providers.standard.hooks.subprocess.SubprocessHook","filename":"subprocess.py","lineno":99}
{"timestamp":"2026-01-16T03:24:58.811007Z","level":"info","event":" 'price': '3.999',","logger":"airflow.task.hooks.airflow.providers.standard.hooks.subprocess.SubprocessHook","filename":"subprocess.py","lineno":99}
{"timestamp":"2026-01-16T03:24:58.811036Z","level":"info","event":" 'rating': '4.8',","logger":"airflow.task.hooks.airflow.providers.standard.hooks.subprocess.SubprocessHook","filename":"subprocess.py","lineno":99}
{"timestamp":"2026-01-16T03:24:58.811064Z","level":"info","event":" 'site_name': 'mercado_livre',","logger":"airflow.task.hooks.airflow.providers.standard.hooks.subprocess.SubprocessHook","filename":"subprocess.py","lineno":99}
{"timestamp":"2026-01-16T03:24:58.811092Z","level":"info","event":" 'storage': '512gb'}","logger":"airflow.task.hooks.airflow.providers.standard.hooks.subprocess.SubprocessHook","filename":"subprocess.py","lineno":99}
{"timestamp":"2026-01-16T03:24:58.812126Z","level":"info","event":"2026-01-16 03:24:58 [scrapy.core.scraper] DEBUG: Scraped from <200 https://lista.mercadolivre.com.br/notebook>","logger":"airflow.task.hooks.airflow.providers.standard.hooks.subprocess.SubprocessHook","filename":"subprocess.py","lineno":99}
{"timestamp":"2026-01-16T03:24:58.812222Z","level":"info","event":"{'color': 'Silver',","logger":"airflow.task.hooks.airflow.providers.standard.hooks.subprocess.SubprocessHook","filename":"subprocess.py","lineno":99}
{"timestamp":"2026-01-16T03:24:58.812275Z","level":"info","event":" 'full_title': 'Notebook Asus Vivobook 15 X1504va Intel Core I5 1334u 8gb Ram '","logger":"airflow.task.hooks.airflow.providers.standard.hooks.subprocess.SubprocessHook","filename":"subprocess.py","lineno":99}
{"timestamp":"2026-01-16T03:24:58.812313Z","level":"info","event":"               '256gb Ssd Windows 11 Home Intel Iris Xe Tela 15,6 Led Fhd '","logger":"airflow.task.hooks.airflow.providers.standard.hooks.subprocess.SubprocessHook","filename":"subprocess.py","lineno":99}
{"timestamp":"2026-01-16T03:24:58.812345Z","level":"info","event":"               'Silver - Nj1738w',","logger":"airflow.task.hooks.airflow.providers.standard.hooks.subprocess.SubprocessHook","filename":"subprocess.py","lineno":99}
{"timestamp":"2026-01-16T03:24:58.812376Z","level":"info","event":" 'memory': '8gb',","logger":"airflow.task.hooks.airflow.providers.standard.hooks.subprocess.SubprocessHook","filename":"subprocess.py","lineno":99}
{"timestamp":"2026-01-16T03:24:58.812406Z","level":"info","event":" 'price': '3.999',","logger":"airflow.task.hooks.airflow.providers.standard.hooks.subprocess.SubprocessHook","filename":"subprocess.py","lineno":99}
{"timestamp":"2026-01-16T03:24:58.812435Z","level":"info","event":" 'rating': '4.9',","logger":"airflow.task.hooks.airflow.providers.standard.hooks.subprocess.SubprocessHook","filename":"subprocess.py","lineno":99}
{"timestamp":"2026-01-16T03:24:58.812462Z","level":"info","event":" 'site_name': 'mercado_livre',","logger":"airflow.task.hooks.airflow.providers.standard.hooks.subprocess.SubprocessHook","filename":"subprocess.py","lineno":99}
{"timestamp":"2026-01-16T03:24:58.812491Z","level":"info","event":" 'storage': '256gb'}","logger":"airflow.task.hooks.airflow.providers.standard.hooks.subprocess.SubprocessHook","filename":"subprocess.py","lineno":99}
{"timestamp":"2026-01-16T03:24:58.813525Z","level":"info","event":"2026-01-16 03:24:58 [scrapy.core.scraper] DEBUG: Scraped from <200 https://lista.mercadolivre.com.br/notebook>","logger":"airflow.task.hooks.airflow.providers.standard.hooks.subprocess.SubprocessHook","filename":"subprocess.py","lineno":99}
{"timestamp":"2026-01-16T03:24:58.813619Z","level":"info","event":"{'color': 'Silver',","logger":"airflow.task.hooks.airflow.providers.standard.hooks.subprocess.SubprocessHook","filename":"subprocess.py","lineno":99}
{"timestamp":"2026-01-16T03:24:58.813672Z","level":"info","event":" 'full_title': 'Notebook Asus Vivobook 15 X1504va Intel Core I5 1334u 8gb Ram '","logger":"airflow.task.hooks.airflow.providers.standard.hooks.subprocess.SubprocessHook","filename":"subprocess.py","lineno":99}
{"timestamp":"2026-01-16T03:24:58.813709Z","level":"info","event":"               '512gb Ssd Intel Iris Xe Windows 11 Home Tela 15,6 Fhd Silver - '","logger":"airflow.task.hooks.airflow.providers.standard.hooks.subprocess.SubprocessHook","filename":"subprocess.py","lineno":99}
{"timestamp":"2026-01-16T03:24:58.813741Z","level":"info","event":"               'Nj1740w',","logger":"airflow.task.hooks.airflow.providers.standard.hooks.subprocess.SubprocessHook","filename":"subprocess.py","lineno":99}
{"timestamp":"2026-01-16T03:24:58.813771Z","level":"info","event":" 'memory': '8gb',","logger":"airflow.task.hooks.airflow.providers.standard.hooks.subprocess.SubprocessHook","filename":"subprocess.py","lineno":99}
{"timestamp":"2026-01-16T03:24:58.813801Z","level":"info","event":" 'price': '4.000',","logger":"airflow.task.hooks.airflow.providers.standard.hooks.subprocess.SubprocessHook","filename":"subprocess.py","lineno":99}
{"timestamp":"2026-01-16T03:24:58.813828Z","level":"info","event":" 'rating': '4.9',","logger":"airflow.task.hooks.airflow.providers.standard.hooks.subprocess.SubprocessHook","filename":"subprocess.py","lineno":99}
{"timestamp":"2026-01-16T03:24:58.813856Z","level":"info","event":" 'site_name': 'mercado_livre',","logger":"airflow.task.hooks.airflow.providers.standard.hooks.subprocess.SubprocessHook","filename":"subprocess.py","lineno":99}
{"timestamp":"2026-01-16T03:24:58.813884Z","level":"info","event":" 'storage': '512gb'}","logger":"airflow.task.hooks.airflow.providers.standard.hooks.subprocess.SubprocessHook","filename":"subprocess.py","lineno":99}
{"timestamp":"2026-01-16T03:24:58.815093Z","level":"info","event":"2026-01-16 03:24:58 [scrapy.core.scraper] DEBUG: Scraped from <200 https://lista.mercadolivre.com.br/notebook>","logger":"airflow.task.hooks.airflow.providers.standard.hooks.subprocess.SubprocessHook","filename":"subprocess.py","lineno":99}
{"timestamp":"2026-01-16T03:24:58.815191Z","level":"info","event":"{'color': 'Grey',","logger":"airflow.task.hooks.airflow.providers.standard.hooks.subprocess.SubprocessHook","filename":"subprocess.py","lineno":99}
{"timestamp":"2026-01-16T03:24:58.815244Z","level":"info","event":" 'full_title': 'Notebook Lenovo Ideapad Slim 3 15irh10 Intel Core i5-13420h '","logger":"airflow.task.hooks.airflow.providers.standard.hooks.subprocess.SubprocessHook","filename":"subprocess.py","lineno":99}
{"timestamp":"2026-01-16T03:24:58.815280Z","level":"info","event":"               '8gb 256gb Ssd Windows 11 15.3 - 83ns0003br Luna Grey',","logger":"airflow.task.hooks.airflow.providers.standard.hooks.subprocess.SubprocessHook","filename":"subprocess.py","lineno":99}
{"timestamp":"2026-01-16T03:24:58.815311Z","level":"info","event":" 'memory': 'N/A',","logger":"airflow.task.hooks.airflow.providers.standard.hooks.subprocess.SubprocessHook","filename":"subprocess.py","lineno":99}
{"timestamp":"2026-01-16T03:24:58.815342Z","level":"info","event":" 'price': '3.399',","logger":"airflow.task.hooks.airflow.providers.standard.hooks.subprocess.SubprocessHook","filename":"subprocess.py","lineno":99}
{"timestamp":"2026-01-16T03:24:58.815370Z","level":"info","event":" 'rating': '4.9',","logger":"airflow.task.hooks.airflow.providers.standard.hooks.subprocess.SubprocessHook","filename":"subprocess.py","lineno":99}
{"timestamp":"2026-01-16T03:24:58.815398Z","level":"info","event":" 'site_name': 'mercado_livre',","logger":"airflow.task.hooks.airflow.providers.standard.hooks.subprocess.SubprocessHook","filename":"subprocess.py","lineno":99}
{"timestamp":"2026-01-16T03:24:58.815426Z","level":"info","event":" 'storage': '256gb'}","logger":"airflow.task.hooks.airflow.providers.standard.hooks.subprocess.SubprocessHook","filename":"subprocess.py","lineno":99}
{"timestamp":"2026-01-16T03:24:58.816647Z","level":"info","event":"2026-01-16 03:24:58 [scrapy.core.scraper] DEBUG: Scraped from <200 https://lista.mercadolivre.com.br/notebook>","logger":"airflow.task.hooks.airflow.providers.standard.hooks.subprocess.SubprocessHook","filename":"subprocess.py","lineno":99}
{"timestamp":"2026-01-16T03:24:58.816760Z","level":"info","event":"{'color': 'Cinza',","logger":"airflow.task.hooks.airflow.providers.standard.hooks.subprocess.SubprocessHook","filename":"subprocess.py","lineno":99}
{"timestamp":"2026-01-16T03:24:58.816844Z","level":"info","event":" 'full_title': 'Notebook Lenovo Ideapad I5-13420h 8gb 1tb Ssd15.3 Fhd Linux '","logger":"airflow.task.hooks.airflow.providers.standard.hooks.subprocess.SubprocessHook","filename":"subprocess.py","lineno":99}
{"timestamp":"2026-01-16T03:24:58.816914Z","level":"info","event":"               'Cinza',","logger":"airflow.task.hooks.airflow.providers.standard.hooks.subprocess.SubprocessHook","filename":"subprocess.py","lineno":99}
{"timestamp":"2026-01-16T03:24:58.816955Z","level":"info","event":" 'memory': 'N/A',","logger":"airflow.task.hooks.airflow.providers.standard.hooks.subprocess.SubprocessHook","filename":"subprocess.py","lineno":99}
{"timestamp":"2026-01-16T03:24:58.816987Z","level":"info","event":" 'price': '3.999',","logger":"airflow.task.hooks.airflow.providers.standard.hooks.subprocess.SubprocessHook","filename":"subprocess.py","lineno":99}
{"timestamp":"2026-01-16T03:24:58.817019Z","level":"info","event":" 'rating': '4.9',","logger":"airflow.task.hooks.airflow.providers.standard.hooks.subprocess.SubprocessHook","filename":"subprocess.py","lineno":99}
{"timestamp":"2026-01-16T03:24:58.817047Z","level":"info","event":" 'site_name': 'mercado_livre',","logger":"airflow.task.hooks.airflow.providers.standard.hooks.subprocess.SubprocessHook","filename":"subprocess.py","lineno":99}
{"timestamp":"2026-01-16T03:24:58.817075Z","level":"info","event":" 'storage': '1tb'}","logger":"airflow.task.hooks.airflow.providers.standard.hooks.subprocess.SubprocessHook","filename":"subprocess.py","lineno":99}
{"timestamp":"2026-01-16T03:24:58.818593Z","level":"info","event":"2026-01-16 03:24:58 [scrapy.core.scraper] DEBUG: Scraped from <200 https://lista.mercadolivre.com.br/notebook>","logger":"airflow.task.hooks.airflow.providers.standard.hooks.subprocess.SubprocessHook","filename":"subprocess.py","lineno":99}
{"timestamp":"2026-01-16T03:24:58.818793Z","level":"info","event":"{'color': 'Cinza',","logger":"airflow.task.hooks.airflow.providers.standard.hooks.subprocess.SubprocessHook","filename":"subprocess.py","lineno":99}
{"timestamp":"2026-01-16T03:24:58.818873Z","level":"info","event":" 'full_title': 'Notebook Asus X515ka Intel Celeron Dual Core N4500 4gb Ram '","logger":"airflow.task.hooks.airflow.providers.standard.hooks.subprocess.SubprocessHook","filename":"subprocess.py","lineno":99}
{"timestamp":"2026-01-16T03:24:58.818929Z","level":"info","event":"               '128gb Ssd Windows 11 Home Tela 15,6 Led Cinza - Br329ws',","logger":"airflow.task.hooks.airflow.providers.standard.hooks.subprocess.SubprocessHook","filename":"subprocess.py","lineno":99}
{"timestamp":"2026-01-16T03:24:58.819039Z","level":"info","event":" 'memory': '4gb',","logger":"airflow.task.hooks.airflow.providers.standard.hooks.subprocess.SubprocessHook","filename":"subprocess.py","lineno":99}
{"timestamp":"2026-01-16T03:24:58.819111Z","level":"info","event":" 'price': '2.099',","logger":"airflow.task.hooks.airflow.providers.standard.hooks.subprocess.SubprocessHook","filename":"subprocess.py","lineno":99}
{"timestamp":"2026-01-16T03:24:58.819162Z","level":"info","event":" 'rating': '4.8',","logger":"airflow.task.hooks.airflow.providers.standard.hooks.subprocess.SubprocessHook","filename":"subprocess.py","lineno":99}
{"timestamp":"2026-01-16T03:24:58.819215Z","level":"info","event":" 'site_name': 'mercado_livre',","logger":"airflow.task.hooks.airflow.providers.standard.hooks.subprocess.SubprocessHook","filename":"subprocess.py","lineno":99}
{"timestamp":"2026-01-16T03:24:58.819248Z","level":"info","event":" 'storage': '128gb'}","logger":"airflow.task.hooks.airflow.providers.standard.hooks.subprocess.SubprocessHook","filename":"subprocess.py","lineno":99}
{"timestamp":"2026-01-16T03:24:58.820936Z","level":"info","event":"2026-01-16 03:24:58 [scrapy.core.scraper] DEBUG: Scraped from <200 https://lista.mercadolivre.com.br/notebook>","logger":"airflow.task.hooks.airflow.providers.standard.hooks.subprocess.SubprocessHook","filename":"subprocess.py","lineno":99}
{"timestamp":"2026-01-16T03:24:58.821071Z","level":"info","event":"{'color': 'N/A',","logger":"airflow.task.hooks.airflow.providers.standard.hooks.subprocess.SubprocessHook","filename":"subprocess.py","lineno":99}
{"timestamp":"2026-01-16T03:24:58.821126Z","level":"info","event":" 'full_title': 'Notebook Aspire Ag15-71pt-58sx Ci5 8gb 512gb Ssd Touch Led W11 '","logger":"airflow.task.hooks.airflow.providers.standard.hooks.subprocess.SubprocessHook","filename":"subprocess.py","lineno":99}
{"timestamp":"2026-01-16T03:24:58.821168Z","level":"info","event":"               'Acer',","logger":"airflow.task.hooks.airflow.providers.standard.hooks.subprocess.SubprocessHook","filename":"subprocess.py","lineno":99}
{"timestamp":"2026-01-16T03:24:58.821216Z","level":"info","event":" 'memory': 'N/A',","logger":"airflow.task.hooks.airflow.providers.standard.hooks.subprocess.SubprocessHook","filename":"subprocess.py","lineno":99}
{"timestamp":"2026-01-16T03:24:58.821259Z","level":"info","event":" 'price': '4.012',","logger":"airflow.task.hooks.airflow.providers.standard.hooks.subprocess.SubprocessHook","filename":"subprocess.py","lineno":99}
{"timestamp":"2026-01-16T03:24:58.821297Z","level":"info","event":" 'rating': '4.9',","logger":"airflow.task.hooks.airflow.providers.standard.hooks.subprocess.SubprocessHook","filename":"subprocess.py","lineno":99}
{"timestamp":"2026-01-16T03:24:58.821327Z","level":"info","event":" 'site_name': 'mercado_livre',","logger":"airflow.task.hooks.airflow.providers.standard.hooks.subprocess.SubprocessHook","filename":"subprocess.py","lineno":99}
{"timestamp":"2026-01-16T03:24:58.821355Z","level":"info","event":" 'storage': '512gb'}","logger":"airflow.task.hooks.airflow.providers.standard.hooks.subprocess.SubprocessHook","filename":"subprocess.py","lineno":99}
{"timestamp":"2026-01-16T03:24:58.822584Z","level":"info","event":"2026-01-16 03:24:58 [scrapy.core.scraper] DEBUG: Scraped from <200 https://lista.mercadolivre.com.br/notebook>","logger":"airflow.task.hooks.airflow.providers.standard.hooks.subprocess.SubprocessHook","filename":"subprocess.py","lineno":99}
{"timestamp":"2026-01-16T03:24:58.822686Z","level":"info","event":"{'color': 'N/A',","logger":"airflow.task.hooks.airflow.providers.standard.hooks.subprocess.SubprocessHook","filename":"subprocess.py","lineno":99}
{"timestamp":"2026-01-16T03:24:58.822746Z","level":"info","event":" 'full_title': 'Notebook Acer Nitro V15 Anv15-52-514z Intel Core I5-13420h '","logger":"airflow.task.hooks.airflow.providers.standard.hooks.subprocess.SubprocessHook","filename":"subprocess.py","lineno":99}
{"timestamp":"2026-01-16T03:24:58.822800Z","level":"info","event":"               '15.6 Led Ips Nvidia Geforce Rtx3050 512gb Ssd 8gb Ram Linux 64',","logger":"airflow.task.hooks.airflow.providers.standard.hooks.subprocess.SubprocessHook","filename":"subprocess.py","lineno":99}
{"timestamp":"2026-01-16T03:24:58.822883Z","level":"info","event":" 'memory': '8gb',","logger":"airflow.task.hooks.airflow.providers.standard.hooks.subprocess.SubprocessHook","filename":"subprocess.py","lineno":99}
{"timestamp":"2026-01-16T03:24:58.822950Z","level":"info","event":" 'price': '7.190',","logger":"airflow.task.hooks.airflow.providers.standard.hooks.subprocess.SubprocessHook","filename":"subprocess.py","lineno":99}
{"timestamp":"2026-01-16T03:24:58.822987Z","level":"info","event":" 'rating': '4.9',","logger":"airflow.task.hooks.airflow.providers.standard.hooks.subprocess.SubprocessHook","filename":"subprocess.py","lineno":99}
{"timestamp":"2026-01-16T03:24:58.823038Z","level":"info","event":" 'site_name': 'mercado_livre',","logger":"airflow.task.hooks.airflow.providers.standard.hooks.subprocess.SubprocessHook","filename":"subprocess.py","lineno":99}
{"timestamp":"2026-01-16T03:24:58.823079Z","level":"info","event":" 'storage': '512gb'}","logger":"airflow.task.hooks.airflow.providers.standard.hooks.subprocess.SubprocessHook","filename":"subprocess.py","lineno":99}
{"timestamp":"2026-01-16T03:24:58.824200Z","level":"info","event":"2026-01-16 03:24:58 [scrapy.core.scraper] DEBUG: Scraped from <200 https://lista.mercadolivre.com.br/notebook>","logger":"airflow.task.hooks.airflow.providers.standard.hooks.subprocess.SubprocessHook","filename":"subprocess.py","lineno":99}
{"timestamp":"2026-01-16T03:24:58.824299Z","level":"info","event":"{'color': 'N/A',","logger":"airflow.task.hooks.airflow.providers.standard.hooks.subprocess.SubprocessHook","filename":"subprocess.py","lineno":99}
{"timestamp":"2026-01-16T03:24:58.824355Z","level":"info","event":" 'full_title': 'Notebook Positivo Vision C15m Intel Celeron N4500 Windows 11 '","logger":"airflow.task.hooks.airflow.providers.standard.hooks.subprocess.SubprocessHook","filename":"subprocess.py","lineno":99}
{"timestamp":"2026-01-16T03:24:58.824395Z","level":"info","event":"               'Home 8gb Ram 128gb Emmc Tela 15 Full Hd Ips Antirreflexo - '","logger":"airflow.task.hooks.airflow.providers.standard.hooks.subprocess.SubprocessHook","filename":"subprocess.py","lineno":99}
{"timestamp":"2026-01-16T03:24:58.824429Z","level":"info","event":"               'Minitela E Tecla Copilot - Permite Upgrade De Memória Ssd - '","logger":"airflow.task.hooks.airflow.providers.standard.hooks.subprocess.SubprocessHook","filename":"subprocess.py","lineno":99}
{"timestamp":"2026-01-16T03:24:58.824462Z","level":"info","event":"               'Cinza',","logger":"airflow.task.hooks.airflow.providers.standard.hooks.subprocess.SubprocessHook","filename":"subprocess.py","lineno":99}
{"timestamp":"2026-01-16T03:24:58.824492Z","level":"info","event":" 'memory': '8gb',","logger":"airflow.task.hooks.airflow.providers.standard.hooks.subprocess.SubprocessHook","filename":"subprocess.py","lineno":99}
{"timestamp":"2026-01-16T03:24:58.824520Z","level":"info","event":" 'price': '2.855',","logger":"airflow.task.hooks.airflow.providers.standard.hooks.subprocess.SubprocessHook","filename":"subprocess.py","lineno":99}
{"timestamp":"2026-01-16T03:24:58.824547Z","level":"info","event":" 'rating': '4.7',","logger":"airflow.task.hooks.airflow.providers.standard.hooks.subprocess.SubprocessHook","filename":"subprocess.py","lineno":99}
{"timestamp":"2026-01-16T03:24:58.824574Z","level":"info","event":" 'site_name': 'mercado_livre',","logger":"airflow.task.hooks.airflow.providers.standard.hooks.subprocess.SubprocessHook","filename":"subprocess.py","lineno":99}
{"timestamp":"2026-01-16T03:24:58.824601Z","level":"info","event":" 'storage': 'N/A'}","logger":"airflow.task.hooks.airflow.providers.standard.hooks.subprocess.SubprocessHook","filename":"subprocess.py","lineno":99}
{"timestamp":"2026-01-16T03:24:58.825624Z","level":"info","event":"2026-01-16 03:24:58 [scrapy.core.scraper] DEBUG: Scraped from <200 https://lista.mercadolivre.com.br/notebook>","logger":"airflow.task.hooks.airflow.providers.standard.hooks.subprocess.SubprocessHook","filename":"subprocess.py","lineno":99}
{"timestamp":"2026-01-16T03:24:58.825719Z","level":"info","event":"{'color': 'N/A',","logger":"airflow.task.hooks.airflow.providers.standard.hooks.subprocess.SubprocessHook","filename":"subprocess.py","lineno":99}
{"timestamp":"2026-01-16T03:24:58.825785Z","level":"info","event":" 'full_title': 'Notebook Positivo Vision R15m Amd Ryzen 5-5625u Linux 8gb Ram '","logger":"airflow.task.hooks.airflow.providers.standard.hooks.subprocess.SubprocessHook","filename":"subprocess.py","lineno":99}
{"timestamp":"2026-01-16T03:24:58.825849Z","level":"info","event":"               '256gb Ssd Wi-fi 6 Tela 15 Full Hd Ips Antirreflexo - Permite '","logger":"airflow.task.hooks.airflow.providers.standard.hooks.subprocess.SubprocessHook","filename":"subprocess.py","lineno":99}
{"timestamp":"2026-01-16T03:24:58.825907Z","level":"info","event":"               'Upgrade De Memória Ram E Ssd - Preto',","logger":"airflow.task.hooks.airflow.providers.standard.hooks.subprocess.SubprocessHook","filename":"subprocess.py","lineno":99}
{"timestamp":"2026-01-16T03:24:58.825982Z","level":"info","event":" 'memory': '8gb',","logger":"airflow.task.hooks.airflow.providers.standard.hooks.subprocess.SubprocessHook","filename":"subprocess.py","lineno":99}
{"timestamp":"2026-01-16T03:24:58.826054Z","level":"info","event":" 'price': '3.855',","logger":"airflow.task.hooks.airflow.providers.standard.hooks.subprocess.SubprocessHook","filename":"subprocess.py","lineno":99}
{"timestamp":"2026-01-16T03:24:58.826141Z","level":"info","event":" 'rating': '4.8',","logger":"airflow.task.hooks.airflow.providers.standard.hooks.subprocess.SubprocessHook","filename":"subprocess.py","lineno":99}
{"timestamp":"2026-01-16T03:24:58.826201Z","level":"info","event":" 'site_name': 'mercado_livre',","logger":"airflow.task.hooks.airflow.providers.standard.hooks.subprocess.SubprocessHook","filename":"subprocess.py","lineno":99}
{"timestamp":"2026-01-16T03:24:58.826247Z","level":"info","event":" 'storage': '256gb'}","logger":"airflow.task.hooks.airflow.providers.standard.hooks.subprocess.SubprocessHook","filename":"subprocess.py","lineno":99}
{"timestamp":"2026-01-16T03:24:58.827200Z","level":"info","event":"2026-01-16 03:24:58 [scrapy.core.scraper] DEBUG: Scraped from <200 https://lista.mercadolivre.com.br/notebook>","logger":"airflow.task.hooks.airflow.providers.standard.hooks.subprocess.SubprocessHook","filename":"subprocess.py","lineno":99}
{"timestamp":"2026-01-16T03:24:58.827300Z","level":"info","event":"{'color': 'Black',","logger":"airflow.task.hooks.airflow.providers.standard.hooks.subprocess.SubprocessHook","filename":"subprocess.py","lineno":99}
{"timestamp":"2026-01-16T03:24:58.827355Z","level":"info","event":" 'full_title': 'Notebook ASUS TUF Gaming A15, NVIDIA RTX 2050, AMD RYZEN 7 '","logger":"airflow.task.hooks.airflow.providers.standard.hooks.subprocess.SubprocessHook","filename":"subprocess.py","lineno":99}
{"timestamp":"2026-01-16T03:24:58.827449Z","level":"info","event":"               '7435HS 3,1 GHz , 16GB RAM, 512GB SSD, Windows 11 Home, Tela '","logger":"airflow.task.hooks.airflow.providers.standard.hooks.subprocess.SubprocessHook","filename":"subprocess.py","lineno":99}
{"timestamp":"2026-01-16T03:24:58.827494Z","level":"info","event":"               '15,6\" FHD Nível IPS 144Hz, Graphite Black - FA506NFR-HN060W',","logger":"airflow.task.hooks.airflow.providers.standard.hooks.subprocess.SubprocessHook","filename":"subprocess.py","lineno":99}
{"timestamp":"2026-01-16T03:24:58.827531Z","level":"info","event":" 'memory': '16GB',","logger":"airflow.task.hooks.airflow.providers.standard.hooks.subprocess.SubprocessHook","filename":"subprocess.py","lineno":99}
{"timestamp":"2026-01-16T03:24:58.827562Z","level":"info","event":" 'price': '6.999',","logger":"airflow.task.hooks.airflow.providers.standard.hooks.subprocess.SubprocessHook","filename":"subprocess.py","lineno":99}
{"timestamp":"2026-01-16T03:24:58.827591Z","level":"info","event":" 'rating': '4.9',","logger":"airflow.task.hooks.airflow.providers.standard.hooks.subprocess.SubprocessHook","filename":"subprocess.py","lineno":99}
{"timestamp":"2026-01-16T03:24:58.827619Z","level":"info","event":" 'site_name': 'mercado_livre',","logger":"airflow.task.hooks.airflow.providers.standard.hooks.subprocess.SubprocessHook","filename":"subprocess.py","lineno":99}
{"timestamp":"2026-01-16T03:24:58.827667Z","level":"info","event":" 'storage': '512GB'}","logger":"airflow.task.hooks.airflow.providers.standard.hooks.subprocess.SubprocessHook","filename":"subprocess.py","lineno":99}
{"timestamp":"2026-01-16T03:24:58.828675Z","level":"info","event":"2026-01-16 03:24:58 [scrapy.core.scraper] DEBUG: Scraped from <200 https://lista.mercadolivre.com.br/notebook>","logger":"airflow.task.hooks.airflow.providers.standard.hooks.subprocess.SubprocessHook","filename":"subprocess.py","lineno":99}
{"timestamp":"2026-01-16T03:24:58.828774Z","level":"info","event":"{'color': 'N/A',","logger":"airflow.task.hooks.airflow.providers.standard.hooks.subprocess.SubprocessHook","filename":"subprocess.py","lineno":99}
{"timestamp":"2026-01-16T03:24:58.828830Z","level":"info","event":" 'full_title': 'Notebook Vaio Fe16 Intel Core I3-1315u Linux 8gb Ram 256gb Ssd '","logger":"airflow.task.hooks.airflow.providers.standard.hooks.subprocess.SubprocessHook","filename":"subprocess.py","lineno":99}
{"timestamp":"2026-01-16T03:24:58.828869Z","level":"info","event":"               'Tela 16 Ips Wuxga Antirreflexo - Cinza Grafite - '","logger":"airflow.task.hooks.airflow.providers.standard.hooks.subprocess.SubprocessHook","filename":"subprocess.py","lineno":99}
{"timestamp":"2026-01-16T03:24:58.828901Z","level":"info","event":"               'Vjfe62f11x-b0811h',","logger":"airflow.task.hooks.airflow.providers.standard.hooks.subprocess.SubprocessHook","filename":"subprocess.py","lineno":99}
{"timestamp":"2026-01-16T03:24:58.828933Z","level":"info","event":" 'memory': '8gb',","logger":"airflow.task.hooks.airflow.providers.standard.hooks.subprocess.SubprocessHook","filename":"subprocess.py","lineno":99}
{"timestamp":"2026-01-16T03:24:58.828961Z","level":"info","event":" 'price': '3.290',","logger":"airflow.task.hooks.airflow.providers.standard.hooks.subprocess.SubprocessHook","filename":"subprocess.py","lineno":99}
{"timestamp":"2026-01-16T03:24:58.828989Z","level":"info","event":" 'rating': '5.0',","logger":"airflow.task.hooks.airflow.providers.standard.hooks.subprocess.SubprocessHook","filename":"subprocess.py","lineno":99}
{"timestamp":"2026-01-16T03:24:58.829017Z","level":"info","event":" 'site_name': 'mercado_livre',","logger":"airflow.task.hooks.airflow.providers.standard.hooks.subprocess.SubprocessHook","filename":"subprocess.py","lineno":99}
{"timestamp":"2026-01-16T03:24:58.829044Z","level":"info","event":" 'storage': '256gb'}","logger":"airflow.task.hooks.airflow.providers.standard.hooks.subprocess.SubprocessHook","filename":"subprocess.py","lineno":99}
{"timestamp":"2026-01-16T03:24:58.830148Z","level":"info","event":"2026-01-16 03:24:58 [scrapy.core.scraper] DEBUG: Scraped from <200 https://lista.mercadolivre.com.br/notebook>","logger":"airflow.task.hooks.airflow.providers.standard.hooks.subprocess.SubprocessHook","filename":"subprocess.py","lineno":99}
{"timestamp":"2026-01-16T03:24:58.830246Z","level":"info","event":"{'color': 'Cinza',","logger":"airflow.task.hooks.airflow.providers.standard.hooks.subprocess.SubprocessHook","filename":"subprocess.py","lineno":99}
{"timestamp":"2026-01-16T03:24:58.830305Z","level":"info","event":" 'full_title': 'Notebook 2 Em 1 Positivo Duo Intel Celeron N4500 4gb Ram 128gb '","logger":"airflow.task.hooks.airflow.providers.standard.hooks.subprocess.SubprocessHook","filename":"subprocess.py","lineno":99}
{"timestamp":"2026-01-16T03:24:58.830360Z","level":"info","event":"               'De Armazenamento, Tela 11\" Hd Ips Touch Com Caneta Capacitiva, '","logger":"airflow.task.hooks.airflow.providers.standard.hooks.subprocess.SubprocessHook","filename":"subprocess.py","lineno":99}
{"timestamp":"2026-01-16T03:24:58.830404Z","level":"info","event":"               'Windows 11 Home Cinza C4128e',","logger":"airflow.task.hooks.airflow.providers.standard.hooks.subprocess.SubprocessHook","filename":"subprocess.py","lineno":99}
{"timestamp":"2026-01-16T03:24:58.830449Z","level":"info","event":" 'memory': '4gb',","logger":"airflow.task.hooks.airflow.providers.standard.hooks.subprocess.SubprocessHook","filename":"subprocess.py","lineno":99}
{"timestamp":"2026-01-16T03:24:58.830482Z","level":"info","event":" 'price': '1.699',","logger":"airflow.task.hooks.airflow.providers.standard.hooks.subprocess.SubprocessHook","filename":"subprocess.py","lineno":99}
{"timestamp":"2026-01-16T03:24:58.830513Z","level":"info","event":" 'rating': '4.9',","logger":"airflow.task.hooks.airflow.providers.standard.hooks.subprocess.SubprocessHook","filename":"subprocess.py","lineno":99}
{"timestamp":"2026-01-16T03:24:58.830543Z","level":"info","event":" 'site_name': 'mercado_livre',","logger":"airflow.task.hooks.airflow.providers.standard.hooks.subprocess.SubprocessHook","filename":"subprocess.py","lineno":99}
{"timestamp":"2026-01-16T03:24:58.830571Z","level":"info","event":" 'storage': 'N/A'}","logger":"airflow.task.hooks.airflow.providers.standard.hooks.subprocess.SubprocessHook","filename":"subprocess.py","lineno":99}
{"timestamp":"2026-01-16T03:24:58.831556Z","level":"info","event":"2026-01-16 03:24:58 [scrapy.core.scraper] DEBUG: Scraped from <200 https://lista.mercadolivre.com.br/notebook>","logger":"airflow.task.hooks.airflow.providers.standard.hooks.subprocess.SubprocessHook","filename":"subprocess.py","lineno":99}
{"timestamp":"2026-01-16T03:24:58.831669Z","level":"info","event":"{'color': 'Cinza',","logger":"airflow.task.hooks.airflow.providers.standard.hooks.subprocess.SubprocessHook","filename":"subprocess.py","lineno":99}
{"timestamp":"2026-01-16T03:24:58.831731Z","level":"info","event":" 'full_title': 'Notebook Positivo Vision C14 Lumina BAR Celeron 4GB 128GB eMMC '","logger":"airflow.task.hooks.airflow.providers.standard.hooks.subprocess.SubprocessHook","filename":"subprocess.py","lineno":99}
{"timestamp":"2026-01-16T03:24:58.831782Z","level":"info","event":"               'Tela 14 Polegadas HD Antirreflexo Windows 11 Tecla Link Cinza',","logger":"airflow.task.hooks.airflow.providers.standard.hooks.subprocess.SubprocessHook","filename":"subprocess.py","lineno":99}
{"timestamp":"2026-01-16T03:24:58.831827Z","level":"info","event":" 'memory': 'N/A',","logger":"airflow.task.hooks.airflow.providers.standard.hooks.subprocess.SubprocessHook","filename":"subprocess.py","lineno":99}
{"timestamp":"2026-01-16T03:24:58.831873Z","level":"info","event":" 'price': '1.799',","logger":"airflow.task.hooks.airflow.providers.standard.hooks.subprocess.SubprocessHook","filename":"subprocess.py","lineno":99}
{"timestamp":"2026-01-16T03:24:58.831905Z","level":"info","event":" 'rating': '4.6',","logger":"airflow.task.hooks.airflow.providers.standard.hooks.subprocess.SubprocessHook","filename":"subprocess.py","lineno":99}
{"timestamp":"2026-01-16T03:24:58.831934Z","level":"info","event":" 'site_name': 'mercado_livre',","logger":"airflow.task.hooks.airflow.providers.standard.hooks.subprocess.SubprocessHook","filename":"subprocess.py","lineno":99}
{"timestamp":"2026-01-16T03:24:58.831980Z","level":"info","event":" 'storage': 'N/A'}","logger":"airflow.task.hooks.airflow.providers.standard.hooks.subprocess.SubprocessHook","filename":"subprocess.py","lineno":99}
{"timestamp":"2026-01-16T03:24:58.832919Z","level":"info","event":"2026-01-16 03:24:58 [scrapy.core.scraper] DEBUG: Scraped from <200 https://lista.mercadolivre.com.br/notebook>","logger":"airflow.task.hooks.airflow.providers.standard.hooks.subprocess.SubprocessHook","filename":"subprocess.py","lineno":99}
{"timestamp":"2026-01-16T03:24:58.833015Z","level":"info","event":"{'color': 'Silver',","logger":"airflow.task.hooks.airflow.providers.standard.hooks.subprocess.SubprocessHook","filename":"subprocess.py","lineno":99}
{"timestamp":"2026-01-16T03:24:58.833069Z","level":"info","event":" 'full_title': 'Notebook ASUS Vivobook 15, Intel Core i5 1334U 1,3 GHz, 8GB '","logger":"airflow.task.hooks.airflow.providers.standard.hooks.subprocess.SubprocessHook","filename":"subprocess.py","lineno":99}
{"timestamp":"2026-01-16T03:24:58.833106Z","level":"info","event":"               'Ram, 256GB SSD, KeepOS Linux, Tela 15,6\" FHD, Cool Silver - '","logger":"airflow.task.hooks.airflow.providers.standard.hooks.subprocess.SubprocessHook","filename":"subprocess.py","lineno":99}
{"timestamp":"2026-01-16T03:24:58.833138Z","level":"info","event":"               'X1504VA-NJ1739',","logger":"airflow.task.hooks.airflow.providers.standard.hooks.subprocess.SubprocessHook","filename":"subprocess.py","lineno":99}
{"timestamp":"2026-01-16T03:24:58.833170Z","level":"info","event":" 'memory': '8GB',","logger":"airflow.task.hooks.airflow.providers.standard.hooks.subprocess.SubprocessHook","filename":"subprocess.py","lineno":99}
{"timestamp":"2026-01-16T03:24:58.833199Z","level":"info","event":" 'price': '2.899',","logger":"airflow.task.hooks.airflow.providers.standard.hooks.subprocess.SubprocessHook","filename":"subprocess.py","lineno":99}
{"timestamp":"2026-01-16T03:24:58.833228Z","level":"info","event":" 'rating': '4.9',","logger":"airflow.task.hooks.airflow.providers.standard.hooks.subprocess.SubprocessHook","filename":"subprocess.py","lineno":99}
{"timestamp":"2026-01-16T03:24:58.833256Z","level":"info","event":" 'site_name': 'mercado_livre',","logger":"airflow.task.hooks.airflow.providers.standard.hooks.subprocess.SubprocessHook","filename":"subprocess.py","lineno":99}
{"timestamp":"2026-01-16T03:24:58.833284Z","level":"info","event":" 'storage': '256GB'}","logger":"airflow.task.hooks.airflow.providers.standard.hooks.subprocess.SubprocessHook","filename":"subprocess.py","lineno":99}
{"timestamp":"2026-01-16T03:24:58.841363Z","level":"info","event":"2026-01-16 03:24:58 [scrapy.core.scraper] DEBUG: Scraped from <200 https://lista.mercadolivre.com.br/notebook>","logger":"airflow.task.hooks.airflow.providers.standard.hooks.subprocess.SubprocessHook","filename":"subprocess.py","lineno":99}
{"timestamp":"2026-01-16T03:24:58.841550Z","level":"info","event":"{'color': 'Cinza',","logger":"airflow.task.hooks.airflow.providers.standard.hooks.subprocess.SubprocessHook","filename":"subprocess.py","lineno":99}
{"timestamp":"2026-01-16T03:24:58.841614Z","level":"info","event":" 'full_title': 'Notebook Lenovo Ideapad I3-1315 8gb 512gb Ssd 15.6 Fhd Linux '","logger":"airflow.task.hooks.airflow.providers.standard.hooks.subprocess.SubprocessHook","filename":"subprocess.py","lineno":99}
{"timestamp":"2026-01-16T03:24:58.841657Z","level":"info","event":"               'Cinza',","logger":"airflow.task.hooks.airflow.providers.standard.hooks.subprocess.SubprocessHook","filename":"subprocess.py","lineno":99}
{"timestamp":"2026-01-16T03:24:58.841691Z","level":"info","event":" 'memory': 'N/A',","logger":"airflow.task.hooks.airflow.providers.standard.hooks.subprocess.SubprocessHook","filename":"subprocess.py","lineno":99}
{"timestamp":"2026-01-16T03:24:58.841722Z","level":"info","event":" 'price': '3.499',","logger":"airflow.task.hooks.airflow.providers.standard.hooks.subprocess.SubprocessHook","filename":"subprocess.py","lineno":99}
{"timestamp":"2026-01-16T03:24:58.841752Z","level":"info","event":" 'rating': '4.9',","logger":"airflow.task.hooks.airflow.providers.standard.hooks.subprocess.SubprocessHook","filename":"subprocess.py","lineno":99}
{"timestamp":"2026-01-16T03:24:58.841782Z","level":"info","event":" 'site_name': 'mercado_livre',","logger":"airflow.task.hooks.airflow.providers.standard.hooks.subprocess.SubprocessHook","filename":"subprocess.py","lineno":99}
{"timestamp":"2026-01-16T03:24:58.841810Z","level":"info","event":" 'storage': '512gb'}","logger":"airflow.task.hooks.airflow.providers.standard.hooks.subprocess.SubprocessHook","filename":"subprocess.py","lineno":99}
{"timestamp":"2026-01-16T03:24:58.842956Z","level":"info","event":"2026-01-16 03:24:58 [scrapy.core.scraper] DEBUG: Scraped from <200 https://lista.mercadolivre.com.br/notebook>","logger":"airflow.task.hooks.airflow.providers.standard.hooks.subprocess.SubprocessHook","filename":"subprocess.py","lineno":99}
{"timestamp":"2026-01-16T03:24:58.843047Z","level":"info","event":"{'color': 'N/A',","logger":"airflow.task.hooks.airflow.providers.standard.hooks.subprocess.SubprocessHook","filename":"subprocess.py","lineno":99}
{"timestamp":"2026-01-16T03:24:58.843099Z","level":"info","event":" 'full_title': 'Notebook Ideapad Slim 3 Ryzen 7 7735hs 8gb 512gb Ssd Amd '","logger":"airflow.task.hooks.airflow.providers.standard.hooks.subprocess.SubprocessHook","filename":"subprocess.py","lineno":99}
{"timestamp":"2026-01-16T03:24:58.843136Z","level":"info","event":"               'Radeon Graphics 15.3 (1920x1200) Linux 83mms00100',","logger":"airflow.task.hooks.airflow.providers.standard.hooks.subprocess.SubprocessHook","filename":"subprocess.py","lineno":99}
{"timestamp":"2026-01-16T03:24:58.843167Z","level":"info","event":" 'memory': 'N/A',","logger":"airflow.task.hooks.airflow.providers.standard.hooks.subprocess.SubprocessHook","filename":"subprocess.py","lineno":99}
{"timestamp":"2026-01-16T03:24:58.843196Z","level":"info","event":" 'price': '6.299',","logger":"airflow.task.hooks.airflow.providers.standard.hooks.subprocess.SubprocessHook","filename":"subprocess.py","lineno":99}
{"timestamp":"2026-01-16T03:24:58.843225Z","level":"info","event":" 'rating': '4.9',","logger":"airflow.task.hooks.airflow.providers.standard.hooks.subprocess.SubprocessHook","filename":"subprocess.py","lineno":99}
{"timestamp":"2026-01-16T03:24:58.843253Z","level":"info","event":" 'site_name': 'mercado_livre',","logger":"airflow.task.hooks.airflow.providers.standard.hooks.subprocess.SubprocessHook","filename":"subprocess.py","lineno":99}
{"timestamp":"2026-01-16T03:24:58.843282Z","level":"info","event":" 'storage': '512gb'}","logger":"airflow.task.hooks.airflow.providers.standard.hooks.subprocess.SubprocessHook","filename":"subprocess.py","lineno":99}
{"timestamp":"2026-01-16T03:24:58.844362Z","level":"info","event":"2026-01-16 03:24:58 [scrapy.core.scraper] DEBUG: Scraped from <200 https://lista.mercadolivre.com.br/notebook>","logger":"airflow.task.hooks.airflow.providers.standard.hooks.subprocess.SubprocessHook","filename":"subprocess.py","lineno":99}
{"timestamp":"2026-01-16T03:24:58.844463Z","level":"info","event":"{'color': 'Azul',","logger":"airflow.task.hooks.airflow.providers.standard.hooks.subprocess.SubprocessHook","filename":"subprocess.py","lineno":99}
{"timestamp":"2026-01-16T03:24:58.844518Z","level":"info","event":" 'full_title': 'Notebook Acer Aspire Go 15 Core I5-1334u 256gb 8gb Ddr5 '","logger":"airflow.task.hooks.airflow.providers.standard.hooks.subprocess.SubprocessHook","filename":"subprocess.py","lineno":99}
{"timestamp":"2026-01-16T03:24:58.844557Z","level":"info","event":"               'Azul-escuro',","logger":"airflow.task.hooks.airflow.providers.standard.hooks.subprocess.SubprocessHook","filename":"subprocess.py","lineno":99}
{"timestamp":"2026-01-16T03:24:58.844590Z","level":"info","event":" 'memory': 'N/A',","logger":"airflow.task.hooks.airflow.providers.standard.hooks.subprocess.SubprocessHook","filename":"subprocess.py","lineno":99}
{"timestamp":"2026-01-16T03:24:58.844620Z","level":"info","event":" 'price': '4.499',","logger":"airflow.task.hooks.airflow.providers.standard.hooks.subprocess.SubprocessHook","filename":"subprocess.py","lineno":99}
{"timestamp":"2026-01-16T03:24:58.844649Z","level":"info","event":" 'rating': '4.8',","logger":"airflow.task.hooks.airflow.providers.standard.hooks.subprocess.SubprocessHook","filename":"subprocess.py","lineno":99}
{"timestamp":"2026-01-16T03:24:58.844679Z","level":"info","event":" 'site_name': 'mercado_livre',","logger":"airflow.task.hooks.airflow.providers.standard.hooks.subprocess.SubprocessHook","filename":"subprocess.py","lineno":99}
{"timestamp":"2026-01-16T03:24:58.844708Z","level":"info","event":" 'storage': 'N/A'}","logger":"airflow.task.hooks.airflow.providers.standard.hooks.subprocess.SubprocessHook","filename":"subprocess.py","lineno":99}
{"timestamp":"2026-01-16T03:24:58.845754Z","level":"info","event":"2026-01-16 03:24:58 [scrapy.core.scraper] DEBUG: Scraped from <200 https://lista.mercadolivre.com.br/notebook>","logger":"airflow.task.hooks.airflow.providers.standard.hooks.subprocess.SubprocessHook","filename":"subprocess.py","lineno":99}
{"timestamp":"2026-01-16T03:24:58.845848Z","level":"info","event":"{'color': 'Black',","logger":"airflow.task.hooks.airflow.providers.standard.hooks.subprocess.SubprocessHook","filename":"subprocess.py","lineno":99}
{"timestamp":"2026-01-16T03:24:58.845901Z","level":"info","event":" 'full_title': 'Notebook Asus Vivobook Go 15 E1504fa Amd Ryzen 5 7520u 16gb '","logger":"airflow.task.hooks.airflow.providers.standard.hooks.subprocess.SubprocessHook","filename":"subprocess.py","lineno":99}
{"timestamp":"2026-01-16T03:24:58.845939Z","level":"info","event":"               'Ram 512gb Ssd Linux Keepos Tela 15,6 Led Fhd Black - Nj1288',","logger":"airflow.task.hooks.airflow.providers.standard.hooks.subprocess.SubprocessHook","filename":"subprocess.py","lineno":99}
{"timestamp":"2026-01-16T03:24:58.845971Z","level":"info","event":" 'memory': '16gb',","logger":"airflow.task.hooks.airflow.providers.standard.hooks.subprocess.SubprocessHook","filename":"subprocess.py","lineno":99}
{"timestamp":"2026-01-16T03:24:58.846001Z","level":"info","event":" 'price': '5.399',","logger":"airflow.task.hooks.airflow.providers.standard.hooks.subprocess.SubprocessHook","filename":"subprocess.py","lineno":99}
{"timestamp":"2026-01-16T03:24:58.846029Z","level":"info","event":" 'rating': '4.9',","logger":"airflow.task.hooks.airflow.providers.standard.hooks.subprocess.SubprocessHook","filename":"subprocess.py","lineno":99}
{"timestamp":"2026-01-16T03:24:58.846057Z","level":"info","event":" 'site_name': 'mercado_livre',","logger":"airflow.task.hooks.airflow.providers.standard.hooks.subprocess.SubprocessHook","filename":"subprocess.py","lineno":99}
{"timestamp":"2026-01-16T03:24:58.846104Z","level":"info","event":" 'storage': '512gb'}","logger":"airflow.task.hooks.airflow.providers.standard.hooks.subprocess.SubprocessHook","filename":"subprocess.py","lineno":99}
{"timestamp":"2026-01-16T03:24:58.847087Z","level":"info","event":"2026-01-16 03:24:58 [scrapy.core.scraper] DEBUG: Scraped from <200 https://lista.mercadolivre.com.br/notebook>","logger":"airflow.task.hooks.airflow.providers.standard.hooks.subprocess.SubprocessHook","filename":"subprocess.py","lineno":99}
{"timestamp":"2026-01-16T03:24:58.847182Z","level":"info","event":"{'color': 'N/A',","logger":"airflow.task.hooks.airflow.providers.standard.hooks.subprocess.SubprocessHook","filename":"subprocess.py","lineno":99}
{"timestamp":"2026-01-16T03:24:58.847249Z","level":"info","event":" 'full_title': 'Notebook Asus Vivobook 15 X1504va Intel Core I5 1334u 16gb Ram '","logger":"airflow.task.hooks.airflow.providers.standard.hooks.subprocess.SubprocessHook","filename":"subprocess.py","lineno":99}
{"timestamp":"2026-01-16T03:24:58.847319Z","level":"info","event":"               '512gb Ssd Linux Keepos Intel Iris Xe Tela 15,6 Led Fhd Blue - '","logger":"airflow.task.hooks.airflow.providers.standard.hooks.subprocess.SubprocessHook","filename":"subprocess.py","lineno":99}
{"timestamp":"2026-01-16T03:24:58.847378Z","level":"info","event":"               'Nj1746',","logger":"airflow.task.hooks.airflow.providers.standard.hooks.subprocess.SubprocessHook","filename":"subprocess.py","lineno":99}
{"timestamp":"2026-01-16T03:24:58.847417Z","level":"info","event":" 'memory': '16gb',","logger":"airflow.task.hooks.airflow.providers.standard.hooks.subprocess.SubprocessHook","filename":"subprocess.py","lineno":99}
{"timestamp":"2026-01-16T03:24:58.847449Z","level":"info","event":" 'price': '5.799',","logger":"airflow.task.hooks.airflow.providers.standard.hooks.subprocess.SubprocessHook","filename":"subprocess.py","lineno":99}
{"timestamp":"2026-01-16T03:24:58.847478Z","level":"info","event":" 'rating': '4.9',","logger":"airflow.task.hooks.airflow.providers.standard.hooks.subprocess.SubprocessHook","filename":"subprocess.py","lineno":99}
{"timestamp":"2026-01-16T03:24:58.847519Z","level":"info","event":" 'site_name': 'mercado_livre',","logger":"airflow.task.hooks.airflow.providers.standard.hooks.subprocess.SubprocessHook","filename":"subprocess.py","lineno":99}
{"timestamp":"2026-01-16T03:24:58.847550Z","level":"info","event":" 'storage': '512gb'}","logger":"airflow.task.hooks.airflow.providers.standard.hooks.subprocess.SubprocessHook","filename":"subprocess.py","lineno":99}
{"timestamp":"2026-01-16T03:24:58.848638Z","level":"info","event":"2026-01-16 03:24:58 [scrapy.core.scraper] DEBUG: Scraped from <200 https://lista.mercadolivre.com.br/notebook>","logger":"airflow.task.hooks.airflow.providers.standard.hooks.subprocess.SubprocessHook","filename":"subprocess.py","lineno":99}
{"timestamp":"2026-01-16T03:24:58.848748Z","level":"info","event":"{'color': 'Silver',","logger":"airflow.task.hooks.airflow.providers.standard.hooks.subprocess.SubprocessHook","filename":"subprocess.py","lineno":99}
{"timestamp":"2026-01-16T03:24:58.848804Z","level":"info","event":" 'full_title': 'Notebook Asus Vivobook 15 X1504va Intel Core I5 1334u 8gb Ram '","logger":"airflow.task.hooks.airflow.providers.standard.hooks.subprocess.SubprocessHook","filename":"subprocess.py","lineno":99}
{"timestamp":"2026-01-16T03:24:58.848845Z","level":"info","event":"               '512gb Ssd Linux Keepos Intel Iris Xe Tela 15,6 Led Fhd Silver '","logger":"airflow.task.hooks.airflow.providers.standard.hooks.subprocess.SubprocessHook","filename":"subprocess.py","lineno":99}
{"timestamp":"2026-01-16T03:24:58.848877Z","level":"info","event":"               '- Nj1741',","logger":"airflow.task.hooks.airflow.providers.standard.hooks.subprocess.SubprocessHook","filename":"subprocess.py","lineno":99}
{"timestamp":"2026-01-16T03:24:58.848907Z","level":"info","event":" 'memory': '8gb',","logger":"airflow.task.hooks.airflow.providers.standard.hooks.subprocess.SubprocessHook","filename":"subprocess.py","lineno":99}
{"timestamp":"2026-01-16T03:24:58.848936Z","level":"info","event":" 'price': '5.399',","logger":"airflow.task.hooks.airflow.providers.standard.hooks.subprocess.SubprocessHook","filename":"subprocess.py","lineno":99}
{"timestamp":"2026-01-16T03:24:58.848964Z","level":"info","event":" 'rating': '4.9',","logger":"airflow.task.hooks.airflow.providers.standard.hooks.subprocess.SubprocessHook","filename":"subprocess.py","lineno":99}
{"timestamp":"2026-01-16T03:24:58.848991Z","level":"info","event":" 'site_name': 'mercado_livre',","logger":"airflow.task.hooks.airflow.providers.standard.hooks.subprocess.SubprocessHook","filename":"subprocess.py","lineno":99}
{"timestamp":"2026-01-16T03:24:58.849019Z","level":"info","event":" 'storage': '512gb'}","logger":"airflow.task.hooks.airflow.providers.standard.hooks.subprocess.SubprocessHook","filename":"subprocess.py","lineno":99}
{"timestamp":"2026-01-16T03:24:58.850086Z","level":"info","event":"2026-01-16 03:24:58 [scrapy.core.scraper] DEBUG: Scraped from <200 https://lista.mercadolivre.com.br/notebook>","logger":"airflow.task.hooks.airflow.providers.standard.hooks.subprocess.SubprocessHook","filename":"subprocess.py","lineno":99}
{"timestamp":"2026-01-16T03:24:58.850176Z","level":"info","event":"{'color': 'N/A',","logger":"airflow.task.hooks.airflow.providers.standard.hooks.subprocess.SubprocessHook","filename":"subprocess.py","lineno":99}
{"timestamp":"2026-01-16T03:24:58.850230Z","level":"info","event":" 'full_title': 'Notebook Acer Vero AV15-53P-56HM Intel Core i5 – 1335U 15.6” '","logger":"airflow.task.hooks.airflow.providers.standard.hooks.subprocess.SubprocessHook","filename":"subprocess.py","lineno":99}
{"timestamp":"2026-01-16T03:24:58.850267Z","level":"info","event":"               'Full HD Intel Iris Xe 512 GB SSD 8 GB RAM Windows 11 Home',","logger":"airflow.task.hooks.airflow.providers.standard.hooks.subprocess.SubprocessHook","filename":"subprocess.py","lineno":99}
{"timestamp":"2026-01-16T03:24:58.850299Z","level":"info","event":" 'memory': '8 GB',","logger":"airflow.task.hooks.airflow.providers.standard.hooks.subprocess.SubprocessHook","filename":"subprocess.py","lineno":99}
{"timestamp":"2026-01-16T03:24:58.850330Z","level":"info","event":" 'price': '4.440',","logger":"airflow.task.hooks.airflow.providers.standard.hooks.subprocess.SubprocessHook","filename":"subprocess.py","lineno":99}
{"timestamp":"2026-01-16T03:24:58.850359Z","level":"info","event":" 'rating': '4.9',","logger":"airflow.task.hooks.airflow.providers.standard.hooks.subprocess.SubprocessHook","filename":"subprocess.py","lineno":99}
{"timestamp":"2026-01-16T03:24:58.850387Z","level":"info","event":" 'site_name': 'mercado_livre',","logger":"airflow.task.hooks.airflow.providers.standard.hooks.subprocess.SubprocessHook","filename":"subprocess.py","lineno":99}
{"timestamp":"2026-01-16T03:24:58.850416Z","level":"info","event":" 'storage': '512 GB'}","logger":"airflow.task.hooks.airflow.providers.standard.hooks.subprocess.SubprocessHook","filename":"subprocess.py","lineno":99}
{"timestamp":"2026-01-16T03:24:58.851538Z","level":"info","event":"2026-01-16 03:24:58 [scrapy.core.scraper] DEBUG: Scraped from <200 https://lista.mercadolivre.com.br/notebook>","logger":"airflow.task.hooks.airflow.providers.standard.hooks.subprocess.SubprocessHook","filename":"subprocess.py","lineno":99}
{"timestamp":"2026-01-16T03:24:58.851664Z","level":"info","event":"{'color': 'N/A',","logger":"airflow.task.hooks.airflow.providers.standard.hooks.subprocess.SubprocessHook","filename":"subprocess.py","lineno":99}
{"timestamp":"2026-01-16T03:24:58.851716Z","level":"info","event":" 'full_title': 'Notebook Positivo Vision C15m Intel Celeron N4500 Windows 11 '","logger":"airflow.task.hooks.airflow.providers.standard.hooks.subprocess.SubprocessHook","filename":"subprocess.py","lineno":99}
{"timestamp":"2026-01-16T03:24:58.851751Z","level":"info","event":"               'Home 4gb Ram 128gb Emmc Tela 15 Full Hd Ips Antirreflexo - '","logger":"airflow.task.hooks.airflow.providers.standard.hooks.subprocess.SubprocessHook","filename":"subprocess.py","lineno":99}
{"timestamp":"2026-01-16T03:24:58.851783Z","level":"info","event":"               'Minitela E Tecla Copilot - Permite Upgrade De Memória Ssd - '","logger":"airflow.task.hooks.airflow.providers.standard.hooks.subprocess.SubprocessHook","filename":"subprocess.py","lineno":99}
{"timestamp":"2026-01-16T03:24:58.851828Z","level":"info","event":"               'Cinza',","logger":"airflow.task.hooks.airflow.providers.standard.hooks.subprocess.SubprocessHook","filename":"subprocess.py","lineno":99}
{"timestamp":"2026-01-16T03:24:58.851896Z","level":"info","event":" 'memory': '4gb',","logger":"airflow.task.hooks.airflow.providers.standard.hooks.subprocess.SubprocessHook","filename":"subprocess.py","lineno":99}
{"timestamp":"2026-01-16T03:24:58.851954Z","level":"info","event":" 'price': '1.899',","logger":"airflow.task.hooks.airflow.providers.standard.hooks.subprocess.SubprocessHook","filename":"subprocess.py","lineno":99}
{"timestamp":"2026-01-16T03:24:58.852001Z","level":"info","event":" 'rating': '4.8',","logger":"airflow.task.hooks.airflow.providers.standard.hooks.subprocess.SubprocessHook","filename":"subprocess.py","lineno":99}
{"timestamp":"2026-01-16T03:24:58.852046Z","level":"info","event":" 'site_name': 'mercado_livre',","logger":"airflow.task.hooks.airflow.providers.standard.hooks.subprocess.SubprocessHook","filename":"subprocess.py","lineno":99}
{"timestamp":"2026-01-16T03:24:58.852092Z","level":"info","event":" 'storage': 'N/A'}","logger":"airflow.task.hooks.airflow.providers.standard.hooks.subprocess.SubprocessHook","filename":"subprocess.py","lineno":99}
{"timestamp":"2026-01-16T03:24:58.853305Z","level":"info","event":"2026-01-16 03:24:58 [scrapy.core.scraper] DEBUG: Scraped from <200 https://lista.mercadolivre.com.br/notebook>","logger":"airflow.task.hooks.airflow.providers.standard.hooks.subprocess.SubprocessHook","filename":"subprocess.py","lineno":99}
{"timestamp":"2026-01-16T03:24:58.853405Z","level":"info","event":"{'color': 'Cinza',","logger":"airflow.task.hooks.airflow.providers.standard.hooks.subprocess.SubprocessHook","filename":"subprocess.py","lineno":99}
{"timestamp":"2026-01-16T03:24:58.853459Z","level":"info","event":" 'full_title': 'Notebook Acer Aspire Go 15 I3 1305u 8gb 256gb Ssd Linux Cor '","logger":"airflow.task.hooks.airflow.providers.standard.hooks.subprocess.SubprocessHook","filename":"subprocess.py","lineno":99}
{"timestamp":"2026-01-16T03:24:58.853496Z","level":"info","event":"               'Cinza',","logger":"airflow.task.hooks.airflow.providers.standard.hooks.subprocess.SubprocessHook","filename":"subprocess.py","lineno":99}
{"timestamp":"2026-01-16T03:24:58.853529Z","level":"info","event":" 'memory': 'N/A',","logger":"airflow.task.hooks.airflow.providers.standard.hooks.subprocess.SubprocessHook","filename":"subprocess.py","lineno":99}
{"timestamp":"2026-01-16T03:24:58.853559Z","level":"info","event":" 'price': '3.699',","logger":"airflow.task.hooks.airflow.providers.standard.hooks.subprocess.SubprocessHook","filename":"subprocess.py","lineno":99}
{"timestamp":"2026-01-16T03:24:58.853588Z","level":"info","event":" 'rating': '4.9',","logger":"airflow.task.hooks.airflow.providers.standard.hooks.subprocess.SubprocessHook","filename":"subprocess.py","lineno":99}
{"timestamp":"2026-01-16T03:24:58.853617Z","level":"info","event":" 'site_name': 'mercado_livre',","logger":"airflow.task.hooks.airflow.providers.standard.hooks.subprocess.SubprocessHook","filename":"subprocess.py","lineno":99}
{"timestamp":"2026-01-16T03:24:58.853644Z","level":"info","event":" 'storage': '256gb'}","logger":"airflow.task.hooks.airflow.providers.standard.hooks.subprocess.SubprocessHook","filename":"subprocess.py","lineno":99}
{"timestamp":"2026-01-16T03:24:58.854699Z","level":"info","event":"2026-01-16 03:24:58 [scrapy.core.scraper] DEBUG: Scraped from <200 https://lista.mercadolivre.com.br/notebook>","logger":"airflow.task.hooks.airflow.providers.standard.hooks.subprocess.SubprocessHook","filename":"subprocess.py","lineno":99}
{"timestamp":"2026-01-16T03:24:58.854828Z","level":"info","event":"{'color': 'Gray',","logger":"airflow.task.hooks.airflow.providers.standard.hooks.subprocess.SubprocessHook","filename":"subprocess.py","lineno":99}
{"timestamp":"2026-01-16T03:24:58.854916Z","level":"info","event":" 'full_title': 'Notebook ASUS TUF Gaming F16 Core i7 NVIDIA RTX 4050 8GB Ram '","logger":"airflow.task.hooks.airflow.providers.standard.hooks.subprocess.SubprocessHook","filename":"subprocess.py","lineno":99}
{"timestamp":"2026-01-16T03:24:58.855009Z","level":"info","event":"               '512GB SSD KeepOS Linux Tela 16\" FHD+ Mecha Gray - '","logger":"airflow.task.hooks.airflow.providers.standard.hooks.subprocess.SubprocessHook","filename":"subprocess.py","lineno":99}
{"timestamp":"2026-01-16T03:24:58.855064Z","level":"info","event":"               'FX607VU-RL008',","logger":"airflow.task.hooks.airflow.providers.standard.hooks.subprocess.SubprocessHook","filename":"subprocess.py","lineno":99}
{"timestamp":"2026-01-16T03:24:58.855102Z","level":"info","event":" 'memory': '8GB',","logger":"airflow.task.hooks.airflow.providers.standard.hooks.subprocess.SubprocessHook","filename":"subprocess.py","lineno":99}
{"timestamp":"2026-01-16T03:24:58.855135Z","level":"info","event":" 'price': '7.229',","logger":"airflow.task.hooks.airflow.providers.standard.hooks.subprocess.SubprocessHook","filename":"subprocess.py","lineno":99}
{"timestamp":"2026-01-16T03:24:58.855165Z","level":"info","event":" 'rating': '4.9',","logger":"airflow.task.hooks.airflow.providers.standard.hooks.subprocess.SubprocessHook","filename":"subprocess.py","lineno":99}
{"timestamp":"2026-01-16T03:24:58.855196Z","level":"info","event":" 'site_name': 'mercado_livre',","logger":"airflow.task.hooks.airflow.providers.standard.hooks.subprocess.SubprocessHook","filename":"subprocess.py","lineno":99}
{"timestamp":"2026-01-16T03:24:58.855224Z","level":"info","event":" 'storage': '512GB'}","logger":"airflow.task.hooks.airflow.providers.standard.hooks.subprocess.SubprocessHook","filename":"subprocess.py","lineno":99}
{"timestamp":"2026-01-16T03:24:58.856715Z","level":"info","event":"2026-01-16 03:24:58 [scrapy.core.scraper] DEBUG: Scraped from <200 https://lista.mercadolivre.com.br/notebook>","logger":"airflow.task.hooks.airflow.providers.standard.hooks.subprocess.SubprocessHook","filename":"subprocess.py","lineno":99}
{"timestamp":"2026-01-16T03:24:58.856865Z","level":"info","event":"{'color': 'N/A',","logger":"airflow.task.hooks.airflow.providers.standard.hooks.subprocess.SubprocessHook","filename":"subprocess.py","lineno":99}
{"timestamp":"2026-01-16T03:24:58.856921Z","level":"info","event":" 'full_title': 'Notebook Lenovo Ideapad 1i Celeron Office 365 4gb 128gb W11',","logger":"airflow.task.hooks.airflow.providers.standard.hooks.subprocess.SubprocessHook","filename":"subprocess.py","lineno":99}
{"timestamp":"2026-01-16T03:24:58.856961Z","level":"info","event":" 'memory': 'N/A',","logger":"airflow.task.hooks.airflow.providers.standard.hooks.subprocess.SubprocessHook","filename":"subprocess.py","lineno":99}
{"timestamp":"2026-01-16T03:24:58.856994Z","level":"info","event":" 'price': '2.712',","logger":"airflow.task.hooks.airflow.providers.standard.hooks.subprocess.SubprocessHook","filename":"subprocess.py","lineno":99}
{"timestamp":"2026-01-16T03:24:58.857024Z","level":"info","event":" 'rating': '4.8',","logger":"airflow.task.hooks.airflow.providers.standard.hooks.subprocess.SubprocessHook","filename":"subprocess.py","lineno":99}
{"timestamp":"2026-01-16T03:24:58.857053Z","level":"info","event":" 'site_name': 'mercado_livre',","logger":"airflow.task.hooks.airflow.providers.standard.hooks.subprocess.SubprocessHook","filename":"subprocess.py","lineno":99}
{"timestamp":"2026-01-16T03:24:58.857081Z","level":"info","event":" 'storage': 'N/A'}","logger":"airflow.task.hooks.airflow.providers.standard.hooks.subprocess.SubprocessHook","filename":"subprocess.py","lineno":99}
{"timestamp":"2026-01-16T03:24:58.858454Z","level":"info","event":"2026-01-16 03:24:58 [scrapy.core.scraper] DEBUG: Scraped from <200 https://lista.mercadolivre.com.br/notebook>","logger":"airflow.task.hooks.airflow.providers.standard.hooks.subprocess.SubprocessHook","filename":"subprocess.py","lineno":99}
{"timestamp":"2026-01-16T03:24:58.858555Z","level":"info","event":"{'color': 'cinza',","logger":"airflow.task.hooks.airflow.providers.standard.hooks.subprocess.SubprocessHook","filename":"subprocess.py","lineno":99}
{"timestamp":"2026-01-16T03:24:58.858613Z","level":"info","event":" 'full_title': 'Notebook Lenovo Ideapad 1i Intel Core I3 - 1215U, 4GB RAM, '","logger":"airflow.task.hooks.airflow.providers.standard.hooks.subprocess.SubprocessHook","filename":"subprocess.py","lineno":99}
{"timestamp":"2026-01-16T03:24:58.858663Z","level":"info","event":"               \"256GB SSD, Windows 11 Home, Tela 15.6'' - 82VY000TBR Cor cinza\",","logger":"airflow.task.hooks.airflow.providers.standard.hooks.subprocess.SubprocessHook","filename":"subprocess.py","lineno":99}
{"timestamp":"2026-01-16T03:24:58.858698Z","level":"info","event":" 'memory': '4GB',","logger":"airflow.task.hooks.airflow.providers.standard.hooks.subprocess.SubprocessHook","filename":"subprocess.py","lineno":99}
{"timestamp":"2026-01-16T03:24:58.858729Z","level":"info","event":" 'price': '3.311',","logger":"airflow.task.hooks.airflow.providers.standard.hooks.subprocess.SubprocessHook","filename":"subprocess.py","lineno":99}
{"timestamp":"2026-01-16T03:24:58.858774Z","level":"info","event":" 'rating': '4.8',","logger":"airflow.task.hooks.airflow.providers.standard.hooks.subprocess.SubprocessHook","filename":"subprocess.py","lineno":99}
{"timestamp":"2026-01-16T03:24:58.858805Z","level":"info","event":" 'site_name': 'mercado_livre',","logger":"airflow.task.hooks.airflow.providers.standard.hooks.subprocess.SubprocessHook","filename":"subprocess.py","lineno":99}
{"timestamp":"2026-01-16T03:24:58.858834Z","level":"info","event":" 'storage': '256GB'}","logger":"airflow.task.hooks.airflow.providers.standard.hooks.subprocess.SubprocessHook","filename":"subprocess.py","lineno":99}
{"timestamp":"2026-01-16T03:24:58.860070Z","level":"info","event":"2026-01-16 03:24:58 [scrapy.core.scraper] DEBUG: Scraped from <200 https://lista.mercadolivre.com.br/notebook>","logger":"airflow.task.hooks.airflow.providers.standard.hooks.subprocess.SubprocessHook","filename":"subprocess.py","lineno":99}
{"timestamp":"2026-01-16T03:24:58.860174Z","level":"info","event":"{'color': 'N/A',","logger":"airflow.task.hooks.airflow.providers.standard.hooks.subprocess.SubprocessHook","filename":"subprocess.py","lineno":99}
{"timestamp":"2026-01-16T03:24:58.860227Z","level":"info","event":" 'full_title': 'Notebook Positivo Vision R15m Amd Ryzen 5-5625u Windows 11 '","logger":"airflow.task.hooks.airflow.providers.standard.hooks.subprocess.SubprocessHook","filename":"subprocess.py","lineno":99}
{"timestamp":"2026-01-16T03:24:58.860265Z","level":"info","event":"               'Home 16gb Ram 512gb Ssd Wi-fi 6 Tela 15 Full Hd Ips '","logger":"airflow.task.hooks.airflow.providers.standard.hooks.subprocess.SubprocessHook","filename":"subprocess.py","lineno":99}
{"timestamp":"2026-01-16T03:24:58.860298Z","level":"info","event":"               'Antirreflexo - Tecla Copilot - Permite Upgrade De Memória Ram '","logger":"airflow.task.hooks.airflow.providers.standard.hooks.subprocess.SubprocessHook","filename":"subprocess.py","lineno":99}
{"timestamp":"2026-01-16T03:24:58.860330Z","level":"info","event":"               'E Ssd - Preto',","logger":"airflow.task.hooks.airflow.providers.standard.hooks.subprocess.SubprocessHook","filename":"subprocess.py","lineno":99}
{"timestamp":"2026-01-16T03:24:58.860361Z","level":"info","event":" 'memory': '16gb',","logger":"airflow.task.hooks.airflow.providers.standard.hooks.subprocess.SubprocessHook","filename":"subprocess.py","lineno":99}
{"timestamp":"2026-01-16T03:24:58.860390Z","level":"info","event":" 'price': '4.499',","logger":"airflow.task.hooks.airflow.providers.standard.hooks.subprocess.SubprocessHook","filename":"subprocess.py","lineno":99}
{"timestamp":"2026-01-16T03:24:58.860418Z","level":"info","event":" 'rating': '4.9',","logger":"airflow.task.hooks.airflow.providers.standard.hooks.subprocess.SubprocessHook","filename":"subprocess.py","lineno":99}
{"timestamp":"2026-01-16T03:24:58.860447Z","level":"info","event":" 'site_name': 'mercado_livre',","logger":"airflow.task.hooks.airflow.providers.standard.hooks.subprocess.SubprocessHook","filename":"subprocess.py","lineno":99}
{"timestamp":"2026-01-16T03:24:58.860474Z","level":"info","event":" 'storage': '512gb'}","logger":"airflow.task.hooks.airflow.providers.standard.hooks.subprocess.SubprocessHook","filename":"subprocess.py","lineno":99}
{"timestamp":"2026-01-16T03:24:58.861564Z","level":"info","event":"2026-01-16 03:24:58 [scrapy.core.scraper] DEBUG: Scraped from <200 https://lista.mercadolivre.com.br/notebook>","logger":"airflow.task.hooks.airflow.providers.standard.hooks.subprocess.SubprocessHook","filename":"subprocess.py","lineno":99}
{"timestamp":"2026-01-16T03:24:58.861660Z","level":"info","event":"{'color': 'Gray',","logger":"airflow.task.hooks.airflow.providers.standard.hooks.subprocess.SubprocessHook","filename":"subprocess.py","lineno":99}
{"timestamp":"2026-01-16T03:24:58.861712Z","level":"info","event":" 'full_title': 'Notebook ASUS TUF Gaming F16 Core 5 NVIDIA RTX 4050 16GB Ram '","logger":"airflow.task.hooks.airflow.providers.standard.hooks.subprocess.SubprocessHook","filename":"subprocess.py","lineno":99}
{"timestamp":"2026-01-16T03:24:58.861749Z","level":"info","event":"               '512GB SSD Windows 11 Home Tela 16\" FHD+ Mecha Gray - '","logger":"airflow.task.hooks.airflow.providers.standard.hooks.subprocess.SubprocessHook","filename":"subprocess.py","lineno":99}
{"timestamp":"2026-01-16T03:24:58.861781Z","level":"info","event":"               'FX607VU-RL053W',","logger":"airflow.task.hooks.airflow.providers.standard.hooks.subprocess.SubprocessHook","filename":"subprocess.py","lineno":99}
{"timestamp":"2026-01-16T03:24:58.861811Z","level":"info","event":" 'memory': '16GB',","logger":"airflow.task.hooks.airflow.providers.standard.hooks.subprocess.SubprocessHook","filename":"subprocess.py","lineno":99}
{"timestamp":"2026-01-16T03:24:58.861841Z","level":"info","event":" 'price': '7.229',","logger":"airflow.task.hooks.airflow.providers.standard.hooks.subprocess.SubprocessHook","filename":"subprocess.py","lineno":99}
{"timestamp":"2026-01-16T03:24:58.861870Z","level":"info","event":" 'rating': '4.9',","logger":"airflow.task.hooks.airflow.providers.standard.hooks.subprocess.SubprocessHook","filename":"subprocess.py","lineno":99}
{"timestamp":"2026-01-16T03:24:58.861897Z","level":"info","event":" 'site_name': 'mercado_livre',","logger":"airflow.task.hooks.airflow.providers.standard.hooks.subprocess.SubprocessHook","filename":"subprocess.py","lineno":99}
{"timestamp":"2026-01-16T03:24:58.861925Z","level":"info","event":" 'storage': '512GB'}","logger":"airflow.task.hooks.airflow.providers.standard.hooks.subprocess.SubprocessHook","filename":"subprocess.py","lineno":99}
{"timestamp":"2026-01-16T03:24:58.863018Z","level":"info","event":"2026-01-16 03:24:58 [scrapy.core.scraper] DEBUG: Scraped from <200 https://lista.mercadolivre.com.br/notebook>","logger":"airflow.task.hooks.airflow.providers.standard.hooks.subprocess.SubprocessHook","filename":"subprocess.py","lineno":99}
{"timestamp":"2026-01-16T03:24:58.863107Z","level":"info","event":"{'color': 'Preto',","logger":"airflow.task.hooks.airflow.providers.standard.hooks.subprocess.SubprocessHook","filename":"subprocess.py","lineno":99}
{"timestamp":"2026-01-16T03:24:58.863158Z","level":"info","event":" 'full_title': 'Notebook Ultra, Windows 11 Home, Intel Celeron, 11.6. Ub210 '","logger":"airflow.task.hooks.airflow.providers.standard.hooks.subprocess.SubprocessHook","filename":"subprocess.py","lineno":99}
{"timestamp":"2026-01-16T03:24:58.863193Z","level":"info","event":"               'Preto',","logger":"airflow.task.hooks.airflow.providers.standard.hooks.subprocess.SubprocessHook","filename":"subprocess.py","lineno":99}
{"timestamp":"2026-01-16T03:24:58.863223Z","level":"info","event":" 'memory': 'N/A',","logger":"airflow.task.hooks.airflow.providers.standard.hooks.subprocess.SubprocessHook","filename":"subprocess.py","lineno":99}
{"timestamp":"2026-01-16T03:24:58.863251Z","level":"info","event":" 'price': '1.799',","logger":"airflow.task.hooks.airflow.providers.standard.hooks.subprocess.SubprocessHook","filename":"subprocess.py","lineno":99}
{"timestamp":"2026-01-16T03:24:58.863279Z","level":"info","event":" 'rating': '4.7',","logger":"airflow.task.hooks.airflow.providers.standard.hooks.subprocess.SubprocessHook","filename":"subprocess.py","lineno":99}
{"timestamp":"2026-01-16T03:24:58.863306Z","level":"info","event":" 'site_name': 'mercado_livre',","logger":"airflow.task.hooks.airflow.providers.standard.hooks.subprocess.SubprocessHook","filename":"subprocess.py","lineno":99}
{"timestamp":"2026-01-16T03:24:58.863332Z","level":"info","event":" 'storage': 'N/A'}","logger":"airflow.task.hooks.airflow.providers.standard.hooks.subprocess.SubprocessHook","filename":"subprocess.py","lineno":99}
{"timestamp":"2026-01-16T03:24:58.864483Z","level":"info","event":"2026-01-16 03:24:58 [scrapy.core.scraper] DEBUG: Scraped from <200 https://lista.mercadolivre.com.br/notebook>","logger":"airflow.task.hooks.airflow.providers.standard.hooks.subprocess.SubprocessHook","filename":"subprocess.py","lineno":99}
{"timestamp":"2026-01-16T03:24:58.864574Z","level":"info","event":"{'color': 'N/A',","logger":"airflow.task.hooks.airflow.providers.standard.hooks.subprocess.SubprocessHook","filename":"subprocess.py","lineno":99}
{"timestamp":"2026-01-16T03:24:58.864625Z","level":"info","event":" 'full_title': 'Notebook Vaio Fe16 Intel Core I5 13ª Gen Windows 11 Home 16gb '","logger":"airflow.task.hooks.airflow.providers.standard.hooks.subprocess.SubprocessHook","filename":"subprocess.py","lineno":99}
{"timestamp":"2026-01-16T03:24:58.864660Z","level":"info","event":"               '512gb Ssd Wi-fi 6 Tela 16\" Ips Wuxga Antirreflexo - Cinza '","logger":"airflow.task.hooks.airflow.providers.standard.hooks.subprocess.SubprocessHook","filename":"subprocess.py","lineno":99}
{"timestamp":"2026-01-16T03:24:58.864692Z","level":"info","event":"               'Grafite - Vjfe62f11x-b0321h - Memória Expansível Até 64gb',","logger":"airflow.task.hooks.airflow.providers.standard.hooks.subprocess.SubprocessHook","filename":"subprocess.py","lineno":99}
{"timestamp":"2026-01-16T03:24:58.864722Z","level":"info","event":" 'memory': 'N/A',","logger":"airflow.task.hooks.airflow.providers.standard.hooks.subprocess.SubprocessHook","filename":"subprocess.py","lineno":99}
{"timestamp":"2026-01-16T03:24:58.864752Z","level":"info","event":" 'price': '5.799',","logger":"airflow.task.hooks.airflow.providers.standard.hooks.subprocess.SubprocessHook","filename":"subprocess.py","lineno":99}
{"timestamp":"2026-01-16T03:24:58.864781Z","level":"info","event":" 'rating': '4.8',","logger":"airflow.task.hooks.airflow.providers.standard.hooks.subprocess.SubprocessHook","filename":"subprocess.py","lineno":99}
{"timestamp":"2026-01-16T03:24:58.864808Z","level":"info","event":" 'site_name': 'mercado_livre',","logger":"airflow.task.hooks.airflow.providers.standard.hooks.subprocess.SubprocessHook","filename":"subprocess.py","lineno":99}
{"timestamp":"2026-01-16T03:24:58.864835Z","level":"info","event":" 'storage': '512gb'}","logger":"airflow.task.hooks.airflow.providers.standard.hooks.subprocess.SubprocessHook","filename":"subprocess.py","lineno":99}
{"timestamp":"2026-01-16T03:24:58.865819Z","level":"info","event":"2026-01-16 03:24:58 [scrapy.core.scraper] DEBUG: Scraped from <200 https://lista.mercadolivre.com.br/notebook>","logger":"airflow.task.hooks.airflow.providers.standard.hooks.subprocess.SubprocessHook","filename":"subprocess.py","lineno":99}
{"timestamp":"2026-01-16T03:24:58.865916Z","level":"info","event":"{'color': 'Grey',","logger":"airflow.task.hooks.airflow.providers.standard.hooks.subprocess.SubprocessHook","filename":"subprocess.py","lineno":99}
{"timestamp":"2026-01-16T03:24:58.865967Z","level":"info","event":" 'full_title': 'Notebook Lenovo LOQ-e 15iax9e Intel Core i5-12450hx 16gb 512gb '","logger":"airflow.task.hooks.airflow.providers.standard.hooks.subprocess.SubprocessHook","filename":"subprocess.py","lineno":99}
{"timestamp":"2026-01-16T03:24:58.866002Z","level":"info","event":"               'Ssd Rtx 3050 Windows 11 15.6 - 83me0007br Luna Grey',","logger":"airflow.task.hooks.airflow.providers.standard.hooks.subprocess.SubprocessHook","filename":"subprocess.py","lineno":99}
{"timestamp":"2026-01-16T03:24:58.866034Z","level":"info","event":" 'memory': 'N/A',","logger":"airflow.task.hooks.airflow.providers.standard.hooks.subprocess.SubprocessHook","filename":"subprocess.py","lineno":99}
{"timestamp":"2026-01-16T03:24:58.866063Z","level":"info","event":" 'price': '7.000',","logger":"airflow.task.hooks.airflow.providers.standard.hooks.subprocess.SubprocessHook","filename":"subprocess.py","lineno":99}
{"timestamp":"2026-01-16T03:24:58.866091Z","level":"info","event":" 'rating': '4.9',","logger":"airflow.task.hooks.airflow.providers.standard.hooks.subprocess.SubprocessHook","filename":"subprocess.py","lineno":99}
{"timestamp":"2026-01-16T03:24:58.866118Z","level":"info","event":" 'site_name': 'mercado_livre',","logger":"airflow.task.hooks.airflow.providers.standard.hooks.subprocess.SubprocessHook","filename":"subprocess.py","lineno":99}
{"timestamp":"2026-01-16T03:24:58.866145Z","level":"info","event":" 'storage': '512gb'}","logger":"airflow.task.hooks.airflow.providers.standard.hooks.subprocess.SubprocessHook","filename":"subprocess.py","lineno":99}
{"timestamp":"2026-01-16T03:24:58.867189Z","level":"info","event":"2026-01-16 03:24:58 [scrapy.core.scraper] DEBUG: Scraped from <200 https://lista.mercadolivre.com.br/notebook>","logger":"airflow.task.hooks.airflow.providers.standard.hooks.subprocess.SubprocessHook","filename":"subprocess.py","lineno":99}
{"timestamp":"2026-01-16T03:24:58.867281Z","level":"info","event":"{'color': 'N/A',","logger":"airflow.task.hooks.airflow.providers.standard.hooks.subprocess.SubprocessHook","filename":"subprocess.py","lineno":99}
{"timestamp":"2026-01-16T03:24:58.867338Z","level":"info","event":" 'full_title': 'Notebook Lenovo Ideapad 1i Intel Core i5 - 1235U, 8GB RAM, '","logger":"airflow.task.hooks.airflow.providers.standard.hooks.subprocess.SubprocessHook","filename":"subprocess.py","lineno":99}
{"timestamp":"2026-01-16T03:24:58.867379Z","level":"info","event":"               \"512GB SSD, Windows 11 Home, Tela 15,6'' HD - 82VY000QBR\",","logger":"airflow.task.hooks.airflow.providers.standard.hooks.subprocess.SubprocessHook","filename":"subprocess.py","lineno":99}
{"timestamp":"2026-01-16T03:24:58.867412Z","level":"info","event":" 'memory': '8GB',","logger":"airflow.task.hooks.airflow.providers.standard.hooks.subprocess.SubprocessHook","filename":"subprocess.py","lineno":99}
{"timestamp":"2026-01-16T03:24:58.867449Z","level":"info","event":" 'price': '4.500',","logger":"airflow.task.hooks.airflow.providers.standard.hooks.subprocess.SubprocessHook","filename":"subprocess.py","lineno":99}
{"timestamp":"2026-01-16T03:24:58.867478Z","level":"info","event":" 'rating': '4.9',","logger":"airflow.task.hooks.airflow.providers.standard.hooks.subprocess.SubprocessHook","filename":"subprocess.py","lineno":99}
{"timestamp":"2026-01-16T03:24:58.867511Z","level":"info","event":" 'site_name': 'mercado_livre',","logger":"airflow.task.hooks.airflow.providers.standard.hooks.subprocess.SubprocessHook","filename":"subprocess.py","lineno":99}
{"timestamp":"2026-01-16T03:24:58.867543Z","level":"info","event":" 'storage': '512GB'}","logger":"airflow.task.hooks.airflow.providers.standard.hooks.subprocess.SubprocessHook","filename":"subprocess.py","lineno":99}
{"timestamp":"2026-01-16T03:24:58.869673Z","level":"info","event":"2026-01-16 03:24:58 [scrapy.core.scraper] DEBUG: Scraped from <200 https://lista.mercadolivre.com.br/notebook>","logger":"airflow.task.hooks.airflow.providers.standard.hooks.subprocess.SubprocessHook","filename":"subprocess.py","lineno":99}
{"timestamp":"2026-01-16T03:24:58.869807Z","level":"info","event":"{'color': 'N/A',","logger":"airflow.task.hooks.airflow.providers.standard.hooks.subprocess.SubprocessHook","filename":"subprocess.py","lineno":99}
{"timestamp":"2026-01-16T03:24:58.869863Z","level":"info","event":" 'full_title': 'Notebook HP Intel Core i5 13ª Geração 1335U, Windows 11 Pro, '","logger":"airflow.task.hooks.airflow.providers.standard.hooks.subprocess.SubprocessHook","filename":"subprocess.py","lineno":99}
{"timestamp":"2026-01-16T03:24:58.869906Z","level":"info","event":"               'com inteligência artificial, Tela de 15.6\", 8GB DDR4, 256GB '","logger":"airflow.task.hooks.airflow.providers.standard.hooks.subprocess.SubprocessHook","filename":"subprocess.py","lineno":99}
{"timestamp":"2026-01-16T03:24:58.869942Z","level":"info","event":"               'SSD PCIe, Wifi 6, Bluetooth 5.3, Intel Iris X Graphics - 250R '","logger":"airflow.task.hooks.airflow.providers.standard.hooks.subprocess.SubprocessHook","filename":"subprocess.py","lineno":99}
{"timestamp":"2026-01-16T03:24:58.869974Z","level":"info","event":"               'G9 AY6W3LA#AK4',","logger":"airflow.task.hooks.airflow.providers.standard.hooks.subprocess.SubprocessHook","filename":"subprocess.py","lineno":99}
{"timestamp":"2026-01-16T03:24:58.870005Z","level":"info","event":" 'memory': 'N/A',","logger":"airflow.task.hooks.airflow.providers.standard.hooks.subprocess.SubprocessHook","filename":"subprocess.py","lineno":99}
{"timestamp":"2026-01-16T03:24:58.870034Z","level":"info","event":" 'price': '4.465',","logger":"airflow.task.hooks.airflow.providers.standard.hooks.subprocess.SubprocessHook","filename":"subprocess.py","lineno":99}
{"timestamp":"2026-01-16T03:24:58.870063Z","level":"info","event":" 'rating': '4.8',","logger":"airflow.task.hooks.airflow.providers.standard.hooks.subprocess.SubprocessHook","filename":"subprocess.py","lineno":99}
{"timestamp":"2026-01-16T03:24:58.870090Z","level":"info","event":" 'site_name': 'mercado_livre',","logger":"airflow.task.hooks.airflow.providers.standard.hooks.subprocess.SubprocessHook","filename":"subprocess.py","lineno":99}
{"timestamp":"2026-01-16T03:24:58.870118Z","level":"info","event":" 'storage': '256GB'}","logger":"airflow.task.hooks.airflow.providers.standard.hooks.subprocess.SubprocessHook","filename":"subprocess.py","lineno":99}
{"timestamp":"2026-01-16T03:24:58.871303Z","level":"info","event":"2026-01-16 03:24:58 [scrapy.core.scraper] DEBUG: Scraped from <200 https://lista.mercadolivre.com.br/notebook>","logger":"airflow.task.hooks.airflow.providers.standard.hooks.subprocess.SubprocessHook","filename":"subprocess.py","lineno":99}
{"timestamp":"2026-01-16T03:24:58.871415Z","level":"info","event":"{'color': 'Gray',","logger":"airflow.task.hooks.airflow.providers.standard.hooks.subprocess.SubprocessHook","filename":"subprocess.py","lineno":99}
{"timestamp":"2026-01-16T03:24:58.871469Z","level":"info","event":" 'full_title': 'Notebook ASUS TUF Gaming F16, NVIDIA RTX 3050, Intel Core 5 '","logger":"airflow.task.hooks.airflow.providers.standard.hooks.subprocess.SubprocessHook","filename":"subprocess.py","lineno":99}
{"timestamp":"2026-01-16T03:24:58.871509Z","level":"info","event":"               '210H 2,2 GHz, 8GB RAM, 512GB SSD, KeepOS Linux, Tela 16\" FHD+ '","logger":"airflow.task.hooks.airflow.providers.standard.hooks.subprocess.SubprocessHook","filename":"subprocess.py","lineno":99}
{"timestamp":"2026-01-16T03:24:58.871543Z","level":"info","event":"               'Nível IPS 144Hz, Mecha Gray - FX607VJ-RL002',","logger":"airflow.task.hooks.airflow.providers.standard.hooks.subprocess.SubprocessHook","filename":"subprocess.py","lineno":99}
{"timestamp":"2026-01-16T03:24:58.871575Z","level":"info","event":" 'memory': '8GB',","logger":"airflow.task.hooks.airflow.providers.standard.hooks.subprocess.SubprocessHook","filename":"subprocess.py","lineno":99}
{"timestamp":"2026-01-16T03:24:58.871605Z","level":"info","event":" 'price': '4.949',","logger":"airflow.task.hooks.airflow.providers.standard.hooks.subprocess.SubprocessHook","filename":"subprocess.py","lineno":99}
{"timestamp":"2026-01-16T03:24:58.871635Z","level":"info","event":" 'rating': '4.9',","logger":"airflow.task.hooks.airflow.providers.standard.hooks.subprocess.SubprocessHook","filename":"subprocess.py","lineno":99}
{"timestamp":"2026-01-16T03:24:58.871662Z","level":"info","event":" 'site_name': 'mercado_livre',","logger":"airflow.task.hooks.airflow.providers.standard.hooks.subprocess.SubprocessHook","filename":"subprocess.py","lineno":99}
{"timestamp":"2026-01-16T03:24:58.871691Z","level":"info","event":" 'storage': '512GB'}","logger":"airflow.task.hooks.airflow.providers.standard.hooks.subprocess.SubprocessHook","filename":"subprocess.py","lineno":99}
{"timestamp":"2026-01-16T03:24:58.872826Z","level":"info","event":"2026-01-16 03:24:58 [scrapy.core.scraper] DEBUG: Scraped from <200 https://lista.mercadolivre.com.br/notebook>","logger":"airflow.task.hooks.airflow.providers.standard.hooks.subprocess.SubprocessHook","filename":"subprocess.py","lineno":99}
{"timestamp":"2026-01-16T03:24:58.872928Z","level":"info","event":"{'color': 'N/A',","logger":"airflow.task.hooks.airflow.providers.standard.hooks.subprocess.SubprocessHook","filename":"subprocess.py","lineno":99}
{"timestamp":"2026-01-16T03:24:58.872996Z","level":"info","event":" 'full_title': 'Notebook Asus Vivobook Go 15 Intel Celeron 4gb 128gb Wind11',","logger":"airflow.task.hooks.airflow.providers.standard.hooks.subprocess.SubprocessHook","filename":"subprocess.py","lineno":99}
{"timestamp":"2026-01-16T03:24:58.873054Z","level":"info","event":" 'memory': 'N/A',","logger":"airflow.task.hooks.airflow.providers.standard.hooks.subprocess.SubprocessHook","filename":"subprocess.py","lineno":99}
{"timestamp":"2026-01-16T03:24:58.873092Z","level":"info","event":" 'price': '7.000',","logger":"airflow.task.hooks.airflow.providers.standard.hooks.subprocess.SubprocessHook","filename":"subprocess.py","lineno":99}
{"timestamp":"2026-01-16T03:24:58.873142Z","level":"info","event":" 'rating': '4.8',","logger":"airflow.task.hooks.airflow.providers.standard.hooks.subprocess.SubprocessHook","filename":"subprocess.py","lineno":99}
{"timestamp":"2026-01-16T03:24:58.873189Z","level":"info","event":" 'site_name': 'mercado_livre',","logger":"airflow.task.hooks.airflow.providers.standard.hooks.subprocess.SubprocessHook","filename":"subprocess.py","lineno":99}
{"timestamp":"2026-01-16T03:24:58.873222Z","level":"info","event":" 'storage': 'N/A'}","logger":"airflow.task.hooks.airflow.providers.standard.hooks.subprocess.SubprocessHook","filename":"subprocess.py","lineno":99}
{"timestamp":"2026-01-16T03:24:58.874861Z","level":"info","event":"2026-01-16 03:24:58 [scrapy.core.scraper] DEBUG: Scraped from <200 https://lista.mercadolivre.com.br/notebook>","logger":"airflow.task.hooks.airflow.providers.standard.hooks.subprocess.SubprocessHook","filename":"subprocess.py","lineno":99}
{"timestamp":"2026-01-16T03:24:58.875029Z","level":"info","event":"{'color': 'Cinza',","logger":"airflow.task.hooks.airflow.providers.standard.hooks.subprocess.SubprocessHook","filename":"subprocess.py","lineno":99}
{"timestamp":"2026-01-16T03:24:58.875102Z","level":"info","event":" 'full_title': 'Notebook VAIO FE16 AMD Ryzen 5-5625U Linux 12GB 512GB SSD Tela '","logger":"airflow.task.hooks.airflow.providers.standard.hooks.subprocess.SubprocessHook","filename":"subprocess.py","lineno":99}
{"timestamp":"2026-01-16T03:24:58.875145Z","level":"info","event":"               '16\" IPS WUXGA Antirreflexo Cinza Grafite vjfe69f11x-b1211h '","logger":"airflow.task.hooks.airflow.providers.standard.hooks.subprocess.SubprocessHook","filename":"subprocess.py","lineno":99}
{"timestamp":"2026-01-16T03:24:58.875186Z","level":"info","event":"               'Memória expansível até 64GB',","logger":"airflow.task.hooks.airflow.providers.standard.hooks.subprocess.SubprocessHook","filename":"subprocess.py","lineno":99}
{"timestamp":"2026-01-16T03:24:58.875223Z","level":"info","event":" 'memory': 'N/A',","logger":"airflow.task.hooks.airflow.providers.standard.hooks.subprocess.SubprocessHook","filename":"subprocess.py","lineno":99}
{"timestamp":"2026-01-16T03:24:58.875256Z","level":"info","event":" 'price': '3.949',","logger":"airflow.task.hooks.airflow.providers.standard.hooks.subprocess.SubprocessHook","filename":"subprocess.py","lineno":99}
{"timestamp":"2026-01-16T03:24:58.875286Z","level":"info","event":" 'rating': '4.9',","logger":"airflow.task.hooks.airflow.providers.standard.hooks.subprocess.SubprocessHook","filename":"subprocess.py","lineno":99}
{"timestamp":"2026-01-16T03:24:58.875314Z","level":"info","event":" 'site_name': 'mercado_livre',","logger":"airflow.task.hooks.airflow.providers.standard.hooks.subprocess.SubprocessHook","filename":"subprocess.py","lineno":99}
{"timestamp":"2026-01-16T03:24:58.875346Z","level":"info","event":" 'storage': '512GB'}","logger":"airflow.task.hooks.airflow.providers.standard.hooks.subprocess.SubprocessHook","filename":"subprocess.py","lineno":99}
{"timestamp":"2026-01-16T03:24:58.876828Z","level":"info","event":"2026-01-16 03:24:58 [scrapy.core.scraper] DEBUG: Scraped from <200 https://lista.mercadolivre.com.br/notebook>","logger":"airflow.task.hooks.airflow.providers.standard.hooks.subprocess.SubprocessHook","filename":"subprocess.py","lineno":99}
{"timestamp":"2026-01-16T03:24:58.876937Z","level":"info","event":"{'color': 'N/A',","logger":"airflow.task.hooks.airflow.providers.standard.hooks.subprocess.SubprocessHook","filename":"subprocess.py","lineno":99}
{"timestamp":"2026-01-16T03:24:58.876989Z","level":"info","event":" 'full_title': 'Notebook Lenovo Ideapad 1 Intel Core i3 1215U 8GB RAM 256GB '","logger":"airflow.task.hooks.airflow.providers.standard.hooks.subprocess.SubprocessHook","filename":"subprocess.py","lineno":99}
{"timestamp":"2026-01-16T03:24:58.877026Z","level":"info","event":"               'SSD Windows 11 Home Tela 15,6\" 82VY000SBR',","logger":"airflow.task.hooks.airflow.providers.standard.hooks.subprocess.SubprocessHook","filename":"subprocess.py","lineno":99}
{"timestamp":"2026-01-16T03:24:58.877058Z","level":"info","event":" 'memory': '8GB',","logger":"airflow.task.hooks.airflow.providers.standard.hooks.subprocess.SubprocessHook","filename":"subprocess.py","lineno":99}
{"timestamp":"2026-01-16T03:24:58.877087Z","level":"info","event":" 'price': '3.500',","logger":"airflow.task.hooks.airflow.providers.standard.hooks.subprocess.SubprocessHook","filename":"subprocess.py","lineno":99}
{"timestamp":"2026-01-16T03:24:58.877116Z","level":"info","event":" 'rating': '4.8',","logger":"airflow.task.hooks.airflow.providers.standard.hooks.subprocess.SubprocessHook","filename":"subprocess.py","lineno":99}
{"timestamp":"2026-01-16T03:24:58.877145Z","level":"info","event":" 'site_name': 'mercado_livre',","logger":"airflow.task.hooks.airflow.providers.standard.hooks.subprocess.SubprocessHook","filename":"subprocess.py","lineno":99}
{"timestamp":"2026-01-16T03:24:58.877172Z","level":"info","event":" 'storage': '256GB'}","logger":"airflow.task.hooks.airflow.providers.standard.hooks.subprocess.SubprocessHook","filename":"subprocess.py","lineno":99}
{"timestamp":"2026-01-16T03:24:58.877368Z","level":"info","event":"2026-01-16 03:24:58 [scrapy.downloadermiddlewares.robotstxt] DEBUG: Forbidden by robots.txt: <GET https://lista.mercadolivre.com.br/informatica/portateis-acessorios/notebooks/notebook_Desde_51_NoIndex_True>","logger":"airflow.task.hooks.airflow.providers.standard.hooks.subprocess.SubprocessHook","filename":"subprocess.py","lineno":99}
{"timestamp":"2026-01-16T03:24:58.980403Z","level":"info","event":"2026-01-16 03:24:58 [scrapy.core.engine] INFO: Closing spider (finished)","logger":"airflow.task.hooks.airflow.providers.standard.hooks.subprocess.SubprocessHook","filename":"subprocess.py","lineno":99}
{"timestamp":"2026-01-16T03:24:58.981224Z","level":"info","event":"2026-01-16 03:24:58 [scrapy.statscollectors] INFO: Dumping Scrapy stats:","logger":"airflow.task.hooks.airflow.providers.standard.hooks.subprocess.SubprocessHook","filename":"subprocess.py","lineno":99}
{"timestamp":"2026-01-16T03:24:58.981364Z","level":"info","event":"{'downloader/exception_count': 1,","logger":"airflow.task.hooks.airflow.providers.standard.hooks.subprocess.SubprocessHook","filename":"subprocess.py","lineno":99}
{"timestamp":"2026-01-16T03:24:58.981413Z","level":"info","event":" 'downloader/exception_type_count/scrapy.exceptions.IgnoreRequest': 1,","logger":"airflow.task.hooks.airflow.providers.standard.hooks.subprocess.SubprocessHook","filename":"subprocess.py","lineno":99}
{"timestamp":"2026-01-16T03:24:58.981448Z","level":"info","event":" 'downloader/request_bytes': 676,","logger":"airflow.task.hooks.airflow.providers.standard.hooks.subprocess.SubprocessHook","filename":"subprocess.py","lineno":99}
{"timestamp":"2026-01-16T03:24:58.981478Z","level":"info","event":" 'downloader/request_count': 2,","logger":"airflow.task.hooks.airflow.providers.standard.hooks.subprocess.SubprocessHook","filename":"subprocess.py","lineno":99}
{"timestamp":"2026-01-16T03:24:58.981508Z","level":"info","event":" 'downloader/request_method_count/GET': 2,","logger":"airflow.task.hooks.airflow.providers.standard.hooks.subprocess.SubprocessHook","filename":"subprocess.py","lineno":99}
{"timestamp":"2026-01-16T03:24:58.981539Z","level":"info","event":" 'downloader/response_bytes': 477429,","logger":"airflow.task.hooks.airflow.providers.standard.hooks.subprocess.SubprocessHook","filename":"subprocess.py","lineno":99}
{"timestamp":"2026-01-16T03:24:58.981566Z","level":"info","event":" 'downloader/response_count': 2,","logger":"airflow.task.hooks.airflow.providers.standard.hooks.subprocess.SubprocessHook","filename":"subprocess.py","lineno":99}
{"timestamp":"2026-01-16T03:24:58.981594Z","level":"info","event":" 'downloader/response_status_count/200': 2,","logger":"airflow.task.hooks.airflow.providers.standard.hooks.subprocess.SubprocessHook","filename":"subprocess.py","lineno":99}
{"timestamp":"2026-01-16T03:24:58.981621Z","level":"info","event":" 'elapsed_time_seconds': 8.962315,","logger":"airflow.task.hooks.airflow.providers.standard.hooks.subprocess.SubprocessHook","filename":"subprocess.py","lineno":99}
{"timestamp":"2026-01-16T03:24:58.981648Z","level":"info","event":" 'finish_reason': 'finished',","logger":"airflow.task.hooks.airflow.providers.standard.hooks.subprocess.SubprocessHook","filename":"subprocess.py","lineno":99}
{"timestamp":"2026-01-16T03:24:58.981678Z","level":"info","event":" 'finish_time': datetime.datetime(2026, 1, 16, 3, 24, 58, 980704, tzinfo=datetime.timezone.utc),","logger":"airflow.task.hooks.airflow.providers.standard.hooks.subprocess.SubprocessHook","filename":"subprocess.py","lineno":99}
{"timestamp":"2026-01-16T03:24:58.981727Z","level":"info","event":" 'httpcompression/response_bytes': 3043622,","logger":"airflow.task.hooks.airflow.providers.standard.hooks.subprocess.SubprocessHook","filename":"subprocess.py","lineno":99}
{"timestamp":"2026-01-16T03:24:58.981768Z","level":"info","event":" 'httpcompression/response_count': 2,","logger":"airflow.task.hooks.airflow.providers.standard.hooks.subprocess.SubprocessHook","filename":"subprocess.py","lineno":99}
{"timestamp":"2026-01-16T03:24:58.981797Z","level":"info","event":" 'item_scraped_count': 56,","logger":"airflow.task.hooks.airflow.providers.standard.hooks.subprocess.SubprocessHook","filename":"subprocess.py","lineno":99}
{"timestamp":"2026-01-16T03:24:58.981825Z","level":"info","event":" 'items_per_minute': 420.0,","logger":"airflow.task.hooks.airflow.providers.standard.hooks.subprocess.SubprocessHook","filename":"subprocess.py","lineno":99}
{"timestamp":"2026-01-16T03:24:58.981852Z","level":"info","event":" 'log_count/DEBUG': 64,","logger":"airflow.task.hooks.airflow.providers.standard.hooks.subprocess.SubprocessHook","filename":"subprocess.py","lineno":99}
{"timestamp":"2026-01-16T03:24:58.981880Z","level":"info","event":" 'log_count/INFO': 10,","logger":"airflow.task.hooks.airflow.providers.standard.hooks.subprocess.SubprocessHook","filename":"subprocess.py","lineno":99}
{"timestamp":"2026-01-16T03:24:58.981907Z","level":"info","event":" 'log_count/WARNING': 1,","logger":"airflow.task.hooks.airflow.providers.standard.hooks.subprocess.SubprocessHook","filename":"subprocess.py","lineno":99}
{"timestamp":"2026-01-16T03:24:58.981934Z","level":"info","event":" 'memusage/max': 251084800,","logger":"airflow.task.hooks.airflow.providers.standard.hooks.subprocess.SubprocessHook","filename":"subprocess.py","lineno":99}
{"timestamp":"2026-01-16T03:24:58.981962Z","level":"info","event":" 'memusage/startup': 251084800,","logger":"airflow.task.hooks.airflow.providers.standard.hooks.subprocess.SubprocessHook","filename":"subprocess.py","lineno":99}
{"timestamp":"2026-01-16T03:24:58.981990Z","level":"info","event":" 'request_depth_max': 1,","logger":"airflow.task.hooks.airflow.providers.standard.hooks.subprocess.SubprocessHook","filename":"subprocess.py","lineno":99}
{"timestamp":"2026-01-16T03:24:58.982016Z","level":"info","event":" 'response_received_count': 2,","logger":"airflow.task.hooks.airflow.providers.standard.hooks.subprocess.SubprocessHook","filename":"subprocess.py","lineno":99}
{"timestamp":"2026-01-16T03:24:58.982042Z","level":"info","event":" 'responses_per_minute': 15.0,","logger":"airflow.task.hooks.airflow.providers.standard.hooks.subprocess.SubprocessHook","filename":"subprocess.py","lineno":99}
{"timestamp":"2026-01-16T03:24:58.982069Z","level":"info","event":" 'robotstxt/forbidden': 1,","logger":"airflow.task.hooks.airflow.providers.standard.hooks.subprocess.SubprocessHook","filename":"subprocess.py","lineno":99}
{"timestamp":"2026-01-16T03:24:58.982095Z","level":"info","event":" 'robotstxt/request_count': 1,","logger":"airflow.task.hooks.airflow.providers.standard.hooks.subprocess.SubprocessHook","filename":"subprocess.py","lineno":99}
{"timestamp":"2026-01-16T03:24:58.982121Z","level":"info","event":" 'robotstxt/response_count': 1,","logger":"airflow.task.hooks.airflow.providers.standard.hooks.subprocess.SubprocessHook","filename":"subprocess.py","lineno":99}
{"timestamp":"2026-01-16T03:24:58.982147Z","level":"info","event":" 'robotstxt/response_status_count/200': 1,","logger":"airflow.task.hooks.airflow.providers.standard.hooks.subprocess.SubprocessHook","filename":"subprocess.py","lineno":99}
{"timestamp":"2026-01-16T03:24:58.982173Z","level":"info","event":" 'scheduler/dequeued': 2,","logger":"airflow.task.hooks.airflow.providers.standard.hooks.subprocess.SubprocessHook","filename":"subprocess.py","lineno":99}
{"timestamp":"2026-01-16T03:24:58.982199Z","level":"info","event":" 'scheduler/dequeued/memory': 2,","logger":"airflow.task.hooks.airflow.providers.standard.hooks.subprocess.SubprocessHook","filename":"subprocess.py","lineno":99}
{"timestamp":"2026-01-16T03:24:58.982225Z","level":"info","event":" 'scheduler/enqueued': 2,","logger":"airflow.task.hooks.airflow.providers.standard.hooks.subprocess.SubprocessHook","filename":"subprocess.py","lineno":99}
{"timestamp":"2026-01-16T03:24:58.982254Z","level":"info","event":" 'scheduler/enqueued/memory': 2,","logger":"airflow.task.hooks.airflow.providers.standard.hooks.subprocess.SubprocessHook","filename":"subprocess.py","lineno":99}
{"timestamp":"2026-01-16T03:24:58.982282Z","level":"info","event":" 'start_time': datetime.datetime(2026, 1, 16, 3, 24, 50, 18389, tzinfo=datetime.timezone.utc)}","logger":"airflow.task.hooks.airflow.providers.standard.hooks.subprocess.SubprocessHook","filename":"subprocess.py","lineno":99}
{"timestamp":"2026-01-16T03:24:58.982314Z","level":"info","event":"2026-01-16 03:24:58 [scrapy.core.engine] INFO: Spider closed (finished)","logger":"airflow.task.hooks.airflow.providers.standard.hooks.subprocess.SubprocessHook","filename":"subprocess.py","lineno":99}
{"timestamp":"2026-01-16T03:24:59.251042Z","level":"info","event":"Command exited with return code 0","logger":"airflow.task.hooks.airflow.providers.standard.hooks.subprocess.SubprocessHook","filename":"subprocess.py","lineno":103}
{"timestamp":"2026-01-16T03:24:59.251799Z","level":"info","event":"Pushing xcom","ti":"RuntimeTaskInstance(id=UUID('019bc4d5-86b7-74dc-8f4e-4825a4a3303f'), task_id='run_scrapy', dag_id='scrapy_pipeline', run_id='manual__2026-01-16T03:24:44+00:00', try_number=1, dag_version_id=UUID('019bc472-70f3-7d89-9f0c-dbdc5725b3ef'), map_index=-1, hostname='9a16e5330553', context_carrier={}, task=<Task(BashOperator): run_scrapy>, bundle_instance=LocalDagBundle(name=dags-folder), max_tries=0, start_date=datetime.datetime(2026, 1, 16, 3, 24, 47, 354833, tzinfo=datetime.timezone.utc), end_date=None, state=<TaskInstanceState.RUNNING: 'running'>, is_mapped=False, rendered_map_index=None)","logger":"task","filename":"task_runner.py","lineno":1370}
