{"timestamp":"2026-02-04T22:30:05.358816Z","level":"info","event":"DAG bundles loaded: dags-folder","logger":"airflow.dag_processing.bundles.manager.DagBundlesManager","filename":"manager.py","lineno":179}
{"timestamp":"2026-02-04T22:30:05.360718Z","level":"info","event":"Filling up the DagBag from /opt/airflow/dags/scrapy_pipeline.py","logger":"airflow.models.dagbag.DagBag","filename":"dagbag.py","lineno":593}
{"timestamp":"2026-02-04T22:30:05.732250Z","level":"info","event":"Tmp dir root location: /tmp","logger":"airflow.task.hooks.airflow.providers.standard.hooks.subprocess.SubprocessHook","filename":"subprocess.py","lineno":78}
{"timestamp":"2026-02-04T22:30:05.734199Z","level":"info","event":"Running command: ['/usr/bin/bash', '-c', 'cd /opt/airflow/project/ecommerce_scraper && python3 -m scrapy crawl cute_mercado_livre_spider']","logger":"airflow.task.hooks.airflow.providers.standard.hooks.subprocess.SubprocessHook","filename":"subprocess.py","lineno":80}
{"timestamp":"2026-02-04T22:30:05.736089Z","level":"info","event":"Output:","logger":"airflow.task.hooks.airflow.providers.standard.hooks.subprocess.SubprocessHook","filename":"subprocess.py","lineno":92}
{"timestamp":"2026-02-04T22:30:06.517435Z","level":"info","event":"2026-02-04 22:30:06 [scrapy.utils.log] INFO: Scrapy 2.13.4 started (bot: ecommerce_scraper)","logger":"airflow.task.hooks.airflow.providers.standard.hooks.subprocess.SubprocessHook","filename":"subprocess.py","lineno":99}
{"timestamp":"2026-02-04T22:30:06.531759Z","level":"info","event":"2026-02-04 22:30:06 [scrapy.utils.log] INFO: Versions:","logger":"airflow.task.hooks.airflow.providers.standard.hooks.subprocess.SubprocessHook","filename":"subprocess.py","lineno":99}
{"timestamp":"2026-02-04T22:30:06.531924Z","level":"info","event":"{'lxml': '5.4.0',","logger":"airflow.task.hooks.airflow.providers.standard.hooks.subprocess.SubprocessHook","filename":"subprocess.py","lineno":99}
{"timestamp":"2026-02-04T22:30:06.531979Z","level":"info","event":" 'libxml2': '2.13.8',","logger":"airflow.task.hooks.airflow.providers.standard.hooks.subprocess.SubprocessHook","filename":"subprocess.py","lineno":99}
{"timestamp":"2026-02-04T22:30:06.532017Z","level":"info","event":" 'cssselect': '1.3.0',","logger":"airflow.task.hooks.airflow.providers.standard.hooks.subprocess.SubprocessHook","filename":"subprocess.py","lineno":99}
{"timestamp":"2026-02-04T22:30:06.532050Z","level":"info","event":" 'parsel': '1.10.0',","logger":"airflow.task.hooks.airflow.providers.standard.hooks.subprocess.SubprocessHook","filename":"subprocess.py","lineno":99}
{"timestamp":"2026-02-04T22:30:06.532080Z","level":"info","event":" 'w3lib': '2.3.1',","logger":"airflow.task.hooks.airflow.providers.standard.hooks.subprocess.SubprocessHook","filename":"subprocess.py","lineno":99}
{"timestamp":"2026-02-04T22:30:06.532110Z","level":"info","event":" 'Twisted': '25.5.0',","logger":"airflow.task.hooks.airflow.providers.standard.hooks.subprocess.SubprocessHook","filename":"subprocess.py","lineno":99}
{"timestamp":"2026-02-04T22:30:06.532139Z","level":"info","event":" 'Python': '3.12.12 (main, Dec 12 2025, 21:44:08) [GCC 12.2.0]',","logger":"airflow.task.hooks.airflow.providers.standard.hooks.subprocess.SubprocessHook","filename":"subprocess.py","lineno":99}
{"timestamp":"2026-02-04T22:30:06.532176Z","level":"info","event":" 'pyOpenSSL': '25.3.0 (OpenSSL 3.5.4 30 Sep 2025)',","logger":"airflow.task.hooks.airflow.providers.standard.hooks.subprocess.SubprocessHook","filename":"subprocess.py","lineno":99}
{"timestamp":"2026-02-04T22:30:06.532205Z","level":"info","event":" 'cryptography': '46.0.3',","logger":"airflow.task.hooks.airflow.providers.standard.hooks.subprocess.SubprocessHook","filename":"subprocess.py","lineno":99}
{"timestamp":"2026-02-04T22:30:06.532233Z","level":"info","event":" 'Platform': 'Linux-6.6.87.2-microsoft-standard-WSL2-x86_64-with-glibc2.36'}","logger":"airflow.task.hooks.airflow.providers.standard.hooks.subprocess.SubprocessHook","filename":"subprocess.py","lineno":99}
{"timestamp":"2026-02-04T22:30:06.533527Z","level":"info","event":"2026-02-04 22:30:06 [scrapy.addons] INFO: Enabled addons:","logger":"airflow.task.hooks.airflow.providers.standard.hooks.subprocess.SubprocessHook","filename":"subprocess.py","lineno":99}
{"timestamp":"2026-02-04T22:30:06.533610Z","level":"info","event":"[]","logger":"airflow.task.hooks.airflow.providers.standard.hooks.subprocess.SubprocessHook","filename":"subprocess.py","lineno":99}
{"timestamp":"2026-02-04T22:30:06.537249Z","level":"info","event":"2026-02-04 22:30:06 [asyncio] DEBUG: Using selector: EpollSelector","logger":"airflow.task.hooks.airflow.providers.standard.hooks.subprocess.SubprocessHook","filename":"subprocess.py","lineno":99}
{"timestamp":"2026-02-04T22:30:06.537568Z","level":"info","event":"2026-02-04 22:30:06 [scrapy.utils.log] DEBUG: Using reactor: twisted.internet.asyncioreactor.AsyncioSelectorReactor","logger":"airflow.task.hooks.airflow.providers.standard.hooks.subprocess.SubprocessHook","filename":"subprocess.py","lineno":99}
{"timestamp":"2026-02-04T22:30:06.537675Z","level":"info","event":"2026-02-04 22:30:06 [scrapy.utils.log] DEBUG: Using asyncio event loop: asyncio.unix_events._UnixSelectorEventLoop","logger":"airflow.task.hooks.airflow.providers.standard.hooks.subprocess.SubprocessHook","filename":"subprocess.py","lineno":99}
{"timestamp":"2026-02-04T22:30:06.541361Z","level":"info","event":"2026-02-04 22:30:06 [scrapy.extensions.telnet] INFO: Telnet Password: 066e94cc1410f7d1","logger":"airflow.task.hooks.airflow.providers.standard.hooks.subprocess.SubprocessHook","filename":"subprocess.py","lineno":99}
{"timestamp":"2026-02-04T22:30:06.560797Z","level":"info","event":"2026-02-04 22:30:06 [scrapy.middleware] INFO: Enabled extensions:","logger":"airflow.task.hooks.airflow.providers.standard.hooks.subprocess.SubprocessHook","filename":"subprocess.py","lineno":99}
{"timestamp":"2026-02-04T22:30:06.560948Z","level":"info","event":"['scrapy.extensions.corestats.CoreStats',","logger":"airflow.task.hooks.airflow.providers.standard.hooks.subprocess.SubprocessHook","filename":"subprocess.py","lineno":99}
{"timestamp":"2026-02-04T22:30:06.561006Z","level":"info","event":" 'scrapy.extensions.telnet.TelnetConsole',","logger":"airflow.task.hooks.airflow.providers.standard.hooks.subprocess.SubprocessHook","filename":"subprocess.py","lineno":99}
{"timestamp":"2026-02-04T22:30:06.561044Z","level":"info","event":" 'scrapy.extensions.memusage.MemoryUsage',","logger":"airflow.task.hooks.airflow.providers.standard.hooks.subprocess.SubprocessHook","filename":"subprocess.py","lineno":99}
{"timestamp":"2026-02-04T22:30:06.561077Z","level":"info","event":" 'scrapy.extensions.logstats.LogStats',","logger":"airflow.task.hooks.airflow.providers.standard.hooks.subprocess.SubprocessHook","filename":"subprocess.py","lineno":99}
{"timestamp":"2026-02-04T22:30:06.561107Z","level":"info","event":" 'scrapy.extensions.throttle.AutoThrottle']","logger":"airflow.task.hooks.airflow.providers.standard.hooks.subprocess.SubprocessHook","filename":"subprocess.py","lineno":99}
{"timestamp":"2026-02-04T22:30:06.561139Z","level":"info","event":"2026-02-04 22:30:06 [scrapy.crawler] INFO: Overridden settings:","logger":"airflow.task.hooks.airflow.providers.standard.hooks.subprocess.SubprocessHook","filename":"subprocess.py","lineno":99}
{"timestamp":"2026-02-04T22:30:06.561169Z","level":"info","event":"{'AUTOTHROTTLE_ENABLED': True,","logger":"airflow.task.hooks.airflow.providers.standard.hooks.subprocess.SubprocessHook","filename":"subprocess.py","lineno":99}
{"timestamp":"2026-02-04T22:30:06.561230Z","level":"info","event":" 'BOT_NAME': 'ecommerce_scraper',","logger":"airflow.task.hooks.airflow.providers.standard.hooks.subprocess.SubprocessHook","filename":"subprocess.py","lineno":99}
{"timestamp":"2026-02-04T22:30:06.561295Z","level":"info","event":" 'CONCURRENT_REQUESTS_PER_DOMAIN': 1,","logger":"airflow.task.hooks.airflow.providers.standard.hooks.subprocess.SubprocessHook","filename":"subprocess.py","lineno":99}
{"timestamp":"2026-02-04T22:30:06.561337Z","level":"info","event":" 'DOWNLOAD_DELAY': 5,","logger":"airflow.task.hooks.airflow.providers.standard.hooks.subprocess.SubprocessHook","filename":"subprocess.py","lineno":99}
{"timestamp":"2026-02-04T22:30:06.561378Z","level":"info","event":" 'FEED_EXPORT_ENCODING': 'utf-8',","logger":"airflow.task.hooks.airflow.providers.standard.hooks.subprocess.SubprocessHook","filename":"subprocess.py","lineno":99}
{"timestamp":"2026-02-04T22:30:06.561454Z","level":"info","event":" 'NEWSPIDER_MODULE': 'ecommerce_scraper.spiders',","logger":"airflow.task.hooks.airflow.providers.standard.hooks.subprocess.SubprocessHook","filename":"subprocess.py","lineno":99}
{"timestamp":"2026-02-04T22:30:06.561499Z","level":"info","event":" 'ROBOTSTXT_OBEY': True,","logger":"airflow.task.hooks.airflow.providers.standard.hooks.subprocess.SubprocessHook","filename":"subprocess.py","lineno":99}
{"timestamp":"2026-02-04T22:30:06.561530Z","level":"info","event":" 'SPIDER_MODULES': ['ecommerce_scraper.spiders']}","logger":"airflow.task.hooks.airflow.providers.standard.hooks.subprocess.SubprocessHook","filename":"subprocess.py","lineno":99}
{"timestamp":"2026-02-04T22:30:06.942208Z","level":"info","event":"2026-02-04 22:30:06 [faker.factory] DEBUG: Not in REPL -> leaving logger event level as is.","logger":"airflow.task.hooks.airflow.providers.standard.hooks.subprocess.SubprocessHook","filename":"subprocess.py","lineno":99}
{"timestamp":"2026-02-04T22:30:07.005656Z","level":"info","event":"2026-02-04 22:30:07 [scrapy_ua_rotator.middleware] DEBUG: Loaded User-Agent provider: scrapy_ua_rotator.providers.FakeUserAgentProvider","logger":"airflow.task.hooks.airflow.providers.standard.hooks.subprocess.SubprocessHook","filename":"subprocess.py","lineno":99}
{"timestamp":"2026-02-04T22:30:07.097773Z","level":"info","event":"2026-02-04 22:30:07 [scrapy.middleware] INFO: Enabled downloader middlewares:","logger":"airflow.task.hooks.airflow.providers.standard.hooks.subprocess.SubprocessHook","filename":"subprocess.py","lineno":99}
{"timestamp":"2026-02-04T22:30:07.097969Z","level":"info","event":"['scrapy.downloadermiddlewares.offsite.OffsiteMiddleware',","logger":"airflow.task.hooks.airflow.providers.standard.hooks.subprocess.SubprocessHook","filename":"subprocess.py","lineno":99}
{"timestamp":"2026-02-04T22:30:07.098024Z","level":"info","event":" 'scrapy.downloadermiddlewares.robotstxt.RobotsTxtMiddleware',","logger":"airflow.task.hooks.airflow.providers.standard.hooks.subprocess.SubprocessHook","filename":"subprocess.py","lineno":99}
{"timestamp":"2026-02-04T22:30:07.098062Z","level":"info","event":" 'scrapy.downloadermiddlewares.httpauth.HttpAuthMiddleware',","logger":"airflow.task.hooks.airflow.providers.standard.hooks.subprocess.SubprocessHook","filename":"subprocess.py","lineno":99}
{"timestamp":"2026-02-04T22:30:07.098094Z","level":"info","event":" 'scrapy.downloadermiddlewares.downloadtimeout.DownloadTimeoutMiddleware',","logger":"airflow.task.hooks.airflow.providers.standard.hooks.subprocess.SubprocessHook","filename":"subprocess.py","lineno":99}
{"timestamp":"2026-02-04T22:30:07.098123Z","level":"info","event":" 'scrapy.downloadermiddlewares.defaultheaders.DefaultHeadersMiddleware',","logger":"airflow.task.hooks.airflow.providers.standard.hooks.subprocess.SubprocessHook","filename":"subprocess.py","lineno":99}
{"timestamp":"2026-02-04T22:30:07.098152Z","level":"info","event":" 'scrapy_ua_rotator.middleware.RandomUserAgentMiddleware',","logger":"airflow.task.hooks.airflow.providers.standard.hooks.subprocess.SubprocessHook","filename":"subprocess.py","lineno":99}
{"timestamp":"2026-02-04T22:30:07.098182Z","level":"info","event":" 'scrapy.downloadermiddlewares.retry.RetryMiddleware',","logger":"airflow.task.hooks.airflow.providers.standard.hooks.subprocess.SubprocessHook","filename":"subprocess.py","lineno":99}
{"timestamp":"2026-02-04T22:30:07.098211Z","level":"info","event":" 'scrapy.downloadermiddlewares.redirect.MetaRefreshMiddleware',","logger":"airflow.task.hooks.airflow.providers.standard.hooks.subprocess.SubprocessHook","filename":"subprocess.py","lineno":99}
{"timestamp":"2026-02-04T22:30:07.098241Z","level":"info","event":" 'scrapy.downloadermiddlewares.httpcompression.HttpCompressionMiddleware',","logger":"airflow.task.hooks.airflow.providers.standard.hooks.subprocess.SubprocessHook","filename":"subprocess.py","lineno":99}
{"timestamp":"2026-02-04T22:30:07.098269Z","level":"info","event":" 'scrapy.downloadermiddlewares.redirect.RedirectMiddleware',","logger":"airflow.task.hooks.airflow.providers.standard.hooks.subprocess.SubprocessHook","filename":"subprocess.py","lineno":99}
{"timestamp":"2026-02-04T22:30:07.098296Z","level":"info","event":" 'scrapy.downloadermiddlewares.cookies.CookiesMiddleware',","logger":"airflow.task.hooks.airflow.providers.standard.hooks.subprocess.SubprocessHook","filename":"subprocess.py","lineno":99}
{"timestamp":"2026-02-04T22:30:07.098322Z","level":"info","event":" 'scrapy.downloadermiddlewares.httpproxy.HttpProxyMiddleware',","logger":"airflow.task.hooks.airflow.providers.standard.hooks.subprocess.SubprocessHook","filename":"subprocess.py","lineno":99}
{"timestamp":"2026-02-04T22:30:07.098348Z","level":"info","event":" 'scrapy.downloadermiddlewares.stats.DownloaderStats']","logger":"airflow.task.hooks.airflow.providers.standard.hooks.subprocess.SubprocessHook","filename":"subprocess.py","lineno":99}
{"timestamp":"2026-02-04T22:30:07.103223Z","level":"info","event":"2026-02-04 22:30:07 [scrapy.middleware] INFO: Enabled spider middlewares:","logger":"airflow.task.hooks.airflow.providers.standard.hooks.subprocess.SubprocessHook","filename":"subprocess.py","lineno":99}
{"timestamp":"2026-02-04T22:30:07.103317Z","level":"info","event":"['scrapy.spidermiddlewares.start.StartSpiderMiddleware',","logger":"airflow.task.hooks.airflow.providers.standard.hooks.subprocess.SubprocessHook","filename":"subprocess.py","lineno":99}
{"timestamp":"2026-02-04T22:30:07.103369Z","level":"info","event":" 'scrapy.spidermiddlewares.httperror.HttpErrorMiddleware',","logger":"airflow.task.hooks.airflow.providers.standard.hooks.subprocess.SubprocessHook","filename":"subprocess.py","lineno":99}
{"timestamp":"2026-02-04T22:30:07.103406Z","level":"info","event":" 'scrapy.spidermiddlewares.referer.RefererMiddleware',","logger":"airflow.task.hooks.airflow.providers.standard.hooks.subprocess.SubprocessHook","filename":"subprocess.py","lineno":99}
{"timestamp":"2026-02-04T22:30:07.103437Z","level":"info","event":" 'scrapy.spidermiddlewares.urllength.UrlLengthMiddleware',","logger":"airflow.task.hooks.airflow.providers.standard.hooks.subprocess.SubprocessHook","filename":"subprocess.py","lineno":99}
{"timestamp":"2026-02-04T22:30:07.103465Z","level":"info","event":" 'scrapy.spidermiddlewares.depth.DepthMiddleware']","logger":"airflow.task.hooks.airflow.providers.standard.hooks.subprocess.SubprocessHook","filename":"subprocess.py","lineno":99}
{"timestamp":"2026-02-04T22:30:07.120215Z","level":"info","event":"2026-02-04 22:30:07 [scrapy.middleware] INFO: Enabled item pipelines:","logger":"airflow.task.hooks.airflow.providers.standard.hooks.subprocess.SubprocessHook","filename":"subprocess.py","lineno":99}
{"timestamp":"2026-02-04T22:30:07.120396Z","level":"info","event":"['ecommerce_scraper.pipelines.PostgresPipeline']","logger":"airflow.task.hooks.airflow.providers.standard.hooks.subprocess.SubprocessHook","filename":"subprocess.py","lineno":99}
{"timestamp":"2026-02-04T22:30:07.120944Z","level":"info","event":"2026-02-04 22:30:07 [scrapy.core.engine] INFO: Spider opened","logger":"airflow.task.hooks.airflow.providers.standard.hooks.subprocess.SubprocessHook","filename":"subprocess.py","lineno":99}
{"timestamp":"2026-02-04T22:30:07.176859Z","level":"info","event":"2026-02-04 22:30:07 [scrapy.extensions.logstats] INFO: Crawled 0 pages (at 0 pages/min), scraped 0 items (at 0 items/min)","logger":"airflow.task.hooks.airflow.providers.standard.hooks.subprocess.SubprocessHook","filename":"subprocess.py","lineno":99}
{"timestamp":"2026-02-04T22:30:07.178001Z","level":"info","event":"2026-02-04 22:30:07 [scrapy.extensions.telnet] INFO: Telnet console listening on 127.0.0.1:6023","logger":"airflow.task.hooks.airflow.providers.standard.hooks.subprocess.SubprocessHook","filename":"subprocess.py","lineno":99}
{"timestamp":"2026-02-04T22:30:07.472591Z","level":"info","event":"2026-02-04 22:30:07 [scrapy.core.engine] DEBUG: Crawled (200) <GET https://lista.mercadolivre.com.br/robots.txt> (referer: None)","logger":"airflow.task.hooks.airflow.providers.standard.hooks.subprocess.SubprocessHook","filename":"subprocess.py","lineno":99}
{"timestamp":"2026-02-04T22:30:12.560894Z","level":"info","event":"2026-02-04 22:30:12 [scrapy.core.engine] DEBUG: Crawled (200) <GET https://lista.mercadolivre.com.br/notebook#D%5BA:notebook%5D> (referer: None)","logger":"airflow.task.hooks.airflow.providers.standard.hooks.subprocess.SubprocessHook","filename":"subprocess.py","lineno":99}
{"timestamp":"2026-02-04T22:30:12.739510Z","level":"info","event":"2026-02-04 22:30:12 [scrapy.core.scraper] DEBUG: Scraped from <200 https://lista.mercadolivre.com.br/notebook>","logger":"airflow.task.hooks.airflow.providers.standard.hooks.subprocess.SubprocessHook","filename":"subprocess.py","lineno":99}
{"timestamp":"2026-02-04T22:30:12.739677Z","level":"info","event":"{'color': 'N/A',","logger":"airflow.task.hooks.airflow.providers.standard.hooks.subprocess.SubprocessHook","filename":"subprocess.py","lineno":99}
{"timestamp":"2026-02-04T22:30:12.739732Z","level":"info","event":" 'full_title': 'Notebook Positivo Vision C15m Intel Celeron N4500 Windows 11 '","logger":"airflow.task.hooks.airflow.providers.standard.hooks.subprocess.SubprocessHook","filename":"subprocess.py","lineno":99}
{"timestamp":"2026-02-04T22:30:12.739771Z","level":"info","event":"               'Home 8gb Ram 128gb Emmc Tela 15 Full Hd Ips Antirreflexo - '","logger":"airflow.task.hooks.airflow.providers.standard.hooks.subprocess.SubprocessHook","filename":"subprocess.py","lineno":99}
{"timestamp":"2026-02-04T22:30:12.739805Z","level":"info","event":"               'Minitela E Tecla Copilot - Permite Upgrade De Memória Ssd - '","logger":"airflow.task.hooks.airflow.providers.standard.hooks.subprocess.SubprocessHook","filename":"subprocess.py","lineno":99}
{"timestamp":"2026-02-04T22:30:12.739837Z","level":"info","event":"               'Cinza',","logger":"airflow.task.hooks.airflow.providers.standard.hooks.subprocess.SubprocessHook","filename":"subprocess.py","lineno":99}
{"timestamp":"2026-02-04T22:30:12.739866Z","level":"info","event":" 'memory': '8gb',","logger":"airflow.task.hooks.airflow.providers.standard.hooks.subprocess.SubprocessHook","filename":"subprocess.py","lineno":99}
{"timestamp":"2026-02-04T22:30:12.739895Z","level":"info","event":" 'price': '2.855',","logger":"airflow.task.hooks.airflow.providers.standard.hooks.subprocess.SubprocessHook","filename":"subprocess.py","lineno":99}
{"timestamp":"2026-02-04T22:30:12.740134Z","level":"info","event":" 'rating': '4.8',","logger":"airflow.task.hooks.airflow.providers.standard.hooks.subprocess.SubprocessHook","filename":"subprocess.py","lineno":99}
{"timestamp":"2026-02-04T22:30:12.740172Z","level":"info","event":" 'short_title': 'notebook',","logger":"airflow.task.hooks.airflow.providers.standard.hooks.subprocess.SubprocessHook","filename":"subprocess.py","lineno":99}
{"timestamp":"2026-02-04T22:30:12.740203Z","level":"info","event":" 'site_name': 'mercado_livre',","logger":"airflow.task.hooks.airflow.providers.standard.hooks.subprocess.SubprocessHook","filename":"subprocess.py","lineno":99}
{"timestamp":"2026-02-04T22:30:12.740232Z","level":"info","event":" 'storage': 'N/A'}","logger":"airflow.task.hooks.airflow.providers.standard.hooks.subprocess.SubprocessHook","filename":"subprocess.py","lineno":99}
{"timestamp":"2026-02-04T22:30:12.788108Z","level":"info","event":"2026-02-04 22:30:12 [scrapy.core.scraper] DEBUG: Scraped from <200 https://lista.mercadolivre.com.br/notebook>","logger":"airflow.task.hooks.airflow.providers.standard.hooks.subprocess.SubprocessHook","filename":"subprocess.py","lineno":99}
{"timestamp":"2026-02-04T22:30:12.788291Z","level":"info","event":"{'color': 'N/A',","logger":"airflow.task.hooks.airflow.providers.standard.hooks.subprocess.SubprocessHook","filename":"subprocess.py","lineno":99}
{"timestamp":"2026-02-04T22:30:12.788346Z","level":"info","event":" 'full_title': 'Notebook HP IA PC Probook 14\" 440 G11 I Intel Core Ultra '","logger":"airflow.task.hooks.airflow.providers.standard.hooks.subprocess.SubprocessHook","filename":"subprocess.py","lineno":99}
{"timestamp":"2026-02-04T22:30:12.788385Z","level":"info","event":"               '5-125u, 16GB RAM, SSD 512GB, Windows 11 Home - SKU CL5X4LA',","logger":"airflow.task.hooks.airflow.providers.standard.hooks.subprocess.SubprocessHook","filename":"subprocess.py","lineno":99}
{"timestamp":"2026-02-04T22:30:12.788419Z","level":"info","event":" 'memory': '16GB',","logger":"airflow.task.hooks.airflow.providers.standard.hooks.subprocess.SubprocessHook","filename":"subprocess.py","lineno":99}
{"timestamp":"2026-02-04T22:30:12.788449Z","level":"info","event":" 'price': '7.999',","logger":"airflow.task.hooks.airflow.providers.standard.hooks.subprocess.SubprocessHook","filename":"subprocess.py","lineno":99}
{"timestamp":"2026-02-04T22:30:12.788477Z","level":"info","event":" 'rating': '4.9',","logger":"airflow.task.hooks.airflow.providers.standard.hooks.subprocess.SubprocessHook","filename":"subprocess.py","lineno":99}
{"timestamp":"2026-02-04T22:30:12.788504Z","level":"info","event":" 'short_title': 'notebook',","logger":"airflow.task.hooks.airflow.providers.standard.hooks.subprocess.SubprocessHook","filename":"subprocess.py","lineno":99}
{"timestamp":"2026-02-04T22:30:12.788531Z","level":"info","event":" 'site_name': 'mercado_livre',","logger":"airflow.task.hooks.airflow.providers.standard.hooks.subprocess.SubprocessHook","filename":"subprocess.py","lineno":99}
{"timestamp":"2026-02-04T22:30:12.788560Z","level":"info","event":" 'storage': 'N/A'}","logger":"airflow.task.hooks.airflow.providers.standard.hooks.subprocess.SubprocessHook","filename":"subprocess.py","lineno":99}
{"timestamp":"2026-02-04T22:30:12.789497Z","level":"info","event":"2026-02-04 22:30:12 [scrapy.core.scraper] DEBUG: Scraped from <200 https://lista.mercadolivre.com.br/notebook>","logger":"airflow.task.hooks.airflow.providers.standard.hooks.subprocess.SubprocessHook","filename":"subprocess.py","lineno":99}
{"timestamp":"2026-02-04T22:30:12.789592Z","level":"info","event":"{'color': 'N/A',","logger":"airflow.task.hooks.airflow.providers.standard.hooks.subprocess.SubprocessHook","filename":"subprocess.py","lineno":99}
{"timestamp":"2026-02-04T22:30:12.789647Z","level":"info","event":" 'full_title': 'Notebook Acer Nitro V15 Core I7 13ªger. 16gb 512ssd W11 '","logger":"airflow.task.hooks.airflow.providers.standard.hooks.subprocess.SubprocessHook","filename":"subprocess.py","lineno":99}
{"timestamp":"2026-02-04T22:30:12.789687Z","level":"info","event":"               'Rtx4050 6gb Nvidia Geforce 15.6 Ips Full Hd Anv15-52-77bg',","logger":"airflow.task.hooks.airflow.providers.standard.hooks.subprocess.SubprocessHook","filename":"subprocess.py","lineno":99}
{"timestamp":"2026-02-04T22:30:12.789719Z","level":"info","event":" 'memory': 'N/A',","logger":"airflow.task.hooks.airflow.providers.standard.hooks.subprocess.SubprocessHook","filename":"subprocess.py","lineno":99}
{"timestamp":"2026-02-04T22:30:12.789747Z","level":"info","event":" 'price': '10.999',","logger":"airflow.task.hooks.airflow.providers.standard.hooks.subprocess.SubprocessHook","filename":"subprocess.py","lineno":99}
{"timestamp":"2026-02-04T22:30:12.789783Z","level":"info","event":" 'rating': '4.9',","logger":"airflow.task.hooks.airflow.providers.standard.hooks.subprocess.SubprocessHook","filename":"subprocess.py","lineno":99}
{"timestamp":"2026-02-04T22:30:12.789829Z","level":"info","event":" 'short_title': 'notebook',","logger":"airflow.task.hooks.airflow.providers.standard.hooks.subprocess.SubprocessHook","filename":"subprocess.py","lineno":99}
{"timestamp":"2026-02-04T22:30:12.789859Z","level":"info","event":" 'site_name': 'mercado_livre',","logger":"airflow.task.hooks.airflow.providers.standard.hooks.subprocess.SubprocessHook","filename":"subprocess.py","lineno":99}
{"timestamp":"2026-02-04T22:30:12.789888Z","level":"info","event":" 'storage': 'N/A'}","logger":"airflow.task.hooks.airflow.providers.standard.hooks.subprocess.SubprocessHook","filename":"subprocess.py","lineno":99}
{"timestamp":"2026-02-04T22:30:12.791144Z","level":"info","event":"2026-02-04 22:30:12 [scrapy.core.scraper] DEBUG: Scraped from <200 https://lista.mercadolivre.com.br/notebook>","logger":"airflow.task.hooks.airflow.providers.standard.hooks.subprocess.SubprocessHook","filename":"subprocess.py","lineno":99}
{"timestamp":"2026-02-04T22:30:12.791251Z","level":"info","event":"{'color': 'N/A',","logger":"airflow.task.hooks.airflow.providers.standard.hooks.subprocess.SubprocessHook","filename":"subprocess.py","lineno":99}
{"timestamp":"2026-02-04T22:30:12.791304Z","level":"info","event":" 'full_title': 'Notebook Lenovo Ideapad 1i Celeron Office 365 4gb 128gb W11',","logger":"airflow.task.hooks.airflow.providers.standard.hooks.subprocess.SubprocessHook","filename":"subprocess.py","lineno":99}
{"timestamp":"2026-02-04T22:30:12.791342Z","level":"info","event":" 'memory': 'N/A',","logger":"airflow.task.hooks.airflow.providers.standard.hooks.subprocess.SubprocessHook","filename":"subprocess.py","lineno":99}
{"timestamp":"2026-02-04T22:30:12.791372Z","level":"info","event":" 'price': '3.999',","logger":"airflow.task.hooks.airflow.providers.standard.hooks.subprocess.SubprocessHook","filename":"subprocess.py","lineno":99}
{"timestamp":"2026-02-04T22:30:12.791400Z","level":"info","event":" 'rating': '4.8',","logger":"airflow.task.hooks.airflow.providers.standard.hooks.subprocess.SubprocessHook","filename":"subprocess.py","lineno":99}
{"timestamp":"2026-02-04T22:30:12.791429Z","level":"info","event":" 'short_title': 'notebook',","logger":"airflow.task.hooks.airflow.providers.standard.hooks.subprocess.SubprocessHook","filename":"subprocess.py","lineno":99}
{"timestamp":"2026-02-04T22:30:12.791457Z","level":"info","event":" 'site_name': 'mercado_livre',","logger":"airflow.task.hooks.airflow.providers.standard.hooks.subprocess.SubprocessHook","filename":"subprocess.py","lineno":99}
{"timestamp":"2026-02-04T22:30:12.791486Z","level":"info","event":" 'storage': 'N/A'}","logger":"airflow.task.hooks.airflow.providers.standard.hooks.subprocess.SubprocessHook","filename":"subprocess.py","lineno":99}
{"timestamp":"2026-02-04T22:30:12.792600Z","level":"info","event":"2026-02-04 22:30:12 [scrapy.core.scraper] DEBUG: Scraped from <200 https://lista.mercadolivre.com.br/notebook>","logger":"airflow.task.hooks.airflow.providers.standard.hooks.subprocess.SubprocessHook","filename":"subprocess.py","lineno":99}
{"timestamp":"2026-02-04T22:30:12.792689Z","level":"info","event":"{'color': 'N/A',","logger":"airflow.task.hooks.airflow.providers.standard.hooks.subprocess.SubprocessHook","filename":"subprocess.py","lineno":99}
{"timestamp":"2026-02-04T22:30:12.792741Z","level":"info","event":" 'full_title': 'Notebook Hp 256r G9 Intel Core I5-1334u 15.6 Hd INTEL UHD '","logger":"airflow.task.hooks.airflow.providers.standard.hooks.subprocess.SubprocessHook","filename":"subprocess.py","lineno":99}
{"timestamp":"2026-02-04T22:30:12.792780Z","level":"info","event":"               '256gb Ssd 8gb Ram Windows 11 Home 64 Sl - Bq9l1at#ak4',","logger":"airflow.task.hooks.airflow.providers.standard.hooks.subprocess.SubprocessHook","filename":"subprocess.py","lineno":99}
{"timestamp":"2026-02-04T22:30:12.792813Z","level":"info","event":" 'memory': '8gb',","logger":"airflow.task.hooks.airflow.providers.standard.hooks.subprocess.SubprocessHook","filename":"subprocess.py","lineno":99}
{"timestamp":"2026-02-04T22:30:12.792842Z","level":"info","event":" 'price': '4.088',","logger":"airflow.task.hooks.airflow.providers.standard.hooks.subprocess.SubprocessHook","filename":"subprocess.py","lineno":99}
{"timestamp":"2026-02-04T22:30:12.792870Z","level":"info","event":" 'rating': '4.9',","logger":"airflow.task.hooks.airflow.providers.standard.hooks.subprocess.SubprocessHook","filename":"subprocess.py","lineno":99}
{"timestamp":"2026-02-04T22:30:12.792898Z","level":"info","event":" 'short_title': 'notebook',","logger":"airflow.task.hooks.airflow.providers.standard.hooks.subprocess.SubprocessHook","filename":"subprocess.py","lineno":99}
{"timestamp":"2026-02-04T22:30:12.792924Z","level":"info","event":" 'site_name': 'mercado_livre',","logger":"airflow.task.hooks.airflow.providers.standard.hooks.subprocess.SubprocessHook","filename":"subprocess.py","lineno":99}
{"timestamp":"2026-02-04T22:30:12.792951Z","level":"info","event":" 'storage': '256gb'}","logger":"airflow.task.hooks.airflow.providers.standard.hooks.subprocess.SubprocessHook","filename":"subprocess.py","lineno":99}
{"timestamp":"2026-02-04T22:30:12.794109Z","level":"info","event":"2026-02-04 22:30:12 [scrapy.core.scraper] DEBUG: Scraped from <200 https://lista.mercadolivre.com.br/notebook>","logger":"airflow.task.hooks.airflow.providers.standard.hooks.subprocess.SubprocessHook","filename":"subprocess.py","lineno":99}
{"timestamp":"2026-02-04T22:30:12.794199Z","level":"info","event":"{'color': 'N/A',","logger":"airflow.task.hooks.airflow.providers.standard.hooks.subprocess.SubprocessHook","filename":"subprocess.py","lineno":99}
{"timestamp":"2026-02-04T22:30:12.794253Z","level":"info","event":" 'full_title': \"Notebook Multi Ultra Celeron N4020c 4gb 128gb W11 15,6'' Cinza \"","logger":"airflow.task.hooks.airflow.providers.standard.hooks.subprocess.SubprocessHook","filename":"subprocess.py","lineno":99}
{"timestamp":"2026-02-04T22:30:12.794292Z","level":"info","event":"               '- Ub261',","logger":"airflow.task.hooks.airflow.providers.standard.hooks.subprocess.SubprocessHook","filename":"subprocess.py","lineno":99}
{"timestamp":"2026-02-04T22:30:12.794324Z","level":"info","event":" 'memory': 'N/A',","logger":"airflow.task.hooks.airflow.providers.standard.hooks.subprocess.SubprocessHook","filename":"subprocess.py","lineno":99}
{"timestamp":"2026-02-04T22:30:12.794354Z","level":"info","event":" 'price': '2.098',","logger":"airflow.task.hooks.airflow.providers.standard.hooks.subprocess.SubprocessHook","filename":"subprocess.py","lineno":99}
{"timestamp":"2026-02-04T22:30:12.794430Z","level":"info","event":" 'rating': '4.6',","logger":"airflow.task.hooks.airflow.providers.standard.hooks.subprocess.SubprocessHook","filename":"subprocess.py","lineno":99}
{"timestamp":"2026-02-04T22:30:12.794471Z","level":"info","event":" 'short_title': 'notebook',","logger":"airflow.task.hooks.airflow.providers.standard.hooks.subprocess.SubprocessHook","filename":"subprocess.py","lineno":99}
{"timestamp":"2026-02-04T22:30:12.794502Z","level":"info","event":" 'site_name': 'mercado_livre',","logger":"airflow.task.hooks.airflow.providers.standard.hooks.subprocess.SubprocessHook","filename":"subprocess.py","lineno":99}
{"timestamp":"2026-02-04T22:30:12.794532Z","level":"info","event":" 'storage': 'N/A'}","logger":"airflow.task.hooks.airflow.providers.standard.hooks.subprocess.SubprocessHook","filename":"subprocess.py","lineno":99}
{"timestamp":"2026-02-04T22:30:12.795637Z","level":"info","event":"2026-02-04 22:30:12 [scrapy.core.scraper] DEBUG: Scraped from <200 https://lista.mercadolivre.com.br/notebook>","logger":"airflow.task.hooks.airflow.providers.standard.hooks.subprocess.SubprocessHook","filename":"subprocess.py","lineno":99}
{"timestamp":"2026-02-04T22:30:12.795722Z","level":"info","event":"{'color': 'Grey',","logger":"airflow.task.hooks.airflow.providers.standard.hooks.subprocess.SubprocessHook","filename":"subprocess.py","lineno":99}
{"timestamp":"2026-02-04T22:30:12.795773Z","level":"info","event":" 'full_title': 'Notebook Asus X515 Intel Celeron Dual Core N4500 4GB Ram 128GB '","logger":"airflow.task.hooks.airflow.providers.standard.hooks.subprocess.SubprocessHook","filename":"subprocess.py","lineno":99}
{"timestamp":"2026-02-04T22:30:12.795807Z","level":"info","event":"               'SSD Windows 11 Home Tela 15,6 Slate Grey - X515KA-BR309WS',","logger":"airflow.task.hooks.airflow.providers.standard.hooks.subprocess.SubprocessHook","filename":"subprocess.py","lineno":99}
{"timestamp":"2026-02-04T22:30:12.795837Z","level":"info","event":" 'memory': '4GB',","logger":"airflow.task.hooks.airflow.providers.standard.hooks.subprocess.SubprocessHook","filename":"subprocess.py","lineno":99}
{"timestamp":"2026-02-04T22:30:12.795866Z","level":"info","event":" 'price': '2.999',","logger":"airflow.task.hooks.airflow.providers.standard.hooks.subprocess.SubprocessHook","filename":"subprocess.py","lineno":99}
{"timestamp":"2026-02-04T22:30:12.795893Z","level":"info","event":" 'rating': '4.8',","logger":"airflow.task.hooks.airflow.providers.standard.hooks.subprocess.SubprocessHook","filename":"subprocess.py","lineno":99}
{"timestamp":"2026-02-04T22:30:12.795920Z","level":"info","event":" 'short_title': 'notebook',","logger":"airflow.task.hooks.airflow.providers.standard.hooks.subprocess.SubprocessHook","filename":"subprocess.py","lineno":99}
{"timestamp":"2026-02-04T22:30:12.795947Z","level":"info","event":" 'site_name': 'mercado_livre',","logger":"airflow.task.hooks.airflow.providers.standard.hooks.subprocess.SubprocessHook","filename":"subprocess.py","lineno":99}
{"timestamp":"2026-02-04T22:30:12.795973Z","level":"info","event":" 'storage': '128GB'}","logger":"airflow.task.hooks.airflow.providers.standard.hooks.subprocess.SubprocessHook","filename":"subprocess.py","lineno":99}
{"timestamp":"2026-02-04T22:30:12.796949Z","level":"info","event":"2026-02-04 22:30:12 [scrapy.core.scraper] DEBUG: Scraped from <200 https://lista.mercadolivre.com.br/notebook>","logger":"airflow.task.hooks.airflow.providers.standard.hooks.subprocess.SubprocessHook","filename":"subprocess.py","lineno":99}
{"timestamp":"2026-02-04T22:30:12.797033Z","level":"info","event":"{'color': 'N/A',","logger":"airflow.task.hooks.airflow.providers.standard.hooks.subprocess.SubprocessHook","filename":"subprocess.py","lineno":99}
{"timestamp":"2026-02-04T22:30:12.797084Z","level":"info","event":" 'full_title': 'Notebook Lenovo Slim3 R7 8gb 256gb Ssd 15.3 Fhd Linux',","logger":"airflow.task.hooks.airflow.providers.standard.hooks.subprocess.SubprocessHook","filename":"subprocess.py","lineno":99}
{"timestamp":"2026-02-04T22:30:12.797116Z","level":"info","event":" 'memory': 'N/A',","logger":"airflow.task.hooks.airflow.providers.standard.hooks.subprocess.SubprocessHook","filename":"subprocess.py","lineno":99}
{"timestamp":"2026-02-04T22:30:12.797146Z","level":"info","event":" 'price': '3.499',","logger":"airflow.task.hooks.airflow.providers.standard.hooks.subprocess.SubprocessHook","filename":"subprocess.py","lineno":99}
{"timestamp":"2026-02-04T22:30:12.797174Z","level":"info","event":" 'rating': '4.9',","logger":"airflow.task.hooks.airflow.providers.standard.hooks.subprocess.SubprocessHook","filename":"subprocess.py","lineno":99}
{"timestamp":"2026-02-04T22:30:12.797201Z","level":"info","event":" 'short_title': 'notebook',","logger":"airflow.task.hooks.airflow.providers.standard.hooks.subprocess.SubprocessHook","filename":"subprocess.py","lineno":99}
{"timestamp":"2026-02-04T22:30:12.797227Z","level":"info","event":" 'site_name': 'mercado_livre',","logger":"airflow.task.hooks.airflow.providers.standard.hooks.subprocess.SubprocessHook","filename":"subprocess.py","lineno":99}
{"timestamp":"2026-02-04T22:30:12.797254Z","level":"info","event":" 'storage': '256gb'}","logger":"airflow.task.hooks.airflow.providers.standard.hooks.subprocess.SubprocessHook","filename":"subprocess.py","lineno":99}
{"timestamp":"2026-02-04T22:30:12.798395Z","level":"info","event":"2026-02-04 22:30:12 [scrapy.core.scraper] DEBUG: Scraped from <200 https://lista.mercadolivre.com.br/notebook>","logger":"airflow.task.hooks.airflow.providers.standard.hooks.subprocess.SubprocessHook","filename":"subprocess.py","lineno":99}
{"timestamp":"2026-02-04T22:30:12.798478Z","level":"info","event":"{'color': 'Cinza',","logger":"airflow.task.hooks.airflow.providers.standard.hooks.subprocess.SubprocessHook","filename":"subprocess.py","lineno":99}
{"timestamp":"2026-02-04T22:30:12.798530Z","level":"info","event":" 'full_title': 'Notebook 2 Em 1 Positivo Duo Intel Celeron N4500 4gb Ram 128gb '","logger":"airflow.task.hooks.airflow.providers.standard.hooks.subprocess.SubprocessHook","filename":"subprocess.py","lineno":99}
{"timestamp":"2026-02-04T22:30:12.798563Z","level":"info","event":"               'De Armazenamento, Tela 11\" Hd Ips Touch Com Caneta Capacitiva, '","logger":"airflow.task.hooks.airflow.providers.standard.hooks.subprocess.SubprocessHook","filename":"subprocess.py","lineno":99}
{"timestamp":"2026-02-04T22:30:12.798592Z","level":"info","event":"               'Windows 11 Home Cinza C4128e',","logger":"airflow.task.hooks.airflow.providers.standard.hooks.subprocess.SubprocessHook","filename":"subprocess.py","lineno":99}
{"timestamp":"2026-02-04T22:30:12.798621Z","level":"info","event":" 'memory': '4gb',","logger":"airflow.task.hooks.airflow.providers.standard.hooks.subprocess.SubprocessHook","filename":"subprocess.py","lineno":99}
{"timestamp":"2026-02-04T22:30:12.798648Z","level":"info","event":" 'price': '1.899',","logger":"airflow.task.hooks.airflow.providers.standard.hooks.subprocess.SubprocessHook","filename":"subprocess.py","lineno":99}
{"timestamp":"2026-02-04T22:30:12.798675Z","level":"info","event":" 'rating': '4.8',","logger":"airflow.task.hooks.airflow.providers.standard.hooks.subprocess.SubprocessHook","filename":"subprocess.py","lineno":99}
{"timestamp":"2026-02-04T22:30:12.798701Z","level":"info","event":" 'short_title': 'notebook',","logger":"airflow.task.hooks.airflow.providers.standard.hooks.subprocess.SubprocessHook","filename":"subprocess.py","lineno":99}
{"timestamp":"2026-02-04T22:30:12.798778Z","level":"info","event":" 'site_name': 'mercado_livre',","logger":"airflow.task.hooks.airflow.providers.standard.hooks.subprocess.SubprocessHook","filename":"subprocess.py","lineno":99}
{"timestamp":"2026-02-04T22:30:12.798818Z","level":"info","event":" 'storage': 'N/A'}","logger":"airflow.task.hooks.airflow.providers.standard.hooks.subprocess.SubprocessHook","filename":"subprocess.py","lineno":99}
{"timestamp":"2026-02-04T22:30:12.799820Z","level":"info","event":"2026-02-04 22:30:12 [scrapy.core.scraper] DEBUG: Scraped from <200 https://lista.mercadolivre.com.br/notebook>","logger":"airflow.task.hooks.airflow.providers.standard.hooks.subprocess.SubprocessHook","filename":"subprocess.py","lineno":99}
{"timestamp":"2026-02-04T22:30:12.799904Z","level":"info","event":"{'color': 'Grey',","logger":"airflow.task.hooks.airflow.providers.standard.hooks.subprocess.SubprocessHook","filename":"subprocess.py","lineno":99}
{"timestamp":"2026-02-04T22:30:12.799955Z","level":"info","event":" 'full_title': 'Notebook Lenovo Ideapad 1 15iru7 Intel Core i3-1315u 8gb 256gb '","logger":"airflow.task.hooks.airflow.providers.standard.hooks.subprocess.SubprocessHook","filename":"subprocess.py","lineno":99}
{"timestamp":"2026-02-04T22:30:12.799988Z","level":"info","event":"               'Ssd Windows 11 15.6 - 83qj0001bo Cloud Grey',","logger":"airflow.task.hooks.airflow.providers.standard.hooks.subprocess.SubprocessHook","filename":"subprocess.py","lineno":99}
{"timestamp":"2026-02-04T22:30:12.800018Z","level":"info","event":" 'memory': 'N/A',","logger":"airflow.task.hooks.airflow.providers.standard.hooks.subprocess.SubprocessHook","filename":"subprocess.py","lineno":99}
{"timestamp":"2026-02-04T22:30:12.800046Z","level":"info","event":" 'price': '4.499',","logger":"airflow.task.hooks.airflow.providers.standard.hooks.subprocess.SubprocessHook","filename":"subprocess.py","lineno":99}
{"timestamp":"2026-02-04T22:30:12.800074Z","level":"info","event":" 'rating': '4.9',","logger":"airflow.task.hooks.airflow.providers.standard.hooks.subprocess.SubprocessHook","filename":"subprocess.py","lineno":99}
{"timestamp":"2026-02-04T22:30:12.800101Z","level":"info","event":" 'short_title': 'notebook',","logger":"airflow.task.hooks.airflow.providers.standard.hooks.subprocess.SubprocessHook","filename":"subprocess.py","lineno":99}
{"timestamp":"2026-02-04T22:30:12.800127Z","level":"info","event":" 'site_name': 'mercado_livre',","logger":"airflow.task.hooks.airflow.providers.standard.hooks.subprocess.SubprocessHook","filename":"subprocess.py","lineno":99}
{"timestamp":"2026-02-04T22:30:12.800153Z","level":"info","event":" 'storage': '256gb'}","logger":"airflow.task.hooks.airflow.providers.standard.hooks.subprocess.SubprocessHook","filename":"subprocess.py","lineno":99}
{"timestamp":"2026-02-04T22:30:12.801164Z","level":"info","event":"2026-02-04 22:30:12 [scrapy.core.scraper] DEBUG: Scraped from <200 https://lista.mercadolivre.com.br/notebook>","logger":"airflow.task.hooks.airflow.providers.standard.hooks.subprocess.SubprocessHook","filename":"subprocess.py","lineno":99}
{"timestamp":"2026-02-04T22:30:12.801251Z","level":"info","event":"{'color': 'N/A',","logger":"airflow.task.hooks.airflow.providers.standard.hooks.subprocess.SubprocessHook","filename":"subprocess.py","lineno":99}
{"timestamp":"2026-02-04T22:30:12.801307Z","level":"info","event":" 'full_title': 'Notebook Acer Nitro V ANV15-51-57WS Intel Core i5-13420H '","logger":"airflow.task.hooks.airflow.providers.standard.hooks.subprocess.SubprocessHook","filename":"subprocess.py","lineno":99}
{"timestamp":"2026-02-04T22:30:12.801376Z","level":"info","event":"               '13ªGeração 512SSD 8GB Nvidia GeForce RTX 3050 GDDR6 Linux '","logger":"airflow.task.hooks.airflow.providers.standard.hooks.subprocess.SubprocessHook","filename":"subprocess.py","lineno":99}
{"timestamp":"2026-02-04T22:30:12.801425Z","level":"info","event":"               \"Gutta 15,6'\",","logger":"airflow.task.hooks.airflow.providers.standard.hooks.subprocess.SubprocessHook","filename":"subprocess.py","lineno":99}
{"timestamp":"2026-02-04T22:30:12.801528Z","level":"info","event":" 'memory': 'N/A',","logger":"airflow.task.hooks.airflow.providers.standard.hooks.subprocess.SubprocessHook","filename":"subprocess.py","lineno":99}
{"timestamp":"2026-02-04T22:30:12.801577Z","level":"info","event":" 'price': '5.189',","logger":"airflow.task.hooks.airflow.providers.standard.hooks.subprocess.SubprocessHook","filename":"subprocess.py","lineno":99}
{"timestamp":"2026-02-04T22:30:12.801615Z","level":"info","event":" 'rating': '4.8',","logger":"airflow.task.hooks.airflow.providers.standard.hooks.subprocess.SubprocessHook","filename":"subprocess.py","lineno":99}
{"timestamp":"2026-02-04T22:30:12.801651Z","level":"info","event":" 'short_title': 'notebook',","logger":"airflow.task.hooks.airflow.providers.standard.hooks.subprocess.SubprocessHook","filename":"subprocess.py","lineno":99}
{"timestamp":"2026-02-04T22:30:12.801690Z","level":"info","event":" 'site_name': 'mercado_livre',","logger":"airflow.task.hooks.airflow.providers.standard.hooks.subprocess.SubprocessHook","filename":"subprocess.py","lineno":99}
{"timestamp":"2026-02-04T22:30:12.801727Z","level":"info","event":" 'storage': 'N/A'}","logger":"airflow.task.hooks.airflow.providers.standard.hooks.subprocess.SubprocessHook","filename":"subprocess.py","lineno":99}
{"timestamp":"2026-02-04T22:30:12.802706Z","level":"info","event":"2026-02-04 22:30:12 [scrapy.core.scraper] DEBUG: Scraped from <200 https://lista.mercadolivre.com.br/notebook>","logger":"airflow.task.hooks.airflow.providers.standard.hooks.subprocess.SubprocessHook","filename":"subprocess.py","lineno":99}
{"timestamp":"2026-02-04T22:30:12.802789Z","level":"info","event":"{'color': 'N/A',","logger":"airflow.task.hooks.airflow.providers.standard.hooks.subprocess.SubprocessHook","filename":"subprocess.py","lineno":99}
{"timestamp":"2026-02-04T22:30:12.802840Z","level":"info","event":" 'full_title': \"Notebook Multi Ultra Celeron N4020c 4gb 128gb W11 14'' Cinza\",","logger":"airflow.task.hooks.airflow.providers.standard.hooks.subprocess.SubprocessHook","filename":"subprocess.py","lineno":99}
{"timestamp":"2026-02-04T22:30:12.802873Z","level":"info","event":" 'memory': 'N/A',","logger":"airflow.task.hooks.airflow.providers.standard.hooks.subprocess.SubprocessHook","filename":"subprocess.py","lineno":99}
{"timestamp":"2026-02-04T22:30:12.802901Z","level":"info","event":" 'price': '2.064',","logger":"airflow.task.hooks.airflow.providers.standard.hooks.subprocess.SubprocessHook","filename":"subprocess.py","lineno":99}
{"timestamp":"2026-02-04T22:30:12.802929Z","level":"info","event":" 'rating': '4.6',","logger":"airflow.task.hooks.airflow.providers.standard.hooks.subprocess.SubprocessHook","filename":"subprocess.py","lineno":99}
{"timestamp":"2026-02-04T22:30:12.802956Z","level":"info","event":" 'short_title': 'notebook',","logger":"airflow.task.hooks.airflow.providers.standard.hooks.subprocess.SubprocessHook","filename":"subprocess.py","lineno":99}
{"timestamp":"2026-02-04T22:30:12.802982Z","level":"info","event":" 'site_name': 'mercado_livre',","logger":"airflow.task.hooks.airflow.providers.standard.hooks.subprocess.SubprocessHook","filename":"subprocess.py","lineno":99}
{"timestamp":"2026-02-04T22:30:12.803009Z","level":"info","event":" 'storage': 'N/A'}","logger":"airflow.task.hooks.airflow.providers.standard.hooks.subprocess.SubprocessHook","filename":"subprocess.py","lineno":99}
{"timestamp":"2026-02-04T22:30:12.804162Z","level":"info","event":"2026-02-04 22:30:12 [scrapy.core.scraper] DEBUG: Scraped from <200 https://lista.mercadolivre.com.br/notebook>","logger":"airflow.task.hooks.airflow.providers.standard.hooks.subprocess.SubprocessHook","filename":"subprocess.py","lineno":99}
{"timestamp":"2026-02-04T22:30:12.804261Z","level":"info","event":"{'color': 'N/A',","logger":"airflow.task.hooks.airflow.providers.standard.hooks.subprocess.SubprocessHook","filename":"subprocess.py","lineno":99}
{"timestamp":"2026-02-04T22:30:12.804315Z","level":"info","event":" 'full_title': 'Notebook Samsung Galaxy Book Go, Windows 11 Home, Snapdragon '","logger":"airflow.task.hooks.airflow.providers.standard.hooks.subprocess.SubprocessHook","filename":"subprocess.py","lineno":99}
{"timestamp":"2026-02-04T22:30:12.804352Z","level":"info","event":"               \"7c, 4gb, 128gb Ufs, 14'' Full Hd Led, 1.38kg Com Copilot \"","logger":"airflow.task.hooks.airflow.providers.standard.hooks.subprocess.SubprocessHook","filename":"subprocess.py","lineno":99}
{"timestamp":"2026-02-04T22:30:12.804384Z","level":"info","event":"               'Integrado',","logger":"airflow.task.hooks.airflow.providers.standard.hooks.subprocess.SubprocessHook","filename":"subprocess.py","lineno":99}
{"timestamp":"2026-02-04T22:30:12.804413Z","level":"info","event":" 'memory': 'N/A',","logger":"airflow.task.hooks.airflow.providers.standard.hooks.subprocess.SubprocessHook","filename":"subprocess.py","lineno":99}
{"timestamp":"2026-02-04T22:30:12.804441Z","level":"info","event":" 'price': '2.799',","logger":"airflow.task.hooks.airflow.providers.standard.hooks.subprocess.SubprocessHook","filename":"subprocess.py","lineno":99}
{"timestamp":"2026-02-04T22:30:12.804468Z","level":"info","event":" 'rating': '4.9',","logger":"airflow.task.hooks.airflow.providers.standard.hooks.subprocess.SubprocessHook","filename":"subprocess.py","lineno":99}
{"timestamp":"2026-02-04T22:30:12.804495Z","level":"info","event":" 'short_title': 'notebook',","logger":"airflow.task.hooks.airflow.providers.standard.hooks.subprocess.SubprocessHook","filename":"subprocess.py","lineno":99}
{"timestamp":"2026-02-04T22:30:12.804522Z","level":"info","event":" 'site_name': 'mercado_livre',","logger":"airflow.task.hooks.airflow.providers.standard.hooks.subprocess.SubprocessHook","filename":"subprocess.py","lineno":99}
{"timestamp":"2026-02-04T22:30:12.804549Z","level":"info","event":" 'storage': 'N/A'}","logger":"airflow.task.hooks.airflow.providers.standard.hooks.subprocess.SubprocessHook","filename":"subprocess.py","lineno":99}
{"timestamp":"2026-02-04T22:30:12.805503Z","level":"info","event":"2026-02-04 22:30:12 [scrapy.core.scraper] DEBUG: Scraped from <200 https://lista.mercadolivre.com.br/notebook>","logger":"airflow.task.hooks.airflow.providers.standard.hooks.subprocess.SubprocessHook","filename":"subprocess.py","lineno":99}
{"timestamp":"2026-02-04T22:30:12.805587Z","level":"info","event":"{'color': 'Grey',","logger":"airflow.task.hooks.airflow.providers.standard.hooks.subprocess.SubprocessHook","filename":"subprocess.py","lineno":99}
{"timestamp":"2026-02-04T22:30:12.805639Z","level":"info","event":" 'full_title': 'Notebook Lenovo IdeaPad Slim 3 15IRH10 Intel Core i5-13420H '","logger":"airflow.task.hooks.airflow.providers.standard.hooks.subprocess.SubprocessHook","filename":"subprocess.py","lineno":99}
{"timestamp":"2026-02-04T22:30:12.805675Z","level":"info","event":"               '8GB 512GB SSD Windows 11 15.3\" - 83NS0002BR Luna Grey',","logger":"airflow.task.hooks.airflow.providers.standard.hooks.subprocess.SubprocessHook","filename":"subprocess.py","lineno":99}
{"timestamp":"2026-02-04T22:30:12.805707Z","level":"info","event":" 'memory': 'N/A',","logger":"airflow.task.hooks.airflow.providers.standard.hooks.subprocess.SubprocessHook","filename":"subprocess.py","lineno":99}
{"timestamp":"2026-02-04T22:30:12.805735Z","level":"info","event":" 'price': '3.899',","logger":"airflow.task.hooks.airflow.providers.standard.hooks.subprocess.SubprocessHook","filename":"subprocess.py","lineno":99}
{"timestamp":"2026-02-04T22:30:12.805761Z","level":"info","event":" 'rating': '4.9',","logger":"airflow.task.hooks.airflow.providers.standard.hooks.subprocess.SubprocessHook","filename":"subprocess.py","lineno":99}
{"timestamp":"2026-02-04T22:30:12.805788Z","level":"info","event":" 'short_title': 'notebook',","logger":"airflow.task.hooks.airflow.providers.standard.hooks.subprocess.SubprocessHook","filename":"subprocess.py","lineno":99}
{"timestamp":"2026-02-04T22:30:12.805815Z","level":"info","event":" 'site_name': 'mercado_livre',","logger":"airflow.task.hooks.airflow.providers.standard.hooks.subprocess.SubprocessHook","filename":"subprocess.py","lineno":99}
{"timestamp":"2026-02-04T22:30:12.805841Z","level":"info","event":" 'storage': '512GB'}","logger":"airflow.task.hooks.airflow.providers.standard.hooks.subprocess.SubprocessHook","filename":"subprocess.py","lineno":99}
{"timestamp":"2026-02-04T22:30:12.806961Z","level":"info","event":"2026-02-04 22:30:12 [scrapy.core.scraper] DEBUG: Scraped from <200 https://lista.mercadolivre.com.br/notebook>","logger":"airflow.task.hooks.airflow.providers.standard.hooks.subprocess.SubprocessHook","filename":"subprocess.py","lineno":99}
{"timestamp":"2026-02-04T22:30:12.807045Z","level":"info","event":"{'color': 'N/A',","logger":"airflow.task.hooks.airflow.providers.standard.hooks.subprocess.SubprocessHook","filename":"subprocess.py","lineno":99}
{"timestamp":"2026-02-04T22:30:12.807095Z","level":"info","event":" 'full_title': 'Notebook Positivo Vision C15m Intel Celeron N4500 Windows 11 '","logger":"airflow.task.hooks.airflow.providers.standard.hooks.subprocess.SubprocessHook","filename":"subprocess.py","lineno":99}
{"timestamp":"2026-02-04T22:30:12.807130Z","level":"info","event":"               'Home 4gb Ram 128gb Emmc Tela 15 Full Hd Ips Antirreflexo - '","logger":"airflow.task.hooks.airflow.providers.standard.hooks.subprocess.SubprocessHook","filename":"subprocess.py","lineno":99}
{"timestamp":"2026-02-04T22:30:12.807161Z","level":"info","event":"               'Minitela E Tecla Copilot - Permite Upgrade De Memória Ssd - '","logger":"airflow.task.hooks.airflow.providers.standard.hooks.subprocess.SubprocessHook","filename":"subprocess.py","lineno":99}
{"timestamp":"2026-02-04T22:30:12.807190Z","level":"info","event":"               'Cinza',","logger":"airflow.task.hooks.airflow.providers.standard.hooks.subprocess.SubprocessHook","filename":"subprocess.py","lineno":99}
{"timestamp":"2026-02-04T22:30:12.807219Z","level":"info","event":" 'memory': '4gb',","logger":"airflow.task.hooks.airflow.providers.standard.hooks.subprocess.SubprocessHook","filename":"subprocess.py","lineno":99}
{"timestamp":"2026-02-04T22:30:12.807246Z","level":"info","event":" 'price': '2.099',","logger":"airflow.task.hooks.airflow.providers.standard.hooks.subprocess.SubprocessHook","filename":"subprocess.py","lineno":99}
{"timestamp":"2026-02-04T22:30:12.807272Z","level":"info","event":" 'rating': '4.8',","logger":"airflow.task.hooks.airflow.providers.standard.hooks.subprocess.SubprocessHook","filename":"subprocess.py","lineno":99}
{"timestamp":"2026-02-04T22:30:12.807298Z","level":"info","event":" 'short_title': 'notebook',","logger":"airflow.task.hooks.airflow.providers.standard.hooks.subprocess.SubprocessHook","filename":"subprocess.py","lineno":99}
{"timestamp":"2026-02-04T22:30:12.807325Z","level":"info","event":" 'site_name': 'mercado_livre',","logger":"airflow.task.hooks.airflow.providers.standard.hooks.subprocess.SubprocessHook","filename":"subprocess.py","lineno":99}
{"timestamp":"2026-02-04T22:30:12.807352Z","level":"info","event":" 'storage': 'N/A'}","logger":"airflow.task.hooks.airflow.providers.standard.hooks.subprocess.SubprocessHook","filename":"subprocess.py","lineno":99}
{"timestamp":"2026-02-04T22:30:12.808245Z","level":"info","event":"2026-02-04 22:30:12 [scrapy.core.scraper] DEBUG: Scraped from <200 https://lista.mercadolivre.com.br/notebook>","logger":"airflow.task.hooks.airflow.providers.standard.hooks.subprocess.SubprocessHook","filename":"subprocess.py","lineno":99}
{"timestamp":"2026-02-04T22:30:12.808329Z","level":"info","event":"{'color': 'Grey',","logger":"airflow.task.hooks.airflow.providers.standard.hooks.subprocess.SubprocessHook","filename":"subprocess.py","lineno":99}
{"timestamp":"2026-02-04T22:30:12.808380Z","level":"info","event":" 'full_title': 'Notebook Lenovo Ideapad Slim 3 15irh10 Intel Core i5-13420h '","logger":"airflow.task.hooks.airflow.providers.standard.hooks.subprocess.SubprocessHook","filename":"subprocess.py","lineno":99}
{"timestamp":"2026-02-04T22:30:12.808412Z","level":"info","event":"               '8gb 256gb Ssd Windows 11 15.3 - 83ns0003br Luna Grey',","logger":"airflow.task.hooks.airflow.providers.standard.hooks.subprocess.SubprocessHook","filename":"subprocess.py","lineno":99}
{"timestamp":"2026-02-04T22:30:12.808476Z","level":"info","event":" 'memory': 'N/A',","logger":"airflow.task.hooks.airflow.providers.standard.hooks.subprocess.SubprocessHook","filename":"subprocess.py","lineno":99}
{"timestamp":"2026-02-04T22:30:12.808514Z","level":"info","event":" 'price': '3.399',","logger":"airflow.task.hooks.airflow.providers.standard.hooks.subprocess.SubprocessHook","filename":"subprocess.py","lineno":99}
{"timestamp":"2026-02-04T22:30:12.808543Z","level":"info","event":" 'rating': '4.9',","logger":"airflow.task.hooks.airflow.providers.standard.hooks.subprocess.SubprocessHook","filename":"subprocess.py","lineno":99}
{"timestamp":"2026-02-04T22:30:12.808570Z","level":"info","event":" 'short_title': 'notebook',","logger":"airflow.task.hooks.airflow.providers.standard.hooks.subprocess.SubprocessHook","filename":"subprocess.py","lineno":99}
{"timestamp":"2026-02-04T22:30:12.808597Z","level":"info","event":" 'site_name': 'mercado_livre',","logger":"airflow.task.hooks.airflow.providers.standard.hooks.subprocess.SubprocessHook","filename":"subprocess.py","lineno":99}
{"timestamp":"2026-02-04T22:30:12.808623Z","level":"info","event":" 'storage': '256gb'}","logger":"airflow.task.hooks.airflow.providers.standard.hooks.subprocess.SubprocessHook","filename":"subprocess.py","lineno":99}
{"timestamp":"2026-02-04T22:30:12.809508Z","level":"info","event":"2026-02-04 22:30:12 [scrapy.core.scraper] DEBUG: Scraped from <200 https://lista.mercadolivre.com.br/notebook>","logger":"airflow.task.hooks.airflow.providers.standard.hooks.subprocess.SubprocessHook","filename":"subprocess.py","lineno":99}
{"timestamp":"2026-02-04T22:30:12.809592Z","level":"info","event":"{'color': 'N/A',","logger":"airflow.task.hooks.airflow.providers.standard.hooks.subprocess.SubprocessHook","filename":"subprocess.py","lineno":99}
{"timestamp":"2026-02-04T22:30:12.809642Z","level":"info","event":" 'full_title': 'Notebook Acer Aspire Go 15 Ag15-51p-55ll Intel Core I5-1334u '","logger":"airflow.task.hooks.airflow.providers.standard.hooks.subprocess.SubprocessHook","filename":"subprocess.py","lineno":99}
{"timestamp":"2026-02-04T22:30:12.809675Z","level":"info","event":"               '15.3 8gb 256gb Ssd Windows 11 Home',","logger":"airflow.task.hooks.airflow.providers.standard.hooks.subprocess.SubprocessHook","filename":"subprocess.py","lineno":99}
{"timestamp":"2026-02-04T22:30:12.809706Z","level":"info","event":" 'memory': 'N/A',","logger":"airflow.task.hooks.airflow.providers.standard.hooks.subprocess.SubprocessHook","filename":"subprocess.py","lineno":99}
{"timestamp":"2026-02-04T22:30:12.809733Z","level":"info","event":" 'price': '4.342',","logger":"airflow.task.hooks.airflow.providers.standard.hooks.subprocess.SubprocessHook","filename":"subprocess.py","lineno":99}
{"timestamp":"2026-02-04T22:30:12.809760Z","level":"info","event":" 'rating': '4.9',","logger":"airflow.task.hooks.airflow.providers.standard.hooks.subprocess.SubprocessHook","filename":"subprocess.py","lineno":99}
{"timestamp":"2026-02-04T22:30:12.809788Z","level":"info","event":" 'short_title': 'notebook',","logger":"airflow.task.hooks.airflow.providers.standard.hooks.subprocess.SubprocessHook","filename":"subprocess.py","lineno":99}
{"timestamp":"2026-02-04T22:30:12.809815Z","level":"info","event":" 'site_name': 'mercado_livre',","logger":"airflow.task.hooks.airflow.providers.standard.hooks.subprocess.SubprocessHook","filename":"subprocess.py","lineno":99}
{"timestamp":"2026-02-04T22:30:12.809841Z","level":"info","event":" 'storage': '256gb'}","logger":"airflow.task.hooks.airflow.providers.standard.hooks.subprocess.SubprocessHook","filename":"subprocess.py","lineno":99}
{"timestamp":"2026-02-04T22:30:12.810956Z","level":"info","event":"2026-02-04 22:30:12 [scrapy.core.scraper] DEBUG: Scraped from <200 https://lista.mercadolivre.com.br/notebook>","logger":"airflow.task.hooks.airflow.providers.standard.hooks.subprocess.SubprocessHook","filename":"subprocess.py","lineno":99}
{"timestamp":"2026-02-04T22:30:12.811044Z","level":"info","event":"{'color': 'Cinza',","logger":"airflow.task.hooks.airflow.providers.standard.hooks.subprocess.SubprocessHook","filename":"subprocess.py","lineno":99}
{"timestamp":"2026-02-04T22:30:12.811098Z","level":"info","event":" 'full_title': 'Notebook Lenovo Ideapad I3-1315 8gb 512gb Ssd 15.6 Fhd Linux '","logger":"airflow.task.hooks.airflow.providers.standard.hooks.subprocess.SubprocessHook","filename":"subprocess.py","lineno":99}
{"timestamp":"2026-02-04T22:30:12.811172Z","level":"info","event":"               'Cinza',","logger":"airflow.task.hooks.airflow.providers.standard.hooks.subprocess.SubprocessHook","filename":"subprocess.py","lineno":99}
{"timestamp":"2026-02-04T22:30:12.811214Z","level":"info","event":" 'memory': 'N/A',","logger":"airflow.task.hooks.airflow.providers.standard.hooks.subprocess.SubprocessHook","filename":"subprocess.py","lineno":99}
{"timestamp":"2026-02-04T22:30:12.811244Z","level":"info","event":" 'price': '3.499',","logger":"airflow.task.hooks.airflow.providers.standard.hooks.subprocess.SubprocessHook","filename":"subprocess.py","lineno":99}
{"timestamp":"2026-02-04T22:30:12.811273Z","level":"info","event":" 'rating': '4.9',","logger":"airflow.task.hooks.airflow.providers.standard.hooks.subprocess.SubprocessHook","filename":"subprocess.py","lineno":99}
{"timestamp":"2026-02-04T22:30:12.811302Z","level":"info","event":" 'short_title': 'notebook',","logger":"airflow.task.hooks.airflow.providers.standard.hooks.subprocess.SubprocessHook","filename":"subprocess.py","lineno":99}
{"timestamp":"2026-02-04T22:30:12.811329Z","level":"info","event":" 'site_name': 'mercado_livre',","logger":"airflow.task.hooks.airflow.providers.standard.hooks.subprocess.SubprocessHook","filename":"subprocess.py","lineno":99}
{"timestamp":"2026-02-04T22:30:12.811355Z","level":"info","event":" 'storage': '512gb'}","logger":"airflow.task.hooks.airflow.providers.standard.hooks.subprocess.SubprocessHook","filename":"subprocess.py","lineno":99}
{"timestamp":"2026-02-04T22:30:12.812632Z","level":"info","event":"2026-02-04 22:30:12 [scrapy.core.scraper] DEBUG: Scraped from <200 https://lista.mercadolivre.com.br/notebook>","logger":"airflow.task.hooks.airflow.providers.standard.hooks.subprocess.SubprocessHook","filename":"subprocess.py","lineno":99}
{"timestamp":"2026-02-04T22:30:12.812725Z","level":"info","event":"{'color': 'Cinza',","logger":"airflow.task.hooks.airflow.providers.standard.hooks.subprocess.SubprocessHook","filename":"subprocess.py","lineno":99}
{"timestamp":"2026-02-04T22:30:12.812779Z","level":"info","event":" 'full_title': 'Notebook Positivo Vision C14 Lumina BAR Celeron 4GB 128GB eMMC '","logger":"airflow.task.hooks.airflow.providers.standard.hooks.subprocess.SubprocessHook","filename":"subprocess.py","lineno":99}
{"timestamp":"2026-02-04T22:30:12.812817Z","level":"info","event":"               'Tela 14 Polegadas HD Antirreflexo Windows 11 Tecla Link Cinza',","logger":"airflow.task.hooks.airflow.providers.standard.hooks.subprocess.SubprocessHook","filename":"subprocess.py","lineno":99}
{"timestamp":"2026-02-04T22:30:12.812848Z","level":"info","event":" 'memory': 'N/A',","logger":"airflow.task.hooks.airflow.providers.standard.hooks.subprocess.SubprocessHook","filename":"subprocess.py","lineno":99}
{"timestamp":"2026-02-04T22:30:12.812877Z","level":"info","event":" 'price': '1.899',","logger":"airflow.task.hooks.airflow.providers.standard.hooks.subprocess.SubprocessHook","filename":"subprocess.py","lineno":99}
{"timestamp":"2026-02-04T22:30:12.812904Z","level":"info","event":" 'rating': '4.6',","logger":"airflow.task.hooks.airflow.providers.standard.hooks.subprocess.SubprocessHook","filename":"subprocess.py","lineno":99}
{"timestamp":"2026-02-04T22:30:12.812930Z","level":"info","event":" 'short_title': 'notebook',","logger":"airflow.task.hooks.airflow.providers.standard.hooks.subprocess.SubprocessHook","filename":"subprocess.py","lineno":99}
{"timestamp":"2026-02-04T22:30:12.812957Z","level":"info","event":" 'site_name': 'mercado_livre',","logger":"airflow.task.hooks.airflow.providers.standard.hooks.subprocess.SubprocessHook","filename":"subprocess.py","lineno":99}
{"timestamp":"2026-02-04T22:30:12.812983Z","level":"info","event":" 'storage': 'N/A'}","logger":"airflow.task.hooks.airflow.providers.standard.hooks.subprocess.SubprocessHook","filename":"subprocess.py","lineno":99}
{"timestamp":"2026-02-04T22:30:12.814105Z","level":"info","event":"2026-02-04 22:30:12 [scrapy.core.scraper] DEBUG: Scraped from <200 https://lista.mercadolivre.com.br/notebook>","logger":"airflow.task.hooks.airflow.providers.standard.hooks.subprocess.SubprocessHook","filename":"subprocess.py","lineno":99}
{"timestamp":"2026-02-04T22:30:12.814202Z","level":"info","event":"{'color': 'N/A',","logger":"airflow.task.hooks.airflow.providers.standard.hooks.subprocess.SubprocessHook","filename":"subprocess.py","lineno":99}
{"timestamp":"2026-02-04T22:30:12.814281Z","level":"info","event":" 'full_title': 'Notebook Positivo Vision R15m Amd Ryzen 5-5625u Linux 8gb Ram '","logger":"airflow.task.hooks.airflow.providers.standard.hooks.subprocess.SubprocessHook","filename":"subprocess.py","lineno":99}
{"timestamp":"2026-02-04T22:30:12.814372Z","level":"info","event":"               '256gb Ssd Wi-fi 6 Tela 15 Full Hd Ips Antirreflexo - Permite '","logger":"airflow.task.hooks.airflow.providers.standard.hooks.subprocess.SubprocessHook","filename":"subprocess.py","lineno":99}
{"timestamp":"2026-02-04T22:30:12.814431Z","level":"info","event":"               'Upgrade De Memória Ram E Ssd - Preto',","logger":"airflow.task.hooks.airflow.providers.standard.hooks.subprocess.SubprocessHook","filename":"subprocess.py","lineno":99}
{"timestamp":"2026-02-04T22:30:12.814479Z","level":"info","event":" 'memory': '8gb',","logger":"airflow.task.hooks.airflow.providers.standard.hooks.subprocess.SubprocessHook","filename":"subprocess.py","lineno":99}
{"timestamp":"2026-02-04T22:30:12.814518Z","level":"info","event":" 'price': '3.855',","logger":"airflow.task.hooks.airflow.providers.standard.hooks.subprocess.SubprocessHook","filename":"subprocess.py","lineno":99}
{"timestamp":"2026-02-04T22:30:12.814556Z","level":"info","event":" 'rating': '4.9',","logger":"airflow.task.hooks.airflow.providers.standard.hooks.subprocess.SubprocessHook","filename":"subprocess.py","lineno":99}
{"timestamp":"2026-02-04T22:30:12.814591Z","level":"info","event":" 'short_title': 'notebook',","logger":"airflow.task.hooks.airflow.providers.standard.hooks.subprocess.SubprocessHook","filename":"subprocess.py","lineno":99}
{"timestamp":"2026-02-04T22:30:12.814745Z","level":"info","event":" 'site_name': 'mercado_livre',","logger":"airflow.task.hooks.airflow.providers.standard.hooks.subprocess.SubprocessHook","filename":"subprocess.py","lineno":99}
{"timestamp":"2026-02-04T22:30:12.814794Z","level":"info","event":" 'storage': '256gb'}","logger":"airflow.task.hooks.airflow.providers.standard.hooks.subprocess.SubprocessHook","filename":"subprocess.py","lineno":99}
{"timestamp":"2026-02-04T22:30:12.815600Z","level":"info","event":"2026-02-04 22:30:12 [scrapy.core.scraper] DEBUG: Scraped from <200 https://lista.mercadolivre.com.br/notebook>","logger":"airflow.task.hooks.airflow.providers.standard.hooks.subprocess.SubprocessHook","filename":"subprocess.py","lineno":99}
{"timestamp":"2026-02-04T22:30:12.815687Z","level":"info","event":"{'color': 'Gray',","logger":"airflow.task.hooks.airflow.providers.standard.hooks.subprocess.SubprocessHook","filename":"subprocess.py","lineno":99}
{"timestamp":"2026-02-04T22:30:12.815739Z","level":"info","event":" 'full_title': 'Notebook ASUS TUF Gaming F16, NVIDIA RTX 3050, Intel Core 5 '","logger":"airflow.task.hooks.airflow.providers.standard.hooks.subprocess.SubprocessHook","filename":"subprocess.py","lineno":99}
{"timestamp":"2026-02-04T22:30:12.815776Z","level":"info","event":"               '210H 2,2 GHz, 8GB RAM, 512GB SSD, KeepOS Linux, Tela 16\" FHD+ '","logger":"airflow.task.hooks.airflow.providers.standard.hooks.subprocess.SubprocessHook","filename":"subprocess.py","lineno":99}
{"timestamp":"2026-02-04T22:30:12.815807Z","level":"info","event":"               'Nível IPS 144Hz, Mecha Gray - FX607VJ-RL002',","logger":"airflow.task.hooks.airflow.providers.standard.hooks.subprocess.SubprocessHook","filename":"subprocess.py","lineno":99}
{"timestamp":"2026-02-04T22:30:12.815837Z","level":"info","event":" 'memory': '8GB',","logger":"airflow.task.hooks.airflow.providers.standard.hooks.subprocess.SubprocessHook","filename":"subprocess.py","lineno":99}
{"timestamp":"2026-02-04T22:30:12.815866Z","level":"info","event":" 'price': '5.149',","logger":"airflow.task.hooks.airflow.providers.standard.hooks.subprocess.SubprocessHook","filename":"subprocess.py","lineno":99}
{"timestamp":"2026-02-04T22:30:12.815893Z","level":"info","event":" 'rating': '4.9',","logger":"airflow.task.hooks.airflow.providers.standard.hooks.subprocess.SubprocessHook","filename":"subprocess.py","lineno":99}
{"timestamp":"2026-02-04T22:30:12.815920Z","level":"info","event":" 'short_title': 'notebook',","logger":"airflow.task.hooks.airflow.providers.standard.hooks.subprocess.SubprocessHook","filename":"subprocess.py","lineno":99}
{"timestamp":"2026-02-04T22:30:12.815946Z","level":"info","event":" 'site_name': 'mercado_livre',","logger":"airflow.task.hooks.airflow.providers.standard.hooks.subprocess.SubprocessHook","filename":"subprocess.py","lineno":99}
{"timestamp":"2026-02-04T22:30:12.815973Z","level":"info","event":" 'storage': '512GB'}","logger":"airflow.task.hooks.airflow.providers.standard.hooks.subprocess.SubprocessHook","filename":"subprocess.py","lineno":99}
{"timestamp":"2026-02-04T22:30:12.816896Z","level":"info","event":"2026-02-04 22:30:12 [scrapy.core.scraper] DEBUG: Scraped from <200 https://lista.mercadolivre.com.br/notebook>","logger":"airflow.task.hooks.airflow.providers.standard.hooks.subprocess.SubprocessHook","filename":"subprocess.py","lineno":99}
{"timestamp":"2026-02-04T22:30:12.816978Z","level":"info","event":"{'color': 'Preto',","logger":"airflow.task.hooks.airflow.providers.standard.hooks.subprocess.SubprocessHook","filename":"subprocess.py","lineno":99}
{"timestamp":"2026-02-04T22:30:12.817031Z","level":"info","event":" 'full_title': 'Notebook Dell Latitude 3420 Preto 14\" 1366 px x 768 px disco '","logger":"airflow.task.hooks.airflow.providers.standard.hooks.subprocess.SubprocessHook","filename":"subprocess.py","lineno":99}
{"timestamp":"2026-02-04T22:30:12.817065Z","level":"info","event":"               'SSD PCIe 256 GB Intel 1135G7 8GB de Ram - Excelente '","logger":"airflow.task.hooks.airflow.providers.standard.hooks.subprocess.SubprocessHook","filename":"subprocess.py","lineno":99}
{"timestamp":"2026-02-04T22:30:12.817095Z","level":"info","event":"               '(Recondicionado)',","logger":"airflow.task.hooks.airflow.providers.standard.hooks.subprocess.SubprocessHook","filename":"subprocess.py","lineno":99}
{"timestamp":"2026-02-04T22:30:12.817124Z","level":"info","event":" 'memory': 'N/A',","logger":"airflow.task.hooks.airflow.providers.standard.hooks.subprocess.SubprocessHook","filename":"subprocess.py","lineno":99}
{"timestamp":"2026-02-04T22:30:12.817151Z","level":"info","event":" 'price': '2.322',","logger":"airflow.task.hooks.airflow.providers.standard.hooks.subprocess.SubprocessHook","filename":"subprocess.py","lineno":99}
{"timestamp":"2026-02-04T22:30:12.817177Z","level":"info","event":" 'rating': '4.8',","logger":"airflow.task.hooks.airflow.providers.standard.hooks.subprocess.SubprocessHook","filename":"subprocess.py","lineno":99}
{"timestamp":"2026-02-04T22:30:12.817204Z","level":"info","event":" 'short_title': 'notebook',","logger":"airflow.task.hooks.airflow.providers.standard.hooks.subprocess.SubprocessHook","filename":"subprocess.py","lineno":99}
{"timestamp":"2026-02-04T22:30:12.817231Z","level":"info","event":" 'site_name': 'mercado_livre',","logger":"airflow.task.hooks.airflow.providers.standard.hooks.subprocess.SubprocessHook","filename":"subprocess.py","lineno":99}
{"timestamp":"2026-02-04T22:30:12.817258Z","level":"info","event":" 'storage': 'N/A'}","logger":"airflow.task.hooks.airflow.providers.standard.hooks.subprocess.SubprocessHook","filename":"subprocess.py","lineno":99}
{"timestamp":"2026-02-04T22:30:12.818182Z","level":"info","event":"2026-02-04 22:30:12 [scrapy.core.scraper] DEBUG: Scraped from <200 https://lista.mercadolivre.com.br/notebook>","logger":"airflow.task.hooks.airflow.providers.standard.hooks.subprocess.SubprocessHook","filename":"subprocess.py","lineno":99}
{"timestamp":"2026-02-04T22:30:12.818265Z","level":"info","event":"{'color': 'Grey',","logger":"airflow.task.hooks.airflow.providers.standard.hooks.subprocess.SubprocessHook","filename":"subprocess.py","lineno":99}
{"timestamp":"2026-02-04T22:30:12.818315Z","level":"info","event":" 'full_title': 'Notebook Lenovo Ideapad Slim 3 15irh10 Intel Core i7-13620h '","logger":"airflow.task.hooks.airflow.providers.standard.hooks.subprocess.SubprocessHook","filename":"subprocess.py","lineno":99}
{"timestamp":"2026-02-04T22:30:12.818348Z","level":"info","event":"               '16gb 512gb Ssd Linux 15.3 - 83nss00100 Luna Grey',","logger":"airflow.task.hooks.airflow.providers.standard.hooks.subprocess.SubprocessHook","filename":"subprocess.py","lineno":99}
{"timestamp":"2026-02-04T22:30:12.818378Z","level":"info","event":" 'memory': 'N/A',","logger":"airflow.task.hooks.airflow.providers.standard.hooks.subprocess.SubprocessHook","filename":"subprocess.py","lineno":99}
{"timestamp":"2026-02-04T22:30:12.818405Z","level":"info","event":" 'price': '4.799',","logger":"airflow.task.hooks.airflow.providers.standard.hooks.subprocess.SubprocessHook","filename":"subprocess.py","lineno":99}
{"timestamp":"2026-02-04T22:30:12.818431Z","level":"info","event":" 'rating': '4.9',","logger":"airflow.task.hooks.airflow.providers.standard.hooks.subprocess.SubprocessHook","filename":"subprocess.py","lineno":99}
{"timestamp":"2026-02-04T22:30:12.818458Z","level":"info","event":" 'short_title': 'notebook',","logger":"airflow.task.hooks.airflow.providers.standard.hooks.subprocess.SubprocessHook","filename":"subprocess.py","lineno":99}
{"timestamp":"2026-02-04T22:30:12.818484Z","level":"info","event":" 'site_name': 'mercado_livre',","logger":"airflow.task.hooks.airflow.providers.standard.hooks.subprocess.SubprocessHook","filename":"subprocess.py","lineno":99}
{"timestamp":"2026-02-04T22:30:12.818510Z","level":"info","event":" 'storage': '512gb'}","logger":"airflow.task.hooks.airflow.providers.standard.hooks.subprocess.SubprocessHook","filename":"subprocess.py","lineno":99}
{"timestamp":"2026-02-04T22:30:12.819481Z","level":"info","event":"2026-02-04 22:30:12 [scrapy.core.scraper] DEBUG: Scraped from <200 https://lista.mercadolivre.com.br/notebook>","logger":"airflow.task.hooks.airflow.providers.standard.hooks.subprocess.SubprocessHook","filename":"subprocess.py","lineno":99}
{"timestamp":"2026-02-04T22:30:12.819562Z","level":"info","event":"{'color': 'N/A',","logger":"airflow.task.hooks.airflow.providers.standard.hooks.subprocess.SubprocessHook","filename":"subprocess.py","lineno":99}
{"timestamp":"2026-02-04T22:30:12.819613Z","level":"info","event":" 'full_title': 'Notebook Acer Nitro V15 ANV15‑52‑51E4 – Intel Core i5-13420H '","logger":"airflow.task.hooks.airflow.providers.standard.hooks.subprocess.SubprocessHook","filename":"subprocess.py","lineno":99}
{"timestamp":"2026-02-04T22:30:12.819648Z","level":"info","event":"               '13ª Geração • 16GB DDR5 • NVIDIA GeForce RTX 4050 • 512SSD• '","logger":"airflow.task.hooks.airflow.providers.standard.hooks.subprocess.SubprocessHook","filename":"subprocess.py","lineno":99}
{"timestamp":"2026-02-04T22:30:12.819678Z","level":"info","event":"               'Tela 15,6″ 165 Hz • Windows 11 Home • Teclado Retroiluminado • '","logger":"airflow.task.hooks.airflow.providers.standard.hooks.subprocess.SubprocessHook","filename":"subprocess.py","lineno":99}
{"timestamp":"2026-02-04T22:30:12.819708Z","level":"info","event":"               'Wi-Fi 6',","logger":"airflow.task.hooks.airflow.providers.standard.hooks.subprocess.SubprocessHook","filename":"subprocess.py","lineno":99}
{"timestamp":"2026-02-04T22:30:12.819736Z","level":"info","event":" 'memory': 'N/A',","logger":"airflow.task.hooks.airflow.providers.standard.hooks.subprocess.SubprocessHook","filename":"subprocess.py","lineno":99}
{"timestamp":"2026-02-04T22:30:12.819762Z","level":"info","event":" 'price': '7.999',","logger":"airflow.task.hooks.airflow.providers.standard.hooks.subprocess.SubprocessHook","filename":"subprocess.py","lineno":99}
{"timestamp":"2026-02-04T22:30:12.819787Z","level":"info","event":" 'rating': '4.9',","logger":"airflow.task.hooks.airflow.providers.standard.hooks.subprocess.SubprocessHook","filename":"subprocess.py","lineno":99}
{"timestamp":"2026-02-04T22:30:12.819813Z","level":"info","event":" 'short_title': 'notebook',","logger":"airflow.task.hooks.airflow.providers.standard.hooks.subprocess.SubprocessHook","filename":"subprocess.py","lineno":99}
{"timestamp":"2026-02-04T22:30:12.819839Z","level":"info","event":" 'site_name': 'mercado_livre',","logger":"airflow.task.hooks.airflow.providers.standard.hooks.subprocess.SubprocessHook","filename":"subprocess.py","lineno":99}
{"timestamp":"2026-02-04T22:30:12.819865Z","level":"info","event":" 'storage': 'N/A'}","logger":"airflow.task.hooks.airflow.providers.standard.hooks.subprocess.SubprocessHook","filename":"subprocess.py","lineno":99}
{"timestamp":"2026-02-04T22:30:12.820802Z","level":"info","event":"2026-02-04 22:30:12 [scrapy.core.scraper] DEBUG: Scraped from <200 https://lista.mercadolivre.com.br/notebook>","logger":"airflow.task.hooks.airflow.providers.standard.hooks.subprocess.SubprocessHook","filename":"subprocess.py","lineno":99}
{"timestamp":"2026-02-04T22:30:12.820885Z","level":"info","event":"{'color': 'N/A',","logger":"airflow.task.hooks.airflow.providers.standard.hooks.subprocess.SubprocessHook","filename":"subprocess.py","lineno":99}
{"timestamp":"2026-02-04T22:30:12.820936Z","level":"info","event":" 'full_title': 'Apple MacBook\\xa0Air de 13\" (Meia-noite, Chip\\xa0M2 da Apple '","logger":"airflow.task.hooks.airflow.providers.standard.hooks.subprocess.SubprocessHook","filename":"subprocess.py","lineno":99}
{"timestamp":"2026-02-04T22:30:12.820969Z","level":"info","event":"               'com CPU de 8\\xa0núcleos, GPU de 8\\xa0núcleos e Neural\\xa0'","logger":"airflow.task.hooks.airflow.providers.standard.hooks.subprocess.SubprocessHook","filename":"subprocess.py","lineno":99}
{"timestamp":"2026-02-04T22:30:12.821000Z","level":"info","event":"               'Engine de 16\\xa0núcleos, Memória unificada de 16\\xa0GB, SSD de '","logger":"airflow.task.hooks.airflow.providers.standard.hooks.subprocess.SubprocessHook","filename":"subprocess.py","lineno":99}
{"timestamp":"2026-02-04T22:30:12.821030Z","level":"info","event":"               '256 GB) - Distribuidor Autorizado',","logger":"airflow.task.hooks.airflow.providers.standard.hooks.subprocess.SubprocessHook","filename":"subprocess.py","lineno":99}
{"timestamp":"2026-02-04T22:30:12.821057Z","level":"info","event":" 'memory': 'N/A',","logger":"airflow.task.hooks.airflow.providers.standard.hooks.subprocess.SubprocessHook","filename":"subprocess.py","lineno":99}
{"timestamp":"2026-02-04T22:30:12.821083Z","level":"info","event":" 'price': '12.499',","logger":"airflow.task.hooks.airflow.providers.standard.hooks.subprocess.SubprocessHook","filename":"subprocess.py","lineno":99}
{"timestamp":"2026-02-04T22:30:12.821108Z","level":"info","event":" 'rating': '5.0',","logger":"airflow.task.hooks.airflow.providers.standard.hooks.subprocess.SubprocessHook","filename":"subprocess.py","lineno":99}
{"timestamp":"2026-02-04T22:30:12.821134Z","level":"info","event":" 'short_title': 'notebook',","logger":"airflow.task.hooks.airflow.providers.standard.hooks.subprocess.SubprocessHook","filename":"subprocess.py","lineno":99}
{"timestamp":"2026-02-04T22:30:12.821161Z","level":"info","event":" 'site_name': 'mercado_livre',","logger":"airflow.task.hooks.airflow.providers.standard.hooks.subprocess.SubprocessHook","filename":"subprocess.py","lineno":99}
{"timestamp":"2026-02-04T22:30:12.821187Z","level":"info","event":" 'storage': 'N/A'}","logger":"airflow.task.hooks.airflow.providers.standard.hooks.subprocess.SubprocessHook","filename":"subprocess.py","lineno":99}
{"timestamp":"2026-02-04T22:30:12.822184Z","level":"info","event":"2026-02-04 22:30:12 [scrapy.core.scraper] DEBUG: Scraped from <200 https://lista.mercadolivre.com.br/notebook>","logger":"airflow.task.hooks.airflow.providers.standard.hooks.subprocess.SubprocessHook","filename":"subprocess.py","lineno":99}
{"timestamp":"2026-02-04T22:30:12.822309Z","level":"info","event":"{'color': 'Cinza',","logger":"airflow.task.hooks.airflow.providers.standard.hooks.subprocess.SubprocessHook","filename":"subprocess.py","lineno":99}
{"timestamp":"2026-02-04T22:30:12.822376Z","level":"info","event":" 'full_title': 'Notebook Acer Aspire Go 15 I3 1305u 8gb 256gb Ssd Linux Cor '","logger":"airflow.task.hooks.airflow.providers.standard.hooks.subprocess.SubprocessHook","filename":"subprocess.py","lineno":99}
{"timestamp":"2026-02-04T22:30:12.822423Z","level":"info","event":"               'Cinza',","logger":"airflow.task.hooks.airflow.providers.standard.hooks.subprocess.SubprocessHook","filename":"subprocess.py","lineno":99}
{"timestamp":"2026-02-04T22:30:12.822464Z","level":"info","event":" 'memory': 'N/A',","logger":"airflow.task.hooks.airflow.providers.standard.hooks.subprocess.SubprocessHook","filename":"subprocess.py","lineno":99}
{"timestamp":"2026-02-04T22:30:12.822501Z","level":"info","event":" 'price': '3.699',","logger":"airflow.task.hooks.airflow.providers.standard.hooks.subprocess.SubprocessHook","filename":"subprocess.py","lineno":99}
{"timestamp":"2026-02-04T22:30:12.822536Z","level":"info","event":" 'rating': '4.9',","logger":"airflow.task.hooks.airflow.providers.standard.hooks.subprocess.SubprocessHook","filename":"subprocess.py","lineno":99}
{"timestamp":"2026-02-04T22:30:12.822569Z","level":"info","event":" 'short_title': 'notebook',","logger":"airflow.task.hooks.airflow.providers.standard.hooks.subprocess.SubprocessHook","filename":"subprocess.py","lineno":99}
{"timestamp":"2026-02-04T22:30:12.822603Z","level":"info","event":" 'site_name': 'mercado_livre',","logger":"airflow.task.hooks.airflow.providers.standard.hooks.subprocess.SubprocessHook","filename":"subprocess.py","lineno":99}
{"timestamp":"2026-02-04T22:30:12.822636Z","level":"info","event":" 'storage': '256gb'}","logger":"airflow.task.hooks.airflow.providers.standard.hooks.subprocess.SubprocessHook","filename":"subprocess.py","lineno":99}
{"timestamp":"2026-02-04T22:30:12.823740Z","level":"info","event":"2026-02-04 22:30:12 [scrapy.core.scraper] DEBUG: Scraped from <200 https://lista.mercadolivre.com.br/notebook>","logger":"airflow.task.hooks.airflow.providers.standard.hooks.subprocess.SubprocessHook","filename":"subprocess.py","lineno":99}
{"timestamp":"2026-02-04T22:30:12.823833Z","level":"info","event":"{'color': 'Gray',","logger":"airflow.task.hooks.airflow.providers.standard.hooks.subprocess.SubprocessHook","filename":"subprocess.py","lineno":99}
{"timestamp":"2026-02-04T22:30:12.823885Z","level":"info","event":" 'full_title': 'Notebook ASUS ROG Strix G16 NVIDIA GeForce RTX 5060 Intel Core '","logger":"airflow.task.hooks.airflow.providers.standard.hooks.subprocess.SubprocessHook","filename":"subprocess.py","lineno":99}
{"timestamp":"2026-02-04T22:30:12.823920Z","level":"info","event":"               'i9 14900HX 2,2 GHz 16GB Ram 512GB SSD Windows 11 Home Tela 16\" '","logger":"airflow.task.hooks.airflow.providers.standard.hooks.subprocess.SubprocessHook","filename":"subprocess.py","lineno":99}
{"timestamp":"2026-02-04T22:30:12.823950Z","level":"info","event":"               '240Hz Eclipse Gray - G615JMR-S5001W',","logger":"airflow.task.hooks.airflow.providers.standard.hooks.subprocess.SubprocessHook","filename":"subprocess.py","lineno":99}
{"timestamp":"2026-02-04T22:30:12.823979Z","level":"info","event":" 'memory': '16GB',","logger":"airflow.task.hooks.airflow.providers.standard.hooks.subprocess.SubprocessHook","filename":"subprocess.py","lineno":99}
{"timestamp":"2026-02-04T22:30:12.824007Z","level":"info","event":" 'price': '12.099',","logger":"airflow.task.hooks.airflow.providers.standard.hooks.subprocess.SubprocessHook","filename":"subprocess.py","lineno":99}
{"timestamp":"2026-02-04T22:30:12.824035Z","level":"info","event":" 'rating': '4.9',","logger":"airflow.task.hooks.airflow.providers.standard.hooks.subprocess.SubprocessHook","filename":"subprocess.py","lineno":99}
{"timestamp":"2026-02-04T22:30:12.824061Z","level":"info","event":" 'short_title': 'notebook',","logger":"airflow.task.hooks.airflow.providers.standard.hooks.subprocess.SubprocessHook","filename":"subprocess.py","lineno":99}
{"timestamp":"2026-02-04T22:30:12.824101Z","level":"info","event":" 'site_name': 'mercado_livre',","logger":"airflow.task.hooks.airflow.providers.standard.hooks.subprocess.SubprocessHook","filename":"subprocess.py","lineno":99}
{"timestamp":"2026-02-04T22:30:12.824131Z","level":"info","event":" 'storage': '512GB'}","logger":"airflow.task.hooks.airflow.providers.standard.hooks.subprocess.SubprocessHook","filename":"subprocess.py","lineno":99}
{"timestamp":"2026-02-04T22:30:12.825070Z","level":"info","event":"2026-02-04 22:30:12 [scrapy.core.scraper] DEBUG: Scraped from <200 https://lista.mercadolivre.com.br/notebook>","logger":"airflow.task.hooks.airflow.providers.standard.hooks.subprocess.SubprocessHook","filename":"subprocess.py","lineno":99}
{"timestamp":"2026-02-04T22:30:12.825160Z","level":"info","event":"{'color': 'Cinza',","logger":"airflow.task.hooks.airflow.providers.standard.hooks.subprocess.SubprocessHook","filename":"subprocess.py","lineno":99}
{"timestamp":"2026-02-04T22:30:12.825211Z","level":"info","event":" 'full_title': 'Notebook Lenovo Ideapad I5-13420h 8gb 1tb Ssd15.3 Fhd Linux '","logger":"airflow.task.hooks.airflow.providers.standard.hooks.subprocess.SubprocessHook","filename":"subprocess.py","lineno":99}
{"timestamp":"2026-02-04T22:30:12.825244Z","level":"info","event":"               'Cinza',","logger":"airflow.task.hooks.airflow.providers.standard.hooks.subprocess.SubprocessHook","filename":"subprocess.py","lineno":99}
{"timestamp":"2026-02-04T22:30:12.825274Z","level":"info","event":" 'memory': 'N/A',","logger":"airflow.task.hooks.airflow.providers.standard.hooks.subprocess.SubprocessHook","filename":"subprocess.py","lineno":99}
{"timestamp":"2026-02-04T22:30:12.825303Z","level":"info","event":" 'price': '3.999',","logger":"airflow.task.hooks.airflow.providers.standard.hooks.subprocess.SubprocessHook","filename":"subprocess.py","lineno":99}
{"timestamp":"2026-02-04T22:30:12.825330Z","level":"info","event":" 'rating': '4.9',","logger":"airflow.task.hooks.airflow.providers.standard.hooks.subprocess.SubprocessHook","filename":"subprocess.py","lineno":99}
{"timestamp":"2026-02-04T22:30:12.825358Z","level":"info","event":" 'short_title': 'notebook',","logger":"airflow.task.hooks.airflow.providers.standard.hooks.subprocess.SubprocessHook","filename":"subprocess.py","lineno":99}
{"timestamp":"2026-02-04T22:30:12.825385Z","level":"info","event":" 'site_name': 'mercado_livre',","logger":"airflow.task.hooks.airflow.providers.standard.hooks.subprocess.SubprocessHook","filename":"subprocess.py","lineno":99}
{"timestamp":"2026-02-04T22:30:12.825411Z","level":"info","event":" 'storage': '1tb'}","logger":"airflow.task.hooks.airflow.providers.standard.hooks.subprocess.SubprocessHook","filename":"subprocess.py","lineno":99}
{"timestamp":"2026-02-04T22:30:12.827064Z","level":"info","event":"2026-02-04 22:30:12 [scrapy.core.scraper] DEBUG: Scraped from <200 https://lista.mercadolivre.com.br/notebook>","logger":"airflow.task.hooks.airflow.providers.standard.hooks.subprocess.SubprocessHook","filename":"subprocess.py","lineno":99}
{"timestamp":"2026-02-04T22:30:12.827150Z","level":"info","event":"{'color': 'N/A',","logger":"airflow.task.hooks.airflow.providers.standard.hooks.subprocess.SubprocessHook","filename":"subprocess.py","lineno":99}
{"timestamp":"2026-02-04T22:30:12.827200Z","level":"info","event":" 'full_title': \"Notebook Multi Ultra Celeron N4020c 4gb 128gb W11 15,6'' Cinza \"","logger":"airflow.task.hooks.airflow.providers.standard.hooks.subprocess.SubprocessHook","filename":"subprocess.py","lineno":99}
{"timestamp":"2026-02-04T22:30:12.827233Z","level":"info","event":"               '- Ub261',","logger":"airflow.task.hooks.airflow.providers.standard.hooks.subprocess.SubprocessHook","filename":"subprocess.py","lineno":99}
{"timestamp":"2026-02-04T22:30:12.827267Z","level":"info","event":" 'memory': 'N/A',","logger":"airflow.task.hooks.airflow.providers.standard.hooks.subprocess.SubprocessHook","filename":"subprocess.py","lineno":99}
{"timestamp":"2026-02-04T22:30:12.827339Z","level":"info","event":" 'price': '2.098',","logger":"airflow.task.hooks.airflow.providers.standard.hooks.subprocess.SubprocessHook","filename":"subprocess.py","lineno":99}
{"timestamp":"2026-02-04T22:30:12.827402Z","level":"info","event":" 'rating': '4.6',","logger":"airflow.task.hooks.airflow.providers.standard.hooks.subprocess.SubprocessHook","filename":"subprocess.py","lineno":99}
{"timestamp":"2026-02-04T22:30:12.827473Z","level":"info","event":" 'short_title': 'notebook',","logger":"airflow.task.hooks.airflow.providers.standard.hooks.subprocess.SubprocessHook","filename":"subprocess.py","lineno":99}
{"timestamp":"2026-02-04T22:30:12.827560Z","level":"info","event":" 'site_name': 'mercado_livre',","logger":"airflow.task.hooks.airflow.providers.standard.hooks.subprocess.SubprocessHook","filename":"subprocess.py","lineno":99}
{"timestamp":"2026-02-04T22:30:12.827608Z","level":"info","event":" 'storage': 'N/A'}","logger":"airflow.task.hooks.airflow.providers.standard.hooks.subprocess.SubprocessHook","filename":"subprocess.py","lineno":99}
{"timestamp":"2026-02-04T22:30:12.828549Z","level":"info","event":"2026-02-04 22:30:12 [scrapy.core.scraper] DEBUG: Scraped from <200 https://lista.mercadolivre.com.br/notebook>","logger":"airflow.task.hooks.airflow.providers.standard.hooks.subprocess.SubprocessHook","filename":"subprocess.py","lineno":99}
{"timestamp":"2026-02-04T22:30:12.828645Z","level":"info","event":"{'color': 'Silver',","logger":"airflow.task.hooks.airflow.providers.standard.hooks.subprocess.SubprocessHook","filename":"subprocess.py","lineno":99}
{"timestamp":"2026-02-04T22:30:12.828704Z","level":"info","event":" 'full_title': 'Notebook ASUS Vivobook S14 S3407CA Intel Core Ultra 5 225H '","logger":"airflow.task.hooks.airflow.providers.standard.hooks.subprocess.SubprocessHook","filename":"subprocess.py","lineno":99}
{"timestamp":"2026-02-04T22:30:12.828750Z","level":"info","event":"               '16GB Ram 512GB SSD Windows 11 Tela 14\" LED FHD Silver - LY113W',","logger":"airflow.task.hooks.airflow.providers.standard.hooks.subprocess.SubprocessHook","filename":"subprocess.py","lineno":99}
{"timestamp":"2026-02-04T22:30:12.828793Z","level":"info","event":" 'memory': '16GB',","logger":"airflow.task.hooks.airflow.providers.standard.hooks.subprocess.SubprocessHook","filename":"subprocess.py","lineno":99}
{"timestamp":"2026-02-04T22:30:12.828832Z","level":"info","event":" 'price': '5.499',","logger":"airflow.task.hooks.airflow.providers.standard.hooks.subprocess.SubprocessHook","filename":"subprocess.py","lineno":99}
{"timestamp":"2026-02-04T22:30:12.828865Z","level":"info","event":" 'rating': '5.0',","logger":"airflow.task.hooks.airflow.providers.standard.hooks.subprocess.SubprocessHook","filename":"subprocess.py","lineno":99}
{"timestamp":"2026-02-04T22:30:12.828902Z","level":"info","event":" 'short_title': 'notebook',","logger":"airflow.task.hooks.airflow.providers.standard.hooks.subprocess.SubprocessHook","filename":"subprocess.py","lineno":99}
{"timestamp":"2026-02-04T22:30:12.828937Z","level":"info","event":" 'site_name': 'mercado_livre',","logger":"airflow.task.hooks.airflow.providers.standard.hooks.subprocess.SubprocessHook","filename":"subprocess.py","lineno":99}
{"timestamp":"2026-02-04T22:30:12.828976Z","level":"info","event":" 'storage': '512GB'}","logger":"airflow.task.hooks.airflow.providers.standard.hooks.subprocess.SubprocessHook","filename":"subprocess.py","lineno":99}
{"timestamp":"2026-02-04T22:30:12.829857Z","level":"info","event":"2026-02-04 22:30:12 [scrapy.core.scraper] DEBUG: Scraped from <200 https://lista.mercadolivre.com.br/notebook>","logger":"airflow.task.hooks.airflow.providers.standard.hooks.subprocess.SubprocessHook","filename":"subprocess.py","lineno":99}
{"timestamp":"2026-02-04T22:30:12.829948Z","level":"info","event":"{'color': 'N/A',","logger":"airflow.task.hooks.airflow.providers.standard.hooks.subprocess.SubprocessHook","filename":"subprocess.py","lineno":99}
{"timestamp":"2026-02-04T22:30:12.830003Z","level":"info","event":" 'full_title': 'Notebook HP Intel Core i5 13ª Geração 1335U, Windows 11 Pro, '","logger":"airflow.task.hooks.airflow.providers.standard.hooks.subprocess.SubprocessHook","filename":"subprocess.py","lineno":99}
{"timestamp":"2026-02-04T22:30:12.830042Z","level":"info","event":"               'com inteligência artificial, Tela de 15.6\", 8GB DDR4, 256GB '","logger":"airflow.task.hooks.airflow.providers.standard.hooks.subprocess.SubprocessHook","filename":"subprocess.py","lineno":99}
{"timestamp":"2026-02-04T22:30:12.830075Z","level":"info","event":"               'SSD PCIe, Wifi 6, Bluetooth 5.3, Intel Iris X Graphics - 250R '","logger":"airflow.task.hooks.airflow.providers.standard.hooks.subprocess.SubprocessHook","filename":"subprocess.py","lineno":99}
{"timestamp":"2026-02-04T22:30:12.830105Z","level":"info","event":"               'G9 AY6W3LA#AK4',","logger":"airflow.task.hooks.airflow.providers.standard.hooks.subprocess.SubprocessHook","filename":"subprocess.py","lineno":99}
{"timestamp":"2026-02-04T22:30:12.830152Z","level":"info","event":" 'memory': 'N/A',","logger":"airflow.task.hooks.airflow.providers.standard.hooks.subprocess.SubprocessHook","filename":"subprocess.py","lineno":99}
{"timestamp":"2026-02-04T22:30:12.830203Z","level":"info","event":" 'price': '4.799',","logger":"airflow.task.hooks.airflow.providers.standard.hooks.subprocess.SubprocessHook","filename":"subprocess.py","lineno":99}
{"timestamp":"2026-02-04T22:30:12.830236Z","level":"info","event":" 'rating': '4.8',","logger":"airflow.task.hooks.airflow.providers.standard.hooks.subprocess.SubprocessHook","filename":"subprocess.py","lineno":99}
{"timestamp":"2026-02-04T22:30:12.830266Z","level":"info","event":" 'short_title': 'notebook',","logger":"airflow.task.hooks.airflow.providers.standard.hooks.subprocess.SubprocessHook","filename":"subprocess.py","lineno":99}
{"timestamp":"2026-02-04T22:30:12.830295Z","level":"info","event":" 'site_name': 'mercado_livre',","logger":"airflow.task.hooks.airflow.providers.standard.hooks.subprocess.SubprocessHook","filename":"subprocess.py","lineno":99}
{"timestamp":"2026-02-04T22:30:12.830324Z","level":"info","event":" 'storage': '256GB'}","logger":"airflow.task.hooks.airflow.providers.standard.hooks.subprocess.SubprocessHook","filename":"subprocess.py","lineno":99}
{"timestamp":"2026-02-04T22:30:12.831731Z","level":"info","event":"2026-02-04 22:30:12 [scrapy.core.scraper] DEBUG: Scraped from <200 https://lista.mercadolivre.com.br/notebook>","logger":"airflow.task.hooks.airflow.providers.standard.hooks.subprocess.SubprocessHook","filename":"subprocess.py","lineno":99}
{"timestamp":"2026-02-04T22:30:12.831829Z","level":"info","event":"{'color': 'Gray',","logger":"airflow.task.hooks.airflow.providers.standard.hooks.subprocess.SubprocessHook","filename":"subprocess.py","lineno":99}
{"timestamp":"2026-02-04T22:30:12.831887Z","level":"info","event":" 'full_title': 'Notebook ASUS TUF Gaming F16 Core i7 NVIDIA RTX 4050 8GB Ram '","logger":"airflow.task.hooks.airflow.providers.standard.hooks.subprocess.SubprocessHook","filename":"subprocess.py","lineno":99}
{"timestamp":"2026-02-04T22:30:12.831933Z","level":"info","event":"               '512GB SSD KeepOS Linux Tela 16\" FHD+ Mecha Gray - '","logger":"airflow.task.hooks.airflow.providers.standard.hooks.subprocess.SubprocessHook","filename":"subprocess.py","lineno":99}
{"timestamp":"2026-02-04T22:30:12.831974Z","level":"info","event":"               'FX607VU-RL008',","logger":"airflow.task.hooks.airflow.providers.standard.hooks.subprocess.SubprocessHook","filename":"subprocess.py","lineno":99}
{"timestamp":"2026-02-04T22:30:12.832013Z","level":"info","event":" 'memory': '8GB',","logger":"airflow.task.hooks.airflow.providers.standard.hooks.subprocess.SubprocessHook","filename":"subprocess.py","lineno":99}
{"timestamp":"2026-02-04T22:30:12.832054Z","level":"info","event":" 'price': '7.229',","logger":"airflow.task.hooks.airflow.providers.standard.hooks.subprocess.SubprocessHook","filename":"subprocess.py","lineno":99}
{"timestamp":"2026-02-04T22:30:12.832086Z","level":"info","event":" 'rating': '4.9',","logger":"airflow.task.hooks.airflow.providers.standard.hooks.subprocess.SubprocessHook","filename":"subprocess.py","lineno":99}
{"timestamp":"2026-02-04T22:30:12.832114Z","level":"info","event":" 'short_title': 'notebook',","logger":"airflow.task.hooks.airflow.providers.standard.hooks.subprocess.SubprocessHook","filename":"subprocess.py","lineno":99}
{"timestamp":"2026-02-04T22:30:12.832141Z","level":"info","event":" 'site_name': 'mercado_livre',","logger":"airflow.task.hooks.airflow.providers.standard.hooks.subprocess.SubprocessHook","filename":"subprocess.py","lineno":99}
{"timestamp":"2026-02-04T22:30:12.832168Z","level":"info","event":" 'storage': '512GB'}","logger":"airflow.task.hooks.airflow.providers.standard.hooks.subprocess.SubprocessHook","filename":"subprocess.py","lineno":99}
{"timestamp":"2026-02-04T22:30:12.833224Z","level":"info","event":"2026-02-04 22:30:12 [scrapy.core.scraper] DEBUG: Scraped from <200 https://lista.mercadolivre.com.br/notebook>","logger":"airflow.task.hooks.airflow.providers.standard.hooks.subprocess.SubprocessHook","filename":"subprocess.py","lineno":99}
{"timestamp":"2026-02-04T22:30:12.833339Z","level":"info","event":"{'color': 'N/A',","logger":"airflow.task.hooks.airflow.providers.standard.hooks.subprocess.SubprocessHook","filename":"subprocess.py","lineno":99}
{"timestamp":"2026-02-04T22:30:12.833400Z","level":"info","event":" 'full_title': 'Notebook Positivo Vision R15m Amd Ryzen 5-5625u Windows 11 '","logger":"airflow.task.hooks.airflow.providers.standard.hooks.subprocess.SubprocessHook","filename":"subprocess.py","lineno":99}
{"timestamp":"2026-02-04T22:30:12.833444Z","level":"info","event":"               'Home 16gb Ram 512gb Ssd Wi-fi 6 Tela 15 Full Hd Ips '","logger":"airflow.task.hooks.airflow.providers.standard.hooks.subprocess.SubprocessHook","filename":"subprocess.py","lineno":99}
{"timestamp":"2026-02-04T22:30:12.833482Z","level":"info","event":"               'Antirreflexo - Tecla Copilot - Permite Upgrade De Memória Ram '","logger":"airflow.task.hooks.airflow.providers.standard.hooks.subprocess.SubprocessHook","filename":"subprocess.py","lineno":99}
{"timestamp":"2026-02-04T22:30:12.833515Z","level":"info","event":"               'E Ssd - Preto',","logger":"airflow.task.hooks.airflow.providers.standard.hooks.subprocess.SubprocessHook","filename":"subprocess.py","lineno":99}
{"timestamp":"2026-02-04T22:30:12.833545Z","level":"info","event":" 'memory': '16gb',","logger":"airflow.task.hooks.airflow.providers.standard.hooks.subprocess.SubprocessHook","filename":"subprocess.py","lineno":99}
{"timestamp":"2026-02-04T22:30:12.833572Z","level":"info","event":" 'price': '4.499',","logger":"airflow.task.hooks.airflow.providers.standard.hooks.subprocess.SubprocessHook","filename":"subprocess.py","lineno":99}
{"timestamp":"2026-02-04T22:30:12.833599Z","level":"info","event":" 'rating': '4.9',","logger":"airflow.task.hooks.airflow.providers.standard.hooks.subprocess.SubprocessHook","filename":"subprocess.py","lineno":99}
{"timestamp":"2026-02-04T22:30:12.833626Z","level":"info","event":" 'short_title': 'notebook',","logger":"airflow.task.hooks.airflow.providers.standard.hooks.subprocess.SubprocessHook","filename":"subprocess.py","lineno":99}
{"timestamp":"2026-02-04T22:30:12.833686Z","level":"info","event":" 'site_name': 'mercado_livre',","logger":"airflow.task.hooks.airflow.providers.standard.hooks.subprocess.SubprocessHook","filename":"subprocess.py","lineno":99}
{"timestamp":"2026-02-04T22:30:12.833774Z","level":"info","event":" 'storage': '512gb'}","logger":"airflow.task.hooks.airflow.providers.standard.hooks.subprocess.SubprocessHook","filename":"subprocess.py","lineno":99}
{"timestamp":"2026-02-04T22:30:12.834644Z","level":"info","event":"2026-02-04 22:30:12 [scrapy.core.scraper] DEBUG: Scraped from <200 https://lista.mercadolivre.com.br/notebook>","logger":"airflow.task.hooks.airflow.providers.standard.hooks.subprocess.SubprocessHook","filename":"subprocess.py","lineno":99}
{"timestamp":"2026-02-04T22:30:12.834729Z","level":"info","event":"{'color': 'Cinza',","logger":"airflow.task.hooks.airflow.providers.standard.hooks.subprocess.SubprocessHook","filename":"subprocess.py","lineno":99}
{"timestamp":"2026-02-04T22:30:12.834779Z","level":"info","event":" 'full_title': 'Notebook Asus Tuf Gaming F16 Fx607vj Nvidia Rtx 3050 Intel '","logger":"airflow.task.hooks.airflow.providers.standard.hooks.subprocess.SubprocessHook","filename":"subprocess.py","lineno":99}
{"timestamp":"2026-02-04T22:30:12.834814Z","level":"info","event":"               'Core 5 210h 16gb Ram 512gb Ssd Windows 11 Home Tela 16 Nível '","logger":"airflow.task.hooks.airflow.providers.standard.hooks.subprocess.SubprocessHook","filename":"subprocess.py","lineno":99}
{"timestamp":"2026-02-04T22:30:12.834844Z","level":"info","event":"               'Ips 144hz Cinza - Rl007w',","logger":"airflow.task.hooks.airflow.providers.standard.hooks.subprocess.SubprocessHook","filename":"subprocess.py","lineno":99}
{"timestamp":"2026-02-04T22:30:12.834873Z","level":"info","event":" 'memory': '16gb',","logger":"airflow.task.hooks.airflow.providers.standard.hooks.subprocess.SubprocessHook","filename":"subprocess.py","lineno":99}
{"timestamp":"2026-02-04T22:30:12.834900Z","level":"info","event":" 'price': '6.099',","logger":"airflow.task.hooks.airflow.providers.standard.hooks.subprocess.SubprocessHook","filename":"subprocess.py","lineno":99}
{"timestamp":"2026-02-04T22:30:12.834927Z","level":"info","event":" 'rating': '5.0',","logger":"airflow.task.hooks.airflow.providers.standard.hooks.subprocess.SubprocessHook","filename":"subprocess.py","lineno":99}
{"timestamp":"2026-02-04T22:30:12.834953Z","level":"info","event":" 'short_title': 'notebook',","logger":"airflow.task.hooks.airflow.providers.standard.hooks.subprocess.SubprocessHook","filename":"subprocess.py","lineno":99}
{"timestamp":"2026-02-04T22:30:12.834980Z","level":"info","event":" 'site_name': 'mercado_livre',","logger":"airflow.task.hooks.airflow.providers.standard.hooks.subprocess.SubprocessHook","filename":"subprocess.py","lineno":99}
{"timestamp":"2026-02-04T22:30:12.835005Z","level":"info","event":" 'storage': '512gb'}","logger":"airflow.task.hooks.airflow.providers.standard.hooks.subprocess.SubprocessHook","filename":"subprocess.py","lineno":99}
{"timestamp":"2026-02-04T22:30:12.836793Z","level":"info","event":"2026-02-04 22:30:12 [scrapy.core.scraper] DEBUG: Scraped from <200 https://lista.mercadolivre.com.br/notebook>","logger":"airflow.task.hooks.airflow.providers.standard.hooks.subprocess.SubprocessHook","filename":"subprocess.py","lineno":99}
{"timestamp":"2026-02-04T22:30:12.836879Z","level":"info","event":"{'color': 'Silver',","logger":"airflow.task.hooks.airflow.providers.standard.hooks.subprocess.SubprocessHook","filename":"subprocess.py","lineno":99}
{"timestamp":"2026-02-04T22:30:12.836930Z","level":"info","event":" 'full_title': 'Notebook Asus Vivobook 15 X1504va Intel Core I5 1334u 8gb Ram '","logger":"airflow.task.hooks.airflow.providers.standard.hooks.subprocess.SubprocessHook","filename":"subprocess.py","lineno":99}
{"timestamp":"2026-02-04T22:30:12.836962Z","level":"info","event":"               '512gb Ssd Intel Iris Xe Windows 11 Home Tela 15,6 Fhd Silver - '","logger":"airflow.task.hooks.airflow.providers.standard.hooks.subprocess.SubprocessHook","filename":"subprocess.py","lineno":99}
{"timestamp":"2026-02-04T22:30:12.836993Z","level":"info","event":"               'Nj1740w',","logger":"airflow.task.hooks.airflow.providers.standard.hooks.subprocess.SubprocessHook","filename":"subprocess.py","lineno":99}
{"timestamp":"2026-02-04T22:30:12.837022Z","level":"info","event":" 'memory': '8gb',","logger":"airflow.task.hooks.airflow.providers.standard.hooks.subprocess.SubprocessHook","filename":"subprocess.py","lineno":99}
{"timestamp":"2026-02-04T22:30:12.837049Z","level":"info","event":" 'price': '4.000',","logger":"airflow.task.hooks.airflow.providers.standard.hooks.subprocess.SubprocessHook","filename":"subprocess.py","lineno":99}
{"timestamp":"2026-02-04T22:30:12.837077Z","level":"info","event":" 'rating': '4.9',","logger":"airflow.task.hooks.airflow.providers.standard.hooks.subprocess.SubprocessHook","filename":"subprocess.py","lineno":99}
{"timestamp":"2026-02-04T22:30:12.837103Z","level":"info","event":" 'short_title': 'notebook',","logger":"airflow.task.hooks.airflow.providers.standard.hooks.subprocess.SubprocessHook","filename":"subprocess.py","lineno":99}
{"timestamp":"2026-02-04T22:30:12.837128Z","level":"info","event":" 'site_name': 'mercado_livre',","logger":"airflow.task.hooks.airflow.providers.standard.hooks.subprocess.SubprocessHook","filename":"subprocess.py","lineno":99}
{"timestamp":"2026-02-04T22:30:12.837155Z","level":"info","event":" 'storage': '512gb'}","logger":"airflow.task.hooks.airflow.providers.standard.hooks.subprocess.SubprocessHook","filename":"subprocess.py","lineno":99}
{"timestamp":"2026-02-04T22:30:12.838082Z","level":"info","event":"2026-02-04 22:30:12 [scrapy.core.scraper] DEBUG: Scraped from <200 https://lista.mercadolivre.com.br/notebook>","logger":"airflow.task.hooks.airflow.providers.standard.hooks.subprocess.SubprocessHook","filename":"subprocess.py","lineno":99}
{"timestamp":"2026-02-04T22:30:12.838167Z","level":"info","event":"{'color': 'Grey',","logger":"airflow.task.hooks.airflow.providers.standard.hooks.subprocess.SubprocessHook","filename":"subprocess.py","lineno":99}
{"timestamp":"2026-02-04T22:30:12.838241Z","level":"info","event":" 'full_title': 'Notebook Lenovo Ideapad 1 15iru7 Intel Core i3-1315u 8gb 256gb '","logger":"airflow.task.hooks.airflow.providers.standard.hooks.subprocess.SubprocessHook","filename":"subprocess.py","lineno":99}
{"timestamp":"2026-02-04T22:30:12.838296Z","level":"info","event":"               'Ssd Linux 15.6 - 83qjs00000 Cloud Grey',","logger":"airflow.task.hooks.airflow.providers.standard.hooks.subprocess.SubprocessHook","filename":"subprocess.py","lineno":99}
{"timestamp":"2026-02-04T22:30:12.838330Z","level":"info","event":" 'memory': 'N/A',","logger":"airflow.task.hooks.airflow.providers.standard.hooks.subprocess.SubprocessHook","filename":"subprocess.py","lineno":99}
{"timestamp":"2026-02-04T22:30:12.838359Z","level":"info","event":" 'price': '2.699',","logger":"airflow.task.hooks.airflow.providers.standard.hooks.subprocess.SubprocessHook","filename":"subprocess.py","lineno":99}
{"timestamp":"2026-02-04T22:30:12.838387Z","level":"info","event":" 'rating': '4.9',","logger":"airflow.task.hooks.airflow.providers.standard.hooks.subprocess.SubprocessHook","filename":"subprocess.py","lineno":99}
{"timestamp":"2026-02-04T22:30:12.838414Z","level":"info","event":" 'short_title': 'notebook',","logger":"airflow.task.hooks.airflow.providers.standard.hooks.subprocess.SubprocessHook","filename":"subprocess.py","lineno":99}
{"timestamp":"2026-02-04T22:30:12.838442Z","level":"info","event":" 'site_name': 'mercado_livre',","logger":"airflow.task.hooks.airflow.providers.standard.hooks.subprocess.SubprocessHook","filename":"subprocess.py","lineno":99}
{"timestamp":"2026-02-04T22:30:12.838469Z","level":"info","event":" 'storage': '256gb'}","logger":"airflow.task.hooks.airflow.providers.standard.hooks.subprocess.SubprocessHook","filename":"subprocess.py","lineno":99}
{"timestamp":"2026-02-04T22:30:12.839372Z","level":"info","event":"2026-02-04 22:30:12 [scrapy.core.scraper] DEBUG: Scraped from <200 https://lista.mercadolivre.com.br/notebook>","logger":"airflow.task.hooks.airflow.providers.standard.hooks.subprocess.SubprocessHook","filename":"subprocess.py","lineno":99}
{"timestamp":"2026-02-04T22:30:12.839452Z","level":"info","event":"{'color': 'N/A',","logger":"airflow.task.hooks.airflow.providers.standard.hooks.subprocess.SubprocessHook","filename":"subprocess.py","lineno":99}
{"timestamp":"2026-02-04T22:30:12.839502Z","level":"info","event":" 'full_title': 'Notebook Vaio Fe16 Amd Ryzen 5-5625u Windows 11 Home 12gb RAM '","logger":"airflow.task.hooks.airflow.providers.standard.hooks.subprocess.SubprocessHook","filename":"subprocess.py","lineno":99}
{"timestamp":"2026-02-04T22:30:12.839535Z","level":"info","event":"               '512gb Ssd Wi-fi 6 Tela 16\" Ips Wuxga Antirreflexo - Cinza '","logger":"airflow.task.hooks.airflow.providers.standard.hooks.subprocess.SubprocessHook","filename":"subprocess.py","lineno":99}
{"timestamp":"2026-02-04T22:30:12.839566Z","level":"info","event":"               'Grafite Vjfe69f11x-b1221h - Permite upgrade de memória RAM e '","logger":"airflow.task.hooks.airflow.providers.standard.hooks.subprocess.SubprocessHook","filename":"subprocess.py","lineno":99}
{"timestamp":"2026-02-04T22:30:12.839596Z","level":"info","event":"               'SSD',","logger":"airflow.task.hooks.airflow.providers.standard.hooks.subprocess.SubprocessHook","filename":"subprocess.py","lineno":99}
{"timestamp":"2026-02-04T22:30:12.839623Z","level":"info","event":" 'memory': '12gb',","logger":"airflow.task.hooks.airflow.providers.standard.hooks.subprocess.SubprocessHook","filename":"subprocess.py","lineno":99}
{"timestamp":"2026-02-04T22:30:12.839650Z","level":"info","event":" 'price': '4.718',","logger":"airflow.task.hooks.airflow.providers.standard.hooks.subprocess.SubprocessHook","filename":"subprocess.py","lineno":99}
{"timestamp":"2026-02-04T22:30:12.839678Z","level":"info","event":" 'rating': '4.9',","logger":"airflow.task.hooks.airflow.providers.standard.hooks.subprocess.SubprocessHook","filename":"subprocess.py","lineno":99}
{"timestamp":"2026-02-04T22:30:12.839704Z","level":"info","event":" 'short_title': 'notebook',","logger":"airflow.task.hooks.airflow.providers.standard.hooks.subprocess.SubprocessHook","filename":"subprocess.py","lineno":99}
{"timestamp":"2026-02-04T22:30:12.839730Z","level":"info","event":" 'site_name': 'mercado_livre',","logger":"airflow.task.hooks.airflow.providers.standard.hooks.subprocess.SubprocessHook","filename":"subprocess.py","lineno":99}
{"timestamp":"2026-02-04T22:30:12.839755Z","level":"info","event":" 'storage': '512gb'}","logger":"airflow.task.hooks.airflow.providers.standard.hooks.subprocess.SubprocessHook","filename":"subprocess.py","lineno":99}
{"timestamp":"2026-02-04T22:30:12.840765Z","level":"info","event":"2026-02-04 22:30:12 [scrapy.core.scraper] DEBUG: Scraped from <200 https://lista.mercadolivre.com.br/notebook>","logger":"airflow.task.hooks.airflow.providers.standard.hooks.subprocess.SubprocessHook","filename":"subprocess.py","lineno":99}
{"timestamp":"2026-02-04T22:30:12.840853Z","level":"info","event":"{'color': 'Silver',","logger":"airflow.task.hooks.airflow.providers.standard.hooks.subprocess.SubprocessHook","filename":"subprocess.py","lineno":99}
{"timestamp":"2026-02-04T22:30:12.840903Z","level":"info","event":" 'full_title': 'Notebook ASUS Vivobook 15 M1502YA AMD Ryzen 7 5825U 16GB Ram '","logger":"airflow.task.hooks.airflow.providers.standard.hooks.subprocess.SubprocessHook","filename":"subprocess.py","lineno":99}
{"timestamp":"2026-02-04T22:30:12.840937Z","level":"info","event":"               '1TB SSD Linux KeepOS 15,6\" FHD Cool Silver - NJ613',","logger":"airflow.task.hooks.airflow.providers.standard.hooks.subprocess.SubprocessHook","filename":"subprocess.py","lineno":99}
{"timestamp":"2026-02-04T22:30:12.840966Z","level":"info","event":" 'memory': '16GB',","logger":"airflow.task.hooks.airflow.providers.standard.hooks.subprocess.SubprocessHook","filename":"subprocess.py","lineno":99}
{"timestamp":"2026-02-04T22:30:12.840994Z","level":"info","event":" 'price': '3.999',","logger":"airflow.task.hooks.airflow.providers.standard.hooks.subprocess.SubprocessHook","filename":"subprocess.py","lineno":99}
{"timestamp":"2026-02-04T22:30:12.841020Z","level":"info","event":" 'rating': '4.9',","logger":"airflow.task.hooks.airflow.providers.standard.hooks.subprocess.SubprocessHook","filename":"subprocess.py","lineno":99}
{"timestamp":"2026-02-04T22:30:12.841098Z","level":"info","event":" 'short_title': 'notebook',","logger":"airflow.task.hooks.airflow.providers.standard.hooks.subprocess.SubprocessHook","filename":"subprocess.py","lineno":99}
{"timestamp":"2026-02-04T22:30:12.841133Z","level":"info","event":" 'site_name': 'mercado_livre',","logger":"airflow.task.hooks.airflow.providers.standard.hooks.subprocess.SubprocessHook","filename":"subprocess.py","lineno":99}
{"timestamp":"2026-02-04T22:30:12.841164Z","level":"info","event":" 'storage': '1TB'}","logger":"airflow.task.hooks.airflow.providers.standard.hooks.subprocess.SubprocessHook","filename":"subprocess.py","lineno":99}
{"timestamp":"2026-02-04T22:30:12.842069Z","level":"info","event":"2026-02-04 22:30:12 [scrapy.core.scraper] DEBUG: Scraped from <200 https://lista.mercadolivre.com.br/notebook>","logger":"airflow.task.hooks.airflow.providers.standard.hooks.subprocess.SubprocessHook","filename":"subprocess.py","lineno":99}
{"timestamp":"2026-02-04T22:30:12.842157Z","level":"info","event":"{'color': 'N/A',","logger":"airflow.task.hooks.airflow.providers.standard.hooks.subprocess.SubprocessHook","filename":"subprocess.py","lineno":99}
{"timestamp":"2026-02-04T22:30:12.842219Z","level":"info","event":" 'full_title': 'Notebook VAIO FE 16 Intel Core i5-1334U Linux, 32GB RAM 512GB '","logger":"airflow.task.hooks.airflow.providers.standard.hooks.subprocess.SubprocessHook","filename":"subprocess.py","lineno":99}
{"timestamp":"2026-02-04T22:30:12.842262Z","level":"info","event":"               'SSD Tela 16\" IPS WUXGA Antireflexo - Cinza Grafite - '","logger":"airflow.task.hooks.airflow.providers.standard.hooks.subprocess.SubprocessHook","filename":"subprocess.py","lineno":99}
{"timestamp":"2026-02-04T22:30:12.842308Z","level":"info","event":"               'VJFE62F11X-B0111H - Permite upgrade de memória RAM e SSD',","logger":"airflow.task.hooks.airflow.providers.standard.hooks.subprocess.SubprocessHook","filename":"subprocess.py","lineno":99}
{"timestamp":"2026-02-04T22:30:12.842352Z","level":"info","event":" 'memory': '32GB',","logger":"airflow.task.hooks.airflow.providers.standard.hooks.subprocess.SubprocessHook","filename":"subprocess.py","lineno":99}
{"timestamp":"2026-02-04T22:30:12.842394Z","level":"info","event":" 'price': '6.499',","logger":"airflow.task.hooks.airflow.providers.standard.hooks.subprocess.SubprocessHook","filename":"subprocess.py","lineno":99}
{"timestamp":"2026-02-04T22:30:12.842423Z","level":"info","event":" 'rating': '4.9',","logger":"airflow.task.hooks.airflow.providers.standard.hooks.subprocess.SubprocessHook","filename":"subprocess.py","lineno":99}
{"timestamp":"2026-02-04T22:30:12.842452Z","level":"info","event":" 'short_title': 'notebook',","logger":"airflow.task.hooks.airflow.providers.standard.hooks.subprocess.SubprocessHook","filename":"subprocess.py","lineno":99}
{"timestamp":"2026-02-04T22:30:12.842480Z","level":"info","event":" 'site_name': 'mercado_livre',","logger":"airflow.task.hooks.airflow.providers.standard.hooks.subprocess.SubprocessHook","filename":"subprocess.py","lineno":99}
{"timestamp":"2026-02-04T22:30:12.842507Z","level":"info","event":" 'storage': '512GB'}","logger":"airflow.task.hooks.airflow.providers.standard.hooks.subprocess.SubprocessHook","filename":"subprocess.py","lineno":99}
{"timestamp":"2026-02-04T22:30:12.843428Z","level":"info","event":"2026-02-04 22:30:12 [scrapy.core.scraper] DEBUG: Scraped from <200 https://lista.mercadolivre.com.br/notebook>","logger":"airflow.task.hooks.airflow.providers.standard.hooks.subprocess.SubprocessHook","filename":"subprocess.py","lineno":99}
{"timestamp":"2026-02-04T22:30:12.843514Z","level":"info","event":"{'color': 'N/A',","logger":"airflow.task.hooks.airflow.providers.standard.hooks.subprocess.SubprocessHook","filename":"subprocess.py","lineno":99}
{"timestamp":"2026-02-04T22:30:12.843565Z","level":"info","event":" 'full_title': 'Notebook Lenovo Ideapad 1 AMD Ryzen 3 7320U 4gb 256gb SSD '","logger":"airflow.task.hooks.airflow.providers.standard.hooks.subprocess.SubprocessHook","filename":"subprocess.py","lineno":99}
{"timestamp":"2026-02-04T22:30:12.843600Z","level":"info","event":"               'Linux 15.6 HD 82x5s00600',","logger":"airflow.task.hooks.airflow.providers.standard.hooks.subprocess.SubprocessHook","filename":"subprocess.py","lineno":99}
{"timestamp":"2026-02-04T22:30:12.843631Z","level":"info","event":" 'memory': 'N/A',","logger":"airflow.task.hooks.airflow.providers.standard.hooks.subprocess.SubprocessHook","filename":"subprocess.py","lineno":99}
{"timestamp":"2026-02-04T22:30:12.843659Z","level":"info","event":" 'price': '2.399',","logger":"airflow.task.hooks.airflow.providers.standard.hooks.subprocess.SubprocessHook","filename":"subprocess.py","lineno":99}
{"timestamp":"2026-02-04T22:30:12.843687Z","level":"info","event":" 'rating': '4.8',","logger":"airflow.task.hooks.airflow.providers.standard.hooks.subprocess.SubprocessHook","filename":"subprocess.py","lineno":99}
{"timestamp":"2026-02-04T22:30:12.843713Z","level":"info","event":" 'short_title': 'notebook',","logger":"airflow.task.hooks.airflow.providers.standard.hooks.subprocess.SubprocessHook","filename":"subprocess.py","lineno":99}
{"timestamp":"2026-02-04T22:30:12.843740Z","level":"info","event":" 'site_name': 'mercado_livre',","logger":"airflow.task.hooks.airflow.providers.standard.hooks.subprocess.SubprocessHook","filename":"subprocess.py","lineno":99}
{"timestamp":"2026-02-04T22:30:12.843766Z","level":"info","event":" 'storage': '256gb'}","logger":"airflow.task.hooks.airflow.providers.standard.hooks.subprocess.SubprocessHook","filename":"subprocess.py","lineno":99}
{"timestamp":"2026-02-04T22:30:12.844685Z","level":"info","event":"2026-02-04 22:30:12 [scrapy.core.scraper] DEBUG: Scraped from <200 https://lista.mercadolivre.com.br/notebook>","logger":"airflow.task.hooks.airflow.providers.standard.hooks.subprocess.SubprocessHook","filename":"subprocess.py","lineno":99}
{"timestamp":"2026-02-04T22:30:12.844767Z","level":"info","event":"{'color': 'N/A',","logger":"airflow.task.hooks.airflow.providers.standard.hooks.subprocess.SubprocessHook","filename":"subprocess.py","lineno":99}
{"timestamp":"2026-02-04T22:30:12.844816Z","level":"info","event":" 'full_title': 'Notebook Ultra, Linux, 15,6 Pol. HD, Intel Celeron, 240GB SSD/ '","logger":"airflow.task.hooks.airflow.providers.standard.hooks.subprocess.SubprocessHook","filename":"subprocess.py","lineno":99}
{"timestamp":"2026-02-04T22:30:12.844850Z","level":"info","event":"               '8GB RAM, Cinza Escovado - UB262',","logger":"airflow.task.hooks.airflow.providers.standard.hooks.subprocess.SubprocessHook","filename":"subprocess.py","lineno":99}
{"timestamp":"2026-02-04T22:30:12.844880Z","level":"info","event":" 'memory': '8GB',","logger":"airflow.task.hooks.airflow.providers.standard.hooks.subprocess.SubprocessHook","filename":"subprocess.py","lineno":99}
{"timestamp":"2026-02-04T22:30:12.844909Z","level":"info","event":" 'price': '1.899',","logger":"airflow.task.hooks.airflow.providers.standard.hooks.subprocess.SubprocessHook","filename":"subprocess.py","lineno":99}
{"timestamp":"2026-02-04T22:30:12.844937Z","level":"info","event":" 'rating': '4.7',","logger":"airflow.task.hooks.airflow.providers.standard.hooks.subprocess.SubprocessHook","filename":"subprocess.py","lineno":99}
{"timestamp":"2026-02-04T22:30:12.844965Z","level":"info","event":" 'short_title': 'notebook',","logger":"airflow.task.hooks.airflow.providers.standard.hooks.subprocess.SubprocessHook","filename":"subprocess.py","lineno":99}
{"timestamp":"2026-02-04T22:30:12.844991Z","level":"info","event":" 'site_name': 'mercado_livre',","logger":"airflow.task.hooks.airflow.providers.standard.hooks.subprocess.SubprocessHook","filename":"subprocess.py","lineno":99}
{"timestamp":"2026-02-04T22:30:12.845018Z","level":"info","event":" 'storage': '240GB'}","logger":"airflow.task.hooks.airflow.providers.standard.hooks.subprocess.SubprocessHook","filename":"subprocess.py","lineno":99}
{"timestamp":"2026-02-04T22:30:12.846075Z","level":"info","event":"2026-02-04 22:30:12 [scrapy.core.scraper] DEBUG: Scraped from <200 https://lista.mercadolivre.com.br/notebook>","logger":"airflow.task.hooks.airflow.providers.standard.hooks.subprocess.SubprocessHook","filename":"subprocess.py","lineno":99}
{"timestamp":"2026-02-04T22:30:12.846157Z","level":"info","event":"{'color': 'Cinza',","logger":"airflow.task.hooks.airflow.providers.standard.hooks.subprocess.SubprocessHook","filename":"subprocess.py","lineno":99}
{"timestamp":"2026-02-04T22:30:12.846207Z","level":"info","event":" 'full_title': 'Notebook Asus Tuf Gaming F16 Fx607vj Nvidia Rtx 3050 Intel '","logger":"airflow.task.hooks.airflow.providers.standard.hooks.subprocess.SubprocessHook","filename":"subprocess.py","lineno":99}
{"timestamp":"2026-02-04T22:30:12.846240Z","level":"info","event":"               'Core 5 210h 16gb Ram 512gb Ssd Linux Keepos Tela 16 Nível Ips '","logger":"airflow.task.hooks.airflow.providers.standard.hooks.subprocess.SubprocessHook","filename":"subprocess.py","lineno":99}
{"timestamp":"2026-02-04T22:30:12.846271Z","level":"info","event":"               '144hz Cinza - Rl015',","logger":"airflow.task.hooks.airflow.providers.standard.hooks.subprocess.SubprocessHook","filename":"subprocess.py","lineno":99}
{"timestamp":"2026-02-04T22:30:12.846300Z","level":"info","event":" 'memory': '16gb',","logger":"airflow.task.hooks.airflow.providers.standard.hooks.subprocess.SubprocessHook","filename":"subprocess.py","lineno":99}
{"timestamp":"2026-02-04T22:30:12.846327Z","level":"info","event":" 'price': '8.299',","logger":"airflow.task.hooks.airflow.providers.standard.hooks.subprocess.SubprocessHook","filename":"subprocess.py","lineno":99}
{"timestamp":"2026-02-04T22:30:12.846355Z","level":"info","event":" 'rating': '4.9',","logger":"airflow.task.hooks.airflow.providers.standard.hooks.subprocess.SubprocessHook","filename":"subprocess.py","lineno":99}
{"timestamp":"2026-02-04T22:30:12.846382Z","level":"info","event":" 'short_title': 'notebook',","logger":"airflow.task.hooks.airflow.providers.standard.hooks.subprocess.SubprocessHook","filename":"subprocess.py","lineno":99}
{"timestamp":"2026-02-04T22:30:12.846409Z","level":"info","event":" 'site_name': 'mercado_livre',","logger":"airflow.task.hooks.airflow.providers.standard.hooks.subprocess.SubprocessHook","filename":"subprocess.py","lineno":99}
{"timestamp":"2026-02-04T22:30:12.846436Z","level":"info","event":" 'storage': '512gb'}","logger":"airflow.task.hooks.airflow.providers.standard.hooks.subprocess.SubprocessHook","filename":"subprocess.py","lineno":99}
{"timestamp":"2026-02-04T22:30:12.847345Z","level":"info","event":"2026-02-04 22:30:12 [scrapy.core.scraper] DEBUG: Scraped from <200 https://lista.mercadolivre.com.br/notebook>","logger":"airflow.task.hooks.airflow.providers.standard.hooks.subprocess.SubprocessHook","filename":"subprocess.py","lineno":99}
{"timestamp":"2026-02-04T22:30:12.847430Z","level":"info","event":"{'color': 'Gray',","logger":"airflow.task.hooks.airflow.providers.standard.hooks.subprocess.SubprocessHook","filename":"subprocess.py","lineno":99}
{"timestamp":"2026-02-04T22:30:12.847479Z","level":"info","event":" 'full_title': 'Notebook ASUS TUF Gaming F16 Core 5 NVIDIA RTX 4050 16GB Ram '","logger":"airflow.task.hooks.airflow.providers.standard.hooks.subprocess.SubprocessHook","filename":"subprocess.py","lineno":99}
{"timestamp":"2026-02-04T22:30:12.847512Z","level":"info","event":"               '512GB SSD Windows 11 Home Tela 16\" FHD+ Mecha Gray - '","logger":"airflow.task.hooks.airflow.providers.standard.hooks.subprocess.SubprocessHook","filename":"subprocess.py","lineno":99}
{"timestamp":"2026-02-04T22:30:12.847542Z","level":"info","event":"               'FX607VU-RL053W',","logger":"airflow.task.hooks.airflow.providers.standard.hooks.subprocess.SubprocessHook","filename":"subprocess.py","lineno":99}
{"timestamp":"2026-02-04T22:30:12.847570Z","level":"info","event":" 'memory': '16GB',","logger":"airflow.task.hooks.airflow.providers.standard.hooks.subprocess.SubprocessHook","filename":"subprocess.py","lineno":99}
{"timestamp":"2026-02-04T22:30:12.847597Z","level":"info","event":" 'price': '6.899',","logger":"airflow.task.hooks.airflow.providers.standard.hooks.subprocess.SubprocessHook","filename":"subprocess.py","lineno":99}
{"timestamp":"2026-02-04T22:30:12.847624Z","level":"info","event":" 'rating': '4.9',","logger":"airflow.task.hooks.airflow.providers.standard.hooks.subprocess.SubprocessHook","filename":"subprocess.py","lineno":99}
{"timestamp":"2026-02-04T22:30:12.847650Z","level":"info","event":" 'short_title': 'notebook',","logger":"airflow.task.hooks.airflow.providers.standard.hooks.subprocess.SubprocessHook","filename":"subprocess.py","lineno":99}
{"timestamp":"2026-02-04T22:30:12.847676Z","level":"info","event":" 'site_name': 'mercado_livre',","logger":"airflow.task.hooks.airflow.providers.standard.hooks.subprocess.SubprocessHook","filename":"subprocess.py","lineno":99}
{"timestamp":"2026-02-04T22:30:12.847702Z","level":"info","event":" 'storage': '512GB'}","logger":"airflow.task.hooks.airflow.providers.standard.hooks.subprocess.SubprocessHook","filename":"subprocess.py","lineno":99}
{"timestamp":"2026-02-04T22:30:12.848752Z","level":"info","event":"2026-02-04 22:30:12 [scrapy.core.scraper] DEBUG: Scraped from <200 https://lista.mercadolivre.com.br/notebook>","logger":"airflow.task.hooks.airflow.providers.standard.hooks.subprocess.SubprocessHook","filename":"subprocess.py","lineno":99}
{"timestamp":"2026-02-04T22:30:12.848840Z","level":"info","event":"{'color': 'N/A',","logger":"airflow.task.hooks.airflow.providers.standard.hooks.subprocess.SubprocessHook","filename":"subprocess.py","lineno":99}
{"timestamp":"2026-02-04T22:30:12.848890Z","level":"info","event":" 'full_title': 'Notebook Positivo Vision R15 Lumina Bar, Amd Ryzen 5 8gb '","logger":"airflow.task.hooks.airflow.providers.standard.hooks.subprocess.SubprocessHook","filename":"subprocess.py","lineno":99}
{"timestamp":"2026-02-04T22:30:12.848923Z","level":"info","event":"               '256gb, Tela 15 Polegadas Full Hd Antirreflexo, Windows 11 Home '","logger":"airflow.task.hooks.airflow.providers.standard.hooks.subprocess.SubprocessHook","filename":"subprocess.py","lineno":99}
{"timestamp":"2026-02-04T22:30:12.848952Z","level":"info","event":"               'Tecla Copilot - Preto',","logger":"airflow.task.hooks.airflow.providers.standard.hooks.subprocess.SubprocessHook","filename":"subprocess.py","lineno":99}
{"timestamp":"2026-02-04T22:30:12.848980Z","level":"info","event":" 'memory': 'N/A',","logger":"airflow.task.hooks.airflow.providers.standard.hooks.subprocess.SubprocessHook","filename":"subprocess.py","lineno":99}
{"timestamp":"2026-02-04T22:30:12.849007Z","level":"info","event":" 'price': '3.186',","logger":"airflow.task.hooks.airflow.providers.standard.hooks.subprocess.SubprocessHook","filename":"subprocess.py","lineno":99}
{"timestamp":"2026-02-04T22:30:12.849033Z","level":"info","event":" 'rating': '4.8',","logger":"airflow.task.hooks.airflow.providers.standard.hooks.subprocess.SubprocessHook","filename":"subprocess.py","lineno":99}
{"timestamp":"2026-02-04T22:30:12.849059Z","level":"info","event":" 'short_title': 'notebook',","logger":"airflow.task.hooks.airflow.providers.standard.hooks.subprocess.SubprocessHook","filename":"subprocess.py","lineno":99}
{"timestamp":"2026-02-04T22:30:12.849085Z","level":"info","event":" 'site_name': 'mercado_livre',","logger":"airflow.task.hooks.airflow.providers.standard.hooks.subprocess.SubprocessHook","filename":"subprocess.py","lineno":99}
{"timestamp":"2026-02-04T22:30:12.849111Z","level":"info","event":" 'storage': 'N/A'}","logger":"airflow.task.hooks.airflow.providers.standard.hooks.subprocess.SubprocessHook","filename":"subprocess.py","lineno":99}
{"timestamp":"2026-02-04T22:30:12.850031Z","level":"info","event":"2026-02-04 22:30:12 [scrapy.core.scraper] DEBUG: Scraped from <200 https://lista.mercadolivre.com.br/notebook>","logger":"airflow.task.hooks.airflow.providers.standard.hooks.subprocess.SubprocessHook","filename":"subprocess.py","lineno":99}
{"timestamp":"2026-02-04T22:30:12.850114Z","level":"info","event":"{'color': 'Grey',","logger":"airflow.task.hooks.airflow.providers.standard.hooks.subprocess.SubprocessHook","filename":"subprocess.py","lineno":99}
{"timestamp":"2026-02-04T22:30:12.850164Z","level":"info","event":" 'full_title': 'Notebook Asus X515 Intel Celeron Dual Core N4500 4GB Ram 128GB '","logger":"airflow.task.hooks.airflow.providers.standard.hooks.subprocess.SubprocessHook","filename":"subprocess.py","lineno":99}
{"timestamp":"2026-02-04T22:30:12.850195Z","level":"info","event":"               'SSD Windows 11 Home Tela 15,6 Slate Grey - X515KA-BR309WS',","logger":"airflow.task.hooks.airflow.providers.standard.hooks.subprocess.SubprocessHook","filename":"subprocess.py","lineno":99}
{"timestamp":"2026-02-04T22:30:12.850225Z","level":"info","event":" 'memory': '4GB',","logger":"airflow.task.hooks.airflow.providers.standard.hooks.subprocess.SubprocessHook","filename":"subprocess.py","lineno":99}
{"timestamp":"2026-02-04T22:30:12.850270Z","level":"info","event":" 'price': '2.999',","logger":"airflow.task.hooks.airflow.providers.standard.hooks.subprocess.SubprocessHook","filename":"subprocess.py","lineno":99}
{"timestamp":"2026-02-04T22:30:12.850320Z","level":"info","event":" 'rating': '4.8',","logger":"airflow.task.hooks.airflow.providers.standard.hooks.subprocess.SubprocessHook","filename":"subprocess.py","lineno":99}
{"timestamp":"2026-02-04T22:30:12.850352Z","level":"info","event":" 'short_title': 'notebook',","logger":"airflow.task.hooks.airflow.providers.standard.hooks.subprocess.SubprocessHook","filename":"subprocess.py","lineno":99}
{"timestamp":"2026-02-04T22:30:12.850381Z","level":"info","event":" 'site_name': 'mercado_livre',","logger":"airflow.task.hooks.airflow.providers.standard.hooks.subprocess.SubprocessHook","filename":"subprocess.py","lineno":99}
{"timestamp":"2026-02-04T22:30:12.850409Z","level":"info","event":" 'storage': '128GB'}","logger":"airflow.task.hooks.airflow.providers.standard.hooks.subprocess.SubprocessHook","filename":"subprocess.py","lineno":99}
{"timestamp":"2026-02-04T22:30:12.851264Z","level":"info","event":"2026-02-04 22:30:12 [scrapy.core.scraper] DEBUG: Scraped from <200 https://lista.mercadolivre.com.br/notebook>","logger":"airflow.task.hooks.airflow.providers.standard.hooks.subprocess.SubprocessHook","filename":"subprocess.py","lineno":99}
{"timestamp":"2026-02-04T22:30:12.851345Z","level":"info","event":"{'color': 'Grey',","logger":"airflow.task.hooks.airflow.providers.standard.hooks.subprocess.SubprocessHook","filename":"subprocess.py","lineno":99}
{"timestamp":"2026-02-04T22:30:12.851394Z","level":"info","event":" 'full_title': 'Notebook Lenovo Ideapad Slim 3 15irh10 Intel Core i5-13420h '","logger":"airflow.task.hooks.airflow.providers.standard.hooks.subprocess.SubprocessHook","filename":"subprocess.py","lineno":99}
{"timestamp":"2026-02-04T22:30:12.851426Z","level":"info","event":"               '16gb 512gb Ssd Windows 11 15.3 - 83ns0001br Luna Grey',","logger":"airflow.task.hooks.airflow.providers.standard.hooks.subprocess.SubprocessHook","filename":"subprocess.py","lineno":99}
{"timestamp":"2026-02-04T22:30:12.851456Z","level":"info","event":" 'memory': 'N/A',","logger":"airflow.task.hooks.airflow.providers.standard.hooks.subprocess.SubprocessHook","filename":"subprocess.py","lineno":99}
{"timestamp":"2026-02-04T22:30:12.851484Z","level":"info","event":" 'price': '3.449',","logger":"airflow.task.hooks.airflow.providers.standard.hooks.subprocess.SubprocessHook","filename":"subprocess.py","lineno":99}
{"timestamp":"2026-02-04T22:30:12.851510Z","level":"info","event":" 'rating': '4.9',","logger":"airflow.task.hooks.airflow.providers.standard.hooks.subprocess.SubprocessHook","filename":"subprocess.py","lineno":99}
{"timestamp":"2026-02-04T22:30:12.851537Z","level":"info","event":" 'short_title': 'notebook',","logger":"airflow.task.hooks.airflow.providers.standard.hooks.subprocess.SubprocessHook","filename":"subprocess.py","lineno":99}
{"timestamp":"2026-02-04T22:30:12.851563Z","level":"info","event":" 'site_name': 'mercado_livre',","logger":"airflow.task.hooks.airflow.providers.standard.hooks.subprocess.SubprocessHook","filename":"subprocess.py","lineno":99}
{"timestamp":"2026-02-04T22:30:12.851589Z","level":"info","event":" 'storage': '512gb'}","logger":"airflow.task.hooks.airflow.providers.standard.hooks.subprocess.SubprocessHook","filename":"subprocess.py","lineno":99}
{"timestamp":"2026-02-04T22:30:12.852516Z","level":"info","event":"2026-02-04 22:30:12 [scrapy.core.scraper] DEBUG: Scraped from <200 https://lista.mercadolivre.com.br/notebook>","logger":"airflow.task.hooks.airflow.providers.standard.hooks.subprocess.SubprocessHook","filename":"subprocess.py","lineno":99}
{"timestamp":"2026-02-04T22:30:12.852608Z","level":"info","event":"{'color': 'N/A',","logger":"airflow.task.hooks.airflow.providers.standard.hooks.subprocess.SubprocessHook","filename":"subprocess.py","lineno":99}
{"timestamp":"2026-02-04T22:30:12.852674Z","level":"info","event":" 'full_title': 'Notebook Vaio Fe16 Intel Core I5 13ª Gen Windows 11 Home 16gb '","logger":"airflow.task.hooks.airflow.providers.standard.hooks.subprocess.SubprocessHook","filename":"subprocess.py","lineno":99}
{"timestamp":"2026-02-04T22:30:12.852734Z","level":"info","event":"               '512gb Ssd Wi-fi 6 Tela 16\" Ips Wuxga Antirreflexo - Cinza '","logger":"airflow.task.hooks.airflow.providers.standard.hooks.subprocess.SubprocessHook","filename":"subprocess.py","lineno":99}
{"timestamp":"2026-02-04T22:30:12.852769Z","level":"info","event":"               'Grafite - Vjfe62f11x-b0321h - Memória Expansível Até 64gb',","logger":"airflow.task.hooks.airflow.providers.standard.hooks.subprocess.SubprocessHook","filename":"subprocess.py","lineno":99}
{"timestamp":"2026-02-04T22:30:12.852799Z","level":"info","event":" 'memory': 'N/A',","logger":"airflow.task.hooks.airflow.providers.standard.hooks.subprocess.SubprocessHook","filename":"subprocess.py","lineno":99}
{"timestamp":"2026-02-04T22:30:12.852828Z","level":"info","event":" 'price': '5.799',","logger":"airflow.task.hooks.airflow.providers.standard.hooks.subprocess.SubprocessHook","filename":"subprocess.py","lineno":99}
{"timestamp":"2026-02-04T22:30:12.852854Z","level":"info","event":" 'rating': '4.8',","logger":"airflow.task.hooks.airflow.providers.standard.hooks.subprocess.SubprocessHook","filename":"subprocess.py","lineno":99}
{"timestamp":"2026-02-04T22:30:12.852881Z","level":"info","event":" 'short_title': 'notebook',","logger":"airflow.task.hooks.airflow.providers.standard.hooks.subprocess.SubprocessHook","filename":"subprocess.py","lineno":99}
{"timestamp":"2026-02-04T22:30:12.852907Z","level":"info","event":" 'site_name': 'mercado_livre',","logger":"airflow.task.hooks.airflow.providers.standard.hooks.subprocess.SubprocessHook","filename":"subprocess.py","lineno":99}
{"timestamp":"2026-02-04T22:30:12.852934Z","level":"info","event":" 'storage': '512gb'}","logger":"airflow.task.hooks.airflow.providers.standard.hooks.subprocess.SubprocessHook","filename":"subprocess.py","lineno":99}
{"timestamp":"2026-02-04T22:30:12.853832Z","level":"info","event":"2026-02-04 22:30:12 [scrapy.core.scraper] DEBUG: Scraped from <200 https://lista.mercadolivre.com.br/notebook>","logger":"airflow.task.hooks.airflow.providers.standard.hooks.subprocess.SubprocessHook","filename":"subprocess.py","lineno":99}
{"timestamp":"2026-02-04T22:30:12.853923Z","level":"info","event":"{'color': 'Silver',","logger":"airflow.task.hooks.airflow.providers.standard.hooks.subprocess.SubprocessHook","filename":"subprocess.py","lineno":99}
{"timestamp":"2026-02-04T22:30:12.853977Z","level":"info","event":" 'full_title': 'Notebook ASUS Vivobook Go E1504GA Intel Core i3 N305 8GB Ram '","logger":"airflow.task.hooks.airflow.providers.standard.hooks.subprocess.SubprocessHook","filename":"subprocess.py","lineno":99}
{"timestamp":"2026-02-04T22:30:12.854014Z","level":"info","event":"               '512GB SSD Windows 11 Tela 15,6\" FHD Silver - NJ435W',","logger":"airflow.task.hooks.airflow.providers.standard.hooks.subprocess.SubprocessHook","filename":"subprocess.py","lineno":99}
{"timestamp":"2026-02-04T22:30:12.854047Z","level":"info","event":" 'memory': '8GB',","logger":"airflow.task.hooks.airflow.providers.standard.hooks.subprocess.SubprocessHook","filename":"subprocess.py","lineno":99}
{"timestamp":"2026-02-04T22:30:12.854076Z","level":"info","event":" 'price': '3.299',","logger":"airflow.task.hooks.airflow.providers.standard.hooks.subprocess.SubprocessHook","filename":"subprocess.py","lineno":99}
{"timestamp":"2026-02-04T22:30:12.854104Z","level":"info","event":" 'rating': '4.9',","logger":"airflow.task.hooks.airflow.providers.standard.hooks.subprocess.SubprocessHook","filename":"subprocess.py","lineno":99}
{"timestamp":"2026-02-04T22:30:12.854131Z","level":"info","event":" 'short_title': 'notebook',","logger":"airflow.task.hooks.airflow.providers.standard.hooks.subprocess.SubprocessHook","filename":"subprocess.py","lineno":99}
{"timestamp":"2026-02-04T22:30:12.854157Z","level":"info","event":" 'site_name': 'mercado_livre',","logger":"airflow.task.hooks.airflow.providers.standard.hooks.subprocess.SubprocessHook","filename":"subprocess.py","lineno":99}
{"timestamp":"2026-02-04T22:30:12.854184Z","level":"info","event":" 'storage': '512GB'}","logger":"airflow.task.hooks.airflow.providers.standard.hooks.subprocess.SubprocessHook","filename":"subprocess.py","lineno":99}
{"timestamp":"2026-02-04T22:30:12.855135Z","level":"info","event":"2026-02-04 22:30:12 [scrapy.core.scraper] DEBUG: Scraped from <200 https://lista.mercadolivre.com.br/notebook>","logger":"airflow.task.hooks.airflow.providers.standard.hooks.subprocess.SubprocessHook","filename":"subprocess.py","lineno":99}
{"timestamp":"2026-02-04T22:30:12.855224Z","level":"info","event":"{'color': 'Black',","logger":"airflow.task.hooks.airflow.providers.standard.hooks.subprocess.SubprocessHook","filename":"subprocess.py","lineno":99}
{"timestamp":"2026-02-04T22:30:12.855275Z","level":"info","event":" 'full_title': 'Notebook ASUS TUF Gaming A15 FA506NCG RTX 3050 AMD Ryzen 7 '","logger":"airflow.task.hooks.airflow.providers.standard.hooks.subprocess.SubprocessHook","filename":"subprocess.py","lineno":99}
{"timestamp":"2026-02-04T22:30:12.855308Z","level":"info","event":"               '7445HS 16GB Ram 512GB SSD Windows 11 Tela 15,6\" 144Hz Nível '","logger":"airflow.task.hooks.airflow.providers.standard.hooks.subprocess.SubprocessHook","filename":"subprocess.py","lineno":99}
{"timestamp":"2026-02-04T22:30:12.855340Z","level":"info","event":"               'IPS FHD Black - HN217W',","logger":"airflow.task.hooks.airflow.providers.standard.hooks.subprocess.SubprocessHook","filename":"subprocess.py","lineno":99}
{"timestamp":"2026-02-04T22:30:12.855368Z","level":"info","event":" 'memory': '16GB',","logger":"airflow.task.hooks.airflow.providers.standard.hooks.subprocess.SubprocessHook","filename":"subprocess.py","lineno":99}
{"timestamp":"2026-02-04T22:30:12.855395Z","level":"info","event":" 'price': '6.299',","logger":"airflow.task.hooks.airflow.providers.standard.hooks.subprocess.SubprocessHook","filename":"subprocess.py","lineno":99}
{"timestamp":"2026-02-04T22:30:12.855421Z","level":"info","event":" 'rating': '4.8',","logger":"airflow.task.hooks.airflow.providers.standard.hooks.subprocess.SubprocessHook","filename":"subprocess.py","lineno":99}
{"timestamp":"2026-02-04T22:30:12.855446Z","level":"info","event":" 'short_title': 'notebook',","logger":"airflow.task.hooks.airflow.providers.standard.hooks.subprocess.SubprocessHook","filename":"subprocess.py","lineno":99}
{"timestamp":"2026-02-04T22:30:12.855472Z","level":"info","event":" 'site_name': 'mercado_livre',","logger":"airflow.task.hooks.airflow.providers.standard.hooks.subprocess.SubprocessHook","filename":"subprocess.py","lineno":99}
{"timestamp":"2026-02-04T22:30:12.855499Z","level":"info","event":" 'storage': '512GB'}","logger":"airflow.task.hooks.airflow.providers.standard.hooks.subprocess.SubprocessHook","filename":"subprocess.py","lineno":99}
{"timestamp":"2026-02-04T22:30:12.856394Z","level":"info","event":"2026-02-04 22:30:12 [scrapy.core.scraper] DEBUG: Scraped from <200 https://lista.mercadolivre.com.br/notebook>","logger":"airflow.task.hooks.airflow.providers.standard.hooks.subprocess.SubprocessHook","filename":"subprocess.py","lineno":99}
{"timestamp":"2026-02-04T22:30:12.856475Z","level":"info","event":"{'color': 'Gray',","logger":"airflow.task.hooks.airflow.providers.standard.hooks.subprocess.SubprocessHook","filename":"subprocess.py","lineno":99}
{"timestamp":"2026-02-04T22:30:12.856525Z","level":"info","event":" 'full_title': 'Notebook ASUS Vivobook S14 AI PC, Intel Core Ultra 5, 32GB '","logger":"airflow.task.hooks.airflow.providers.standard.hooks.subprocess.SubprocessHook","filename":"subprocess.py","lineno":99}
{"timestamp":"2026-02-04T22:30:12.856558Z","level":"info","event":"               'RAM, 1TB SSD, Windows 11 Home, Tela 14\" IPS, Matte Gray - '","logger":"airflow.task.hooks.airflow.providers.standard.hooks.subprocess.SubprocessHook","filename":"subprocess.py","lineno":99}
{"timestamp":"2026-02-04T22:30:12.856587Z","level":"info","event":"               'S3407CA-LY115W',","logger":"airflow.task.hooks.airflow.providers.standard.hooks.subprocess.SubprocessHook","filename":"subprocess.py","lineno":99}
{"timestamp":"2026-02-04T22:30:12.856614Z","level":"info","event":" 'memory': '32GB',","logger":"airflow.task.hooks.airflow.providers.standard.hooks.subprocess.SubprocessHook","filename":"subprocess.py","lineno":99}
{"timestamp":"2026-02-04T22:30:12.856642Z","level":"info","event":" 'price': '5.999',","logger":"airflow.task.hooks.airflow.providers.standard.hooks.subprocess.SubprocessHook","filename":"subprocess.py","lineno":99}
{"timestamp":"2026-02-04T22:30:12.856669Z","level":"info","event":" 'rating': '4.9',","logger":"airflow.task.hooks.airflow.providers.standard.hooks.subprocess.SubprocessHook","filename":"subprocess.py","lineno":99}
{"timestamp":"2026-02-04T22:30:12.856695Z","level":"info","event":" 'short_title': 'notebook',","logger":"airflow.task.hooks.airflow.providers.standard.hooks.subprocess.SubprocessHook","filename":"subprocess.py","lineno":99}
{"timestamp":"2026-02-04T22:30:12.856720Z","level":"info","event":" 'site_name': 'mercado_livre',","logger":"airflow.task.hooks.airflow.providers.standard.hooks.subprocess.SubprocessHook","filename":"subprocess.py","lineno":99}
{"timestamp":"2026-02-04T22:30:12.856746Z","level":"info","event":" 'storage': '1TB'}","logger":"airflow.task.hooks.airflow.providers.standard.hooks.subprocess.SubprocessHook","filename":"subprocess.py","lineno":99}
{"timestamp":"2026-02-04T22:30:12.857782Z","level":"info","event":"2026-02-04 22:30:12 [scrapy.core.scraper] DEBUG: Scraped from <200 https://lista.mercadolivre.com.br/notebook>","logger":"airflow.task.hooks.airflow.providers.standard.hooks.subprocess.SubprocessHook","filename":"subprocess.py","lineno":99}
{"timestamp":"2026-02-04T22:30:12.857864Z","level":"info","event":"{'color': 'Black',","logger":"airflow.task.hooks.airflow.providers.standard.hooks.subprocess.SubprocessHook","filename":"subprocess.py","lineno":99}
{"timestamp":"2026-02-04T22:30:12.857914Z","level":"info","event":" 'full_title': 'Notebook Asus V16 V3607vu Nvidia Rtx 4050 Intel Core 5 210h '","logger":"airflow.task.hooks.airflow.providers.standard.hooks.subprocess.SubprocessHook","filename":"subprocess.py","lineno":99}
{"timestamp":"2026-02-04T22:30:12.857947Z","level":"info","event":"               '16gb Ram 512gb Ssd Windows 11 Home Tela 16 Led Fhd 144hz Nível '","logger":"airflow.task.hooks.airflow.providers.standard.hooks.subprocess.SubprocessHook","filename":"subprocess.py","lineno":99}
{"timestamp":"2026-02-04T22:30:12.857977Z","level":"info","event":"               'Ips Black - Rp306w',","logger":"airflow.task.hooks.airflow.providers.standard.hooks.subprocess.SubprocessHook","filename":"subprocess.py","lineno":99}
{"timestamp":"2026-02-04T22:30:12.858007Z","level":"info","event":" 'memory': '16gb',","logger":"airflow.task.hooks.airflow.providers.standard.hooks.subprocess.SubprocessHook","filename":"subprocess.py","lineno":99}
{"timestamp":"2026-02-04T22:30:12.858036Z","level":"info","event":" 'price': '6.999',","logger":"airflow.task.hooks.airflow.providers.standard.hooks.subprocess.SubprocessHook","filename":"subprocess.py","lineno":99}
{"timestamp":"2026-02-04T22:30:12.858064Z","level":"info","event":" 'rating': '4.8',","logger":"airflow.task.hooks.airflow.providers.standard.hooks.subprocess.SubprocessHook","filename":"subprocess.py","lineno":99}
{"timestamp":"2026-02-04T22:30:12.858091Z","level":"info","event":" 'short_title': 'notebook',","logger":"airflow.task.hooks.airflow.providers.standard.hooks.subprocess.SubprocessHook","filename":"subprocess.py","lineno":99}
{"timestamp":"2026-02-04T22:30:12.858117Z","level":"info","event":" 'site_name': 'mercado_livre',","logger":"airflow.task.hooks.airflow.providers.standard.hooks.subprocess.SubprocessHook","filename":"subprocess.py","lineno":99}
{"timestamp":"2026-02-04T22:30:12.858143Z","level":"info","event":" 'storage': '512gb'}","logger":"airflow.task.hooks.airflow.providers.standard.hooks.subprocess.SubprocessHook","filename":"subprocess.py","lineno":99}
{"timestamp":"2026-02-04T22:30:12.859052Z","level":"info","event":"2026-02-04 22:30:12 [scrapy.core.scraper] DEBUG: Scraped from <200 https://lista.mercadolivre.com.br/notebook>","logger":"airflow.task.hooks.airflow.providers.standard.hooks.subprocess.SubprocessHook","filename":"subprocess.py","lineno":99}
{"timestamp":"2026-02-04T22:30:12.859134Z","level":"info","event":"{'color': 'Preto',","logger":"airflow.task.hooks.airflow.providers.standard.hooks.subprocess.SubprocessHook","filename":"subprocess.py","lineno":99}
{"timestamp":"2026-02-04T22:30:12.859184Z","level":"info","event":" 'full_title': 'Notebook Ultra, Windows 11 Home, Intel Celeron, 11.6. Ub210 '","logger":"airflow.task.hooks.airflow.providers.standard.hooks.subprocess.SubprocessHook","filename":"subprocess.py","lineno":99}
{"timestamp":"2026-02-04T22:30:12.859217Z","level":"info","event":"               'Preto',","logger":"airflow.task.hooks.airflow.providers.standard.hooks.subprocess.SubprocessHook","filename":"subprocess.py","lineno":99}
{"timestamp":"2026-02-04T22:30:12.859246Z","level":"info","event":" 'memory': 'N/A',","logger":"airflow.task.hooks.airflow.providers.standard.hooks.subprocess.SubprocessHook","filename":"subprocess.py","lineno":99}
{"timestamp":"2026-02-04T22:30:12.859273Z","level":"info","event":" 'price': '1.799',","logger":"airflow.task.hooks.airflow.providers.standard.hooks.subprocess.SubprocessHook","filename":"subprocess.py","lineno":99}
{"timestamp":"2026-02-04T22:30:12.859300Z","level":"info","event":" 'rating': '4.6',","logger":"airflow.task.hooks.airflow.providers.standard.hooks.subprocess.SubprocessHook","filename":"subprocess.py","lineno":99}
{"timestamp":"2026-02-04T22:30:12.859327Z","level":"info","event":" 'short_title': 'notebook',","logger":"airflow.task.hooks.airflow.providers.standard.hooks.subprocess.SubprocessHook","filename":"subprocess.py","lineno":99}
{"timestamp":"2026-02-04T22:30:12.859354Z","level":"info","event":" 'site_name': 'mercado_livre',","logger":"airflow.task.hooks.airflow.providers.standard.hooks.subprocess.SubprocessHook","filename":"subprocess.py","lineno":99}
{"timestamp":"2026-02-04T22:30:12.859381Z","level":"info","event":" 'storage': 'N/A'}","logger":"airflow.task.hooks.airflow.providers.standard.hooks.subprocess.SubprocessHook","filename":"subprocess.py","lineno":99}
{"timestamp":"2026-02-04T22:30:12.860303Z","level":"info","event":"2026-02-04 22:30:12 [scrapy.core.scraper] DEBUG: Scraped from <200 https://lista.mercadolivre.com.br/notebook>","logger":"airflow.task.hooks.airflow.providers.standard.hooks.subprocess.SubprocessHook","filename":"subprocess.py","lineno":99}
{"timestamp":"2026-02-04T22:30:12.860384Z","level":"info","event":"{'color': 'N/A',","logger":"airflow.task.hooks.airflow.providers.standard.hooks.subprocess.SubprocessHook","filename":"subprocess.py","lineno":99}
{"timestamp":"2026-02-04T22:30:12.860434Z","level":"info","event":" 'full_title': 'Notebook Vaio Fe16 Intel Core I3-1315u Linux 8gb Ram 256gb Ssd '","logger":"airflow.task.hooks.airflow.providers.standard.hooks.subprocess.SubprocessHook","filename":"subprocess.py","lineno":99}
{"timestamp":"2026-02-04T22:30:12.860467Z","level":"info","event":"               'Tela 16 Ips Wuxga Antirreflexo - Cinza Grafite - '","logger":"airflow.task.hooks.airflow.providers.standard.hooks.subprocess.SubprocessHook","filename":"subprocess.py","lineno":99}
{"timestamp":"2026-02-04T22:30:12.860496Z","level":"info","event":"               'Vjfe62f11x-b0811h',","logger":"airflow.task.hooks.airflow.providers.standard.hooks.subprocess.SubprocessHook","filename":"subprocess.py","lineno":99}
{"timestamp":"2026-02-04T22:30:12.860524Z","level":"info","event":" 'memory': '8gb',","logger":"airflow.task.hooks.airflow.providers.standard.hooks.subprocess.SubprocessHook","filename":"subprocess.py","lineno":99}
{"timestamp":"2026-02-04T22:30:12.860551Z","level":"info","event":" 'price': '3.290',","logger":"airflow.task.hooks.airflow.providers.standard.hooks.subprocess.SubprocessHook","filename":"subprocess.py","lineno":99}
{"timestamp":"2026-02-04T22:30:12.860577Z","level":"info","event":" 'rating': '4.9',","logger":"airflow.task.hooks.airflow.providers.standard.hooks.subprocess.SubprocessHook","filename":"subprocess.py","lineno":99}
{"timestamp":"2026-02-04T22:30:12.860603Z","level":"info","event":" 'short_title': 'notebook',","logger":"airflow.task.hooks.airflow.providers.standard.hooks.subprocess.SubprocessHook","filename":"subprocess.py","lineno":99}
{"timestamp":"2026-02-04T22:30:12.860630Z","level":"info","event":" 'site_name': 'mercado_livre',","logger":"airflow.task.hooks.airflow.providers.standard.hooks.subprocess.SubprocessHook","filename":"subprocess.py","lineno":99}
{"timestamp":"2026-02-04T22:30:12.860656Z","level":"info","event":" 'storage': '256gb'}","logger":"airflow.task.hooks.airflow.providers.standard.hooks.subprocess.SubprocessHook","filename":"subprocess.py","lineno":99}
{"timestamp":"2026-02-04T22:30:12.861522Z","level":"info","event":"2026-02-04 22:30:12 [scrapy.core.scraper] DEBUG: Scraped from <200 https://lista.mercadolivre.com.br/notebook>","logger":"airflow.task.hooks.airflow.providers.standard.hooks.subprocess.SubprocessHook","filename":"subprocess.py","lineno":99}
{"timestamp":"2026-02-04T22:30:12.861604Z","level":"info","event":"{'color': 'N/A',","logger":"airflow.task.hooks.airflow.providers.standard.hooks.subprocess.SubprocessHook","filename":"subprocess.py","lineno":99}
{"timestamp":"2026-02-04T22:30:12.861653Z","level":"info","event":" 'full_title': \"Notebook Multi Ultra Celeron N4020c 4gb 128gb W11 14'' Cinza\",","logger":"airflow.task.hooks.airflow.providers.standard.hooks.subprocess.SubprocessHook","filename":"subprocess.py","lineno":99}
{"timestamp":"2026-02-04T22:30:12.861685Z","level":"info","event":" 'memory': 'N/A',","logger":"airflow.task.hooks.airflow.providers.standard.hooks.subprocess.SubprocessHook","filename":"subprocess.py","lineno":99}
{"timestamp":"2026-02-04T22:30:12.861714Z","level":"info","event":" 'price': '2.064',","logger":"airflow.task.hooks.airflow.providers.standard.hooks.subprocess.SubprocessHook","filename":"subprocess.py","lineno":99}
{"timestamp":"2026-02-04T22:30:12.861742Z","level":"info","event":" 'rating': '4.6',","logger":"airflow.task.hooks.airflow.providers.standard.hooks.subprocess.SubprocessHook","filename":"subprocess.py","lineno":99}
{"timestamp":"2026-02-04T22:30:12.861769Z","level":"info","event":" 'short_title': 'notebook',","logger":"airflow.task.hooks.airflow.providers.standard.hooks.subprocess.SubprocessHook","filename":"subprocess.py","lineno":99}
{"timestamp":"2026-02-04T22:30:12.861796Z","level":"info","event":" 'site_name': 'mercado_livre',","logger":"airflow.task.hooks.airflow.providers.standard.hooks.subprocess.SubprocessHook","filename":"subprocess.py","lineno":99}
{"timestamp":"2026-02-04T22:30:12.861823Z","level":"info","event":" 'storage': 'N/A'}","logger":"airflow.task.hooks.airflow.providers.standard.hooks.subprocess.SubprocessHook","filename":"subprocess.py","lineno":99}
{"timestamp":"2026-02-04T22:30:12.862757Z","level":"info","event":"2026-02-04 22:30:12 [scrapy.core.scraper] DEBUG: Scraped from <200 https://lista.mercadolivre.com.br/notebook>","logger":"airflow.task.hooks.airflow.providers.standard.hooks.subprocess.SubprocessHook","filename":"subprocess.py","lineno":99}
{"timestamp":"2026-02-04T22:30:12.862871Z","level":"info","event":"{'color': 'Cinza',","logger":"airflow.task.hooks.airflow.providers.standard.hooks.subprocess.SubprocessHook","filename":"subprocess.py","lineno":99}
{"timestamp":"2026-02-04T22:30:12.862921Z","level":"info","event":" 'full_title': 'Notebook Rog Strix G16 G615jpr Nvidia Rtx 5070 Intel Core I9 '","logger":"airflow.task.hooks.airflow.providers.standard.hooks.subprocess.SubprocessHook","filename":"subprocess.py","lineno":99}
{"timestamp":"2026-02-04T22:30:12.862952Z","level":"info","event":"               '14900hx 32gb Ram 1tb Ssd Windows 11 Home Tela 16 240hz Led '","logger":"airflow.task.hooks.airflow.providers.standard.hooks.subprocess.SubprocessHook","filename":"subprocess.py","lineno":99}
{"timestamp":"2026-02-04T22:30:12.862981Z","level":"info","event":"               'Cinza - S5001w',","logger":"airflow.task.hooks.airflow.providers.standard.hooks.subprocess.SubprocessHook","filename":"subprocess.py","lineno":99}
{"timestamp":"2026-02-04T22:30:12.863009Z","level":"info","event":" 'memory': '32gb',","logger":"airflow.task.hooks.airflow.providers.standard.hooks.subprocess.SubprocessHook","filename":"subprocess.py","lineno":99}
{"timestamp":"2026-02-04T22:30:12.863036Z","level":"info","event":" 'price': '18.999',","logger":"airflow.task.hooks.airflow.providers.standard.hooks.subprocess.SubprocessHook","filename":"subprocess.py","lineno":99}
{"timestamp":"2026-02-04T22:30:12.863061Z","level":"info","event":" 'rating': '4.8',","logger":"airflow.task.hooks.airflow.providers.standard.hooks.subprocess.SubprocessHook","filename":"subprocess.py","lineno":99}
{"timestamp":"2026-02-04T22:30:12.863087Z","level":"info","event":" 'short_title': 'notebook',","logger":"airflow.task.hooks.airflow.providers.standard.hooks.subprocess.SubprocessHook","filename":"subprocess.py","lineno":99}
{"timestamp":"2026-02-04T22:30:12.863113Z","level":"info","event":" 'site_name': 'mercado_livre',","logger":"airflow.task.hooks.airflow.providers.standard.hooks.subprocess.SubprocessHook","filename":"subprocess.py","lineno":99}
{"timestamp":"2026-02-04T22:30:12.863138Z","level":"info","event":" 'storage': '1tb'}","logger":"airflow.task.hooks.airflow.providers.standard.hooks.subprocess.SubprocessHook","filename":"subprocess.py","lineno":99}
{"timestamp":"2026-02-04T22:30:12.864044Z","level":"info","event":"2026-02-04 22:30:12 [scrapy.core.scraper] DEBUG: Scraped from <200 https://lista.mercadolivre.com.br/notebook>","logger":"airflow.task.hooks.airflow.providers.standard.hooks.subprocess.SubprocessHook","filename":"subprocess.py","lineno":99}
{"timestamp":"2026-02-04T22:30:12.864126Z","level":"info","event":"{'color': 'Cinza',","logger":"airflow.task.hooks.airflow.providers.standard.hooks.subprocess.SubprocessHook","filename":"subprocess.py","lineno":99}
{"timestamp":"2026-02-04T22:30:12.864176Z","level":"info","event":" 'full_title': 'Notebook Asus Tuf Gaming F16 Fx608jhr Nvidia Rtx 5050 Intel '","logger":"airflow.task.hooks.airflow.providers.standard.hooks.subprocess.SubprocessHook","filename":"subprocess.py","lineno":99}
{"timestamp":"2026-02-04T22:30:12.864209Z","level":"info","event":"               'Core I7 14650hx 16gb Ram 512gb Ssd Windows 11 Home Tela 16 '","logger":"airflow.task.hooks.airflow.providers.standard.hooks.subprocess.SubprocessHook","filename":"subprocess.py","lineno":99}
{"timestamp":"2026-02-04T22:30:12.864239Z","level":"info","event":"               '165hz Nível Ips Cinza - Rv016w',","logger":"airflow.task.hooks.airflow.providers.standard.hooks.subprocess.SubprocessHook","filename":"subprocess.py","lineno":99}
{"timestamp":"2026-02-04T22:30:12.864268Z","level":"info","event":" 'memory': '16gb',","logger":"airflow.task.hooks.airflow.providers.standard.hooks.subprocess.SubprocessHook","filename":"subprocess.py","lineno":99}
{"timestamp":"2026-02-04T22:30:12.864296Z","level":"info","event":" 'price': '10.999',","logger":"airflow.task.hooks.airflow.providers.standard.hooks.subprocess.SubprocessHook","filename":"subprocess.py","lineno":99}
{"timestamp":"2026-02-04T22:30:12.864323Z","level":"info","event":" 'rating': '4.9',","logger":"airflow.task.hooks.airflow.providers.standard.hooks.subprocess.SubprocessHook","filename":"subprocess.py","lineno":99}
{"timestamp":"2026-02-04T22:30:12.864349Z","level":"info","event":" 'short_title': 'notebook',","logger":"airflow.task.hooks.airflow.providers.standard.hooks.subprocess.SubprocessHook","filename":"subprocess.py","lineno":99}
{"timestamp":"2026-02-04T22:30:12.864375Z","level":"info","event":" 'site_name': 'mercado_livre',","logger":"airflow.task.hooks.airflow.providers.standard.hooks.subprocess.SubprocessHook","filename":"subprocess.py","lineno":99}
{"timestamp":"2026-02-04T22:30:12.864400Z","level":"info","event":" 'storage': '512gb'}","logger":"airflow.task.hooks.airflow.providers.standard.hooks.subprocess.SubprocessHook","filename":"subprocess.py","lineno":99}
{"timestamp":"2026-02-04T22:30:18.324860Z","level":"info","event":"2026-02-04 22:30:18 [scrapy.core.engine] DEBUG: Crawled (200) <GET https://lista.mercadolivre.com.br/smartphone#D%5BA:smartphone%5D> (referer: None)","logger":"airflow.task.hooks.airflow.providers.standard.hooks.subprocess.SubprocessHook","filename":"subprocess.py","lineno":99}
{"timestamp":"2026-02-04T22:30:18.482609Z","level":"info","event":"2026-02-04 22:30:18 [scrapy.core.scraper] DEBUG: Scraped from <200 https://lista.mercadolivre.com.br/smartphone>","logger":"airflow.task.hooks.airflow.providers.standard.hooks.subprocess.SubprocessHook","filename":"subprocess.py","lineno":99}
{"timestamp":"2026-02-04T22:30:18.482831Z","level":"info","event":"{'color': 'Preto',","logger":"airflow.task.hooks.airflow.providers.standard.hooks.subprocess.SubprocessHook","filename":"subprocess.py","lineno":99}
{"timestamp":"2026-02-04T22:30:18.482888Z","level":"info","event":" 'full_title': 'Celular Samsung Galaxy A16 128gb 4gb Ram Câmera 50mp Tela 6.7 '","logger":"airflow.task.hooks.airflow.providers.standard.hooks.subprocess.SubprocessHook","filename":"subprocess.py","lineno":99}
{"timestamp":"2026-02-04T22:30:18.482929Z","level":"info","event":"               'Nfc Preto',","logger":"airflow.task.hooks.airflow.providers.standard.hooks.subprocess.SubprocessHook","filename":"subprocess.py","lineno":99}
{"timestamp":"2026-02-04T22:30:18.482964Z","level":"info","event":" 'memory': '4gb',","logger":"airflow.task.hooks.airflow.providers.standard.hooks.subprocess.SubprocessHook","filename":"subprocess.py","lineno":99}
{"timestamp":"2026-02-04T22:30:18.482993Z","level":"info","event":" 'price': '1.999',","logger":"airflow.task.hooks.airflow.providers.standard.hooks.subprocess.SubprocessHook","filename":"subprocess.py","lineno":99}
{"timestamp":"2026-02-04T22:30:18.483021Z","level":"info","event":" 'rating': '4.9',","logger":"airflow.task.hooks.airflow.providers.standard.hooks.subprocess.SubprocessHook","filename":"subprocess.py","lineno":99}
{"timestamp":"2026-02-04T22:30:18.483048Z","level":"info","event":" 'short_title': 'smartphone',","logger":"airflow.task.hooks.airflow.providers.standard.hooks.subprocess.SubprocessHook","filename":"subprocess.py","lineno":99}
{"timestamp":"2026-02-04T22:30:18.483099Z","level":"info","event":" 'site_name': 'mercado_livre',","logger":"airflow.task.hooks.airflow.providers.standard.hooks.subprocess.SubprocessHook","filename":"subprocess.py","lineno":99}
{"timestamp":"2026-02-04T22:30:18.483129Z","level":"info","event":" 'storage': 'N/A'}","logger":"airflow.task.hooks.airflow.providers.standard.hooks.subprocess.SubprocessHook","filename":"subprocess.py","lineno":99}
{"timestamp":"2026-02-04T22:30:18.495619Z","level":"info","event":"2026-02-04 22:30:18 [scrapy.core.scraper] DEBUG: Scraped from <200 https://lista.mercadolivre.com.br/smartphone>","logger":"airflow.task.hooks.airflow.providers.standard.hooks.subprocess.SubprocessHook","filename":"subprocess.py","lineno":99}
{"timestamp":"2026-02-04T22:30:18.495804Z","level":"info","event":"{'color': 'N/A',","logger":"airflow.task.hooks.airflow.providers.standard.hooks.subprocess.SubprocessHook","filename":"subprocess.py","lineno":99}
{"timestamp":"2026-02-04T22:30:18.495861Z","level":"info","event":" 'full_title': 'Celular Samsung Galaxy A17 Com Ia, 256gb, 8gb Ram, Câm De '","logger":"airflow.task.hooks.airflow.providers.standard.hooks.subprocess.SubprocessHook","filename":"subprocess.py","lineno":99}
{"timestamp":"2026-02-04T22:30:18.495900Z","level":"info","event":"               '50mp, Tela De 6.7 , Nfc, Ip54 - Preto',","logger":"airflow.task.hooks.airflow.providers.standard.hooks.subprocess.SubprocessHook","filename":"subprocess.py","lineno":99}
{"timestamp":"2026-02-04T22:30:18.495933Z","level":"info","event":" 'memory': '8gb',","logger":"airflow.task.hooks.airflow.providers.standard.hooks.subprocess.SubprocessHook","filename":"subprocess.py","lineno":99}
{"timestamp":"2026-02-04T22:30:18.495962Z","level":"info","event":" 'price': '1.562',","logger":"airflow.task.hooks.airflow.providers.standard.hooks.subprocess.SubprocessHook","filename":"subprocess.py","lineno":99}
{"timestamp":"2026-02-04T22:30:18.495989Z","level":"info","event":" 'rating': '4.9',","logger":"airflow.task.hooks.airflow.providers.standard.hooks.subprocess.SubprocessHook","filename":"subprocess.py","lineno":99}
{"timestamp":"2026-02-04T22:30:18.496015Z","level":"info","event":" 'short_title': 'smartphone',","logger":"airflow.task.hooks.airflow.providers.standard.hooks.subprocess.SubprocessHook","filename":"subprocess.py","lineno":99}
{"timestamp":"2026-02-04T22:30:18.496042Z","level":"info","event":" 'site_name': 'mercado_livre',","logger":"airflow.task.hooks.airflow.providers.standard.hooks.subprocess.SubprocessHook","filename":"subprocess.py","lineno":99}
{"timestamp":"2026-02-04T22:30:18.496069Z","level":"info","event":" 'storage': 'N/A'}","logger":"airflow.task.hooks.airflow.providers.standard.hooks.subprocess.SubprocessHook","filename":"subprocess.py","lineno":99}
{"timestamp":"2026-02-04T22:30:18.497302Z","level":"info","event":"2026-02-04 22:30:18 [scrapy.core.scraper] DEBUG: Scraped from <200 https://lista.mercadolivre.com.br/smartphone>","logger":"airflow.task.hooks.airflow.providers.standard.hooks.subprocess.SubprocessHook","filename":"subprocess.py","lineno":99}
{"timestamp":"2026-02-04T22:30:18.497406Z","level":"info","event":"{'color': 'Azul',","logger":"airflow.task.hooks.airflow.providers.standard.hooks.subprocess.SubprocessHook","filename":"subprocess.py","lineno":99}
{"timestamp":"2026-02-04T22:30:18.497457Z","level":"info","event":" 'full_title': 'Smartphone Motorola Moto G15 - 128gb 12gb (4gb Ram+8gb Ram '","logger":"airflow.task.hooks.airflow.providers.standard.hooks.subprocess.SubprocessHook","filename":"subprocess.py","lineno":99}
{"timestamp":"2026-02-04T22:30:18.497495Z","level":"info","event":"               'Boost) E Camera 50mp Com Ai E Night Vision Bateria De 5200 Mah '","logger":"airflow.task.hooks.airflow.providers.standard.hooks.subprocess.SubprocessHook","filename":"subprocess.py","lineno":99}
{"timestamp":"2026-02-04T22:30:18.497526Z","level":"info","event":"               'Tela Fhd+ 6.7 Com Superbrilho Nfc Azul Claro',","logger":"airflow.task.hooks.airflow.providers.standard.hooks.subprocess.SubprocessHook","filename":"subprocess.py","lineno":99}
{"timestamp":"2026-02-04T22:30:18.497556Z","level":"info","event":" 'memory': '4gb',","logger":"airflow.task.hooks.airflow.providers.standard.hooks.subprocess.SubprocessHook","filename":"subprocess.py","lineno":99}
{"timestamp":"2026-02-04T22:30:18.497583Z","level":"info","event":" 'price': '1.099',","logger":"airflow.task.hooks.airflow.providers.standard.hooks.subprocess.SubprocessHook","filename":"subprocess.py","lineno":99}
{"timestamp":"2026-02-04T22:30:18.497609Z","level":"info","event":" 'rating': '4.8',","logger":"airflow.task.hooks.airflow.providers.standard.hooks.subprocess.SubprocessHook","filename":"subprocess.py","lineno":99}
{"timestamp":"2026-02-04T22:30:18.497636Z","level":"info","event":" 'short_title': 'smartphone',","logger":"airflow.task.hooks.airflow.providers.standard.hooks.subprocess.SubprocessHook","filename":"subprocess.py","lineno":99}
{"timestamp":"2026-02-04T22:30:18.497663Z","level":"info","event":" 'site_name': 'mercado_livre',","logger":"airflow.task.hooks.airflow.providers.standard.hooks.subprocess.SubprocessHook","filename":"subprocess.py","lineno":99}
{"timestamp":"2026-02-04T22:30:18.497689Z","level":"info","event":" 'storage': 'N/A'}","logger":"airflow.task.hooks.airflow.providers.standard.hooks.subprocess.SubprocessHook","filename":"subprocess.py","lineno":99}
{"timestamp":"2026-02-04T22:30:18.499127Z","level":"info","event":"2026-02-04 22:30:18 [scrapy.core.scraper] DEBUG: Scraped from <200 https://lista.mercadolivre.com.br/smartphone>","logger":"airflow.task.hooks.airflow.providers.standard.hooks.subprocess.SubprocessHook","filename":"subprocess.py","lineno":99}
{"timestamp":"2026-02-04T22:30:18.499261Z","level":"info","event":"{'color': 'N/A',","logger":"airflow.task.hooks.airflow.providers.standard.hooks.subprocess.SubprocessHook","filename":"subprocess.py","lineno":99}
{"timestamp":"2026-02-04T22:30:18.499315Z","level":"info","event":" 'full_title': 'Smartphone Motorola Moto G06 - 128gb 12gb (4gb Ram + 8gb Ram '","logger":"airflow.task.hooks.airflow.providers.standard.hooks.subprocess.SubprocessHook","filename":"subprocess.py","lineno":99}
{"timestamp":"2026-02-04T22:30:18.499352Z","level":"info","event":"               'Boost) E Camera 50mp Com Ai Bateria De 5200 Mah Tela 6.9 - '","logger":"airflow.task.hooks.airflow.providers.standard.hooks.subprocess.SubprocessHook","filename":"subprocess.py","lineno":99}
{"timestamp":"2026-02-04T22:30:18.499385Z","level":"info","event":"               'Azul Marinho',","logger":"airflow.task.hooks.airflow.providers.standard.hooks.subprocess.SubprocessHook","filename":"subprocess.py","lineno":99}
{"timestamp":"2026-02-04T22:30:18.499414Z","level":"info","event":" 'memory': '4gb',","logger":"airflow.task.hooks.airflow.providers.standard.hooks.subprocess.SubprocessHook","filename":"subprocess.py","lineno":99}
{"timestamp":"2026-02-04T22:30:18.499441Z","level":"info","event":" 'price': '999',","logger":"airflow.task.hooks.airflow.providers.standard.hooks.subprocess.SubprocessHook","filename":"subprocess.py","lineno":99}
{"timestamp":"2026-02-04T22:30:18.499469Z","level":"info","event":" 'rating': '4.9',","logger":"airflow.task.hooks.airflow.providers.standard.hooks.subprocess.SubprocessHook","filename":"subprocess.py","lineno":99}
{"timestamp":"2026-02-04T22:30:18.499495Z","level":"info","event":" 'short_title': 'smartphone',","logger":"airflow.task.hooks.airflow.providers.standard.hooks.subprocess.SubprocessHook","filename":"subprocess.py","lineno":99}
{"timestamp":"2026-02-04T22:30:18.499523Z","level":"info","event":" 'site_name': 'mercado_livre',","logger":"airflow.task.hooks.airflow.providers.standard.hooks.subprocess.SubprocessHook","filename":"subprocess.py","lineno":99}
{"timestamp":"2026-02-04T22:30:18.499582Z","level":"info","event":" 'storage': 'N/A'}","logger":"airflow.task.hooks.airflow.providers.standard.hooks.subprocess.SubprocessHook","filename":"subprocess.py","lineno":99}
{"timestamp":"2026-02-04T22:30:18.500745Z","level":"info","event":"2026-02-04 22:30:18 [scrapy.core.scraper] DEBUG: Scraped from <200 https://lista.mercadolivre.com.br/smartphone>","logger":"airflow.task.hooks.airflow.providers.standard.hooks.subprocess.SubprocessHook","filename":"subprocess.py","lineno":99}
{"timestamp":"2026-02-04T22:30:18.500856Z","level":"info","event":"{'color': 'N/A',","logger":"airflow.task.hooks.airflow.providers.standard.hooks.subprocess.SubprocessHook","filename":"subprocess.py","lineno":99}
{"timestamp":"2026-02-04T22:30:18.500908Z","level":"info","event":" 'full_title': 'Celular Smartphone Realme C73 256gb 8gb Ram Dual Sim 120hz '","logger":"airflow.task.hooks.airflow.providers.standard.hooks.subprocess.SubprocessHook","filename":"subprocess.py","lineno":99}
{"timestamp":"2026-02-04T22:30:18.500942Z","level":"info","event":"               '6000mAh Violeta',","logger":"airflow.task.hooks.airflow.providers.standard.hooks.subprocess.SubprocessHook","filename":"subprocess.py","lineno":99}
{"timestamp":"2026-02-04T22:30:18.500973Z","level":"info","event":" 'memory': '8gb',","logger":"airflow.task.hooks.airflow.providers.standard.hooks.subprocess.SubprocessHook","filename":"subprocess.py","lineno":99}
{"timestamp":"2026-02-04T22:30:18.501001Z","level":"info","event":" 'price': '1.999',","logger":"airflow.task.hooks.airflow.providers.standard.hooks.subprocess.SubprocessHook","filename":"subprocess.py","lineno":99}
{"timestamp":"2026-02-04T22:30:18.501028Z","level":"info","event":" 'rating': '4.9',","logger":"airflow.task.hooks.airflow.providers.standard.hooks.subprocess.SubprocessHook","filename":"subprocess.py","lineno":99}
{"timestamp":"2026-02-04T22:30:18.501053Z","level":"info","event":" 'short_title': 'smartphone',","logger":"airflow.task.hooks.airflow.providers.standard.hooks.subprocess.SubprocessHook","filename":"subprocess.py","lineno":99}
{"timestamp":"2026-02-04T22:30:18.501079Z","level":"info","event":" 'site_name': 'mercado_livre',","logger":"airflow.task.hooks.airflow.providers.standard.hooks.subprocess.SubprocessHook","filename":"subprocess.py","lineno":99}
{"timestamp":"2026-02-04T22:30:18.501105Z","level":"info","event":" 'storage': 'N/A'}","logger":"airflow.task.hooks.airflow.providers.standard.hooks.subprocess.SubprocessHook","filename":"subprocess.py","lineno":99}
{"timestamp":"2026-02-04T22:30:18.502308Z","level":"info","event":"2026-02-04 22:30:18 [scrapy.core.scraper] DEBUG: Scraped from <200 https://lista.mercadolivre.com.br/smartphone>","logger":"airflow.task.hooks.airflow.providers.standard.hooks.subprocess.SubprocessHook","filename":"subprocess.py","lineno":99}
{"timestamp":"2026-02-04T22:30:18.502420Z","level":"info","event":"{'color': 'N/A',","logger":"airflow.task.hooks.airflow.providers.standard.hooks.subprocess.SubprocessHook","filename":"subprocess.py","lineno":99}
{"timestamp":"2026-02-04T22:30:18.502473Z","level":"info","event":" 'full_title': 'Smartphone Motorola Moto g35 5G - 128GB 12GB (4GB RAM+8GB Ram '","logger":"airflow.task.hooks.airflow.providers.standard.hooks.subprocess.SubprocessHook","filename":"subprocess.py","lineno":99}
{"timestamp":"2026-02-04T22:30:18.502509Z","level":"info","event":"               'Boost) e Camera 50MP com AI NFC Tela 6.7\" com Superbrilho - '","logger":"airflow.task.hooks.airflow.providers.standard.hooks.subprocess.SubprocessHook","filename":"subprocess.py","lineno":99}
{"timestamp":"2026-02-04T22:30:18.502541Z","level":"info","event":"               'Verde - Vegan Leather',","logger":"airflow.task.hooks.airflow.providers.standard.hooks.subprocess.SubprocessHook","filename":"subprocess.py","lineno":99}
{"timestamp":"2026-02-04T22:30:18.502571Z","level":"info","event":" 'memory': '4GB',","logger":"airflow.task.hooks.airflow.providers.standard.hooks.subprocess.SubprocessHook","filename":"subprocess.py","lineno":99}
{"timestamp":"2026-02-04T22:30:18.502598Z","level":"info","event":" 'price': '1.121',","logger":"airflow.task.hooks.airflow.providers.standard.hooks.subprocess.SubprocessHook","filename":"subprocess.py","lineno":99}
{"timestamp":"2026-02-04T22:30:18.502625Z","level":"info","event":" 'rating': '4.8',","logger":"airflow.task.hooks.airflow.providers.standard.hooks.subprocess.SubprocessHook","filename":"subprocess.py","lineno":99}
{"timestamp":"2026-02-04T22:30:18.502652Z","level":"info","event":" 'short_title': 'smartphone',","logger":"airflow.task.hooks.airflow.providers.standard.hooks.subprocess.SubprocessHook","filename":"subprocess.py","lineno":99}
{"timestamp":"2026-02-04T22:30:18.502678Z","level":"info","event":" 'site_name': 'mercado_livre',","logger":"airflow.task.hooks.airflow.providers.standard.hooks.subprocess.SubprocessHook","filename":"subprocess.py","lineno":99}
{"timestamp":"2026-02-04T22:30:18.502704Z","level":"info","event":" 'storage': 'N/A'}","logger":"airflow.task.hooks.airflow.providers.standard.hooks.subprocess.SubprocessHook","filename":"subprocess.py","lineno":99}
{"timestamp":"2026-02-04T22:30:18.503892Z","level":"info","event":"2026-02-04 22:30:18 [scrapy.core.scraper] DEBUG: Scraped from <200 https://lista.mercadolivre.com.br/smartphone>","logger":"airflow.task.hooks.airflow.providers.standard.hooks.subprocess.SubprocessHook","filename":"subprocess.py","lineno":99}
{"timestamp":"2026-02-04T22:30:18.503994Z","level":"info","event":"{'color': 'N/A',","logger":"airflow.task.hooks.airflow.providers.standard.hooks.subprocess.SubprocessHook","filename":"subprocess.py","lineno":99}
{"timestamp":"2026-02-04T22:30:18.504047Z","level":"info","event":" 'full_title': 'Smartphone Multi F 2 Dual SIM 32GB Dourado 1GB RAM',","logger":"airflow.task.hooks.airflow.providers.standard.hooks.subprocess.SubprocessHook","filename":"subprocess.py","lineno":99}
{"timestamp":"2026-02-04T22:30:18.504084Z","level":"info","event":" 'memory': '1GB',","logger":"airflow.task.hooks.airflow.providers.standard.hooks.subprocess.SubprocessHook","filename":"subprocess.py","lineno":99}
{"timestamp":"2026-02-04T22:30:18.504116Z","level":"info","event":" 'price': '559',","logger":"airflow.task.hooks.airflow.providers.standard.hooks.subprocess.SubprocessHook","filename":"subprocess.py","lineno":99}
{"timestamp":"2026-02-04T22:30:18.504146Z","level":"info","event":" 'rating': '4.0',","logger":"airflow.task.hooks.airflow.providers.standard.hooks.subprocess.SubprocessHook","filename":"subprocess.py","lineno":99}
{"timestamp":"2026-02-04T22:30:18.504174Z","level":"info","event":" 'short_title': 'smartphone',","logger":"airflow.task.hooks.airflow.providers.standard.hooks.subprocess.SubprocessHook","filename":"subprocess.py","lineno":99}
{"timestamp":"2026-02-04T22:30:18.504201Z","level":"info","event":" 'site_name': 'mercado_livre',","logger":"airflow.task.hooks.airflow.providers.standard.hooks.subprocess.SubprocessHook","filename":"subprocess.py","lineno":99}
{"timestamp":"2026-02-04T22:30:18.504228Z","level":"info","event":" 'storage': 'N/A'}","logger":"airflow.task.hooks.airflow.providers.standard.hooks.subprocess.SubprocessHook","filename":"subprocess.py","lineno":99}
{"timestamp":"2026-02-04T22:30:18.505332Z","level":"info","event":"2026-02-04 22:30:18 [scrapy.core.scraper] DEBUG: Scraped from <200 https://lista.mercadolivre.com.br/smartphone>","logger":"airflow.task.hooks.airflow.providers.standard.hooks.subprocess.SubprocessHook","filename":"subprocess.py","lineno":99}
{"timestamp":"2026-02-04T22:30:18.505425Z","level":"info","event":"{'color': 'N/A',","logger":"airflow.task.hooks.airflow.providers.standard.hooks.subprocess.SubprocessHook","filename":"subprocess.py","lineno":99}
{"timestamp":"2026-02-04T22:30:18.505476Z","level":"info","event":" 'full_title': 'Smartphone Motorola Moto G15 - 256gb 12gb (4gb Ram+8gb Ram '","logger":"airflow.task.hooks.airflow.providers.standard.hooks.subprocess.SubprocessHook","filename":"subprocess.py","lineno":99}
{"timestamp":"2026-02-04T22:30:18.505509Z","level":"info","event":"               'Boost) E Camera 50mp Com Ai E Night Vision Bateria De 5200 Mah '","logger":"airflow.task.hooks.airflow.providers.standard.hooks.subprocess.SubprocessHook","filename":"subprocess.py","lineno":99}
{"timestamp":"2026-02-04T22:30:18.505540Z","level":"info","event":"               'Tela Fhd+ 6.7 Com Superbrilho Nfc - Grafite',","logger":"airflow.task.hooks.airflow.providers.standard.hooks.subprocess.SubprocessHook","filename":"subprocess.py","lineno":99}
{"timestamp":"2026-02-04T22:30:18.505569Z","level":"info","event":" 'memory': '4gb',","logger":"airflow.task.hooks.airflow.providers.standard.hooks.subprocess.SubprocessHook","filename":"subprocess.py","lineno":99}
{"timestamp":"2026-02-04T22:30:18.505597Z","level":"info","event":" 'price': '1.199',","logger":"airflow.task.hooks.airflow.providers.standard.hooks.subprocess.SubprocessHook","filename":"subprocess.py","lineno":99}
{"timestamp":"2026-02-04T22:30:18.505623Z","level":"info","event":" 'rating': '4.8',","logger":"airflow.task.hooks.airflow.providers.standard.hooks.subprocess.SubprocessHook","filename":"subprocess.py","lineno":99}
{"timestamp":"2026-02-04T22:30:18.505652Z","level":"info","event":" 'short_title': 'smartphone',","logger":"airflow.task.hooks.airflow.providers.standard.hooks.subprocess.SubprocessHook","filename":"subprocess.py","lineno":99}
{"timestamp":"2026-02-04T22:30:18.505679Z","level":"info","event":" 'site_name': 'mercado_livre',","logger":"airflow.task.hooks.airflow.providers.standard.hooks.subprocess.SubprocessHook","filename":"subprocess.py","lineno":99}
{"timestamp":"2026-02-04T22:30:18.505705Z","level":"info","event":" 'storage': 'N/A'}","logger":"airflow.task.hooks.airflow.providers.standard.hooks.subprocess.SubprocessHook","filename":"subprocess.py","lineno":99}
{"timestamp":"2026-02-04T22:30:18.506974Z","level":"info","event":"2026-02-04 22:30:18 [scrapy.core.scraper] DEBUG: Scraped from <200 https://lista.mercadolivre.com.br/smartphone>","logger":"airflow.task.hooks.airflow.providers.standard.hooks.subprocess.SubprocessHook","filename":"subprocess.py","lineno":99}
{"timestamp":"2026-02-04T22:30:18.507098Z","level":"info","event":"{'color': 'Preto',","logger":"airflow.task.hooks.airflow.providers.standard.hooks.subprocess.SubprocessHook","filename":"subprocess.py","lineno":99}
{"timestamp":"2026-02-04T22:30:18.507151Z","level":"info","event":" 'full_title': 'Xiaomi Redmi Note 14 Pro Amoled Fhd 6,67 Pol 5g 8gb Ram 256gb '","logger":"airflow.task.hooks.airflow.providers.standard.hooks.subprocess.SubprocessHook","filename":"subprocess.py","lineno":99}
{"timestamp":"2026-02-04T22:30:18.507189Z","level":"info","event":"               'Câmera 200mp Preto Smartphone Original',","logger":"airflow.task.hooks.airflow.providers.standard.hooks.subprocess.SubprocessHook","filename":"subprocess.py","lineno":99}
{"timestamp":"2026-02-04T22:30:18.507222Z","level":"info","event":" 'memory': '8gb',","logger":"airflow.task.hooks.airflow.providers.standard.hooks.subprocess.SubprocessHook","filename":"subprocess.py","lineno":99}
{"timestamp":"2026-02-04T22:30:18.507252Z","level":"info","event":" 'price': '3.185',","logger":"airflow.task.hooks.airflow.providers.standard.hooks.subprocess.SubprocessHook","filename":"subprocess.py","lineno":99}
{"timestamp":"2026-02-04T22:30:18.507281Z","level":"info","event":" 'rating': '4.8',","logger":"airflow.task.hooks.airflow.providers.standard.hooks.subprocess.SubprocessHook","filename":"subprocess.py","lineno":99}
{"timestamp":"2026-02-04T22:30:18.507309Z","level":"info","event":" 'short_title': 'smartphone',","logger":"airflow.task.hooks.airflow.providers.standard.hooks.subprocess.SubprocessHook","filename":"subprocess.py","lineno":99}
{"timestamp":"2026-02-04T22:30:18.507337Z","level":"info","event":" 'site_name': 'mercado_livre',","logger":"airflow.task.hooks.airflow.providers.standard.hooks.subprocess.SubprocessHook","filename":"subprocess.py","lineno":99}
{"timestamp":"2026-02-04T22:30:18.507364Z","level":"info","event":" 'storage': 'N/A'}","logger":"airflow.task.hooks.airflow.providers.standard.hooks.subprocess.SubprocessHook","filename":"subprocess.py","lineno":99}
{"timestamp":"2026-02-04T22:30:18.509016Z","level":"info","event":"2026-02-04 22:30:18 [scrapy.core.scraper] DEBUG: Scraped from <200 https://lista.mercadolivre.com.br/smartphone>","logger":"airflow.task.hooks.airflow.providers.standard.hooks.subprocess.SubprocessHook","filename":"subprocess.py","lineno":99}
{"timestamp":"2026-02-04T22:30:18.509146Z","level":"info","event":"{'color': 'N/A',","logger":"airflow.task.hooks.airflow.providers.standard.hooks.subprocess.SubprocessHook","filename":"subprocess.py","lineno":99}
{"timestamp":"2026-02-04T22:30:18.509204Z","level":"info","event":" 'full_title': 'Celular Samsung Galaxy A07 256gb, 8gb, Câmera 50mp, Tela 6.7 , '","logger":"airflow.task.hooks.airflow.providers.standard.hooks.subprocess.SubprocessHook","filename":"subprocess.py","lineno":99}
{"timestamp":"2026-02-04T22:30:18.509247Z","level":"info","event":"               'Proteção Ip54, Processador 6nm - Preto',","logger":"airflow.task.hooks.airflow.providers.standard.hooks.subprocess.SubprocessHook","filename":"subprocess.py","lineno":99}
{"timestamp":"2026-02-04T22:30:18.509281Z","level":"info","event":" 'memory': 'N/A',","logger":"airflow.task.hooks.airflow.providers.standard.hooks.subprocess.SubprocessHook","filename":"subprocess.py","lineno":99}
{"timestamp":"2026-02-04T22:30:18.509312Z","level":"info","event":" 'price': '947',","logger":"airflow.task.hooks.airflow.providers.standard.hooks.subprocess.SubprocessHook","filename":"subprocess.py","lineno":99}
{"timestamp":"2026-02-04T22:30:18.509341Z","level":"info","event":" 'rating': '4.9',","logger":"airflow.task.hooks.airflow.providers.standard.hooks.subprocess.SubprocessHook","filename":"subprocess.py","lineno":99}
{"timestamp":"2026-02-04T22:30:18.509367Z","level":"info","event":" 'short_title': 'smartphone',","logger":"airflow.task.hooks.airflow.providers.standard.hooks.subprocess.SubprocessHook","filename":"subprocess.py","lineno":99}
{"timestamp":"2026-02-04T22:30:18.509395Z","level":"info","event":" 'site_name': 'mercado_livre',","logger":"airflow.task.hooks.airflow.providers.standard.hooks.subprocess.SubprocessHook","filename":"subprocess.py","lineno":99}
{"timestamp":"2026-02-04T22:30:18.509421Z","level":"info","event":" 'storage': 'N/A'}","logger":"airflow.task.hooks.airflow.providers.standard.hooks.subprocess.SubprocessHook","filename":"subprocess.py","lineno":99}
{"timestamp":"2026-02-04T22:30:18.510763Z","level":"info","event":"2026-02-04 22:30:18 [scrapy.core.scraper] DEBUG: Scraped from <200 https://lista.mercadolivre.com.br/smartphone>","logger":"airflow.task.hooks.airflow.providers.standard.hooks.subprocess.SubprocessHook","filename":"subprocess.py","lineno":99}
{"timestamp":"2026-02-04T22:30:18.510945Z","level":"info","event":"{'color': 'N/A',","logger":"airflow.task.hooks.airflow.providers.standard.hooks.subprocess.SubprocessHook","filename":"subprocess.py","lineno":99}
{"timestamp":"2026-02-04T22:30:18.511081Z","level":"info","event":" 'full_title': 'Celular Smartphone Realme C73 256gb 8gb Ram Dual Sim 120hz '","logger":"airflow.task.hooks.airflow.providers.standard.hooks.subprocess.SubprocessHook","filename":"subprocess.py","lineno":99}
{"timestamp":"2026-02-04T22:30:18.511154Z","level":"info","event":"               '6000mAh Violeta',","logger":"airflow.task.hooks.airflow.providers.standard.hooks.subprocess.SubprocessHook","filename":"subprocess.py","lineno":99}
{"timestamp":"2026-02-04T22:30:18.511220Z","level":"info","event":" 'memory': '8gb',","logger":"airflow.task.hooks.airflow.providers.standard.hooks.subprocess.SubprocessHook","filename":"subprocess.py","lineno":99}
{"timestamp":"2026-02-04T22:30:18.511283Z","level":"info","event":" 'price': '1.999',","logger":"airflow.task.hooks.airflow.providers.standard.hooks.subprocess.SubprocessHook","filename":"subprocess.py","lineno":99}
{"timestamp":"2026-02-04T22:30:18.511345Z","level":"info","event":" 'rating': '4.9',","logger":"airflow.task.hooks.airflow.providers.standard.hooks.subprocess.SubprocessHook","filename":"subprocess.py","lineno":99}
{"timestamp":"2026-02-04T22:30:18.511411Z","level":"info","event":" 'short_title': 'smartphone',","logger":"airflow.task.hooks.airflow.providers.standard.hooks.subprocess.SubprocessHook","filename":"subprocess.py","lineno":99}
{"timestamp":"2026-02-04T22:30:18.511473Z","level":"info","event":" 'site_name': 'mercado_livre',","logger":"airflow.task.hooks.airflow.providers.standard.hooks.subprocess.SubprocessHook","filename":"subprocess.py","lineno":99}
{"timestamp":"2026-02-04T22:30:18.511577Z","level":"info","event":" 'storage': 'N/A'}","logger":"airflow.task.hooks.airflow.providers.standard.hooks.subprocess.SubprocessHook","filename":"subprocess.py","lineno":99}
{"timestamp":"2026-02-04T22:30:18.512641Z","level":"info","event":"2026-02-04 22:30:18 [scrapy.core.scraper] DEBUG: Scraped from <200 https://lista.mercadolivre.com.br/smartphone>","logger":"airflow.task.hooks.airflow.providers.standard.hooks.subprocess.SubprocessHook","filename":"subprocess.py","lineno":99}
{"timestamp":"2026-02-04T22:30:18.512766Z","level":"info","event":"{'color': 'N/A',","logger":"airflow.task.hooks.airflow.providers.standard.hooks.subprocess.SubprocessHook","filename":"subprocess.py","lineno":99}
{"timestamp":"2026-02-04T22:30:18.512821Z","level":"info","event":" 'full_title': 'Smartphone Realme C63 Dual SIM 256GB Green 8GB RAM',","logger":"airflow.task.hooks.airflow.providers.standard.hooks.subprocess.SubprocessHook","filename":"subprocess.py","lineno":99}
{"timestamp":"2026-02-04T22:30:18.512859Z","level":"info","event":" 'memory': '8GB',","logger":"airflow.task.hooks.airflow.providers.standard.hooks.subprocess.SubprocessHook","filename":"subprocess.py","lineno":99}
{"timestamp":"2026-02-04T22:30:18.512891Z","level":"info","event":" 'price': '1.599',","logger":"airflow.task.hooks.airflow.providers.standard.hooks.subprocess.SubprocessHook","filename":"subprocess.py","lineno":99}
{"timestamp":"2026-02-04T22:30:18.513062Z","level":"info","event":" 'rating': '4.8',","logger":"airflow.task.hooks.airflow.providers.standard.hooks.subprocess.SubprocessHook","filename":"subprocess.py","lineno":99}
{"timestamp":"2026-02-04T22:30:18.513141Z","level":"info","event":" 'short_title': 'smartphone',","logger":"airflow.task.hooks.airflow.providers.standard.hooks.subprocess.SubprocessHook","filename":"subprocess.py","lineno":99}
{"timestamp":"2026-02-04T22:30:18.513221Z","level":"info","event":" 'site_name': 'mercado_livre',","logger":"airflow.task.hooks.airflow.providers.standard.hooks.subprocess.SubprocessHook","filename":"subprocess.py","lineno":99}
{"timestamp":"2026-02-04T22:30:18.513292Z","level":"info","event":" 'storage': 'N/A'}","logger":"airflow.task.hooks.airflow.providers.standard.hooks.subprocess.SubprocessHook","filename":"subprocess.py","lineno":99}
{"timestamp":"2026-02-04T22:30:18.515822Z","level":"info","event":"2026-02-04 22:30:18 [scrapy.core.scraper] DEBUG: Scraped from <200 https://lista.mercadolivre.com.br/smartphone>","logger":"airflow.task.hooks.airflow.providers.standard.hooks.subprocess.SubprocessHook","filename":"subprocess.py","lineno":99}
{"timestamp":"2026-02-04T22:30:18.516001Z","level":"info","event":"{'color': 'N/A',","logger":"airflow.task.hooks.airflow.providers.standard.hooks.subprocess.SubprocessHook","filename":"subprocess.py","lineno":99}
{"timestamp":"2026-02-04T22:30:18.516060Z","level":"info","event":" 'full_title': 'Smartphone Motorola Moto g05 - 128GB 12GB (4GB RAM + 8GB Ram '","logger":"airflow.task.hooks.airflow.providers.standard.hooks.subprocess.SubprocessHook","filename":"subprocess.py","lineno":99}
{"timestamp":"2026-02-04T22:30:18.516098Z","level":"info","event":"               'Boost) e Camera 50MP com AI Bateria de 5200 mAh Tela 6.7\" com '","logger":"airflow.task.hooks.airflow.providers.standard.hooks.subprocess.SubprocessHook","filename":"subprocess.py","lineno":99}
{"timestamp":"2026-02-04T22:30:18.516229Z","level":"info","event":"               'Superbrilho - Cinza',","logger":"airflow.task.hooks.airflow.providers.standard.hooks.subprocess.SubprocessHook","filename":"subprocess.py","lineno":99}
{"timestamp":"2026-02-04T22:30:18.516270Z","level":"info","event":" 'memory': '4GB',","logger":"airflow.task.hooks.airflow.providers.standard.hooks.subprocess.SubprocessHook","filename":"subprocess.py","lineno":99}
{"timestamp":"2026-02-04T22:30:18.516301Z","level":"info","event":" 'price': '955',","logger":"airflow.task.hooks.airflow.providers.standard.hooks.subprocess.SubprocessHook","filename":"subprocess.py","lineno":99}
{"timestamp":"2026-02-04T22:30:18.516330Z","level":"info","event":" 'rating': '4.9',","logger":"airflow.task.hooks.airflow.providers.standard.hooks.subprocess.SubprocessHook","filename":"subprocess.py","lineno":99}
{"timestamp":"2026-02-04T22:30:18.516358Z","level":"info","event":" 'short_title': 'smartphone',","logger":"airflow.task.hooks.airflow.providers.standard.hooks.subprocess.SubprocessHook","filename":"subprocess.py","lineno":99}
{"timestamp":"2026-02-04T22:30:18.516385Z","level":"info","event":" 'site_name': 'mercado_livre',","logger":"airflow.task.hooks.airflow.providers.standard.hooks.subprocess.SubprocessHook","filename":"subprocess.py","lineno":99}
{"timestamp":"2026-02-04T22:30:18.516412Z","level":"info","event":" 'storage': 'N/A'}","logger":"airflow.task.hooks.airflow.providers.standard.hooks.subprocess.SubprocessHook","filename":"subprocess.py","lineno":99}
{"timestamp":"2026-02-04T22:30:18.517718Z","level":"info","event":"2026-02-04 22:30:18 [scrapy.core.scraper] DEBUG: Scraped from <200 https://lista.mercadolivre.com.br/smartphone>","logger":"airflow.task.hooks.airflow.providers.standard.hooks.subprocess.SubprocessHook","filename":"subprocess.py","lineno":99}
{"timestamp":"2026-02-04T22:30:18.517822Z","level":"info","event":"{'color': 'N/A',","logger":"airflow.task.hooks.airflow.providers.standard.hooks.subprocess.SubprocessHook","filename":"subprocess.py","lineno":99}
{"timestamp":"2026-02-04T22:30:18.517875Z","level":"info","event":" 'full_title': 'Smartphone Motorola Edge 60 Fusion 5g - 256gb 16gb (8gb '","logger":"airflow.task.hooks.airflow.providers.standard.hooks.subprocess.SubprocessHook","filename":"subprocess.py","lineno":99}
{"timestamp":"2026-02-04T22:30:18.517914Z","level":"info","event":"               'Ram+8gb Ram Boost) 50mp Sony Ai Camera Ip68 Nfc - Cinza Vegan '","logger":"airflow.task.hooks.airflow.providers.standard.hooks.subprocess.SubprocessHook","filename":"subprocess.py","lineno":99}
{"timestamp":"2026-02-04T22:30:18.517947Z","level":"info","event":"               'Leather',","logger":"airflow.task.hooks.airflow.providers.standard.hooks.subprocess.SubprocessHook","filename":"subprocess.py","lineno":99}
{"timestamp":"2026-02-04T22:30:18.517976Z","level":"info","event":" 'memory': '8gb',","logger":"airflow.task.hooks.airflow.providers.standard.hooks.subprocess.SubprocessHook","filename":"subprocess.py","lineno":99}
{"timestamp":"2026-02-04T22:30:18.518003Z","level":"info","event":" 'price': '2.999',","logger":"airflow.task.hooks.airflow.providers.standard.hooks.subprocess.SubprocessHook","filename":"subprocess.py","lineno":99}
{"timestamp":"2026-02-04T22:30:18.518030Z","level":"info","event":" 'rating': '4.9',","logger":"airflow.task.hooks.airflow.providers.standard.hooks.subprocess.SubprocessHook","filename":"subprocess.py","lineno":99}
{"timestamp":"2026-02-04T22:30:18.518056Z","level":"info","event":" 'short_title': 'smartphone',","logger":"airflow.task.hooks.airflow.providers.standard.hooks.subprocess.SubprocessHook","filename":"subprocess.py","lineno":99}
{"timestamp":"2026-02-04T22:30:18.518082Z","level":"info","event":" 'site_name': 'mercado_livre',","logger":"airflow.task.hooks.airflow.providers.standard.hooks.subprocess.SubprocessHook","filename":"subprocess.py","lineno":99}
{"timestamp":"2026-02-04T22:30:18.518110Z","level":"info","event":" 'storage': 'N/A'}","logger":"airflow.task.hooks.airflow.providers.standard.hooks.subprocess.SubprocessHook","filename":"subprocess.py","lineno":99}
{"timestamp":"2026-02-04T22:30:18.519208Z","level":"info","event":"2026-02-04 22:30:18 [scrapy.core.scraper] DEBUG: Scraped from <200 https://lista.mercadolivre.com.br/smartphone>","logger":"airflow.task.hooks.airflow.providers.standard.hooks.subprocess.SubprocessHook","filename":"subprocess.py","lineno":99}
{"timestamp":"2026-02-04T22:30:18.519305Z","level":"info","event":"{'color': 'N/A',","logger":"airflow.task.hooks.airflow.providers.standard.hooks.subprocess.SubprocessHook","filename":"subprocess.py","lineno":99}
{"timestamp":"2026-02-04T22:30:18.519358Z","level":"info","event":" 'full_title': 'Smartphone Motorola Moto G35 5g - 256gb 12gb (4gb Ram+8gb Ram '","logger":"airflow.task.hooks.airflow.providers.standard.hooks.subprocess.SubprocessHook","filename":"subprocess.py","lineno":99}
{"timestamp":"2026-02-04T22:30:18.519395Z","level":"info","event":"               'Boost) E Camera 50mp Com Ai Nfc Tela 6.7 Com Superbrilho - '","logger":"airflow.task.hooks.airflow.providers.standard.hooks.subprocess.SubprocessHook","filename":"subprocess.py","lineno":99}
{"timestamp":"2026-02-04T22:30:18.519426Z","level":"info","event":"               'Coral - Vegan Leather',","logger":"airflow.task.hooks.airflow.providers.standard.hooks.subprocess.SubprocessHook","filename":"subprocess.py","lineno":99}
{"timestamp":"2026-02-04T22:30:18.519456Z","level":"info","event":" 'memory': '4gb',","logger":"airflow.task.hooks.airflow.providers.standard.hooks.subprocess.SubprocessHook","filename":"subprocess.py","lineno":99}
{"timestamp":"2026-02-04T22:30:18.519482Z","level":"info","event":" 'price': '1.863',","logger":"airflow.task.hooks.airflow.providers.standard.hooks.subprocess.SubprocessHook","filename":"subprocess.py","lineno":99}
{"timestamp":"2026-02-04T22:30:18.519509Z","level":"info","event":" 'rating': '4.8',","logger":"airflow.task.hooks.airflow.providers.standard.hooks.subprocess.SubprocessHook","filename":"subprocess.py","lineno":99}
{"timestamp":"2026-02-04T22:30:18.519536Z","level":"info","event":" 'short_title': 'smartphone',","logger":"airflow.task.hooks.airflow.providers.standard.hooks.subprocess.SubprocessHook","filename":"subprocess.py","lineno":99}
{"timestamp":"2026-02-04T22:30:18.519562Z","level":"info","event":" 'site_name': 'mercado_livre',","logger":"airflow.task.hooks.airflow.providers.standard.hooks.subprocess.SubprocessHook","filename":"subprocess.py","lineno":99}
{"timestamp":"2026-02-04T22:30:18.519587Z","level":"info","event":" 'storage': 'N/A'}","logger":"airflow.task.hooks.airflow.providers.standard.hooks.subprocess.SubprocessHook","filename":"subprocess.py","lineno":99}
{"timestamp":"2026-02-04T22:30:18.520607Z","level":"info","event":"2026-02-04 22:30:18 [scrapy.core.scraper] DEBUG: Scraped from <200 https://lista.mercadolivre.com.br/smartphone>","logger":"airflow.task.hooks.airflow.providers.standard.hooks.subprocess.SubprocessHook","filename":"subprocess.py","lineno":99}
{"timestamp":"2026-02-04T22:30:18.520701Z","level":"info","event":"{'color': 'Azul',","logger":"airflow.task.hooks.airflow.providers.standard.hooks.subprocess.SubprocessHook","filename":"subprocess.py","lineno":99}
{"timestamp":"2026-02-04T22:30:18.520755Z","level":"info","event":" 'full_title': 'Smartphone Samsung Galaxy A06 4gb 64gb Dual Sim Lte Azul',","logger":"airflow.task.hooks.airflow.providers.standard.hooks.subprocess.SubprocessHook","filename":"subprocess.py","lineno":99}
{"timestamp":"2026-02-04T22:30:18.520793Z","level":"info","event":" 'memory': 'N/A',","logger":"airflow.task.hooks.airflow.providers.standard.hooks.subprocess.SubprocessHook","filename":"subprocess.py","lineno":99}
{"timestamp":"2026-02-04T22:30:18.520825Z","level":"info","event":" 'price': '832',","logger":"airflow.task.hooks.airflow.providers.standard.hooks.subprocess.SubprocessHook","filename":"subprocess.py","lineno":99}
{"timestamp":"2026-02-04T22:30:18.520853Z","level":"info","event":" 'rating': None,","logger":"airflow.task.hooks.airflow.providers.standard.hooks.subprocess.SubprocessHook","filename":"subprocess.py","lineno":99}
{"timestamp":"2026-02-04T22:30:18.520881Z","level":"info","event":" 'short_title': 'smartphone',","logger":"airflow.task.hooks.airflow.providers.standard.hooks.subprocess.SubprocessHook","filename":"subprocess.py","lineno":99}
{"timestamp":"2026-02-04T22:30:18.520908Z","level":"info","event":" 'site_name': 'mercado_livre',","logger":"airflow.task.hooks.airflow.providers.standard.hooks.subprocess.SubprocessHook","filename":"subprocess.py","lineno":99}
{"timestamp":"2026-02-04T22:30:18.520934Z","level":"info","event":" 'storage': 'N/A'}","logger":"airflow.task.hooks.airflow.providers.standard.hooks.subprocess.SubprocessHook","filename":"subprocess.py","lineno":99}
{"timestamp":"2026-02-04T22:30:18.521912Z","level":"info","event":"2026-02-04 22:30:18 [scrapy.core.scraper] DEBUG: Scraped from <200 https://lista.mercadolivre.com.br/smartphone>","logger":"airflow.task.hooks.airflow.providers.standard.hooks.subprocess.SubprocessHook","filename":"subprocess.py","lineno":99}
{"timestamp":"2026-02-04T22:30:18.522007Z","level":"info","event":"{'color': 'N/A',","logger":"airflow.task.hooks.airflow.providers.standard.hooks.subprocess.SubprocessHook","filename":"subprocess.py","lineno":99}
{"timestamp":"2026-02-04T22:30:18.522072Z","level":"info","event":" 'full_title': 'Smartphone Samsung Galaxy A36 5G 256GB 8GB RAM',","logger":"airflow.task.hooks.airflow.providers.standard.hooks.subprocess.SubprocessHook","filename":"subprocess.py","lineno":99}
{"timestamp":"2026-02-04T22:30:18.522117Z","level":"info","event":" 'memory': '8GB',","logger":"airflow.task.hooks.airflow.providers.standard.hooks.subprocess.SubprocessHook","filename":"subprocess.py","lineno":99}
{"timestamp":"2026-02-04T22:30:18.522155Z","level":"info","event":" 'price': '2.999',","logger":"airflow.task.hooks.airflow.providers.standard.hooks.subprocess.SubprocessHook","filename":"subprocess.py","lineno":99}
{"timestamp":"2026-02-04T22:30:18.522185Z","level":"info","event":" 'rating': '4.9',","logger":"airflow.task.hooks.airflow.providers.standard.hooks.subprocess.SubprocessHook","filename":"subprocess.py","lineno":99}
{"timestamp":"2026-02-04T22:30:18.522213Z","level":"info","event":" 'short_title': 'smartphone',","logger":"airflow.task.hooks.airflow.providers.standard.hooks.subprocess.SubprocessHook","filename":"subprocess.py","lineno":99}
{"timestamp":"2026-02-04T22:30:18.522241Z","level":"info","event":" 'site_name': 'mercado_livre',","logger":"airflow.task.hooks.airflow.providers.standard.hooks.subprocess.SubprocessHook","filename":"subprocess.py","lineno":99}
{"timestamp":"2026-02-04T22:30:18.522268Z","level":"info","event":" 'storage': 'N/A'}","logger":"airflow.task.hooks.airflow.providers.standard.hooks.subprocess.SubprocessHook","filename":"subprocess.py","lineno":99}
{"timestamp":"2026-02-04T22:30:18.523438Z","level":"info","event":"2026-02-04 22:30:18 [scrapy.core.scraper] DEBUG: Scraped from <200 https://lista.mercadolivre.com.br/smartphone>","logger":"airflow.task.hooks.airflow.providers.standard.hooks.subprocess.SubprocessHook","filename":"subprocess.py","lineno":99}
{"timestamp":"2026-02-04T22:30:18.523568Z","level":"info","event":"{'color': 'N/A',","logger":"airflow.task.hooks.airflow.providers.standard.hooks.subprocess.SubprocessHook","filename":"subprocess.py","lineno":99}
{"timestamp":"2026-02-04T22:30:18.523637Z","level":"info","event":" 'full_title': 'Smartphone Motorola Moto G56 5g - 256gb 16gb (8gb Ram+8gb Ram '","logger":"airflow.task.hooks.airflow.providers.standard.hooks.subprocess.SubprocessHook","filename":"subprocess.py","lineno":99}
{"timestamp":"2026-02-04T22:30:18.523686Z","level":"info","event":"               'Boost) Camera 50mp Sony Lytia 600 Ultrarresistencia Militar e '","logger":"airflow.task.hooks.airflow.providers.standard.hooks.subprocess.SubprocessHook","filename":"subprocess.py","lineno":99}
{"timestamp":"2026-02-04T22:30:18.523737Z","level":"info","event":"               'Ip68 + Ip69 - Cinza',","logger":"airflow.task.hooks.airflow.providers.standard.hooks.subprocess.SubprocessHook","filename":"subprocess.py","lineno":99}
{"timestamp":"2026-02-04T22:30:18.523780Z","level":"info","event":" 'memory': '8gb',","logger":"airflow.task.hooks.airflow.providers.standard.hooks.subprocess.SubprocessHook","filename":"subprocess.py","lineno":99}
{"timestamp":"2026-02-04T22:30:18.523819Z","level":"info","event":" 'price': '1.999',","logger":"airflow.task.hooks.airflow.providers.standard.hooks.subprocess.SubprocessHook","filename":"subprocess.py","lineno":99}
{"timestamp":"2026-02-04T22:30:18.523848Z","level":"info","event":" 'rating': '4.9',","logger":"airflow.task.hooks.airflow.providers.standard.hooks.subprocess.SubprocessHook","filename":"subprocess.py","lineno":99}
{"timestamp":"2026-02-04T22:30:18.523875Z","level":"info","event":" 'short_title': 'smartphone',","logger":"airflow.task.hooks.airflow.providers.standard.hooks.subprocess.SubprocessHook","filename":"subprocess.py","lineno":99}
{"timestamp":"2026-02-04T22:30:18.523902Z","level":"info","event":" 'site_name': 'mercado_livre',","logger":"airflow.task.hooks.airflow.providers.standard.hooks.subprocess.SubprocessHook","filename":"subprocess.py","lineno":99}
{"timestamp":"2026-02-04T22:30:18.523928Z","level":"info","event":" 'storage': 'N/A'}","logger":"airflow.task.hooks.airflow.providers.standard.hooks.subprocess.SubprocessHook","filename":"subprocess.py","lineno":99}
{"timestamp":"2026-02-04T22:30:18.525309Z","level":"info","event":"2026-02-04 22:30:18 [scrapy.core.scraper] DEBUG: Scraped from <200 https://lista.mercadolivre.com.br/smartphone>","logger":"airflow.task.hooks.airflow.providers.standard.hooks.subprocess.SubprocessHook","filename":"subprocess.py","lineno":99}
{"timestamp":"2026-02-04T22:30:18.525436Z","level":"info","event":"{'color': 'N/A',","logger":"airflow.task.hooks.airflow.providers.standard.hooks.subprocess.SubprocessHook","filename":"subprocess.py","lineno":99}
{"timestamp":"2026-02-04T22:30:18.525495Z","level":"info","event":" 'full_title': 'Smartphone Samsung Galaxy A36 5g 128gb 6gb Ram Câmera Tripla '","logger":"airflow.task.hooks.airflow.providers.standard.hooks.subprocess.SubprocessHook","filename":"subprocess.py","lineno":99}
{"timestamp":"2026-02-04T22:30:18.525538Z","level":"info","event":"               \"De Até 50mp Selfie De 12mp Ip67 Super Amoled 6.7'' Nfc \"","logger":"airflow.task.hooks.airflow.providers.standard.hooks.subprocess.SubprocessHook","filename":"subprocess.py","lineno":99}
{"timestamp":"2026-02-04T22:30:18.525573Z","level":"info","event":"               'Recursos Ai Android E Segurança Snapdragon - Preto',","logger":"airflow.task.hooks.airflow.providers.standard.hooks.subprocess.SubprocessHook","filename":"subprocess.py","lineno":99}
{"timestamp":"2026-02-04T22:30:18.525603Z","level":"info","event":" 'memory': '6gb',","logger":"airflow.task.hooks.airflow.providers.standard.hooks.subprocess.SubprocessHook","filename":"subprocess.py","lineno":99}
{"timestamp":"2026-02-04T22:30:18.525649Z","level":"info","event":" 'price': '2.699',","logger":"airflow.task.hooks.airflow.providers.standard.hooks.subprocess.SubprocessHook","filename":"subprocess.py","lineno":99}
{"timestamp":"2026-02-04T22:30:18.525693Z","level":"info","event":" 'rating': '4.9',","logger":"airflow.task.hooks.airflow.providers.standard.hooks.subprocess.SubprocessHook","filename":"subprocess.py","lineno":99}
{"timestamp":"2026-02-04T22:30:18.525731Z","level":"info","event":" 'short_title': 'smartphone',","logger":"airflow.task.hooks.airflow.providers.standard.hooks.subprocess.SubprocessHook","filename":"subprocess.py","lineno":99}
{"timestamp":"2026-02-04T22:30:18.525767Z","level":"info","event":" 'site_name': 'mercado_livre',","logger":"airflow.task.hooks.airflow.providers.standard.hooks.subprocess.SubprocessHook","filename":"subprocess.py","lineno":99}
{"timestamp":"2026-02-04T22:30:18.525803Z","level":"info","event":" 'storage': 'N/A'}","logger":"airflow.task.hooks.airflow.providers.standard.hooks.subprocess.SubprocessHook","filename":"subprocess.py","lineno":99}
{"timestamp":"2026-02-04T22:30:18.526966Z","level":"info","event":"2026-02-04 22:30:18 [scrapy.core.scraper] DEBUG: Scraped from <200 https://lista.mercadolivre.com.br/smartphone>","logger":"airflow.task.hooks.airflow.providers.standard.hooks.subprocess.SubprocessHook","filename":"subprocess.py","lineno":99}
{"timestamp":"2026-02-04T22:30:18.527082Z","level":"info","event":"{'color': 'N/A',","logger":"airflow.task.hooks.airflow.providers.standard.hooks.subprocess.SubprocessHook","filename":"subprocess.py","lineno":99}
{"timestamp":"2026-02-04T22:30:18.527138Z","level":"info","event":" 'full_title': 'Smartphone Motorola Moto g35 5G - 256GB 12GB (4GB RAM+8GB Ram '","logger":"airflow.task.hooks.airflow.providers.standard.hooks.subprocess.SubprocessHook","filename":"subprocess.py","lineno":99}
{"timestamp":"2026-02-04T22:30:18.527181Z","level":"info","event":"               'Boost) e Camera 50MP com AI NFC Tela 6.7\" com Superbrilho - '","logger":"airflow.task.hooks.airflow.providers.standard.hooks.subprocess.SubprocessHook","filename":"subprocess.py","lineno":99}
{"timestamp":"2026-02-04T22:30:18.527220Z","level":"info","event":"               'Cinza',","logger":"airflow.task.hooks.airflow.providers.standard.hooks.subprocess.SubprocessHook","filename":"subprocess.py","lineno":99}
{"timestamp":"2026-02-04T22:30:18.527256Z","level":"info","event":" 'memory': '4GB',","logger":"airflow.task.hooks.airflow.providers.standard.hooks.subprocess.SubprocessHook","filename":"subprocess.py","lineno":99}
{"timestamp":"2026-02-04T22:30:18.527286Z","level":"info","event":" 'price': '1.730',","logger":"airflow.task.hooks.airflow.providers.standard.hooks.subprocess.SubprocessHook","filename":"subprocess.py","lineno":99}
{"timestamp":"2026-02-04T22:30:18.527313Z","level":"info","event":" 'rating': '4.8',","logger":"airflow.task.hooks.airflow.providers.standard.hooks.subprocess.SubprocessHook","filename":"subprocess.py","lineno":99}
{"timestamp":"2026-02-04T22:30:18.527340Z","level":"info","event":" 'short_title': 'smartphone',","logger":"airflow.task.hooks.airflow.providers.standard.hooks.subprocess.SubprocessHook","filename":"subprocess.py","lineno":99}
{"timestamp":"2026-02-04T22:30:18.527375Z","level":"info","event":" 'site_name': 'mercado_livre',","logger":"airflow.task.hooks.airflow.providers.standard.hooks.subprocess.SubprocessHook","filename":"subprocess.py","lineno":99}
{"timestamp":"2026-02-04T22:30:18.527411Z","level":"info","event":" 'storage': 'N/A'}","logger":"airflow.task.hooks.airflow.providers.standard.hooks.subprocess.SubprocessHook","filename":"subprocess.py","lineno":99}
{"timestamp":"2026-02-04T22:30:18.528439Z","level":"info","event":"2026-02-04 22:30:18 [scrapy.core.scraper] DEBUG: Scraped from <200 https://lista.mercadolivre.com.br/smartphone>","logger":"airflow.task.hooks.airflow.providers.standard.hooks.subprocess.SubprocessHook","filename":"subprocess.py","lineno":99}
{"timestamp":"2026-02-04T22:30:18.528536Z","level":"info","event":"{'color': 'N/A',","logger":"airflow.task.hooks.airflow.providers.standard.hooks.subprocess.SubprocessHook","filename":"subprocess.py","lineno":99}
{"timestamp":"2026-02-04T22:30:18.528590Z","level":"info","event":" 'full_title': 'Celular Samsung Galaxy A17 Com Ia, 256gb, 8gb Ram, Câm De '","logger":"airflow.task.hooks.airflow.providers.standard.hooks.subprocess.SubprocessHook","filename":"subprocess.py","lineno":99}
{"timestamp":"2026-02-04T22:30:18.528627Z","level":"info","event":"               '50mp, Tela De 6.7 , Nfc, Ip54 - Preto',","logger":"airflow.task.hooks.airflow.providers.standard.hooks.subprocess.SubprocessHook","filename":"subprocess.py","lineno":99}
{"timestamp":"2026-02-04T22:30:18.528659Z","level":"info","event":" 'memory': '8gb',","logger":"airflow.task.hooks.airflow.providers.standard.hooks.subprocess.SubprocessHook","filename":"subprocess.py","lineno":99}
{"timestamp":"2026-02-04T22:30:18.528688Z","level":"info","event":" 'price': '1.749',","logger":"airflow.task.hooks.airflow.providers.standard.hooks.subprocess.SubprocessHook","filename":"subprocess.py","lineno":99}
{"timestamp":"2026-02-04T22:30:18.528715Z","level":"info","event":" 'rating': '4.9',","logger":"airflow.task.hooks.airflow.providers.standard.hooks.subprocess.SubprocessHook","filename":"subprocess.py","lineno":99}
{"timestamp":"2026-02-04T22:30:18.528742Z","level":"info","event":" 'short_title': 'smartphone',","logger":"airflow.task.hooks.airflow.providers.standard.hooks.subprocess.SubprocessHook","filename":"subprocess.py","lineno":99}
{"timestamp":"2026-02-04T22:30:18.528769Z","level":"info","event":" 'site_name': 'mercado_livre',","logger":"airflow.task.hooks.airflow.providers.standard.hooks.subprocess.SubprocessHook","filename":"subprocess.py","lineno":99}
{"timestamp":"2026-02-04T22:30:18.528797Z","level":"info","event":" 'storage': 'N/A'}","logger":"airflow.task.hooks.airflow.providers.standard.hooks.subprocess.SubprocessHook","filename":"subprocess.py","lineno":99}
{"timestamp":"2026-02-04T22:30:18.529809Z","level":"info","event":"2026-02-04 22:30:18 [scrapy.core.scraper] DEBUG: Scraped from <200 https://lista.mercadolivre.com.br/smartphone>","logger":"airflow.task.hooks.airflow.providers.standard.hooks.subprocess.SubprocessHook","filename":"subprocess.py","lineno":99}
{"timestamp":"2026-02-04T22:30:18.529897Z","level":"info","event":"{'color': 'Verde',","logger":"airflow.task.hooks.airflow.providers.standard.hooks.subprocess.SubprocessHook","filename":"subprocess.py","lineno":99}
{"timestamp":"2026-02-04T22:30:18.529947Z","level":"info","event":" 'full_title': 'Smartphone Moto G86 5g 512gb Verde-escuro Motorola',","logger":"airflow.task.hooks.airflow.providers.standard.hooks.subprocess.SubprocessHook","filename":"subprocess.py","lineno":99}
{"timestamp":"2026-02-04T22:30:18.529981Z","level":"info","event":" 'memory': 'N/A',","logger":"airflow.task.hooks.airflow.providers.standard.hooks.subprocess.SubprocessHook","filename":"subprocess.py","lineno":99}
{"timestamp":"2026-02-04T22:30:18.530012Z","level":"info","event":" 'price': '2.999',","logger":"airflow.task.hooks.airflow.providers.standard.hooks.subprocess.SubprocessHook","filename":"subprocess.py","lineno":99}
{"timestamp":"2026-02-04T22:30:18.530040Z","level":"info","event":" 'rating': '4.9',","logger":"airflow.task.hooks.airflow.providers.standard.hooks.subprocess.SubprocessHook","filename":"subprocess.py","lineno":99}
{"timestamp":"2026-02-04T22:30:18.530067Z","level":"info","event":" 'short_title': 'smartphone',","logger":"airflow.task.hooks.airflow.providers.standard.hooks.subprocess.SubprocessHook","filename":"subprocess.py","lineno":99}
{"timestamp":"2026-02-04T22:30:18.530094Z","level":"info","event":" 'site_name': 'mercado_livre',","logger":"airflow.task.hooks.airflow.providers.standard.hooks.subprocess.SubprocessHook","filename":"subprocess.py","lineno":99}
{"timestamp":"2026-02-04T22:30:18.530121Z","level":"info","event":" 'storage': 'N/A'}","logger":"airflow.task.hooks.airflow.providers.standard.hooks.subprocess.SubprocessHook","filename":"subprocess.py","lineno":99}
{"timestamp":"2026-02-04T22:30:18.531337Z","level":"info","event":"2026-02-04 22:30:18 [scrapy.core.scraper] DEBUG: Scraped from <200 https://lista.mercadolivre.com.br/smartphone>","logger":"airflow.task.hooks.airflow.providers.standard.hooks.subprocess.SubprocessHook","filename":"subprocess.py","lineno":99}
{"timestamp":"2026-02-04T22:30:18.531465Z","level":"info","event":"{'color': 'N/A',","logger":"airflow.task.hooks.airflow.providers.standard.hooks.subprocess.SubprocessHook","filename":"subprocess.py","lineno":99}
{"timestamp":"2026-02-04T22:30:18.531523Z","level":"info","event":" 'full_title': 'Smartphone Motorola Moto G06 - 128gb 12gb (4gb Ram + 8gb Ram '","logger":"airflow.task.hooks.airflow.providers.standard.hooks.subprocess.SubprocessHook","filename":"subprocess.py","lineno":99}
{"timestamp":"2026-02-04T22:30:18.531568Z","level":"info","event":"               'Boost) E Camera 50mp Com Ai Bateria De 5200 Mah Tela 6.9 - '","logger":"airflow.task.hooks.airflow.providers.standard.hooks.subprocess.SubprocessHook","filename":"subprocess.py","lineno":99}
{"timestamp":"2026-02-04T22:30:18.531613Z","level":"info","event":"               'Laranja',","logger":"airflow.task.hooks.airflow.providers.standard.hooks.subprocess.SubprocessHook","filename":"subprocess.py","lineno":99}
{"timestamp":"2026-02-04T22:30:18.531657Z","level":"info","event":" 'memory': '4gb',","logger":"airflow.task.hooks.airflow.providers.standard.hooks.subprocess.SubprocessHook","filename":"subprocess.py","lineno":99}
{"timestamp":"2026-02-04T22:30:18.531690Z","level":"info","event":" 'price': '999',","logger":"airflow.task.hooks.airflow.providers.standard.hooks.subprocess.SubprocessHook","filename":"subprocess.py","lineno":99}
{"timestamp":"2026-02-04T22:30:18.531724Z","level":"info","event":" 'rating': '4.9',","logger":"airflow.task.hooks.airflow.providers.standard.hooks.subprocess.SubprocessHook","filename":"subprocess.py","lineno":99}
{"timestamp":"2026-02-04T22:30:18.531756Z","level":"info","event":" 'short_title': 'smartphone',","logger":"airflow.task.hooks.airflow.providers.standard.hooks.subprocess.SubprocessHook","filename":"subprocess.py","lineno":99}
{"timestamp":"2026-02-04T22:30:18.531784Z","level":"info","event":" 'site_name': 'mercado_livre',","logger":"airflow.task.hooks.airflow.providers.standard.hooks.subprocess.SubprocessHook","filename":"subprocess.py","lineno":99}
{"timestamp":"2026-02-04T22:30:18.531812Z","level":"info","event":" 'storage': 'N/A'}","logger":"airflow.task.hooks.airflow.providers.standard.hooks.subprocess.SubprocessHook","filename":"subprocess.py","lineno":99}
{"timestamp":"2026-02-04T22:30:18.533304Z","level":"info","event":"2026-02-04 22:30:18 [scrapy.core.scraper] DEBUG: Scraped from <200 https://lista.mercadolivre.com.br/smartphone>","logger":"airflow.task.hooks.airflow.providers.standard.hooks.subprocess.SubprocessHook","filename":"subprocess.py","lineno":99}
{"timestamp":"2026-02-04T22:30:18.533449Z","level":"info","event":"{'color': 'N/A',","logger":"airflow.task.hooks.airflow.providers.standard.hooks.subprocess.SubprocessHook","filename":"subprocess.py","lineno":99}
{"timestamp":"2026-02-04T22:30:18.533507Z","level":"info","event":" 'full_title': 'Smartphone Samsung Galaxy A36 5G 128GB 6GB RAM Câmera Tripla '","logger":"airflow.task.hooks.airflow.providers.standard.hooks.subprocess.SubprocessHook","filename":"subprocess.py","lineno":99}
{"timestamp":"2026-02-04T22:30:18.533547Z","level":"info","event":"               \"de até 50MP Selfie de 12MP IP67 Super AMOLED 6.7'' NFC \"","logger":"airflow.task.hooks.airflow.providers.standard.hooks.subprocess.SubprocessHook","filename":"subprocess.py","lineno":99}
{"timestamp":"2026-02-04T22:30:18.533581Z","level":"info","event":"               'Recursos AI Android e Segurança Snapdragon - Branco',","logger":"airflow.task.hooks.airflow.providers.standard.hooks.subprocess.SubprocessHook","filename":"subprocess.py","lineno":99}
{"timestamp":"2026-02-04T22:30:18.533611Z","level":"info","event":" 'memory': '6GB',","logger":"airflow.task.hooks.airflow.providers.standard.hooks.subprocess.SubprocessHook","filename":"subprocess.py","lineno":99}
{"timestamp":"2026-02-04T22:30:18.533639Z","level":"info","event":" 'price': '2.699',","logger":"airflow.task.hooks.airflow.providers.standard.hooks.subprocess.SubprocessHook","filename":"subprocess.py","lineno":99}
{"timestamp":"2026-02-04T22:30:18.533667Z","level":"info","event":" 'rating': '4.9',","logger":"airflow.task.hooks.airflow.providers.standard.hooks.subprocess.SubprocessHook","filename":"subprocess.py","lineno":99}
{"timestamp":"2026-02-04T22:30:18.533693Z","level":"info","event":" 'short_title': 'smartphone',","logger":"airflow.task.hooks.airflow.providers.standard.hooks.subprocess.SubprocessHook","filename":"subprocess.py","lineno":99}
{"timestamp":"2026-02-04T22:30:18.533720Z","level":"info","event":" 'site_name': 'mercado_livre',","logger":"airflow.task.hooks.airflow.providers.standard.hooks.subprocess.SubprocessHook","filename":"subprocess.py","lineno":99}
{"timestamp":"2026-02-04T22:30:18.533754Z","level":"info","event":" 'storage': 'N/A'}","logger":"airflow.task.hooks.airflow.providers.standard.hooks.subprocess.SubprocessHook","filename":"subprocess.py","lineno":99}
{"timestamp":"2026-02-04T22:30:18.535390Z","level":"info","event":"2026-02-04 22:30:18 [scrapy.core.scraper] DEBUG: Scraped from <200 https://lista.mercadolivre.com.br/smartphone>","logger":"airflow.task.hooks.airflow.providers.standard.hooks.subprocess.SubprocessHook","filename":"subprocess.py","lineno":99}
{"timestamp":"2026-02-04T22:30:18.535504Z","level":"info","event":"{'color': 'N/A',","logger":"airflow.task.hooks.airflow.providers.standard.hooks.subprocess.SubprocessHook","filename":"subprocess.py","lineno":99}
{"timestamp":"2026-02-04T22:30:18.535557Z","level":"info","event":" 'full_title': 'Smartphone Motorola Edge 60 Neo 5G - 256GB 24GB (12GB RAM + '","logger":"airflow.task.hooks.airflow.providers.standard.hooks.subprocess.SubprocessHook","filename":"subprocess.py","lineno":99}
{"timestamp":"2026-02-04T22:30:18.535592Z","level":"info","event":"               '12GB Ram Boost) 50MP Sony Camera Moto AI e tela 1.5K Super HD '","logger":"airflow.task.hooks.airflow.providers.standard.hooks.subprocess.SubprocessHook","filename":"subprocess.py","lineno":99}
{"timestamp":"2026-02-04T22:30:18.535623Z","level":"info","event":"               '- Latte',","logger":"airflow.task.hooks.airflow.providers.standard.hooks.subprocess.SubprocessHook","filename":"subprocess.py","lineno":99}
{"timestamp":"2026-02-04T22:30:18.535652Z","level":"info","event":" 'memory': '12GB',","logger":"airflow.task.hooks.airflow.providers.standard.hooks.subprocess.SubprocessHook","filename":"subprocess.py","lineno":99}
{"timestamp":"2026-02-04T22:30:18.535680Z","level":"info","event":" 'price': '3.499',","logger":"airflow.task.hooks.airflow.providers.standard.hooks.subprocess.SubprocessHook","filename":"subprocess.py","lineno":99}
{"timestamp":"2026-02-04T22:30:18.535708Z","level":"info","event":" 'rating': '4.9',","logger":"airflow.task.hooks.airflow.providers.standard.hooks.subprocess.SubprocessHook","filename":"subprocess.py","lineno":99}
{"timestamp":"2026-02-04T22:30:18.535734Z","level":"info","event":" 'short_title': 'smartphone',","logger":"airflow.task.hooks.airflow.providers.standard.hooks.subprocess.SubprocessHook","filename":"subprocess.py","lineno":99}
{"timestamp":"2026-02-04T22:30:18.535759Z","level":"info","event":" 'site_name': 'mercado_livre',","logger":"airflow.task.hooks.airflow.providers.standard.hooks.subprocess.SubprocessHook","filename":"subprocess.py","lineno":99}
{"timestamp":"2026-02-04T22:30:18.535785Z","level":"info","event":" 'storage': 'N/A'}","logger":"airflow.task.hooks.airflow.providers.standard.hooks.subprocess.SubprocessHook","filename":"subprocess.py","lineno":99}
{"timestamp":"2026-02-04T22:30:18.537075Z","level":"info","event":"2026-02-04 22:30:18 [scrapy.core.scraper] DEBUG: Scraped from <200 https://lista.mercadolivre.com.br/smartphone>","logger":"airflow.task.hooks.airflow.providers.standard.hooks.subprocess.SubprocessHook","filename":"subprocess.py","lineno":99}
{"timestamp":"2026-02-04T22:30:18.537176Z","level":"info","event":"{'color': 'N/A',","logger":"airflow.task.hooks.airflow.providers.standard.hooks.subprocess.SubprocessHook","filename":"subprocess.py","lineno":99}
{"timestamp":"2026-02-04T22:30:18.537228Z","level":"info","event":" 'full_title': 'Smartphone Realme 13+ 5g Dual Sim 512Gb Dourado 12 Gb Ram Nfc',","logger":"airflow.task.hooks.airflow.providers.standard.hooks.subprocess.SubprocessHook","filename":"subprocess.py","lineno":99}
{"timestamp":"2026-02-04T22:30:18.537265Z","level":"info","event":" 'memory': '12 Gb',","logger":"airflow.task.hooks.airflow.providers.standard.hooks.subprocess.SubprocessHook","filename":"subprocess.py","lineno":99}
{"timestamp":"2026-02-04T22:30:18.537297Z","level":"info","event":" 'price': '2.999',","logger":"airflow.task.hooks.airflow.providers.standard.hooks.subprocess.SubprocessHook","filename":"subprocess.py","lineno":99}
{"timestamp":"2026-02-04T22:30:18.537325Z","level":"info","event":" 'rating': '4.9',","logger":"airflow.task.hooks.airflow.providers.standard.hooks.subprocess.SubprocessHook","filename":"subprocess.py","lineno":99}
{"timestamp":"2026-02-04T22:30:18.537353Z","level":"info","event":" 'short_title': 'smartphone',","logger":"airflow.task.hooks.airflow.providers.standard.hooks.subprocess.SubprocessHook","filename":"subprocess.py","lineno":99}
{"timestamp":"2026-02-04T22:30:18.537379Z","level":"info","event":" 'site_name': 'mercado_livre',","logger":"airflow.task.hooks.airflow.providers.standard.hooks.subprocess.SubprocessHook","filename":"subprocess.py","lineno":99}
{"timestamp":"2026-02-04T22:30:18.537406Z","level":"info","event":" 'storage': 'N/A'}","logger":"airflow.task.hooks.airflow.providers.standard.hooks.subprocess.SubprocessHook","filename":"subprocess.py","lineno":99}
{"timestamp":"2026-02-04T22:30:18.538467Z","level":"info","event":"2026-02-04 22:30:18 [scrapy.core.scraper] DEBUG: Scraped from <200 https://lista.mercadolivre.com.br/smartphone>","logger":"airflow.task.hooks.airflow.providers.standard.hooks.subprocess.SubprocessHook","filename":"subprocess.py","lineno":99}
{"timestamp":"2026-02-04T22:30:18.538556Z","level":"info","event":"{'color': 'N/A',","logger":"airflow.task.hooks.airflow.providers.standard.hooks.subprocess.SubprocessHook","filename":"subprocess.py","lineno":99}
{"timestamp":"2026-02-04T22:30:18.538606Z","level":"info","event":" 'full_title': 'Smartphone Motorola Edge 60 Pro 5g - 512gb 24gb (12gb Ram+12gb '","logger":"airflow.task.hooks.airflow.providers.standard.hooks.subprocess.SubprocessHook","filename":"subprocess.py","lineno":99}
{"timestamp":"2026-02-04T22:30:18.538679Z","level":"info","event":"               'Ram Boost) Tela Quad-curve Moto Ai 50mp Sony Camera '","logger":"airflow.task.hooks.airflow.providers.standard.hooks.subprocess.SubprocessHook","filename":"subprocess.py","lineno":99}
{"timestamp":"2026-02-04T22:30:18.538724Z","level":"info","event":"               'Ultrarresistencia Militar Ip68 + Ip69 - Cinza',","logger":"airflow.task.hooks.airflow.providers.standard.hooks.subprocess.SubprocessHook","filename":"subprocess.py","lineno":99}
{"timestamp":"2026-02-04T22:30:18.538756Z","level":"info","event":" 'memory': '12gb',","logger":"airflow.task.hooks.airflow.providers.standard.hooks.subprocess.SubprocessHook","filename":"subprocess.py","lineno":99}
{"timestamp":"2026-02-04T22:30:18.538785Z","level":"info","event":" 'price': '4.999',","logger":"airflow.task.hooks.airflow.providers.standard.hooks.subprocess.SubprocessHook","filename":"subprocess.py","lineno":99}
{"timestamp":"2026-02-04T22:30:18.538812Z","level":"info","event":" 'rating': '4.9',","logger":"airflow.task.hooks.airflow.providers.standard.hooks.subprocess.SubprocessHook","filename":"subprocess.py","lineno":99}
{"timestamp":"2026-02-04T22:30:18.538838Z","level":"info","event":" 'short_title': 'smartphone',","logger":"airflow.task.hooks.airflow.providers.standard.hooks.subprocess.SubprocessHook","filename":"subprocess.py","lineno":99}
{"timestamp":"2026-02-04T22:30:18.538865Z","level":"info","event":" 'site_name': 'mercado_livre',","logger":"airflow.task.hooks.airflow.providers.standard.hooks.subprocess.SubprocessHook","filename":"subprocess.py","lineno":99}
{"timestamp":"2026-02-04T22:30:18.538891Z","level":"info","event":" 'storage': 'N/A'}","logger":"airflow.task.hooks.airflow.providers.standard.hooks.subprocess.SubprocessHook","filename":"subprocess.py","lineno":99}
{"timestamp":"2026-02-04T22:30:18.539793Z","level":"info","event":"2026-02-04 22:30:18 [scrapy.core.scraper] DEBUG: Scraped from <200 https://lista.mercadolivre.com.br/smartphone>","logger":"airflow.task.hooks.airflow.providers.standard.hooks.subprocess.SubprocessHook","filename":"subprocess.py","lineno":99}
{"timestamp":"2026-02-04T22:30:18.539880Z","level":"info","event":"{'color': 'Preto',","logger":"airflow.task.hooks.airflow.providers.standard.hooks.subprocess.SubprocessHook","filename":"subprocess.py","lineno":99}
{"timestamp":"2026-02-04T22:30:18.539931Z","level":"info","event":" 'full_title': 'Celular Samsung Galaxy A16 128gb 4gb Ram Câmera 50mp Tela 6.7 '","logger":"airflow.task.hooks.airflow.providers.standard.hooks.subprocess.SubprocessHook","filename":"subprocess.py","lineno":99}
{"timestamp":"2026-02-04T22:30:18.539965Z","level":"info","event":"               'Nfc Preto',","logger":"airflow.task.hooks.airflow.providers.standard.hooks.subprocess.SubprocessHook","filename":"subprocess.py","lineno":99}
{"timestamp":"2026-02-04T22:30:18.539994Z","level":"info","event":" 'memory': '4gb',","logger":"airflow.task.hooks.airflow.providers.standard.hooks.subprocess.SubprocessHook","filename":"subprocess.py","lineno":99}
{"timestamp":"2026-02-04T22:30:18.540022Z","level":"info","event":" 'price': '1.999',","logger":"airflow.task.hooks.airflow.providers.standard.hooks.subprocess.SubprocessHook","filename":"subprocess.py","lineno":99}
{"timestamp":"2026-02-04T22:30:18.540051Z","level":"info","event":" 'rating': '4.9',","logger":"airflow.task.hooks.airflow.providers.standard.hooks.subprocess.SubprocessHook","filename":"subprocess.py","lineno":99}
{"timestamp":"2026-02-04T22:30:18.540078Z","level":"info","event":" 'short_title': 'smartphone',","logger":"airflow.task.hooks.airflow.providers.standard.hooks.subprocess.SubprocessHook","filename":"subprocess.py","lineno":99}
{"timestamp":"2026-02-04T22:30:18.540105Z","level":"info","event":" 'site_name': 'mercado_livre',","logger":"airflow.task.hooks.airflow.providers.standard.hooks.subprocess.SubprocessHook","filename":"subprocess.py","lineno":99}
{"timestamp":"2026-02-04T22:30:18.540132Z","level":"info","event":" 'storage': 'N/A'}","logger":"airflow.task.hooks.airflow.providers.standard.hooks.subprocess.SubprocessHook","filename":"subprocess.py","lineno":99}
{"timestamp":"2026-02-04T22:30:18.542638Z","level":"info","event":"2026-02-04 22:30:18 [scrapy.core.scraper] DEBUG: Scraped from <200 https://lista.mercadolivre.com.br/smartphone>","logger":"airflow.task.hooks.airflow.providers.standard.hooks.subprocess.SubprocessHook","filename":"subprocess.py","lineno":99}
{"timestamp":"2026-02-04T22:30:18.542786Z","level":"info","event":"{'color': 'N/A',","logger":"airflow.task.hooks.airflow.providers.standard.hooks.subprocess.SubprocessHook","filename":"subprocess.py","lineno":99}
{"timestamp":"2026-02-04T22:30:18.542839Z","level":"info","event":" 'full_title': 'Smartphone Motorola Edge 60 Pro 5g - 256gb 24gb (12gb Ram+12gb '","logger":"airflow.task.hooks.airflow.providers.standard.hooks.subprocess.SubprocessHook","filename":"subprocess.py","lineno":99}
{"timestamp":"2026-02-04T22:30:18.542911Z","level":"info","event":"               'Ram Boost) Tela Quad-curve Moto Ai 50mp Sony Camera '","logger":"airflow.task.hooks.airflow.providers.standard.hooks.subprocess.SubprocessHook","filename":"subprocess.py","lineno":99}
{"timestamp":"2026-02-04T22:30:18.542948Z","level":"info","event":"               'Ultrarresistencia Militar Ip68 + Ip69 - Azul',","logger":"airflow.task.hooks.airflow.providers.standard.hooks.subprocess.SubprocessHook","filename":"subprocess.py","lineno":99}
{"timestamp":"2026-02-04T22:30:18.542979Z","level":"info","event":" 'memory': '12gb',","logger":"airflow.task.hooks.airflow.providers.standard.hooks.subprocess.SubprocessHook","filename":"subprocess.py","lineno":99}
{"timestamp":"2026-02-04T22:30:18.543007Z","level":"info","event":" 'price': '4.299',","logger":"airflow.task.hooks.airflow.providers.standard.hooks.subprocess.SubprocessHook","filename":"subprocess.py","lineno":99}
{"timestamp":"2026-02-04T22:30:18.543034Z","level":"info","event":" 'rating': '4.9',","logger":"airflow.task.hooks.airflow.providers.standard.hooks.subprocess.SubprocessHook","filename":"subprocess.py","lineno":99}
{"timestamp":"2026-02-04T22:30:18.543081Z","level":"info","event":" 'short_title': 'smartphone',","logger":"airflow.task.hooks.airflow.providers.standard.hooks.subprocess.SubprocessHook","filename":"subprocess.py","lineno":99}
{"timestamp":"2026-02-04T22:30:18.543110Z","level":"info","event":" 'site_name': 'mercado_livre',","logger":"airflow.task.hooks.airflow.providers.standard.hooks.subprocess.SubprocessHook","filename":"subprocess.py","lineno":99}
{"timestamp":"2026-02-04T22:30:18.543136Z","level":"info","event":" 'storage': 'N/A'}","logger":"airflow.task.hooks.airflow.providers.standard.hooks.subprocess.SubprocessHook","filename":"subprocess.py","lineno":99}
{"timestamp":"2026-02-04T22:30:18.544131Z","level":"info","event":"2026-02-04 22:30:18 [scrapy.core.scraper] DEBUG: Scraped from <200 https://lista.mercadolivre.com.br/smartphone>","logger":"airflow.task.hooks.airflow.providers.standard.hooks.subprocess.SubprocessHook","filename":"subprocess.py","lineno":99}
{"timestamp":"2026-02-04T22:30:18.544224Z","level":"info","event":"{'color': 'N/A',","logger":"airflow.task.hooks.airflow.providers.standard.hooks.subprocess.SubprocessHook","filename":"subprocess.py","lineno":99}
{"timestamp":"2026-02-04T22:30:18.544274Z","level":"info","event":" 'full_title': 'Smartphone Motorola Moto G06 - 128gb 12gb (4gb Ram + 8gb Ram '","logger":"airflow.task.hooks.airflow.providers.standard.hooks.subprocess.SubprocessHook","filename":"subprocess.py","lineno":99}
{"timestamp":"2026-02-04T22:30:18.544309Z","level":"info","event":"               'Boost) E Camera 50mp Com Ai Bateria De 5200 Mah Tela 6.9',","logger":"airflow.task.hooks.airflow.providers.standard.hooks.subprocess.SubprocessHook","filename":"subprocess.py","lineno":99}
{"timestamp":"2026-02-04T22:30:18.544339Z","level":"info","event":" 'memory': '4gb',","logger":"airflow.task.hooks.airflow.providers.standard.hooks.subprocess.SubprocessHook","filename":"subprocess.py","lineno":99}
{"timestamp":"2026-02-04T22:30:18.544366Z","level":"info","event":" 'price': '999',","logger":"airflow.task.hooks.airflow.providers.standard.hooks.subprocess.SubprocessHook","filename":"subprocess.py","lineno":99}
{"timestamp":"2026-02-04T22:30:18.544456Z","level":"info","event":" 'rating': '4.9',","logger":"airflow.task.hooks.airflow.providers.standard.hooks.subprocess.SubprocessHook","filename":"subprocess.py","lineno":99}
{"timestamp":"2026-02-04T22:30:18.544509Z","level":"info","event":" 'short_title': 'smartphone',","logger":"airflow.task.hooks.airflow.providers.standard.hooks.subprocess.SubprocessHook","filename":"subprocess.py","lineno":99}
{"timestamp":"2026-02-04T22:30:18.544542Z","level":"info","event":" 'site_name': 'mercado_livre',","logger":"airflow.task.hooks.airflow.providers.standard.hooks.subprocess.SubprocessHook","filename":"subprocess.py","lineno":99}
{"timestamp":"2026-02-04T22:30:18.544587Z","level":"info","event":" 'storage': 'N/A'}","logger":"airflow.task.hooks.airflow.providers.standard.hooks.subprocess.SubprocessHook","filename":"subprocess.py","lineno":99}
{"timestamp":"2026-02-04T22:30:18.545664Z","level":"info","event":"2026-02-04 22:30:18 [scrapy.core.scraper] DEBUG: Scraped from <200 https://lista.mercadolivre.com.br/smartphone>","logger":"airflow.task.hooks.airflow.providers.standard.hooks.subprocess.SubprocessHook","filename":"subprocess.py","lineno":99}
{"timestamp":"2026-02-04T22:30:18.545781Z","level":"info","event":"{'color': 'N/A',","logger":"airflow.task.hooks.airflow.providers.standard.hooks.subprocess.SubprocessHook","filename":"subprocess.py","lineno":99}
{"timestamp":"2026-02-04T22:30:18.545836Z","level":"info","event":" 'full_title': 'Smartphone Realme C63 Dual SIM 256GB Green 8GB RAM',","logger":"airflow.task.hooks.airflow.providers.standard.hooks.subprocess.SubprocessHook","filename":"subprocess.py","lineno":99}
{"timestamp":"2026-02-04T22:30:18.545874Z","level":"info","event":" 'memory': '8GB',","logger":"airflow.task.hooks.airflow.providers.standard.hooks.subprocess.SubprocessHook","filename":"subprocess.py","lineno":99}
{"timestamp":"2026-02-04T22:30:18.545906Z","level":"info","event":" 'price': '1.599',","logger":"airflow.task.hooks.airflow.providers.standard.hooks.subprocess.SubprocessHook","filename":"subprocess.py","lineno":99}
{"timestamp":"2026-02-04T22:30:18.545935Z","level":"info","event":" 'rating': '4.8',","logger":"airflow.task.hooks.airflow.providers.standard.hooks.subprocess.SubprocessHook","filename":"subprocess.py","lineno":99}
{"timestamp":"2026-02-04T22:30:18.545962Z","level":"info","event":" 'short_title': 'smartphone',","logger":"airflow.task.hooks.airflow.providers.standard.hooks.subprocess.SubprocessHook","filename":"subprocess.py","lineno":99}
{"timestamp":"2026-02-04T22:30:18.545989Z","level":"info","event":" 'site_name': 'mercado_livre',","logger":"airflow.task.hooks.airflow.providers.standard.hooks.subprocess.SubprocessHook","filename":"subprocess.py","lineno":99}
{"timestamp":"2026-02-04T22:30:18.546014Z","level":"info","event":" 'storage': 'N/A'}","logger":"airflow.task.hooks.airflow.providers.standard.hooks.subprocess.SubprocessHook","filename":"subprocess.py","lineno":99}
{"timestamp":"2026-02-04T22:30:18.547253Z","level":"info","event":"2026-02-04 22:30:18 [scrapy.core.scraper] DEBUG: Scraped from <200 https://lista.mercadolivre.com.br/smartphone>","logger":"airflow.task.hooks.airflow.providers.standard.hooks.subprocess.SubprocessHook","filename":"subprocess.py","lineno":99}
{"timestamp":"2026-02-04T22:30:18.547350Z","level":"info","event":"{'color': 'N/A',","logger":"airflow.task.hooks.airflow.providers.standard.hooks.subprocess.SubprocessHook","filename":"subprocess.py","lineno":99}
{"timestamp":"2026-02-04T22:30:18.547402Z","level":"info","event":" 'full_title': 'Smartphone Jovi Y29 256gb, 8+8gb Ram Turbo, Câmera 50mp, '","logger":"airflow.task.hooks.airflow.providers.standard.hooks.subprocess.SubprocessHook","filename":"subprocess.py","lineno":99}
{"timestamp":"2026-02-04T22:30:18.547437Z","level":"info","event":"               'Snapdragon 685, Bateria 6500mah, Carregamento 44w - Marrom',","logger":"airflow.task.hooks.airflow.providers.standard.hooks.subprocess.SubprocessHook","filename":"subprocess.py","lineno":99}
{"timestamp":"2026-02-04T22:30:18.547468Z","level":"info","event":" 'memory': '8gb',","logger":"airflow.task.hooks.airflow.providers.standard.hooks.subprocess.SubprocessHook","filename":"subprocess.py","lineno":99}
{"timestamp":"2026-02-04T22:30:18.547497Z","level":"info","event":" 'price': '1.387',","logger":"airflow.task.hooks.airflow.providers.standard.hooks.subprocess.SubprocessHook","filename":"subprocess.py","lineno":99}
{"timestamp":"2026-02-04T22:30:18.547524Z","level":"info","event":" 'rating': '4.9',","logger":"airflow.task.hooks.airflow.providers.standard.hooks.subprocess.SubprocessHook","filename":"subprocess.py","lineno":99}
{"timestamp":"2026-02-04T22:30:18.547550Z","level":"info","event":" 'short_title': 'smartphone',","logger":"airflow.task.hooks.airflow.providers.standard.hooks.subprocess.SubprocessHook","filename":"subprocess.py","lineno":99}
{"timestamp":"2026-02-04T22:30:18.547577Z","level":"info","event":" 'site_name': 'mercado_livre',","logger":"airflow.task.hooks.airflow.providers.standard.hooks.subprocess.SubprocessHook","filename":"subprocess.py","lineno":99}
{"timestamp":"2026-02-04T22:30:18.547603Z","level":"info","event":" 'storage': 'N/A'}","logger":"airflow.task.hooks.airflow.providers.standard.hooks.subprocess.SubprocessHook","filename":"subprocess.py","lineno":99}
{"timestamp":"2026-02-04T22:30:18.548611Z","level":"info","event":"2026-02-04 22:30:18 [scrapy.core.scraper] DEBUG: Scraped from <200 https://lista.mercadolivre.com.br/smartphone>","logger":"airflow.task.hooks.airflow.providers.standard.hooks.subprocess.SubprocessHook","filename":"subprocess.py","lineno":99}
{"timestamp":"2026-02-04T22:30:18.548736Z","level":"info","event":"{'color': 'Branco',","logger":"airflow.task.hooks.airflow.providers.standard.hooks.subprocess.SubprocessHook","filename":"subprocess.py","lineno":99}
{"timestamp":"2026-02-04T22:30:18.548794Z","level":"info","event":" 'full_title': 'Smartphone Oppo A5 4g 256gb 6gb Ram Câmera 50mp Branco',","logger":"airflow.task.hooks.airflow.providers.standard.hooks.subprocess.SubprocessHook","filename":"subprocess.py","lineno":99}
{"timestamp":"2026-02-04T22:30:18.548829Z","level":"info","event":" 'memory': '6gb',","logger":"airflow.task.hooks.airflow.providers.standard.hooks.subprocess.SubprocessHook","filename":"subprocess.py","lineno":99}
{"timestamp":"2026-02-04T22:30:18.548859Z","level":"info","event":" 'price': '1.499',","logger":"airflow.task.hooks.airflow.providers.standard.hooks.subprocess.SubprocessHook","filename":"subprocess.py","lineno":99}
{"timestamp":"2026-02-04T22:30:18.548887Z","level":"info","event":" 'rating': '4.8',","logger":"airflow.task.hooks.airflow.providers.standard.hooks.subprocess.SubprocessHook","filename":"subprocess.py","lineno":99}
{"timestamp":"2026-02-04T22:30:18.548914Z","level":"info","event":" 'short_title': 'smartphone',","logger":"airflow.task.hooks.airflow.providers.standard.hooks.subprocess.SubprocessHook","filename":"subprocess.py","lineno":99}
{"timestamp":"2026-02-04T22:30:18.548940Z","level":"info","event":" 'site_name': 'mercado_livre',","logger":"airflow.task.hooks.airflow.providers.standard.hooks.subprocess.SubprocessHook","filename":"subprocess.py","lineno":99}
{"timestamp":"2026-02-04T22:30:18.548967Z","level":"info","event":" 'storage': 'N/A'}","logger":"airflow.task.hooks.airflow.providers.standard.hooks.subprocess.SubprocessHook","filename":"subprocess.py","lineno":99}
{"timestamp":"2026-02-04T22:30:18.550333Z","level":"info","event":"2026-02-04 22:30:18 [scrapy.core.scraper] DEBUG: Scraped from <200 https://lista.mercadolivre.com.br/smartphone>","logger":"airflow.task.hooks.airflow.providers.standard.hooks.subprocess.SubprocessHook","filename":"subprocess.py","lineno":99}
{"timestamp":"2026-02-04T22:30:18.550473Z","level":"info","event":"{'color': 'Verde',","logger":"airflow.task.hooks.airflow.providers.standard.hooks.subprocess.SubprocessHook","filename":"subprocess.py","lineno":99}
{"timestamp":"2026-02-04T22:30:18.550553Z","level":"info","event":" 'full_title': 'Smartphone OPPO Reno 14F 256GB 12GB RAM 5G IP69 Verde',","logger":"airflow.task.hooks.airflow.providers.standard.hooks.subprocess.SubprocessHook","filename":"subprocess.py","lineno":99}
{"timestamp":"2026-02-04T22:30:18.550637Z","level":"info","event":" 'memory': '12GB',","logger":"airflow.task.hooks.airflow.providers.standard.hooks.subprocess.SubprocessHook","filename":"subprocess.py","lineno":99}
{"timestamp":"2026-02-04T22:30:18.550681Z","level":"info","event":" 'price': '3.699',","logger":"airflow.task.hooks.airflow.providers.standard.hooks.subprocess.SubprocessHook","filename":"subprocess.py","lineno":99}
{"timestamp":"2026-02-04T22:30:18.550712Z","level":"info","event":" 'rating': '4.9',","logger":"airflow.task.hooks.airflow.providers.standard.hooks.subprocess.SubprocessHook","filename":"subprocess.py","lineno":99}
{"timestamp":"2026-02-04T22:30:18.550742Z","level":"info","event":" 'short_title': 'smartphone',","logger":"airflow.task.hooks.airflow.providers.standard.hooks.subprocess.SubprocessHook","filename":"subprocess.py","lineno":99}
{"timestamp":"2026-02-04T22:30:18.550770Z","level":"info","event":" 'site_name': 'mercado_livre',","logger":"airflow.task.hooks.airflow.providers.standard.hooks.subprocess.SubprocessHook","filename":"subprocess.py","lineno":99}
{"timestamp":"2026-02-04T22:30:18.550797Z","level":"info","event":" 'storage': 'N/A'}","logger":"airflow.task.hooks.airflow.providers.standard.hooks.subprocess.SubprocessHook","filename":"subprocess.py","lineno":99}
{"timestamp":"2026-02-04T22:30:18.551984Z","level":"info","event":"2026-02-04 22:30:18 [scrapy.core.scraper] DEBUG: Scraped from <200 https://lista.mercadolivre.com.br/smartphone>","logger":"airflow.task.hooks.airflow.providers.standard.hooks.subprocess.SubprocessHook","filename":"subprocess.py","lineno":99}
{"timestamp":"2026-02-04T22:30:18.552078Z","level":"info","event":"{'color': 'N/A',","logger":"airflow.task.hooks.airflow.providers.standard.hooks.subprocess.SubprocessHook","filename":"subprocess.py","lineno":99}
{"timestamp":"2026-02-04T22:30:18.552129Z","level":"info","event":" 'full_title': 'Smartphone Motorola Moto G05 256gb 4gb Ram e Camera 50mp '","logger":"airflow.task.hooks.airflow.providers.standard.hooks.subprocess.SubprocessHook","filename":"subprocess.py","lineno":99}
{"timestamp":"2026-02-04T22:30:18.552163Z","level":"info","event":"               'Grafite',","logger":"airflow.task.hooks.airflow.providers.standard.hooks.subprocess.SubprocessHook","filename":"subprocess.py","lineno":99}
{"timestamp":"2026-02-04T22:30:18.552194Z","level":"info","event":" 'memory': '4gb',","logger":"airflow.task.hooks.airflow.providers.standard.hooks.subprocess.SubprocessHook","filename":"subprocess.py","lineno":99}
{"timestamp":"2026-02-04T22:30:18.552221Z","level":"info","event":" 'price': '1.199',","logger":"airflow.task.hooks.airflow.providers.standard.hooks.subprocess.SubprocessHook","filename":"subprocess.py","lineno":99}
{"timestamp":"2026-02-04T22:30:18.552248Z","level":"info","event":" 'rating': '4.9',","logger":"airflow.task.hooks.airflow.providers.standard.hooks.subprocess.SubprocessHook","filename":"subprocess.py","lineno":99}
{"timestamp":"2026-02-04T22:30:18.552274Z","level":"info","event":" 'short_title': 'smartphone',","logger":"airflow.task.hooks.airflow.providers.standard.hooks.subprocess.SubprocessHook","filename":"subprocess.py","lineno":99}
{"timestamp":"2026-02-04T22:30:18.552301Z","level":"info","event":" 'site_name': 'mercado_livre',","logger":"airflow.task.hooks.airflow.providers.standard.hooks.subprocess.SubprocessHook","filename":"subprocess.py","lineno":99}
{"timestamp":"2026-02-04T22:30:18.552327Z","level":"info","event":" 'storage': 'N/A'}","logger":"airflow.task.hooks.airflow.providers.standard.hooks.subprocess.SubprocessHook","filename":"subprocess.py","lineno":99}
{"timestamp":"2026-02-04T22:30:18.553393Z","level":"info","event":"2026-02-04 22:30:18 [scrapy.core.scraper] DEBUG: Scraped from <200 https://lista.mercadolivre.com.br/smartphone>","logger":"airflow.task.hooks.airflow.providers.standard.hooks.subprocess.SubprocessHook","filename":"subprocess.py","lineno":99}
{"timestamp":"2026-02-04T22:30:18.553493Z","level":"info","event":"{'color': 'N/A',","logger":"airflow.task.hooks.airflow.providers.standard.hooks.subprocess.SubprocessHook","filename":"subprocess.py","lineno":99}
{"timestamp":"2026-02-04T22:30:18.553571Z","level":"info","event":" 'full_title': 'Smartphone Moto G86 5g 512gb Lilás Motorola',","logger":"airflow.task.hooks.airflow.providers.standard.hooks.subprocess.SubprocessHook","filename":"subprocess.py","lineno":99}
{"timestamp":"2026-02-04T22:30:18.553629Z","level":"info","event":" 'memory': 'N/A',","logger":"airflow.task.hooks.airflow.providers.standard.hooks.subprocess.SubprocessHook","filename":"subprocess.py","lineno":99}
{"timestamp":"2026-02-04T22:30:18.553670Z","level":"info","event":" 'price': '2.999',","logger":"airflow.task.hooks.airflow.providers.standard.hooks.subprocess.SubprocessHook","filename":"subprocess.py","lineno":99}
{"timestamp":"2026-02-04T22:30:18.553739Z","level":"info","event":" 'rating': '4.9',","logger":"airflow.task.hooks.airflow.providers.standard.hooks.subprocess.SubprocessHook","filename":"subprocess.py","lineno":99}
{"timestamp":"2026-02-04T22:30:18.553801Z","level":"info","event":" 'short_title': 'smartphone',","logger":"airflow.task.hooks.airflow.providers.standard.hooks.subprocess.SubprocessHook","filename":"subprocess.py","lineno":99}
{"timestamp":"2026-02-04T22:30:18.553885Z","level":"info","event":" 'site_name': 'mercado_livre',","logger":"airflow.task.hooks.airflow.providers.standard.hooks.subprocess.SubprocessHook","filename":"subprocess.py","lineno":99}
{"timestamp":"2026-02-04T22:30:18.553934Z","level":"info","event":" 'storage': 'N/A'}","logger":"airflow.task.hooks.airflow.providers.standard.hooks.subprocess.SubprocessHook","filename":"subprocess.py","lineno":99}
{"timestamp":"2026-02-04T22:30:18.555188Z","level":"info","event":"2026-02-04 22:30:18 [scrapy.core.scraper] DEBUG: Scraped from <200 https://lista.mercadolivre.com.br/smartphone>","logger":"airflow.task.hooks.airflow.providers.standard.hooks.subprocess.SubprocessHook","filename":"subprocess.py","lineno":99}
{"timestamp":"2026-02-04T22:30:18.555298Z","level":"info","event":"{'color': 'Preto',","logger":"airflow.task.hooks.airflow.providers.standard.hooks.subprocess.SubprocessHook","filename":"subprocess.py","lineno":99}
{"timestamp":"2026-02-04T22:30:18.555348Z","level":"info","event":" 'full_title': 'Celular Realme 15t 5g 8gb 256gb Smartphone Dual Sim Nfc Preto',","logger":"airflow.task.hooks.airflow.providers.standard.hooks.subprocess.SubprocessHook","filename":"subprocess.py","lineno":99}
{"timestamp":"2026-02-04T22:30:18.555384Z","level":"info","event":" 'memory': 'N/A',","logger":"airflow.task.hooks.airflow.providers.standard.hooks.subprocess.SubprocessHook","filename":"subprocess.py","lineno":99}
{"timestamp":"2026-02-04T22:30:18.555413Z","level":"info","event":" 'price': '3.499',","logger":"airflow.task.hooks.airflow.providers.standard.hooks.subprocess.SubprocessHook","filename":"subprocess.py","lineno":99}
{"timestamp":"2026-02-04T22:30:18.555441Z","level":"info","event":" 'rating': '4.9',","logger":"airflow.task.hooks.airflow.providers.standard.hooks.subprocess.SubprocessHook","filename":"subprocess.py","lineno":99}
{"timestamp":"2026-02-04T22:30:18.555468Z","level":"info","event":" 'short_title': 'smartphone',","logger":"airflow.task.hooks.airflow.providers.standard.hooks.subprocess.SubprocessHook","filename":"subprocess.py","lineno":99}
{"timestamp":"2026-02-04T22:30:18.555494Z","level":"info","event":" 'site_name': 'mercado_livre',","logger":"airflow.task.hooks.airflow.providers.standard.hooks.subprocess.SubprocessHook","filename":"subprocess.py","lineno":99}
{"timestamp":"2026-02-04T22:30:18.555520Z","level":"info","event":" 'storage': 'N/A'}","logger":"airflow.task.hooks.airflow.providers.standard.hooks.subprocess.SubprocessHook","filename":"subprocess.py","lineno":99}
{"timestamp":"2026-02-04T22:30:18.556992Z","level":"info","event":"2026-02-04 22:30:18 [scrapy.core.scraper] DEBUG: Scraped from <200 https://lista.mercadolivre.com.br/smartphone>","logger":"airflow.task.hooks.airflow.providers.standard.hooks.subprocess.SubprocessHook","filename":"subprocess.py","lineno":99}
{"timestamp":"2026-02-04T22:30:18.557172Z","level":"info","event":"{'color': 'Black',","logger":"airflow.task.hooks.airflow.providers.standard.hooks.subprocess.SubprocessHook","filename":"subprocess.py","lineno":99}
{"timestamp":"2026-02-04T22:30:18.557252Z","level":"info","event":" 'full_title': 'Smartphone Realme C75 5g 256gb 8gb Ram Storm Black Rmx3963',","logger":"airflow.task.hooks.airflow.providers.standard.hooks.subprocess.SubprocessHook","filename":"subprocess.py","lineno":99}
{"timestamp":"2026-02-04T22:30:18.557315Z","level":"info","event":" 'memory': '8gb',","logger":"airflow.task.hooks.airflow.providers.standard.hooks.subprocess.SubprocessHook","filename":"subprocess.py","lineno":99}
{"timestamp":"2026-02-04T22:30:18.557377Z","level":"info","event":" 'price': '2.699',","logger":"airflow.task.hooks.airflow.providers.standard.hooks.subprocess.SubprocessHook","filename":"subprocess.py","lineno":99}
{"timestamp":"2026-02-04T22:30:18.557413Z","level":"info","event":" 'rating': '4.9',","logger":"airflow.task.hooks.airflow.providers.standard.hooks.subprocess.SubprocessHook","filename":"subprocess.py","lineno":99}
{"timestamp":"2026-02-04T22:30:18.557441Z","level":"info","event":" 'short_title': 'smartphone',","logger":"airflow.task.hooks.airflow.providers.standard.hooks.subprocess.SubprocessHook","filename":"subprocess.py","lineno":99}
{"timestamp":"2026-02-04T22:30:18.557468Z","level":"info","event":" 'site_name': 'mercado_livre',","logger":"airflow.task.hooks.airflow.providers.standard.hooks.subprocess.SubprocessHook","filename":"subprocess.py","lineno":99}
{"timestamp":"2026-02-04T22:30:18.557495Z","level":"info","event":" 'storage': 'N/A'}","logger":"airflow.task.hooks.airflow.providers.standard.hooks.subprocess.SubprocessHook","filename":"subprocess.py","lineno":99}
{"timestamp":"2026-02-04T22:30:18.558873Z","level":"info","event":"2026-02-04 22:30:18 [scrapy.core.scraper] DEBUG: Scraped from <200 https://lista.mercadolivre.com.br/smartphone>","logger":"airflow.task.hooks.airflow.providers.standard.hooks.subprocess.SubprocessHook","filename":"subprocess.py","lineno":99}
{"timestamp":"2026-02-04T22:30:18.558985Z","level":"info","event":"{'color': 'N/A',","logger":"airflow.task.hooks.airflow.providers.standard.hooks.subprocess.SubprocessHook","filename":"subprocess.py","lineno":99}
{"timestamp":"2026-02-04T22:30:18.559038Z","level":"info","event":" 'full_title': 'Smartphone Infinix Note 40 5G 8GB RAM 256GB Câmera Tripla '","logger":"airflow.task.hooks.airflow.providers.standard.hooks.subprocess.SubprocessHook","filename":"subprocess.py","lineno":99}
{"timestamp":"2026-02-04T22:30:18.559111Z","level":"info","event":"               '108MP+ Selfie 32MP NFC 6,78” AMOLED Dual Chip - Preto',","logger":"airflow.task.hooks.airflow.providers.standard.hooks.subprocess.SubprocessHook","filename":"subprocess.py","lineno":99}
{"timestamp":"2026-02-04T22:30:18.559157Z","level":"info","event":" 'memory': '8GB',","logger":"airflow.task.hooks.airflow.providers.standard.hooks.subprocess.SubprocessHook","filename":"subprocess.py","lineno":99}
{"timestamp":"2026-02-04T22:30:18.559188Z","level":"info","event":" 'price': '2.855',","logger":"airflow.task.hooks.airflow.providers.standard.hooks.subprocess.SubprocessHook","filename":"subprocess.py","lineno":99}
{"timestamp":"2026-02-04T22:30:18.559217Z","level":"info","event":" 'rating': '4.8',","logger":"airflow.task.hooks.airflow.providers.standard.hooks.subprocess.SubprocessHook","filename":"subprocess.py","lineno":99}
{"timestamp":"2026-02-04T22:30:18.559244Z","level":"info","event":" 'short_title': 'smartphone',","logger":"airflow.task.hooks.airflow.providers.standard.hooks.subprocess.SubprocessHook","filename":"subprocess.py","lineno":99}
{"timestamp":"2026-02-04T22:30:18.559271Z","level":"info","event":" 'site_name': 'mercado_livre',","logger":"airflow.task.hooks.airflow.providers.standard.hooks.subprocess.SubprocessHook","filename":"subprocess.py","lineno":99}
{"timestamp":"2026-02-04T22:30:18.559314Z","level":"info","event":" 'storage': 'N/A'}","logger":"airflow.task.hooks.airflow.providers.standard.hooks.subprocess.SubprocessHook","filename":"subprocess.py","lineno":99}
{"timestamp":"2026-02-04T22:30:18.560506Z","level":"info","event":"2026-02-04 22:30:18 [scrapy.core.scraper] DEBUG: Scraped from <200 https://lista.mercadolivre.com.br/smartphone>","logger":"airflow.task.hooks.airflow.providers.standard.hooks.subprocess.SubprocessHook","filename":"subprocess.py","lineno":99}
{"timestamp":"2026-02-04T22:30:18.560597Z","level":"info","event":"{'color': 'Verde',","logger":"airflow.task.hooks.airflow.providers.standard.hooks.subprocess.SubprocessHook","filename":"subprocess.py","lineno":99}
{"timestamp":"2026-02-04T22:30:18.560648Z","level":"info","event":" 'full_title': 'Celular Smartphone Realme C73 128gb 4gb Ram Dual Sim 120hz '","logger":"airflow.task.hooks.airflow.providers.standard.hooks.subprocess.SubprocessHook","filename":"subprocess.py","lineno":99}
{"timestamp":"2026-02-04T22:30:18.560741Z","level":"info","event":"               '6000mAh Verde',","logger":"airflow.task.hooks.airflow.providers.standard.hooks.subprocess.SubprocessHook","filename":"subprocess.py","lineno":99}
{"timestamp":"2026-02-04T22:30:18.560785Z","level":"info","event":" 'memory': '4gb',","logger":"airflow.task.hooks.airflow.providers.standard.hooks.subprocess.SubprocessHook","filename":"subprocess.py","lineno":99}
{"timestamp":"2026-02-04T22:30:18.560816Z","level":"info","event":" 'price': '1.299',","logger":"airflow.task.hooks.airflow.providers.standard.hooks.subprocess.SubprocessHook","filename":"subprocess.py","lineno":99}
{"timestamp":"2026-02-04T22:30:18.560845Z","level":"info","event":" 'rating': '4.9',","logger":"airflow.task.hooks.airflow.providers.standard.hooks.subprocess.SubprocessHook","filename":"subprocess.py","lineno":99}
{"timestamp":"2026-02-04T22:30:18.560871Z","level":"info","event":" 'short_title': 'smartphone',","logger":"airflow.task.hooks.airflow.providers.standard.hooks.subprocess.SubprocessHook","filename":"subprocess.py","lineno":99}
{"timestamp":"2026-02-04T22:30:18.560897Z","level":"info","event":" 'site_name': 'mercado_livre',","logger":"airflow.task.hooks.airflow.providers.standard.hooks.subprocess.SubprocessHook","filename":"subprocess.py","lineno":99}
{"timestamp":"2026-02-04T22:30:18.560924Z","level":"info","event":" 'storage': 'N/A'}","logger":"airflow.task.hooks.airflow.providers.standard.hooks.subprocess.SubprocessHook","filename":"subprocess.py","lineno":99}
{"timestamp":"2026-02-04T22:30:18.561823Z","level":"info","event":"2026-02-04 22:30:18 [scrapy.core.scraper] DEBUG: Scraped from <200 https://lista.mercadolivre.com.br/smartphone>","logger":"airflow.task.hooks.airflow.providers.standard.hooks.subprocess.SubprocessHook","filename":"subprocess.py","lineno":99}
{"timestamp":"2026-02-04T22:30:18.561907Z","level":"info","event":"{'color': 'N/A',","logger":"airflow.task.hooks.airflow.providers.standard.hooks.subprocess.SubprocessHook","filename":"subprocess.py","lineno":99}
{"timestamp":"2026-02-04T22:30:18.561956Z","level":"info","event":" 'full_title': 'Smartphone Realme Note 70s 128gb 4gb Ram - Dourado',","logger":"airflow.task.hooks.airflow.providers.standard.hooks.subprocess.SubprocessHook","filename":"subprocess.py","lineno":99}
{"timestamp":"2026-02-04T22:30:18.561990Z","level":"info","event":" 'memory': '4gb',","logger":"airflow.task.hooks.airflow.providers.standard.hooks.subprocess.SubprocessHook","filename":"subprocess.py","lineno":99}
{"timestamp":"2026-02-04T22:30:18.562019Z","level":"info","event":" 'price': '999',","logger":"airflow.task.hooks.airflow.providers.standard.hooks.subprocess.SubprocessHook","filename":"subprocess.py","lineno":99}
{"timestamp":"2026-02-04T22:30:18.562047Z","level":"info","event":" 'rating': '5.0',","logger":"airflow.task.hooks.airflow.providers.standard.hooks.subprocess.SubprocessHook","filename":"subprocess.py","lineno":99}
{"timestamp":"2026-02-04T22:30:18.562074Z","level":"info","event":" 'short_title': 'smartphone',","logger":"airflow.task.hooks.airflow.providers.standard.hooks.subprocess.SubprocessHook","filename":"subprocess.py","lineno":99}
{"timestamp":"2026-02-04T22:30:18.562101Z","level":"info","event":" 'site_name': 'mercado_livre',","logger":"airflow.task.hooks.airflow.providers.standard.hooks.subprocess.SubprocessHook","filename":"subprocess.py","lineno":99}
{"timestamp":"2026-02-04T22:30:18.562127Z","level":"info","event":" 'storage': 'N/A'}","logger":"airflow.task.hooks.airflow.providers.standard.hooks.subprocess.SubprocessHook","filename":"subprocess.py","lineno":99}
{"timestamp":"2026-02-04T22:30:18.563215Z","level":"info","event":"2026-02-04 22:30:18 [scrapy.core.scraper] DEBUG: Scraped from <200 https://lista.mercadolivre.com.br/smartphone>","logger":"airflow.task.hooks.airflow.providers.standard.hooks.subprocess.SubprocessHook","filename":"subprocess.py","lineno":99}
{"timestamp":"2026-02-04T22:30:18.563312Z","level":"info","event":"{'color': 'N/A',","logger":"airflow.task.hooks.airflow.providers.standard.hooks.subprocess.SubprocessHook","filename":"subprocess.py","lineno":99}
{"timestamp":"2026-02-04T22:30:18.563365Z","level":"info","event":" 'full_title': 'Smartphone Infinix Smart 10 4gb Ram 256gb Câmera 8mp + Ia, '","logger":"airflow.task.hooks.airflow.providers.standard.hooks.subprocess.SubprocessHook","filename":"subprocess.py","lineno":99}
{"timestamp":"2026-02-04T22:30:18.563402Z","level":"info","event":"               'Tela 6.67 Hd+ 120hz, Bateria 5000mah, Processador T7250, '","logger":"airflow.task.hooks.airflow.providers.standard.hooks.subprocess.SubprocessHook","filename":"subprocess.py","lineno":99}
{"timestamp":"2026-02-04T22:30:18.563434Z","level":"info","event":"               'Android 15 Go, Dual Chip - Preto',","logger":"airflow.task.hooks.airflow.providers.standard.hooks.subprocess.SubprocessHook","filename":"subprocess.py","lineno":99}
{"timestamp":"2026-02-04T22:30:18.563463Z","level":"info","event":" 'memory': '4gb',","logger":"airflow.task.hooks.airflow.providers.standard.hooks.subprocess.SubprocessHook","filename":"subprocess.py","lineno":99}
{"timestamp":"2026-02-04T22:30:18.563490Z","level":"info","event":" 'price': '1.458',","logger":"airflow.task.hooks.airflow.providers.standard.hooks.subprocess.SubprocessHook","filename":"subprocess.py","lineno":99}
{"timestamp":"2026-02-04T22:30:18.563518Z","level":"info","event":" 'rating': '4.8',","logger":"airflow.task.hooks.airflow.providers.standard.hooks.subprocess.SubprocessHook","filename":"subprocess.py","lineno":99}
{"timestamp":"2026-02-04T22:30:18.563545Z","level":"info","event":" 'short_title': 'smartphone',","logger":"airflow.task.hooks.airflow.providers.standard.hooks.subprocess.SubprocessHook","filename":"subprocess.py","lineno":99}
{"timestamp":"2026-02-04T22:30:18.563572Z","level":"info","event":" 'site_name': 'mercado_livre',","logger":"airflow.task.hooks.airflow.providers.standard.hooks.subprocess.SubprocessHook","filename":"subprocess.py","lineno":99}
{"timestamp":"2026-02-04T22:30:18.563599Z","level":"info","event":" 'storage': 'N/A'}","logger":"airflow.task.hooks.airflow.providers.standard.hooks.subprocess.SubprocessHook","filename":"subprocess.py","lineno":99}
{"timestamp":"2026-02-04T22:30:18.564598Z","level":"info","event":"2026-02-04 22:30:18 [scrapy.core.scraper] DEBUG: Scraped from <200 https://lista.mercadolivre.com.br/smartphone>","logger":"airflow.task.hooks.airflow.providers.standard.hooks.subprocess.SubprocessHook","filename":"subprocess.py","lineno":99}
{"timestamp":"2026-02-04T22:30:18.564689Z","level":"info","event":"{'color': 'N/A',","logger":"airflow.task.hooks.airflow.providers.standard.hooks.subprocess.SubprocessHook","filename":"subprocess.py","lineno":99}
{"timestamp":"2026-02-04T22:30:18.564741Z","level":"info","event":" 'full_title': 'Tcl Smartphone 605 4g, Octa Core, 128gb 12gb Ram (4+8), 6.7 '","logger":"airflow.task.hooks.airflow.providers.standard.hooks.subprocess.SubprocessHook","filename":"subprocess.py","lineno":99}
{"timestamp":"2026-02-04T22:30:18.564777Z","level":"info","event":"               'Hd+ 90hz, Nfc, Dual Sim, 50mp',","logger":"airflow.task.hooks.airflow.providers.standard.hooks.subprocess.SubprocessHook","filename":"subprocess.py","lineno":99}
{"timestamp":"2026-02-04T22:30:18.564807Z","level":"info","event":" 'memory': '12gb',","logger":"airflow.task.hooks.airflow.providers.standard.hooks.subprocess.SubprocessHook","filename":"subprocess.py","lineno":99}
{"timestamp":"2026-02-04T22:30:18.564835Z","level":"info","event":" 'price': '749',","logger":"airflow.task.hooks.airflow.providers.standard.hooks.subprocess.SubprocessHook","filename":"subprocess.py","lineno":99}
{"timestamp":"2026-02-04T22:30:18.564862Z","level":"info","event":" 'rating': '4.7',","logger":"airflow.task.hooks.airflow.providers.standard.hooks.subprocess.SubprocessHook","filename":"subprocess.py","lineno":99}
{"timestamp":"2026-02-04T22:30:18.564889Z","level":"info","event":" 'short_title': 'smartphone',","logger":"airflow.task.hooks.airflow.providers.standard.hooks.subprocess.SubprocessHook","filename":"subprocess.py","lineno":99}
{"timestamp":"2026-02-04T22:30:18.564914Z","level":"info","event":" 'site_name': 'mercado_livre',","logger":"airflow.task.hooks.airflow.providers.standard.hooks.subprocess.SubprocessHook","filename":"subprocess.py","lineno":99}
{"timestamp":"2026-02-04T22:30:18.564941Z","level":"info","event":" 'storage': 'N/A'}","logger":"airflow.task.hooks.airflow.providers.standard.hooks.subprocess.SubprocessHook","filename":"subprocess.py","lineno":99}
{"timestamp":"2026-02-04T22:30:18.566410Z","level":"info","event":"2026-02-04 22:30:18 [scrapy.core.scraper] DEBUG: Scraped from <200 https://lista.mercadolivre.com.br/smartphone>","logger":"airflow.task.hooks.airflow.providers.standard.hooks.subprocess.SubprocessHook","filename":"subprocess.py","lineno":99}
{"timestamp":"2026-02-04T22:30:18.566544Z","level":"info","event":"{'color': 'N/A',","logger":"airflow.task.hooks.airflow.providers.standard.hooks.subprocess.SubprocessHook","filename":"subprocess.py","lineno":99}
{"timestamp":"2026-02-04T22:30:18.566618Z","level":"info","event":" 'full_title': 'Tcl Smartphone 60 Se 4g, Octa Core, 512gb 18gb Ram (8+10), 6.7 '","logger":"airflow.task.hooks.airflow.providers.standard.hooks.subprocess.SubprocessHook","filename":"subprocess.py","lineno":99}
{"timestamp":"2026-02-04T22:30:18.566700Z","level":"info","event":"               'Hd+ 90hz, Nfc, Dual Sim, 50mp',","logger":"airflow.task.hooks.airflow.providers.standard.hooks.subprocess.SubprocessHook","filename":"subprocess.py","lineno":99}
{"timestamp":"2026-02-04T22:30:18.566783Z","level":"info","event":" 'memory': '18gb',","logger":"airflow.task.hooks.airflow.providers.standard.hooks.subprocess.SubprocessHook","filename":"subprocess.py","lineno":99}
{"timestamp":"2026-02-04T22:30:18.566874Z","level":"info","event":" 'price': '1.349',","logger":"airflow.task.hooks.airflow.providers.standard.hooks.subprocess.SubprocessHook","filename":"subprocess.py","lineno":99}
{"timestamp":"2026-02-04T22:30:18.566939Z","level":"info","event":" 'rating': '4.4',","logger":"airflow.task.hooks.airflow.providers.standard.hooks.subprocess.SubprocessHook","filename":"subprocess.py","lineno":99}
{"timestamp":"2026-02-04T22:30:18.566991Z","level":"info","event":" 'short_title': 'smartphone',","logger":"airflow.task.hooks.airflow.providers.standard.hooks.subprocess.SubprocessHook","filename":"subprocess.py","lineno":99}
{"timestamp":"2026-02-04T22:30:18.567063Z","level":"info","event":" 'site_name': 'mercado_livre',","logger":"airflow.task.hooks.airflow.providers.standard.hooks.subprocess.SubprocessHook","filename":"subprocess.py","lineno":99}
{"timestamp":"2026-02-04T22:30:18.567130Z","level":"info","event":" 'storage': 'N/A'}","logger":"airflow.task.hooks.airflow.providers.standard.hooks.subprocess.SubprocessHook","filename":"subprocess.py","lineno":99}
{"timestamp":"2026-02-04T22:30:18.568419Z","level":"info","event":"2026-02-04 22:30:18 [scrapy.core.scraper] DEBUG: Scraped from <200 https://lista.mercadolivre.com.br/smartphone>","logger":"airflow.task.hooks.airflow.providers.standard.hooks.subprocess.SubprocessHook","filename":"subprocess.py","lineno":99}
{"timestamp":"2026-02-04T22:30:18.568543Z","level":"info","event":"{'color': 'Preto',","logger":"airflow.task.hooks.airflow.providers.standard.hooks.subprocess.SubprocessHook","filename":"subprocess.py","lineno":99}
{"timestamp":"2026-02-04T22:30:18.568594Z","level":"info","event":" 'full_title': 'Smartphone OPPO A60 256GB 8GB RAM Preto',","logger":"airflow.task.hooks.airflow.providers.standard.hooks.subprocess.SubprocessHook","filename":"subprocess.py","lineno":99}
{"timestamp":"2026-02-04T22:30:18.568628Z","level":"info","event":" 'memory': '8GB',","logger":"airflow.task.hooks.airflow.providers.standard.hooks.subprocess.SubprocessHook","filename":"subprocess.py","lineno":99}
{"timestamp":"2026-02-04T22:30:18.568658Z","level":"info","event":" 'price': '1.699',","logger":"airflow.task.hooks.airflow.providers.standard.hooks.subprocess.SubprocessHook","filename":"subprocess.py","lineno":99}
{"timestamp":"2026-02-04T22:30:18.568686Z","level":"info","event":" 'rating': '4.8',","logger":"airflow.task.hooks.airflow.providers.standard.hooks.subprocess.SubprocessHook","filename":"subprocess.py","lineno":99}
{"timestamp":"2026-02-04T22:30:18.568712Z","level":"info","event":" 'short_title': 'smartphone',","logger":"airflow.task.hooks.airflow.providers.standard.hooks.subprocess.SubprocessHook","filename":"subprocess.py","lineno":99}
{"timestamp":"2026-02-04T22:30:18.568739Z","level":"info","event":" 'site_name': 'mercado_livre',","logger":"airflow.task.hooks.airflow.providers.standard.hooks.subprocess.SubprocessHook","filename":"subprocess.py","lineno":99}
{"timestamp":"2026-02-04T22:30:18.568765Z","level":"info","event":" 'storage': 'N/A'}","logger":"airflow.task.hooks.airflow.providers.standard.hooks.subprocess.SubprocessHook","filename":"subprocess.py","lineno":99}
{"timestamp":"2026-02-04T22:30:18.570313Z","level":"info","event":"2026-02-04 22:30:18 [scrapy.core.scraper] DEBUG: Scraped from <200 https://lista.mercadolivre.com.br/smartphone>","logger":"airflow.task.hooks.airflow.providers.standard.hooks.subprocess.SubprocessHook","filename":"subprocess.py","lineno":99}
{"timestamp":"2026-02-04T22:30:18.570429Z","level":"info","event":"{'color': 'N/A',","logger":"airflow.task.hooks.airflow.providers.standard.hooks.subprocess.SubprocessHook","filename":"subprocess.py","lineno":99}
{"timestamp":"2026-02-04T22:30:18.570497Z","level":"info","event":" 'full_title': 'Smartphone Realme C75 5g 256gb 8gb Ram Lightning Gold Rmx3963',","logger":"airflow.task.hooks.airflow.providers.standard.hooks.subprocess.SubprocessHook","filename":"subprocess.py","lineno":99}
{"timestamp":"2026-02-04T22:30:18.570568Z","level":"info","event":" 'memory': '8gb',","logger":"airflow.task.hooks.airflow.providers.standard.hooks.subprocess.SubprocessHook","filename":"subprocess.py","lineno":99}
{"timestamp":"2026-02-04T22:30:18.570612Z","level":"info","event":" 'price': '2.999',","logger":"airflow.task.hooks.airflow.providers.standard.hooks.subprocess.SubprocessHook","filename":"subprocess.py","lineno":99}
{"timestamp":"2026-02-04T22:30:18.570644Z","level":"info","event":" 'rating': '4.8',","logger":"airflow.task.hooks.airflow.providers.standard.hooks.subprocess.SubprocessHook","filename":"subprocess.py","lineno":99}
{"timestamp":"2026-02-04T22:30:18.570690Z","level":"info","event":" 'short_title': 'smartphone',","logger":"airflow.task.hooks.airflow.providers.standard.hooks.subprocess.SubprocessHook","filename":"subprocess.py","lineno":99}
{"timestamp":"2026-02-04T22:30:18.570721Z","level":"info","event":" 'site_name': 'mercado_livre',","logger":"airflow.task.hooks.airflow.providers.standard.hooks.subprocess.SubprocessHook","filename":"subprocess.py","lineno":99}
{"timestamp":"2026-02-04T22:30:18.570750Z","level":"info","event":" 'storage': 'N/A'}","logger":"airflow.task.hooks.airflow.providers.standard.hooks.subprocess.SubprocessHook","filename":"subprocess.py","lineno":99}
{"timestamp":"2026-02-04T22:30:18.572065Z","level":"info","event":"2026-02-04 22:30:18 [scrapy.core.scraper] DEBUG: Scraped from <200 https://lista.mercadolivre.com.br/smartphone>","logger":"airflow.task.hooks.airflow.providers.standard.hooks.subprocess.SubprocessHook","filename":"subprocess.py","lineno":99}
{"timestamp":"2026-02-04T22:30:18.572181Z","level":"info","event":"{'color': 'Verde',","logger":"airflow.task.hooks.airflow.providers.standard.hooks.subprocess.SubprocessHook","filename":"subprocess.py","lineno":99}
{"timestamp":"2026-02-04T22:30:18.572234Z","level":"info","event":" 'full_title': 'Smartphone Realme C61 Nfc 256gb 8gb Ram 4g Dual Sim Cor '","logger":"airflow.task.hooks.airflow.providers.standard.hooks.subprocess.SubprocessHook","filename":"subprocess.py","lineno":99}
{"timestamp":"2026-02-04T22:30:18.572271Z","level":"info","event":"               'Verde-escuro',","logger":"airflow.task.hooks.airflow.providers.standard.hooks.subprocess.SubprocessHook","filename":"subprocess.py","lineno":99}
{"timestamp":"2026-02-04T22:30:18.572302Z","level":"info","event":" 'memory': '8gb',","logger":"airflow.task.hooks.airflow.providers.standard.hooks.subprocess.SubprocessHook","filename":"subprocess.py","lineno":99}
{"timestamp":"2026-02-04T22:30:18.572331Z","level":"info","event":" 'price': '1.095',","logger":"airflow.task.hooks.airflow.providers.standard.hooks.subprocess.SubprocessHook","filename":"subprocess.py","lineno":99}
{"timestamp":"2026-02-04T22:30:18.572358Z","level":"info","event":" 'rating': '4.8',","logger":"airflow.task.hooks.airflow.providers.standard.hooks.subprocess.SubprocessHook","filename":"subprocess.py","lineno":99}
{"timestamp":"2026-02-04T22:30:18.572384Z","level":"info","event":" 'short_title': 'smartphone',","logger":"airflow.task.hooks.airflow.providers.standard.hooks.subprocess.SubprocessHook","filename":"subprocess.py","lineno":99}
{"timestamp":"2026-02-04T22:30:18.572411Z","level":"info","event":" 'site_name': 'mercado_livre',","logger":"airflow.task.hooks.airflow.providers.standard.hooks.subprocess.SubprocessHook","filename":"subprocess.py","lineno":99}
{"timestamp":"2026-02-04T22:30:18.572438Z","level":"info","event":" 'storage': 'N/A'}","logger":"airflow.task.hooks.airflow.providers.standard.hooks.subprocess.SubprocessHook","filename":"subprocess.py","lineno":99}
{"timestamp":"2026-02-04T22:30:18.573832Z","level":"info","event":"2026-02-04 22:30:18 [scrapy.core.scraper] DEBUG: Scraped from <200 https://lista.mercadolivre.com.br/smartphone>","logger":"airflow.task.hooks.airflow.providers.standard.hooks.subprocess.SubprocessHook","filename":"subprocess.py","lineno":99}
{"timestamp":"2026-02-04T22:30:18.573957Z","level":"info","event":"{'color': 'Branco',","logger":"airflow.task.hooks.airflow.providers.standard.hooks.subprocess.SubprocessHook","filename":"subprocess.py","lineno":99}
{"timestamp":"2026-02-04T22:30:18.574009Z","level":"info","event":" 'full_title': 'Celular Realme 15t 5g 8gb 128gb Smartphone Dual Sim Nfc Branco',","logger":"airflow.task.hooks.airflow.providers.standard.hooks.subprocess.SubprocessHook","filename":"subprocess.py","lineno":99}
{"timestamp":"2026-02-04T22:30:18.574044Z","level":"info","event":" 'memory': 'N/A',","logger":"airflow.task.hooks.airflow.providers.standard.hooks.subprocess.SubprocessHook","filename":"subprocess.py","lineno":99}
{"timestamp":"2026-02-04T22:30:18.574074Z","level":"info","event":" 'price': '2.699',","logger":"airflow.task.hooks.airflow.providers.standard.hooks.subprocess.SubprocessHook","filename":"subprocess.py","lineno":99}
{"timestamp":"2026-02-04T22:30:18.574104Z","level":"info","event":" 'rating': '4.9',","logger":"airflow.task.hooks.airflow.providers.standard.hooks.subprocess.SubprocessHook","filename":"subprocess.py","lineno":99}
{"timestamp":"2026-02-04T22:30:18.574132Z","level":"info","event":" 'short_title': 'smartphone',","logger":"airflow.task.hooks.airflow.providers.standard.hooks.subprocess.SubprocessHook","filename":"subprocess.py","lineno":99}
{"timestamp":"2026-02-04T22:30:18.574159Z","level":"info","event":" 'site_name': 'mercado_livre',","logger":"airflow.task.hooks.airflow.providers.standard.hooks.subprocess.SubprocessHook","filename":"subprocess.py","lineno":99}
{"timestamp":"2026-02-04T22:30:18.574186Z","level":"info","event":" 'storage': 'N/A'}","logger":"airflow.task.hooks.airflow.providers.standard.hooks.subprocess.SubprocessHook","filename":"subprocess.py","lineno":99}
{"timestamp":"2026-02-04T22:30:18.575331Z","level":"info","event":"2026-02-04 22:30:18 [scrapy.core.scraper] DEBUG: Scraped from <200 https://lista.mercadolivre.com.br/smartphone>","logger":"airflow.task.hooks.airflow.providers.standard.hooks.subprocess.SubprocessHook","filename":"subprocess.py","lineno":99}
{"timestamp":"2026-02-04T22:30:18.575430Z","level":"info","event":"{'color': 'N/A',","logger":"airflow.task.hooks.airflow.providers.standard.hooks.subprocess.SubprocessHook","filename":"subprocess.py","lineno":99}
{"timestamp":"2026-02-04T22:30:18.575483Z","level":"info","event":" 'full_title': 'Smartphone OPPO A5 Pro 256GB 8GB RAM 5G IP69 Chocolate',","logger":"airflow.task.hooks.airflow.providers.standard.hooks.subprocess.SubprocessHook","filename":"subprocess.py","lineno":99}
{"timestamp":"2026-02-04T22:30:18.575519Z","level":"info","event":" 'memory': '8GB',","logger":"airflow.task.hooks.airflow.providers.standard.hooks.subprocess.SubprocessHook","filename":"subprocess.py","lineno":99}
{"timestamp":"2026-02-04T22:30:18.575549Z","level":"info","event":" 'price': '2.899',","logger":"airflow.task.hooks.airflow.providers.standard.hooks.subprocess.SubprocessHook","filename":"subprocess.py","lineno":99}
{"timestamp":"2026-02-04T22:30:18.575577Z","level":"info","event":" 'rating': '4.8',","logger":"airflow.task.hooks.airflow.providers.standard.hooks.subprocess.SubprocessHook","filename":"subprocess.py","lineno":99}
{"timestamp":"2026-02-04T22:30:18.575604Z","level":"info","event":" 'short_title': 'smartphone',","logger":"airflow.task.hooks.airflow.providers.standard.hooks.subprocess.SubprocessHook","filename":"subprocess.py","lineno":99}
{"timestamp":"2026-02-04T22:30:18.575632Z","level":"info","event":" 'site_name': 'mercado_livre',","logger":"airflow.task.hooks.airflow.providers.standard.hooks.subprocess.SubprocessHook","filename":"subprocess.py","lineno":99}
{"timestamp":"2026-02-04T22:30:18.575659Z","level":"info","event":" 'storage': 'N/A'}","logger":"airflow.task.hooks.airflow.providers.standard.hooks.subprocess.SubprocessHook","filename":"subprocess.py","lineno":99}
{"timestamp":"2026-02-04T22:30:18.576931Z","level":"info","event":"2026-02-04 22:30:18 [scrapy.core.scraper] DEBUG: Scraped from <200 https://lista.mercadolivre.com.br/smartphone>","logger":"airflow.task.hooks.airflow.providers.standard.hooks.subprocess.SubprocessHook","filename":"subprocess.py","lineno":99}
{"timestamp":"2026-02-04T22:30:18.577097Z","level":"info","event":"{'color': 'N/A',","logger":"airflow.task.hooks.airflow.providers.standard.hooks.subprocess.SubprocessHook","filename":"subprocess.py","lineno":99}
{"timestamp":"2026-02-04T22:30:18.577149Z","level":"info","event":" 'full_title': 'Smartphone Realme 13+ 5g Dual Sim 256 Gb Dourado 8 Gb Ram Nfc '","logger":"airflow.task.hooks.airflow.providers.standard.hooks.subprocess.SubprocessHook","filename":"subprocess.py","lineno":99}
{"timestamp":"2026-02-04T22:30:18.577184Z","level":"info","event":"               'Victory Gold',","logger":"airflow.task.hooks.airflow.providers.standard.hooks.subprocess.SubprocessHook","filename":"subprocess.py","lineno":99}
{"timestamp":"2026-02-04T22:30:18.577214Z","level":"info","event":" 'memory': '8 Gb',","logger":"airflow.task.hooks.airflow.providers.standard.hooks.subprocess.SubprocessHook","filename":"subprocess.py","lineno":99}
{"timestamp":"2026-02-04T22:30:18.577242Z","level":"info","event":" 'price': '2.599',","logger":"airflow.task.hooks.airflow.providers.standard.hooks.subprocess.SubprocessHook","filename":"subprocess.py","lineno":99}
{"timestamp":"2026-02-04T22:30:18.577268Z","level":"info","event":" 'rating': '4.9',","logger":"airflow.task.hooks.airflow.providers.standard.hooks.subprocess.SubprocessHook","filename":"subprocess.py","lineno":99}
{"timestamp":"2026-02-04T22:30:18.577295Z","level":"info","event":" 'short_title': 'smartphone',","logger":"airflow.task.hooks.airflow.providers.standard.hooks.subprocess.SubprocessHook","filename":"subprocess.py","lineno":99}
{"timestamp":"2026-02-04T22:30:18.577322Z","level":"info","event":" 'site_name': 'mercado_livre',","logger":"airflow.task.hooks.airflow.providers.standard.hooks.subprocess.SubprocessHook","filename":"subprocess.py","lineno":99}
{"timestamp":"2026-02-04T22:30:18.577349Z","level":"info","event":" 'storage': 'N/A'}","logger":"airflow.task.hooks.airflow.providers.standard.hooks.subprocess.SubprocessHook","filename":"subprocess.py","lineno":99}
{"timestamp":"2026-02-04T22:30:18.578375Z","level":"info","event":"2026-02-04 22:30:18 [scrapy.core.scraper] DEBUG: Scraped from <200 https://lista.mercadolivre.com.br/smartphone>","logger":"airflow.task.hooks.airflow.providers.standard.hooks.subprocess.SubprocessHook","filename":"subprocess.py","lineno":99}
{"timestamp":"2026-02-04T22:30:18.578468Z","level":"info","event":"{'color': 'Branco',","logger":"airflow.task.hooks.airflow.providers.standard.hooks.subprocess.SubprocessHook","filename":"subprocess.py","lineno":99}
{"timestamp":"2026-02-04T22:30:18.578518Z","level":"info","event":" 'full_title': 'Smartphone OPPO Reno 13 512GB 12GB RAM 5G IP69 Branco',","logger":"airflow.task.hooks.airflow.providers.standard.hooks.subprocess.SubprocessHook","filename":"subprocess.py","lineno":99}
{"timestamp":"2026-02-04T22:30:18.578552Z","level":"info","event":" 'memory': '12GB',","logger":"airflow.task.hooks.airflow.providers.standard.hooks.subprocess.SubprocessHook","filename":"subprocess.py","lineno":99}
{"timestamp":"2026-02-04T22:30:18.578623Z","level":"info","event":" 'price': '4.999',","logger":"airflow.task.hooks.airflow.providers.standard.hooks.subprocess.SubprocessHook","filename":"subprocess.py","lineno":99}
{"timestamp":"2026-02-04T22:30:18.578667Z","level":"info","event":" 'rating': '4.7',","logger":"airflow.task.hooks.airflow.providers.standard.hooks.subprocess.SubprocessHook","filename":"subprocess.py","lineno":99}
{"timestamp":"2026-02-04T22:30:18.578698Z","level":"info","event":" 'short_title': 'smartphone',","logger":"airflow.task.hooks.airflow.providers.standard.hooks.subprocess.SubprocessHook","filename":"subprocess.py","lineno":99}
{"timestamp":"2026-02-04T22:30:18.578727Z","level":"info","event":" 'site_name': 'mercado_livre',","logger":"airflow.task.hooks.airflow.providers.standard.hooks.subprocess.SubprocessHook","filename":"subprocess.py","lineno":99}
{"timestamp":"2026-02-04T22:30:18.578755Z","level":"info","event":" 'storage': 'N/A'}","logger":"airflow.task.hooks.airflow.providers.standard.hooks.subprocess.SubprocessHook","filename":"subprocess.py","lineno":99}
{"timestamp":"2026-02-04T22:30:18.579838Z","level":"info","event":"2026-02-04 22:30:18 [scrapy.core.scraper] DEBUG: Scraped from <200 https://lista.mercadolivre.com.br/smartphone>","logger":"airflow.task.hooks.airflow.providers.standard.hooks.subprocess.SubprocessHook","filename":"subprocess.py","lineno":99}
{"timestamp":"2026-02-04T22:30:18.579927Z","level":"info","event":"{'color': 'Preto',","logger":"airflow.task.hooks.airflow.providers.standard.hooks.subprocess.SubprocessHook","filename":"subprocess.py","lineno":99}
{"timestamp":"2026-02-04T22:30:18.579978Z","level":"info","event":" 'full_title': 'Smartphone Infinix Hot 50i 4GB RAM 256GB 4G Câmera Dupla 48MP '","logger":"airflow.task.hooks.airflow.providers.standard.hooks.subprocess.SubprocessHook","filename":"subprocess.py","lineno":99}
{"timestamp":"2026-02-04T22:30:18.580014Z","level":"info","event":"               'Selfie 8MP 5000mAh 6,7” 120Hz Preto Obsidiana',","logger":"airflow.task.hooks.airflow.providers.standard.hooks.subprocess.SubprocessHook","filename":"subprocess.py","lineno":99}
{"timestamp":"2026-02-04T22:30:18.580046Z","level":"info","event":" 'memory': '4GB',","logger":"airflow.task.hooks.airflow.providers.standard.hooks.subprocess.SubprocessHook","filename":"subprocess.py","lineno":99}
{"timestamp":"2026-02-04T22:30:18.580074Z","level":"info","event":" 'price': '1.499',","logger":"airflow.task.hooks.airflow.providers.standard.hooks.subprocess.SubprocessHook","filename":"subprocess.py","lineno":99}
{"timestamp":"2026-02-04T22:30:18.580103Z","level":"info","event":" 'rating': '4.7',","logger":"airflow.task.hooks.airflow.providers.standard.hooks.subprocess.SubprocessHook","filename":"subprocess.py","lineno":99}
{"timestamp":"2026-02-04T22:30:18.580131Z","level":"info","event":" 'short_title': 'smartphone',","logger":"airflow.task.hooks.airflow.providers.standard.hooks.subprocess.SubprocessHook","filename":"subprocess.py","lineno":99}
{"timestamp":"2026-02-04T22:30:18.580157Z","level":"info","event":" 'site_name': 'mercado_livre',","logger":"airflow.task.hooks.airflow.providers.standard.hooks.subprocess.SubprocessHook","filename":"subprocess.py","lineno":99}
{"timestamp":"2026-02-04T22:30:18.580218Z","level":"info","event":" 'storage': 'N/A'}","logger":"airflow.task.hooks.airflow.providers.standard.hooks.subprocess.SubprocessHook","filename":"subprocess.py","lineno":99}
{"timestamp":"2026-02-04T22:30:18.581165Z","level":"info","event":"2026-02-04 22:30:18 [scrapy.core.scraper] DEBUG: Scraped from <200 https://lista.mercadolivre.com.br/smartphone>","logger":"airflow.task.hooks.airflow.providers.standard.hooks.subprocess.SubprocessHook","filename":"subprocess.py","lineno":99}
{"timestamp":"2026-02-04T22:30:18.581255Z","level":"info","event":"{'color': 'N/A',","logger":"airflow.task.hooks.airflow.providers.standard.hooks.subprocess.SubprocessHook","filename":"subprocess.py","lineno":99}
{"timestamp":"2026-02-04T22:30:18.581304Z","level":"info","event":" 'full_title': 'Smartphone Oppo Reno 14 F Dark Side Edition 256gb 12gb Ram',","logger":"airflow.task.hooks.airflow.providers.standard.hooks.subprocess.SubprocessHook","filename":"subprocess.py","lineno":99}
{"timestamp":"2026-02-04T22:30:18.581337Z","level":"info","event":" 'memory': '12gb',","logger":"airflow.task.hooks.airflow.providers.standard.hooks.subprocess.SubprocessHook","filename":"subprocess.py","lineno":99}
{"timestamp":"2026-02-04T22:30:18.581366Z","level":"info","event":" 'price': '3.999',","logger":"airflow.task.hooks.airflow.providers.standard.hooks.subprocess.SubprocessHook","filename":"subprocess.py","lineno":99}
{"timestamp":"2026-02-04T22:30:18.581395Z","level":"info","event":" 'rating': '5.0',","logger":"airflow.task.hooks.airflow.providers.standard.hooks.subprocess.SubprocessHook","filename":"subprocess.py","lineno":99}
{"timestamp":"2026-02-04T22:30:18.581422Z","level":"info","event":" 'short_title': 'smartphone',","logger":"airflow.task.hooks.airflow.providers.standard.hooks.subprocess.SubprocessHook","filename":"subprocess.py","lineno":99}
{"timestamp":"2026-02-04T22:30:18.581448Z","level":"info","event":" 'site_name': 'mercado_livre',","logger":"airflow.task.hooks.airflow.providers.standard.hooks.subprocess.SubprocessHook","filename":"subprocess.py","lineno":99}
{"timestamp":"2026-02-04T22:30:18.581475Z","level":"info","event":" 'storage': 'N/A'}","logger":"airflow.task.hooks.airflow.providers.standard.hooks.subprocess.SubprocessHook","filename":"subprocess.py","lineno":99}
{"timestamp":"2026-02-04T22:30:18.582541Z","level":"info","event":"2026-02-04 22:30:18 [scrapy.core.scraper] DEBUG: Scraped from <200 https://lista.mercadolivre.com.br/smartphone>","logger":"airflow.task.hooks.airflow.providers.standard.hooks.subprocess.SubprocessHook","filename":"subprocess.py","lineno":99}
{"timestamp":"2026-02-04T22:30:18.582633Z","level":"info","event":"{'color': 'N/A',","logger":"airflow.task.hooks.airflow.providers.standard.hooks.subprocess.SubprocessHook","filename":"subprocess.py","lineno":99}
{"timestamp":"2026-02-04T22:30:18.582683Z","level":"info","event":" 'full_title': 'Smartphone Realme 13+ 5g Dual Sim 256 Gb 8 Gb Ram NFC Dark '","logger":"airflow.task.hooks.airflow.providers.standard.hooks.subprocess.SubprocessHook","filename":"subprocess.py","lineno":99}
{"timestamp":"2026-02-04T22:30:18.582716Z","level":"info","event":"               'Purple',","logger":"airflow.task.hooks.airflow.providers.standard.hooks.subprocess.SubprocessHook","filename":"subprocess.py","lineno":99}
{"timestamp":"2026-02-04T22:30:18.582746Z","level":"info","event":" 'memory': '8 Gb',","logger":"airflow.task.hooks.airflow.providers.standard.hooks.subprocess.SubprocessHook","filename":"subprocess.py","lineno":99}
{"timestamp":"2026-02-04T22:30:18.582774Z","level":"info","event":" 'price': '2.999',","logger":"airflow.task.hooks.airflow.providers.standard.hooks.subprocess.SubprocessHook","filename":"subprocess.py","lineno":99}
{"timestamp":"2026-02-04T22:30:18.582802Z","level":"info","event":" 'rating': '4.9',","logger":"airflow.task.hooks.airflow.providers.standard.hooks.subprocess.SubprocessHook","filename":"subprocess.py","lineno":99}
{"timestamp":"2026-02-04T22:30:18.582844Z","level":"info","event":" 'short_title': 'smartphone',","logger":"airflow.task.hooks.airflow.providers.standard.hooks.subprocess.SubprocessHook","filename":"subprocess.py","lineno":99}
{"timestamp":"2026-02-04T22:30:18.582877Z","level":"info","event":" 'site_name': 'mercado_livre',","logger":"airflow.task.hooks.airflow.providers.standard.hooks.subprocess.SubprocessHook","filename":"subprocess.py","lineno":99}
{"timestamp":"2026-02-04T22:30:18.582905Z","level":"info","event":" 'storage': 'N/A'}","logger":"airflow.task.hooks.airflow.providers.standard.hooks.subprocess.SubprocessHook","filename":"subprocess.py","lineno":99}
{"timestamp":"2026-02-04T22:30:18.584089Z","level":"info","event":"2026-02-04 22:30:18 [scrapy.core.scraper] DEBUG: Scraped from <200 https://lista.mercadolivre.com.br/smartphone>","logger":"airflow.task.hooks.airflow.providers.standard.hooks.subprocess.SubprocessHook","filename":"subprocess.py","lineno":99}
{"timestamp":"2026-02-04T22:30:18.584240Z","level":"info","event":"{'color': 'N/A',","logger":"airflow.task.hooks.airflow.providers.standard.hooks.subprocess.SubprocessHook","filename":"subprocess.py","lineno":99}
{"timestamp":"2026-02-04T22:30:18.584295Z","level":"info","event":" 'full_title': 'Smartphone Motorola Moto G06 - 256gb 12gb (4gb Ram + 8gb Ram '","logger":"airflow.task.hooks.airflow.providers.standard.hooks.subprocess.SubprocessHook","filename":"subprocess.py","lineno":99}
{"timestamp":"2026-02-04T22:30:18.584352Z","level":"info","event":"               'Boost) E Camera 50mp Com Ai Bateria De 5200 Mah Tela 6.9 - '","logger":"airflow.task.hooks.airflow.providers.standard.hooks.subprocess.SubprocessHook","filename":"subprocess.py","lineno":99}
{"timestamp":"2026-02-04T22:30:18.584402Z","level":"info","event":"               'Verde',","logger":"airflow.task.hooks.airflow.providers.standard.hooks.subprocess.SubprocessHook","filename":"subprocess.py","lineno":99}
{"timestamp":"2026-02-04T22:30:18.584445Z","level":"info","event":" 'memory': '4gb',","logger":"airflow.task.hooks.airflow.providers.standard.hooks.subprocess.SubprocessHook","filename":"subprocess.py","lineno":99}
{"timestamp":"2026-02-04T22:30:18.584484Z","level":"info","event":" 'price': '1.199',","logger":"airflow.task.hooks.airflow.providers.standard.hooks.subprocess.SubprocessHook","filename":"subprocess.py","lineno":99}
{"timestamp":"2026-02-04T22:30:18.584513Z","level":"info","event":" 'rating': '4.9',","logger":"airflow.task.hooks.airflow.providers.standard.hooks.subprocess.SubprocessHook","filename":"subprocess.py","lineno":99}
{"timestamp":"2026-02-04T22:30:18.584539Z","level":"info","event":" 'short_title': 'smartphone',","logger":"airflow.task.hooks.airflow.providers.standard.hooks.subprocess.SubprocessHook","filename":"subprocess.py","lineno":99}
{"timestamp":"2026-02-04T22:30:18.584566Z","level":"info","event":" 'site_name': 'mercado_livre',","logger":"airflow.task.hooks.airflow.providers.standard.hooks.subprocess.SubprocessHook","filename":"subprocess.py","lineno":99}
{"timestamp":"2026-02-04T22:30:18.584593Z","level":"info","event":" 'storage': 'N/A'}","logger":"airflow.task.hooks.airflow.providers.standard.hooks.subprocess.SubprocessHook","filename":"subprocess.py","lineno":99}
{"timestamp":"2026-02-04T22:30:18.586296Z","level":"info","event":"2026-02-04 22:30:18 [scrapy.core.scraper] DEBUG: Scraped from <200 https://lista.mercadolivre.com.br/smartphone>","logger":"airflow.task.hooks.airflow.providers.standard.hooks.subprocess.SubprocessHook","filename":"subprocess.py","lineno":99}
{"timestamp":"2026-02-04T22:30:18.586472Z","level":"info","event":"{'color': 'N/A',","logger":"airflow.task.hooks.airflow.providers.standard.hooks.subprocess.SubprocessHook","filename":"subprocess.py","lineno":99}
{"timestamp":"2026-02-04T22:30:18.586527Z","level":"info","event":" 'full_title': 'Smartphone Motorola Moto g34 5G - 128GB 8GB (4GB RAM+4GB Ram '","logger":"airflow.task.hooks.airflow.providers.standard.hooks.subprocess.SubprocessHook","filename":"subprocess.py","lineno":99}
{"timestamp":"2026-02-04T22:30:18.586563Z","level":"info","event":"               'Boost) AI Camera 50MP NFC - Preto',","logger":"airflow.task.hooks.airflow.providers.standard.hooks.subprocess.SubprocessHook","filename":"subprocess.py","lineno":99}
{"timestamp":"2026-02-04T22:30:18.586594Z","level":"info","event":" 'memory': '4GB',","logger":"airflow.task.hooks.airflow.providers.standard.hooks.subprocess.SubprocessHook","filename":"subprocess.py","lineno":99}
{"timestamp":"2026-02-04T22:30:18.586622Z","level":"info","event":" 'price': '1.049',","logger":"airflow.task.hooks.airflow.providers.standard.hooks.subprocess.SubprocessHook","filename":"subprocess.py","lineno":99}
{"timestamp":"2026-02-04T22:30:18.586650Z","level":"info","event":" 'rating': '4.8',","logger":"airflow.task.hooks.airflow.providers.standard.hooks.subprocess.SubprocessHook","filename":"subprocess.py","lineno":99}
{"timestamp":"2026-02-04T22:30:18.586677Z","level":"info","event":" 'short_title': 'smartphone',","logger":"airflow.task.hooks.airflow.providers.standard.hooks.subprocess.SubprocessHook","filename":"subprocess.py","lineno":99}
{"timestamp":"2026-02-04T22:30:18.586705Z","level":"info","event":" 'site_name': 'mercado_livre',","logger":"airflow.task.hooks.airflow.providers.standard.hooks.subprocess.SubprocessHook","filename":"subprocess.py","lineno":99}
{"timestamp":"2026-02-04T22:30:18.586731Z","level":"info","event":" 'storage': 'N/A'}","logger":"airflow.task.hooks.airflow.providers.standard.hooks.subprocess.SubprocessHook","filename":"subprocess.py","lineno":99}
{"timestamp":"2026-02-04T22:30:24.829997Z","level":"info","event":"2026-02-04 22:30:24 [scrapy.core.engine] DEBUG: Crawled (200) <GET https://lista.mercadolivre.com.br/tablet#D%5BA:tablet%5D> (referer: None)","logger":"airflow.task.hooks.airflow.providers.standard.hooks.subprocess.SubprocessHook","filename":"subprocess.py","lineno":99}
{"timestamp":"2026-02-04T22:30:24.988588Z","level":"info","event":"2026-02-04 22:30:24 [scrapy.core.scraper] DEBUG: Scraped from <200 https://lista.mercadolivre.com.br/tablet>","logger":"airflow.task.hooks.airflow.providers.standard.hooks.subprocess.SubprocessHook","filename":"subprocess.py","lineno":99}
{"timestamp":"2026-02-04T22:30:24.988755Z","level":"info","event":"{'color': 'Azul',","logger":"airflow.task.hooks.airflow.providers.standard.hooks.subprocess.SubprocessHook","filename":"subprocess.py","lineno":99}
{"timestamp":"2026-02-04T22:30:24.988810Z","level":"info","event":" 'full_title': 'Tablet Pc 6gb Ram 256gb 10 Polegadas Android Mil10 Cor Azul',","logger":"airflow.task.hooks.airflow.providers.standard.hooks.subprocess.SubprocessHook","filename":"subprocess.py","lineno":99}
{"timestamp":"2026-02-04T22:30:24.988849Z","level":"info","event":" 'memory': '6gb',","logger":"airflow.task.hooks.airflow.providers.standard.hooks.subprocess.SubprocessHook","filename":"subprocess.py","lineno":99}
{"timestamp":"2026-02-04T22:30:24.988881Z","level":"info","event":" 'price': '880',","logger":"airflow.task.hooks.airflow.providers.standard.hooks.subprocess.SubprocessHook","filename":"subprocess.py","lineno":99}
{"timestamp":"2026-02-04T22:30:24.988910Z","level":"info","event":" 'rating': '4.5',","logger":"airflow.task.hooks.airflow.providers.standard.hooks.subprocess.SubprocessHook","filename":"subprocess.py","lineno":99}
{"timestamp":"2026-02-04T22:30:24.988938Z","level":"info","event":" 'short_title': 'tablet',","logger":"airflow.task.hooks.airflow.providers.standard.hooks.subprocess.SubprocessHook","filename":"subprocess.py","lineno":99}
{"timestamp":"2026-02-04T22:30:24.988965Z","level":"info","event":" 'site_name': 'mercado_livre',","logger":"airflow.task.hooks.airflow.providers.standard.hooks.subprocess.SubprocessHook","filename":"subprocess.py","lineno":99}
{"timestamp":"2026-02-04T22:30:24.988991Z","level":"info","event":" 'storage': 'N/A'}","logger":"airflow.task.hooks.airflow.providers.standard.hooks.subprocess.SubprocessHook","filename":"subprocess.py","lineno":99}
{"timestamp":"2026-02-04T22:30:25.005845Z","level":"info","event":"2026-02-04 22:30:25 [scrapy.core.scraper] DEBUG: Scraped from <200 https://lista.mercadolivre.com.br/tablet>","logger":"airflow.task.hooks.airflow.providers.standard.hooks.subprocess.SubprocessHook","filename":"subprocess.py","lineno":99}
{"timestamp":"2026-02-04T22:30:25.006115Z","level":"info","event":"{'color': 'N/A',","logger":"airflow.task.hooks.airflow.providers.standard.hooks.subprocess.SubprocessHook","filename":"subprocess.py","lineno":99}
{"timestamp":"2026-02-04T22:30:25.006201Z","level":"info","event":" 'full_title': 'Positivo Vision Tab 10 T3010 4GB RAM 128GB com Capa Teclado '","logger":"airflow.task.hooks.airflow.providers.standard.hooks.subprocess.SubprocessHook","filename":"subprocess.py","lineno":99}
{"timestamp":"2026-02-04T22:30:25.006264Z","level":"info","event":"               'Octa-Core 5 13Mp Bateria 6000mAh Tela 10.1“ HD Wifi AC e 4g '","logger":"airflow.task.hooks.airflow.providers.standard.hooks.subprocess.SubprocessHook","filename":"subprocess.py","lineno":99}
{"timestamp":"2026-02-04T22:30:25.006324Z","level":"info","event":"               'Full Lamination -\\u200b Preto',","logger":"airflow.task.hooks.airflow.providers.standard.hooks.subprocess.SubprocessHook","filename":"subprocess.py","lineno":99}
{"timestamp":"2026-02-04T22:30:25.006370Z","level":"info","event":" 'memory': '4GB',","logger":"airflow.task.hooks.airflow.providers.standard.hooks.subprocess.SubprocessHook","filename":"subprocess.py","lineno":99}
{"timestamp":"2026-02-04T22:30:25.006425Z","level":"info","event":" 'price': '1.475',","logger":"airflow.task.hooks.airflow.providers.standard.hooks.subprocess.SubprocessHook","filename":"subprocess.py","lineno":99}
{"timestamp":"2026-02-04T22:30:25.006459Z","level":"info","event":" 'rating': '4.8',","logger":"airflow.task.hooks.airflow.providers.standard.hooks.subprocess.SubprocessHook","filename":"subprocess.py","lineno":99}
{"timestamp":"2026-02-04T22:30:25.006486Z","level":"info","event":" 'short_title': 'tablet',","logger":"airflow.task.hooks.airflow.providers.standard.hooks.subprocess.SubprocessHook","filename":"subprocess.py","lineno":99}
{"timestamp":"2026-02-04T22:30:25.006513Z","level":"info","event":" 'site_name': 'mercado_livre',","logger":"airflow.task.hooks.airflow.providers.standard.hooks.subprocess.SubprocessHook","filename":"subprocess.py","lineno":99}
{"timestamp":"2026-02-04T22:30:25.006540Z","level":"info","event":" 'storage': 'N/A'}","logger":"airflow.task.hooks.airflow.providers.standard.hooks.subprocess.SubprocessHook","filename":"subprocess.py","lineno":99}
{"timestamp":"2026-02-04T22:30:25.007842Z","level":"info","event":"2026-02-04 22:30:25 [scrapy.core.scraper] DEBUG: Scraped from <200 https://lista.mercadolivre.com.br/tablet>","logger":"airflow.task.hooks.airflow.providers.standard.hooks.subprocess.SubprocessHook","filename":"subprocess.py","lineno":99}
{"timestamp":"2026-02-04T22:30:25.007928Z","level":"info","event":"{'color': 'N/A',","logger":"airflow.task.hooks.airflow.providers.standard.hooks.subprocess.SubprocessHook","filename":"subprocess.py","lineno":99}
{"timestamp":"2026-02-04T22:30:25.007979Z","level":"info","event":" 'full_title': 'Tablet Positivo Vision TAB 7 - Processador Octa-Core 3GB RAM '","logger":"airflow.task.hooks.airflow.providers.standard.hooks.subprocess.SubprocessHook","filename":"subprocess.py","lineno":99}
{"timestamp":"2026-02-04T22:30:25.008015Z","level":"info","event":"               '64GB Armazenamento, Tela 7” IPS, Bateria 3100mAh, Android 14 '","logger":"airflow.task.hooks.airflow.providers.standard.hooks.subprocess.SubprocessHook","filename":"subprocess.py","lineno":99}
{"timestamp":"2026-02-04T22:30:25.008046Z","level":"info","event":"               'Go, Wi-fi - Preto',","logger":"airflow.task.hooks.airflow.providers.standard.hooks.subprocess.SubprocessHook","filename":"subprocess.py","lineno":99}
{"timestamp":"2026-02-04T22:30:25.008106Z","level":"info","event":" 'memory': '3GB',","logger":"airflow.task.hooks.airflow.providers.standard.hooks.subprocess.SubprocessHook","filename":"subprocess.py","lineno":99}
{"timestamp":"2026-02-04T22:30:25.008148Z","level":"info","event":" 'price': '599',","logger":"airflow.task.hooks.airflow.providers.standard.hooks.subprocess.SubprocessHook","filename":"subprocess.py","lineno":99}
{"timestamp":"2026-02-04T22:30:25.008179Z","level":"info","event":" 'rating': '4.5',","logger":"airflow.task.hooks.airflow.providers.standard.hooks.subprocess.SubprocessHook","filename":"subprocess.py","lineno":99}
{"timestamp":"2026-02-04T22:30:25.008208Z","level":"info","event":" 'short_title': 'tablet',","logger":"airflow.task.hooks.airflow.providers.standard.hooks.subprocess.SubprocessHook","filename":"subprocess.py","lineno":99}
{"timestamp":"2026-02-04T22:30:25.008237Z","level":"info","event":" 'site_name': 'mercado_livre',","logger":"airflow.task.hooks.airflow.providers.standard.hooks.subprocess.SubprocessHook","filename":"subprocess.py","lineno":99}
{"timestamp":"2026-02-04T22:30:25.008264Z","level":"info","event":" 'storage': 'N/A'}","logger":"airflow.task.hooks.airflow.providers.standard.hooks.subprocess.SubprocessHook","filename":"subprocess.py","lineno":99}
{"timestamp":"2026-02-04T22:30:25.009410Z","level":"info","event":"2026-02-04 22:30:25 [scrapy.core.scraper] DEBUG: Scraped from <200 https://lista.mercadolivre.com.br/tablet>","logger":"airflow.task.hooks.airflow.providers.standard.hooks.subprocess.SubprocessHook","filename":"subprocess.py","lineno":99}
{"timestamp":"2026-02-04T22:30:25.009496Z","level":"info","event":"{'color': 'N/A',","logger":"airflow.task.hooks.airflow.providers.standard.hooks.subprocess.SubprocessHook","filename":"subprocess.py","lineno":99}
{"timestamp":"2026-02-04T22:30:25.009552Z","level":"info","event":" 'full_title': 'Tablet Epaper Colorido Bigme B7-7 Polegadas Com Chamadas 4g',","logger":"airflow.task.hooks.airflow.providers.standard.hooks.subprocess.SubprocessHook","filename":"subprocess.py","lineno":99}
{"timestamp":"2026-02-04T22:30:25.009592Z","level":"info","event":" 'memory': 'N/A',","logger":"airflow.task.hooks.airflow.providers.standard.hooks.subprocess.SubprocessHook","filename":"subprocess.py","lineno":99}
{"timestamp":"2026-02-04T22:30:25.009623Z","level":"info","event":" 'price': '2.454',","logger":"airflow.task.hooks.airflow.providers.standard.hooks.subprocess.SubprocessHook","filename":"subprocess.py","lineno":99}
{"timestamp":"2026-02-04T22:30:25.009650Z","level":"info","event":" 'rating': '5.0',","logger":"airflow.task.hooks.airflow.providers.standard.hooks.subprocess.SubprocessHook","filename":"subprocess.py","lineno":99}
{"timestamp":"2026-02-04T22:30:25.009676Z","level":"info","event":" 'short_title': 'tablet',","logger":"airflow.task.hooks.airflow.providers.standard.hooks.subprocess.SubprocessHook","filename":"subprocess.py","lineno":99}
{"timestamp":"2026-02-04T22:30:25.009702Z","level":"info","event":" 'site_name': 'mercado_livre',","logger":"airflow.task.hooks.airflow.providers.standard.hooks.subprocess.SubprocessHook","filename":"subprocess.py","lineno":99}
{"timestamp":"2026-02-04T22:30:25.009772Z","level":"info","event":" 'storage': 'N/A'}","logger":"airflow.task.hooks.airflow.providers.standard.hooks.subprocess.SubprocessHook","filename":"subprocess.py","lineno":99}
{"timestamp":"2026-02-04T22:30:25.011213Z","level":"info","event":"2026-02-04 22:30:25 [scrapy.core.scraper] DEBUG: Scraped from <200 https://lista.mercadolivre.com.br/tablet>","logger":"airflow.task.hooks.airflow.providers.standard.hooks.subprocess.SubprocessHook","filename":"subprocess.py","lineno":99}
{"timestamp":"2026-02-04T22:30:25.011304Z","level":"info","event":"{'color': 'N/A',","logger":"airflow.task.hooks.airflow.providers.standard.hooks.subprocess.SubprocessHook","filename":"subprocess.py","lineno":99}
{"timestamp":"2026-02-04T22:30:25.011359Z","level":"info","event":" 'full_title': 'Tablet Samsung Tab A9+ 64gb 4gb Ram - 5G - Enterprise Edition '","logger":"airflow.task.hooks.airflow.providers.standard.hooks.subprocess.SubprocessHook","filename":"subprocess.py","lineno":99}
{"timestamp":"2026-02-04T22:30:25.011393Z","level":"info","event":"               'Tela 11.0\" X216 Grafit',","logger":"airflow.task.hooks.airflow.providers.standard.hooks.subprocess.SubprocessHook","filename":"subprocess.py","lineno":99}
{"timestamp":"2026-02-04T22:30:25.011423Z","level":"info","event":" 'memory': '4gb',","logger":"airflow.task.hooks.airflow.providers.standard.hooks.subprocess.SubprocessHook","filename":"subprocess.py","lineno":99}
{"timestamp":"2026-02-04T22:30:25.011451Z","level":"info","event":" 'price': '1.784',","logger":"airflow.task.hooks.airflow.providers.standard.hooks.subprocess.SubprocessHook","filename":"subprocess.py","lineno":99}
{"timestamp":"2026-02-04T22:30:25.011508Z","level":"info","event":" 'rating': '4.9',","logger":"airflow.task.hooks.airflow.providers.standard.hooks.subprocess.SubprocessHook","filename":"subprocess.py","lineno":99}
{"timestamp":"2026-02-04T22:30:25.011562Z","level":"info","event":" 'short_title': 'tablet',","logger":"airflow.task.hooks.airflow.providers.standard.hooks.subprocess.SubprocessHook","filename":"subprocess.py","lineno":99}
{"timestamp":"2026-02-04T22:30:25.011596Z","level":"info","event":" 'site_name': 'mercado_livre',","logger":"airflow.task.hooks.airflow.providers.standard.hooks.subprocess.SubprocessHook","filename":"subprocess.py","lineno":99}
{"timestamp":"2026-02-04T22:30:25.011627Z","level":"info","event":" 'storage': 'N/A'}","logger":"airflow.task.hooks.airflow.providers.standard.hooks.subprocess.SubprocessHook","filename":"subprocess.py","lineno":99}
{"timestamp":"2026-02-04T22:30:25.013939Z","level":"info","event":"2026-02-04 22:30:25 [scrapy.core.scraper] DEBUG: Scraped from <200 https://lista.mercadolivre.com.br/tablet>","logger":"airflow.task.hooks.airflow.providers.standard.hooks.subprocess.SubprocessHook","filename":"subprocess.py","lineno":99}
{"timestamp":"2026-02-04T22:30:25.014060Z","level":"info","event":"{'color': 'Cinza',","logger":"airflow.task.hooks.airflow.providers.standard.hooks.subprocess.SubprocessHook","filename":"subprocess.py","lineno":99}
{"timestamp":"2026-02-04T22:30:25.014144Z","level":"info","event":" 'full_title': 'Tablet Lenovo Tab 10.1¨ Wifi 5 64gb 4gb De Ram Android 14 '","logger":"airflow.task.hooks.airflow.providers.standard.hooks.subprocess.SubprocessHook","filename":"subprocess.py","lineno":99}
{"timestamp":"2026-02-04T22:30:25.014304Z","level":"info","event":"               'Cinza',","logger":"airflow.task.hooks.airflow.providers.standard.hooks.subprocess.SubprocessHook","filename":"subprocess.py","lineno":99}
{"timestamp":"2026-02-04T22:30:25.014365Z","level":"info","event":" 'memory': 'N/A',","logger":"airflow.task.hooks.airflow.providers.standard.hooks.subprocess.SubprocessHook","filename":"subprocess.py","lineno":99}
{"timestamp":"2026-02-04T22:30:25.014420Z","level":"info","event":" 'price': '1.170',","logger":"airflow.task.hooks.airflow.providers.standard.hooks.subprocess.SubprocessHook","filename":"subprocess.py","lineno":99}
{"timestamp":"2026-02-04T22:30:25.014462Z","level":"info","event":" 'rating': '4.9',","logger":"airflow.task.hooks.airflow.providers.standard.hooks.subprocess.SubprocessHook","filename":"subprocess.py","lineno":99}
{"timestamp":"2026-02-04T22:30:25.014510Z","level":"info","event":" 'short_title': 'tablet',","logger":"airflow.task.hooks.airflow.providers.standard.hooks.subprocess.SubprocessHook","filename":"subprocess.py","lineno":99}
{"timestamp":"2026-02-04T22:30:25.014554Z","level":"info","event":" 'site_name': 'mercado_livre',","logger":"airflow.task.hooks.airflow.providers.standard.hooks.subprocess.SubprocessHook","filename":"subprocess.py","lineno":99}
{"timestamp":"2026-02-04T22:30:25.014593Z","level":"info","event":" 'storage': 'N/A'}","logger":"airflow.task.hooks.airflow.providers.standard.hooks.subprocess.SubprocessHook","filename":"subprocess.py","lineno":99}
{"timestamp":"2026-02-04T22:30:25.017900Z","level":"info","event":"2026-02-04 22:30:25 [scrapy.core.scraper] DEBUG: Scraped from <200 https://lista.mercadolivre.com.br/tablet>","logger":"airflow.task.hooks.airflow.providers.standard.hooks.subprocess.SubprocessHook","filename":"subprocess.py","lineno":99}
{"timestamp":"2026-02-04T22:30:25.018057Z","level":"info","event":"{'color': 'N/A',","logger":"airflow.task.hooks.airflow.providers.standard.hooks.subprocess.SubprocessHook","filename":"subprocess.py","lineno":99}
{"timestamp":"2026-02-04T22:30:25.018133Z","level":"info","event":" 'full_title': 'Tablet Positivo Vision TAB 7 - Processador Octa-Core 3GB RAM '","logger":"airflow.task.hooks.airflow.providers.standard.hooks.subprocess.SubprocessHook","filename":"subprocess.py","lineno":99}
{"timestamp":"2026-02-04T22:30:25.018175Z","level":"info","event":"               '64GB Armazenamento, Tela 7” IPS, Bateria 3100mAh, Android 14 '","logger":"airflow.task.hooks.airflow.providers.standard.hooks.subprocess.SubprocessHook","filename":"subprocess.py","lineno":99}
{"timestamp":"2026-02-04T22:30:25.018207Z","level":"info","event":"               'Go, Wi-fi - Preto',","logger":"airflow.task.hooks.airflow.providers.standard.hooks.subprocess.SubprocessHook","filename":"subprocess.py","lineno":99}
{"timestamp":"2026-02-04T22:30:25.018236Z","level":"info","event":" 'memory': '3GB',","logger":"airflow.task.hooks.airflow.providers.standard.hooks.subprocess.SubprocessHook","filename":"subprocess.py","lineno":99}
{"timestamp":"2026-02-04T22:30:25.018265Z","level":"info","event":" 'price': '599',","logger":"airflow.task.hooks.airflow.providers.standard.hooks.subprocess.SubprocessHook","filename":"subprocess.py","lineno":99}
{"timestamp":"2026-02-04T22:30:25.018293Z","level":"info","event":" 'rating': '4.5',","logger":"airflow.task.hooks.airflow.providers.standard.hooks.subprocess.SubprocessHook","filename":"subprocess.py","lineno":99}
{"timestamp":"2026-02-04T22:30:25.018321Z","level":"info","event":" 'short_title': 'tablet',","logger":"airflow.task.hooks.airflow.providers.standard.hooks.subprocess.SubprocessHook","filename":"subprocess.py","lineno":99}
{"timestamp":"2026-02-04T22:30:25.018347Z","level":"info","event":" 'site_name': 'mercado_livre',","logger":"airflow.task.hooks.airflow.providers.standard.hooks.subprocess.SubprocessHook","filename":"subprocess.py","lineno":99}
{"timestamp":"2026-02-04T22:30:25.018374Z","level":"info","event":" 'storage': 'N/A'}","logger":"airflow.task.hooks.airflow.providers.standard.hooks.subprocess.SubprocessHook","filename":"subprocess.py","lineno":99}
{"timestamp":"2026-02-04T22:30:25.020853Z","level":"info","event":"2026-02-04 22:30:25 [scrapy.core.scraper] DEBUG: Scraped from <200 https://lista.mercadolivre.com.br/tablet>","logger":"airflow.task.hooks.airflow.providers.standard.hooks.subprocess.SubprocessHook","filename":"subprocess.py","lineno":99}
{"timestamp":"2026-02-04T22:30:25.020991Z","level":"info","event":"{'color': 'Cinza',","logger":"airflow.task.hooks.airflow.providers.standard.hooks.subprocess.SubprocessHook","filename":"subprocess.py","lineno":99}
{"timestamp":"2026-02-04T22:30:25.021046Z","level":"info","event":" 'full_title': 'Tablet Samsung Galaxy Tab S10 FE WiFi, 128GB, 8GB, Tela 10.9\" '","logger":"airflow.task.hooks.airflow.providers.standard.hooks.subprocess.SubprocessHook","filename":"subprocess.py","lineno":99}
{"timestamp":"2026-02-04T22:30:25.021084Z","level":"info","event":"               '90Hz, S Pen e Capa Inclusas Cinza',","logger":"airflow.task.hooks.airflow.providers.standard.hooks.subprocess.SubprocessHook","filename":"subprocess.py","lineno":99}
{"timestamp":"2026-02-04T22:30:25.021117Z","level":"info","event":" 'memory': 'N/A',","logger":"airflow.task.hooks.airflow.providers.standard.hooks.subprocess.SubprocessHook","filename":"subprocess.py","lineno":99}
{"timestamp":"2026-02-04T22:30:25.021147Z","level":"info","event":" 'price': '4.199',","logger":"airflow.task.hooks.airflow.providers.standard.hooks.subprocess.SubprocessHook","filename":"subprocess.py","lineno":99}
{"timestamp":"2026-02-04T22:30:25.021175Z","level":"info","event":" 'rating': '4.9',","logger":"airflow.task.hooks.airflow.providers.standard.hooks.subprocess.SubprocessHook","filename":"subprocess.py","lineno":99}
{"timestamp":"2026-02-04T22:30:25.021201Z","level":"info","event":" 'short_title': 'tablet',","logger":"airflow.task.hooks.airflow.providers.standard.hooks.subprocess.SubprocessHook","filename":"subprocess.py","lineno":99}
{"timestamp":"2026-02-04T22:30:25.021229Z","level":"info","event":" 'site_name': 'mercado_livre',","logger":"airflow.task.hooks.airflow.providers.standard.hooks.subprocess.SubprocessHook","filename":"subprocess.py","lineno":99}
{"timestamp":"2026-02-04T22:30:25.021256Z","level":"info","event":" 'storage': 'N/A'}","logger":"airflow.task.hooks.airflow.providers.standard.hooks.subprocess.SubprocessHook","filename":"subprocess.py","lineno":99}
{"timestamp":"2026-02-04T22:30:25.023763Z","level":"info","event":"2026-02-04 22:30:25 [scrapy.core.scraper] DEBUG: Scraped from <200 https://lista.mercadolivre.com.br/tablet>","logger":"airflow.task.hooks.airflow.providers.standard.hooks.subprocess.SubprocessHook","filename":"subprocess.py","lineno":99}
{"timestamp":"2026-02-04T22:30:25.023890Z","level":"info","event":"{'color': 'Cinza',","logger":"airflow.task.hooks.airflow.providers.standard.hooks.subprocess.SubprocessHook","filename":"subprocess.py","lineno":99}
{"timestamp":"2026-02-04T22:30:25.023963Z","level":"info","event":" 'full_title': 'Tab Samsung Galaxy S10 Lite 128gb, 6gb Ram Cinza',","logger":"airflow.task.hooks.airflow.providers.standard.hooks.subprocess.SubprocessHook","filename":"subprocess.py","lineno":99}
{"timestamp":"2026-02-04T22:30:25.024017Z","level":"info","event":" 'memory': '6gb',","logger":"airflow.task.hooks.airflow.providers.standard.hooks.subprocess.SubprocessHook","filename":"subprocess.py","lineno":99}
{"timestamp":"2026-02-04T22:30:25.024058Z","level":"info","event":" 'price': '2.999',","logger":"airflow.task.hooks.airflow.providers.standard.hooks.subprocess.SubprocessHook","filename":"subprocess.py","lineno":99}
{"timestamp":"2026-02-04T22:30:25.024099Z","level":"info","event":" 'rating': '5.0',","logger":"airflow.task.hooks.airflow.providers.standard.hooks.subprocess.SubprocessHook","filename":"subprocess.py","lineno":99}
{"timestamp":"2026-02-04T22:30:25.024186Z","level":"info","event":" 'short_title': 'tablet',","logger":"airflow.task.hooks.airflow.providers.standard.hooks.subprocess.SubprocessHook","filename":"subprocess.py","lineno":99}
{"timestamp":"2026-02-04T22:30:25.024250Z","level":"info","event":" 'site_name': 'mercado_livre',","logger":"airflow.task.hooks.airflow.providers.standard.hooks.subprocess.SubprocessHook","filename":"subprocess.py","lineno":99}
{"timestamp":"2026-02-04T22:30:25.024298Z","level":"info","event":" 'storage': 'N/A'}","logger":"airflow.task.hooks.airflow.providers.standard.hooks.subprocess.SubprocessHook","filename":"subprocess.py","lineno":99}
{"timestamp":"2026-02-04T22:30:25.026809Z","level":"info","event":"2026-02-04 22:30:25 [scrapy.core.scraper] DEBUG: Scraped from <200 https://lista.mercadolivre.com.br/tablet>","logger":"airflow.task.hooks.airflow.providers.standard.hooks.subprocess.SubprocessHook","filename":"subprocess.py","lineno":99}
{"timestamp":"2026-02-04T22:30:25.026946Z","level":"info","event":"{'color': 'N/A',","logger":"airflow.task.hooks.airflow.providers.standard.hooks.subprocess.SubprocessHook","filename":"subprocess.py","lineno":99}
{"timestamp":"2026-02-04T22:30:25.027001Z","level":"info","event":" 'full_title': 'Tablet VAIO TL10 8GB 128GB Octa-Core, Tela 10.4” 2K, 4G WiFi, '","logger":"airflow.task.hooks.airflow.providers.standard.hooks.subprocess.SubprocessHook","filename":"subprocess.py","lineno":99}
{"timestamp":"2026-02-04T22:30:25.027038Z","level":"info","event":"               'Câmera 8MP + Selfie 5MP, 7000mAh, Android 13, com Teclado de '","logger":"airflow.task.hooks.airflow.providers.standard.hooks.subprocess.SubprocessHook","filename":"subprocess.py","lineno":99}
{"timestamp":"2026-02-04T22:30:25.027071Z","level":"info","event":"               'Conexão Inteligente – Preto',","logger":"airflow.task.hooks.airflow.providers.standard.hooks.subprocess.SubprocessHook","filename":"subprocess.py","lineno":99}
{"timestamp":"2026-02-04T22:30:25.027102Z","level":"info","event":" 'memory': 'N/A',","logger":"airflow.task.hooks.airflow.providers.standard.hooks.subprocess.SubprocessHook","filename":"subprocess.py","lineno":99}
{"timestamp":"2026-02-04T22:30:25.027130Z","level":"info","event":" 'price': '1.949',","logger":"airflow.task.hooks.airflow.providers.standard.hooks.subprocess.SubprocessHook","filename":"subprocess.py","lineno":99}
{"timestamp":"2026-02-04T22:30:25.027156Z","level":"info","event":" 'rating': '4.7',","logger":"airflow.task.hooks.airflow.providers.standard.hooks.subprocess.SubprocessHook","filename":"subprocess.py","lineno":99}
{"timestamp":"2026-02-04T22:30:25.027182Z","level":"info","event":" 'short_title': 'tablet',","logger":"airflow.task.hooks.airflow.providers.standard.hooks.subprocess.SubprocessHook","filename":"subprocess.py","lineno":99}
{"timestamp":"2026-02-04T22:30:25.027209Z","level":"info","event":" 'site_name': 'mercado_livre',","logger":"airflow.task.hooks.airflow.providers.standard.hooks.subprocess.SubprocessHook","filename":"subprocess.py","lineno":99}
{"timestamp":"2026-02-04T22:30:25.027236Z","level":"info","event":" 'storage': 'N/A'}","logger":"airflow.task.hooks.airflow.providers.standard.hooks.subprocess.SubprocessHook","filename":"subprocess.py","lineno":99}
{"timestamp":"2026-02-04T22:30:25.029784Z","level":"info","event":"2026-02-04 22:30:25 [scrapy.core.scraper] DEBUG: Scraped from <200 https://lista.mercadolivre.com.br/tablet>","logger":"airflow.task.hooks.airflow.providers.standard.hooks.subprocess.SubprocessHook","filename":"subprocess.py","lineno":99}
{"timestamp":"2026-02-04T22:30:25.029942Z","level":"info","event":"{'color': 'N/A',","logger":"airflow.task.hooks.airflow.providers.standard.hooks.subprocess.SubprocessHook","filename":"subprocess.py","lineno":99}
{"timestamp":"2026-02-04T22:30:25.030022Z","level":"info","event":" 'full_title': 'Tablet Inteligente Android 11pro 12+512gb De 10 Polegadas .',","logger":"airflow.task.hooks.airflow.providers.standard.hooks.subprocess.SubprocessHook","filename":"subprocess.py","lineno":99}
{"timestamp":"2026-02-04T22:30:25.030085Z","level":"info","event":" 'memory': 'N/A',","logger":"airflow.task.hooks.airflow.providers.standard.hooks.subprocess.SubprocessHook","filename":"subprocess.py","lineno":99}
{"timestamp":"2026-02-04T22:30:25.030130Z","level":"info","event":" 'price': '259',","logger":"airflow.task.hooks.airflow.providers.standard.hooks.subprocess.SubprocessHook","filename":"subprocess.py","lineno":99}
{"timestamp":"2026-02-04T22:30:25.030170Z","level":"info","event":" 'rating': '+5 vendidos',","logger":"airflow.task.hooks.airflow.providers.standard.hooks.subprocess.SubprocessHook","filename":"subprocess.py","lineno":99}
{"timestamp":"2026-02-04T22:30:25.030310Z","level":"info","event":" 'short_title': 'tablet',","logger":"airflow.task.hooks.airflow.providers.standard.hooks.subprocess.SubprocessHook","filename":"subprocess.py","lineno":99}
{"timestamp":"2026-02-04T22:30:25.030373Z","level":"info","event":" 'site_name': 'mercado_livre',","logger":"airflow.task.hooks.airflow.providers.standard.hooks.subprocess.SubprocessHook","filename":"subprocess.py","lineno":99}
{"timestamp":"2026-02-04T22:30:25.030430Z","level":"info","event":" 'storage': 'N/A'}","logger":"airflow.task.hooks.airflow.providers.standard.hooks.subprocess.SubprocessHook","filename":"subprocess.py","lineno":99}
{"timestamp":"2026-02-04T22:30:25.032844Z","level":"info","event":"2026-02-04 22:30:25 [scrapy.core.scraper] DEBUG: Scraped from <200 https://lista.mercadolivre.com.br/tablet>","logger":"airflow.task.hooks.airflow.providers.standard.hooks.subprocess.SubprocessHook","filename":"subprocess.py","lineno":99}
{"timestamp":"2026-02-04T22:30:25.032930Z","level":"info","event":"{'color': 'Vermelho',","logger":"airflow.task.hooks.airflow.providers.standard.hooks.subprocess.SubprocessHook","filename":"subprocess.py","lineno":99}
{"timestamp":"2026-02-04T22:30:25.033003Z","level":"info","event":" 'full_title': 'Tablet Samsung Galaxy Tab S10 Lite WiFi, 128GB, 6GB RAM, Tela '","logger":"airflow.task.hooks.airflow.providers.standard.hooks.subprocess.SubprocessHook","filename":"subprocess.py","lineno":99}
{"timestamp":"2026-02-04T22:30:25.033054Z","level":"info","event":"               '10.9\", S Pen e Capa Smartbook Cover Inclusas Vermelho',","logger":"airflow.task.hooks.airflow.providers.standard.hooks.subprocess.SubprocessHook","filename":"subprocess.py","lineno":99}
{"timestamp":"2026-02-04T22:30:25.033098Z","level":"info","event":" 'memory': '6GB',","logger":"airflow.task.hooks.airflow.providers.standard.hooks.subprocess.SubprocessHook","filename":"subprocess.py","lineno":99}
{"timestamp":"2026-02-04T22:30:25.033137Z","level":"info","event":" 'price': '2.999',","logger":"airflow.task.hooks.airflow.providers.standard.hooks.subprocess.SubprocessHook","filename":"subprocess.py","lineno":99}
{"timestamp":"2026-02-04T22:30:25.033175Z","level":"info","event":" 'rating': '5.0',","logger":"airflow.task.hooks.airflow.providers.standard.hooks.subprocess.SubprocessHook","filename":"subprocess.py","lineno":99}
{"timestamp":"2026-02-04T22:30:25.033213Z","level":"info","event":" 'short_title': 'tablet',","logger":"airflow.task.hooks.airflow.providers.standard.hooks.subprocess.SubprocessHook","filename":"subprocess.py","lineno":99}
{"timestamp":"2026-02-04T22:30:25.033250Z","level":"info","event":" 'site_name': 'mercado_livre',","logger":"airflow.task.hooks.airflow.providers.standard.hooks.subprocess.SubprocessHook","filename":"subprocess.py","lineno":99}
{"timestamp":"2026-02-04T22:30:25.033287Z","level":"info","event":" 'storage': 'N/A'}","logger":"airflow.task.hooks.airflow.providers.standard.hooks.subprocess.SubprocessHook","filename":"subprocess.py","lineno":99}
{"timestamp":"2026-02-04T22:30:25.036030Z","level":"info","event":"2026-02-04 22:30:25 [scrapy.core.scraper] DEBUG: Scraped from <200 https://lista.mercadolivre.com.br/tablet>","logger":"airflow.task.hooks.airflow.providers.standard.hooks.subprocess.SubprocessHook","filename":"subprocess.py","lineno":99}
{"timestamp":"2026-02-04T22:30:25.036140Z","level":"info","event":"{'color': 'Preto',","logger":"airflow.task.hooks.airflow.providers.standard.hooks.subprocess.SubprocessHook","filename":"subprocess.py","lineno":99}
{"timestamp":"2026-02-04T22:30:25.036196Z","level":"info","event":" 'full_title': 'Tablet Android 15 12gb 512gb Tela 10.1 Snapdragon 10000mah '","logger":"airflow.task.hooks.airflow.providers.standard.hooks.subprocess.SubprocessHook","filename":"subprocess.py","lineno":99}
{"timestamp":"2026-02-04T22:30:25.036234Z","level":"info","event":"               'Preto',","logger":"airflow.task.hooks.airflow.providers.standard.hooks.subprocess.SubprocessHook","filename":"subprocess.py","lineno":99}
{"timestamp":"2026-02-04T22:30:25.036265Z","level":"info","event":" 'memory': 'N/A',","logger":"airflow.task.hooks.airflow.providers.standard.hooks.subprocess.SubprocessHook","filename":"subprocess.py","lineno":99}
{"timestamp":"2026-02-04T22:30:25.036293Z","level":"info","event":" 'price': '872',","logger":"airflow.task.hooks.airflow.providers.standard.hooks.subprocess.SubprocessHook","filename":"subprocess.py","lineno":99}
{"timestamp":"2026-02-04T22:30:25.036331Z","level":"info","event":" 'rating': '+5 vendidos',","logger":"airflow.task.hooks.airflow.providers.standard.hooks.subprocess.SubprocessHook","filename":"subprocess.py","lineno":99}
{"timestamp":"2026-02-04T22:30:25.036360Z","level":"info","event":" 'short_title': 'tablet',","logger":"airflow.task.hooks.airflow.providers.standard.hooks.subprocess.SubprocessHook","filename":"subprocess.py","lineno":99}
{"timestamp":"2026-02-04T22:30:25.036386Z","level":"info","event":" 'site_name': 'mercado_livre',","logger":"airflow.task.hooks.airflow.providers.standard.hooks.subprocess.SubprocessHook","filename":"subprocess.py","lineno":99}
{"timestamp":"2026-02-04T22:30:25.036412Z","level":"info","event":" 'storage': 'N/A'}","logger":"airflow.task.hooks.airflow.providers.standard.hooks.subprocess.SubprocessHook","filename":"subprocess.py","lineno":99}
{"timestamp":"2026-02-04T22:30:25.038630Z","level":"info","event":"2026-02-04 22:30:25 [scrapy.core.scraper] DEBUG: Scraped from <200 https://lista.mercadolivre.com.br/tablet>","logger":"airflow.task.hooks.airflow.providers.standard.hooks.subprocess.SubprocessHook","filename":"subprocess.py","lineno":99}
{"timestamp":"2026-02-04T22:30:25.038753Z","level":"info","event":"{'color': 'N/A',","logger":"airflow.task.hooks.airflow.providers.standard.hooks.subprocess.SubprocessHook","filename":"subprocess.py","lineno":99}
{"timestamp":"2026-02-04T22:30:25.038832Z","level":"info","event":" 'full_title': 'Tablet Infantil 7 Polegadas 6gb Ram + 128gb Android 12',","logger":"airflow.task.hooks.airflow.providers.standard.hooks.subprocess.SubprocessHook","filename":"subprocess.py","lineno":99}
{"timestamp":"2026-02-04T22:30:25.038886Z","level":"info","event":" 'memory': '6gb',","logger":"airflow.task.hooks.airflow.providers.standard.hooks.subprocess.SubprocessHook","filename":"subprocess.py","lineno":99}
{"timestamp":"2026-02-04T22:30:25.038928Z","level":"info","event":" 'price': '699',","logger":"airflow.task.hooks.airflow.providers.standard.hooks.subprocess.SubprocessHook","filename":"subprocess.py","lineno":99}
{"timestamp":"2026-02-04T22:30:25.038967Z","level":"info","event":" 'rating': '1 vendido',","logger":"airflow.task.hooks.airflow.providers.standard.hooks.subprocess.SubprocessHook","filename":"subprocess.py","lineno":99}
{"timestamp":"2026-02-04T22:30:25.039013Z","level":"info","event":" 'short_title': 'tablet',","logger":"airflow.task.hooks.airflow.providers.standard.hooks.subprocess.SubprocessHook","filename":"subprocess.py","lineno":99}
{"timestamp":"2026-02-04T22:30:25.039058Z","level":"info","event":" 'site_name': 'mercado_livre',","logger":"airflow.task.hooks.airflow.providers.standard.hooks.subprocess.SubprocessHook","filename":"subprocess.py","lineno":99}
{"timestamp":"2026-02-04T22:30:25.039097Z","level":"info","event":" 'storage': 'N/A'}","logger":"airflow.task.hooks.airflow.providers.standard.hooks.subprocess.SubprocessHook","filename":"subprocess.py","lineno":99}
{"timestamp":"2026-02-04T22:30:25.042880Z","level":"info","event":"2026-02-04 22:30:25 [scrapy.core.scraper] DEBUG: Scraped from <200 https://lista.mercadolivre.com.br/tablet>","logger":"airflow.task.hooks.airflow.providers.standard.hooks.subprocess.SubprocessHook","filename":"subprocess.py","lineno":99}
{"timestamp":"2026-02-04T22:30:25.043006Z","level":"info","event":"{'color': 'N/A',","logger":"airflow.task.hooks.airflow.providers.standard.hooks.subprocess.SubprocessHook","filename":"subprocess.py","lineno":99}
{"timestamp":"2026-02-04T22:30:25.043082Z","level":"info","event":" 'full_title': 'Tablet Bml Android Ram 12g+512g Wifi 5g Caneta +teclad 2025',","logger":"airflow.task.hooks.airflow.providers.standard.hooks.subprocess.SubprocessHook","filename":"subprocess.py","lineno":99}
{"timestamp":"2026-02-04T22:30:25.043132Z","level":"info","event":" 'memory': 'N/A',","logger":"airflow.task.hooks.airflow.providers.standard.hooks.subprocess.SubprocessHook","filename":"subprocess.py","lineno":99}
{"timestamp":"2026-02-04T22:30:25.043239Z","level":"info","event":" 'price': '1.399',","logger":"airflow.task.hooks.airflow.providers.standard.hooks.subprocess.SubprocessHook","filename":"subprocess.py","lineno":99}
{"timestamp":"2026-02-04T22:30:25.043307Z","level":"info","event":" 'rating': '+5 vendidos',","logger":"airflow.task.hooks.airflow.providers.standard.hooks.subprocess.SubprocessHook","filename":"subprocess.py","lineno":99}
{"timestamp":"2026-02-04T22:30:25.043352Z","level":"info","event":" 'short_title': 'tablet',","logger":"airflow.task.hooks.airflow.providers.standard.hooks.subprocess.SubprocessHook","filename":"subprocess.py","lineno":99}
{"timestamp":"2026-02-04T22:30:25.043393Z","level":"info","event":" 'site_name': 'mercado_livre',","logger":"airflow.task.hooks.airflow.providers.standard.hooks.subprocess.SubprocessHook","filename":"subprocess.py","lineno":99}
{"timestamp":"2026-02-04T22:30:25.043432Z","level":"info","event":" 'storage': 'N/A'}","logger":"airflow.task.hooks.airflow.providers.standard.hooks.subprocess.SubprocessHook","filename":"subprocess.py","lineno":99}
{"timestamp":"2026-02-04T22:30:25.045301Z","level":"info","event":"2026-02-04 22:30:25 [scrapy.core.scraper] DEBUG: Scraped from <200 https://lista.mercadolivre.com.br/tablet>","logger":"airflow.task.hooks.airflow.providers.standard.hooks.subprocess.SubprocessHook","filename":"subprocess.py","lineno":99}
{"timestamp":"2026-02-04T22:30:25.045413Z","level":"info","event":"{'color': 'Azul',","logger":"airflow.task.hooks.airflow.providers.standard.hooks.subprocess.SubprocessHook","filename":"subprocess.py","lineno":99}
{"timestamp":"2026-02-04T22:30:25.045479Z","level":"info","event":" 'full_title': 'Tablet Kids Criança Jogo Infantil Youtube Roblox Azul Rosa',","logger":"airflow.task.hooks.airflow.providers.standard.hooks.subprocess.SubprocessHook","filename":"subprocess.py","lineno":99}
{"timestamp":"2026-02-04T22:30:25.045526Z","level":"info","event":" 'memory': 'N/A',","logger":"airflow.task.hooks.airflow.providers.standard.hooks.subprocess.SubprocessHook","filename":"subprocess.py","lineno":99}
{"timestamp":"2026-02-04T22:30:25.045565Z","level":"info","event":" 'price': '399',","logger":"airflow.task.hooks.airflow.providers.standard.hooks.subprocess.SubprocessHook","filename":"subprocess.py","lineno":99}
{"timestamp":"2026-02-04T22:30:25.045599Z","level":"info","event":" 'rating': '5.0',","logger":"airflow.task.hooks.airflow.providers.standard.hooks.subprocess.SubprocessHook","filename":"subprocess.py","lineno":99}
{"timestamp":"2026-02-04T22:30:25.045633Z","level":"info","event":" 'short_title': 'tablet',","logger":"airflow.task.hooks.airflow.providers.standard.hooks.subprocess.SubprocessHook","filename":"subprocess.py","lineno":99}
{"timestamp":"2026-02-04T22:30:25.045666Z","level":"info","event":" 'site_name': 'mercado_livre',","logger":"airflow.task.hooks.airflow.providers.standard.hooks.subprocess.SubprocessHook","filename":"subprocess.py","lineno":99}
{"timestamp":"2026-02-04T22:30:25.045701Z","level":"info","event":" 'storage': 'N/A'}","logger":"airflow.task.hooks.airflow.providers.standard.hooks.subprocess.SubprocessHook","filename":"subprocess.py","lineno":99}
{"timestamp":"2026-02-04T22:30:25.047861Z","level":"info","event":"2026-02-04 22:30:25 [scrapy.core.scraper] DEBUG: Scraped from <200 https://lista.mercadolivre.com.br/tablet>","logger":"airflow.task.hooks.airflow.providers.standard.hooks.subprocess.SubprocessHook","filename":"subprocess.py","lineno":99}
{"timestamp":"2026-02-04T22:30:25.047962Z","level":"info","event":"{'color': 'N/A',","logger":"airflow.task.hooks.airflow.providers.standard.hooks.subprocess.SubprocessHook","filename":"subprocess.py","lineno":99}
{"timestamp":"2026-02-04T22:30:25.048046Z","level":"info","event":" 'full_title': 'Tablet Samsung Galaxy Tab A9+ Wi-Fi 64GB 4GB RAM Tela 11\" '","logger":"airflow.task.hooks.airflow.providers.standard.hooks.subprocess.SubprocessHook","filename":"subprocess.py","lineno":99}
{"timestamp":"2026-02-04T22:30:25.048103Z","level":"info","event":"               'Grafite - SM-X210NZAAZTO',","logger":"airflow.task.hooks.airflow.providers.standard.hooks.subprocess.SubprocessHook","filename":"subprocess.py","lineno":99}
{"timestamp":"2026-02-04T22:30:25.048146Z","level":"info","event":" 'memory': '4GB',","logger":"airflow.task.hooks.airflow.providers.standard.hooks.subprocess.SubprocessHook","filename":"subprocess.py","lineno":99}
{"timestamp":"2026-02-04T22:30:25.048185Z","level":"info","event":" 'price': '1.999',","logger":"airflow.task.hooks.airflow.providers.standard.hooks.subprocess.SubprocessHook","filename":"subprocess.py","lineno":99}
{"timestamp":"2026-02-04T22:30:25.048222Z","level":"info","event":" 'rating': '4.9',","logger":"airflow.task.hooks.airflow.providers.standard.hooks.subprocess.SubprocessHook","filename":"subprocess.py","lineno":99}
{"timestamp":"2026-02-04T22:30:25.048251Z","level":"info","event":" 'short_title': 'tablet',","logger":"airflow.task.hooks.airflow.providers.standard.hooks.subprocess.SubprocessHook","filename":"subprocess.py","lineno":99}
{"timestamp":"2026-02-04T22:30:25.048282Z","level":"info","event":" 'site_name': 'mercado_livre',","logger":"airflow.task.hooks.airflow.providers.standard.hooks.subprocess.SubprocessHook","filename":"subprocess.py","lineno":99}
{"timestamp":"2026-02-04T22:30:25.048320Z","level":"info","event":" 'storage': 'N/A'}","logger":"airflow.task.hooks.airflow.providers.standard.hooks.subprocess.SubprocessHook","filename":"subprocess.py","lineno":99}
{"timestamp":"2026-02-04T22:30:25.050189Z","level":"info","event":"2026-02-04 22:30:25 [scrapy.core.scraper] DEBUG: Scraped from <200 https://lista.mercadolivre.com.br/tablet>","logger":"airflow.task.hooks.airflow.providers.standard.hooks.subprocess.SubprocessHook","filename":"subprocess.py","lineno":99}
{"timestamp":"2026-02-04T22:30:25.050329Z","level":"info","event":"{'color': 'N/A',","logger":"airflow.task.hooks.airflow.providers.standard.hooks.subprocess.SubprocessHook","filename":"subprocess.py","lineno":99}
{"timestamp":"2026-02-04T22:30:25.050392Z","level":"info","event":" 'full_title': 'Tablet VAIO TL12 128GB Octa-Core, 12.6” 5G WiFi Câmera 13MP + '","logger":"airflow.task.hooks.airflow.providers.standard.hooks.subprocess.SubprocessHook","filename":"subprocess.py","lineno":99}
{"timestamp":"2026-02-04T22:30:25.050436Z","level":"info","event":"               'Selfie 12MP com Teclado Inteligente, Capa Protetora e Caneta',","logger":"airflow.task.hooks.airflow.providers.standard.hooks.subprocess.SubprocessHook","filename":"subprocess.py","lineno":99}
{"timestamp":"2026-02-04T22:30:25.050473Z","level":"info","event":" 'memory': 'N/A',","logger":"airflow.task.hooks.airflow.providers.standard.hooks.subprocess.SubprocessHook","filename":"subprocess.py","lineno":99}
{"timestamp":"2026-02-04T22:30:25.050508Z","level":"info","event":" 'price': '4.085',","logger":"airflow.task.hooks.airflow.providers.standard.hooks.subprocess.SubprocessHook","filename":"subprocess.py","lineno":99}
{"timestamp":"2026-02-04T22:30:25.050541Z","level":"info","event":" 'rating': '4.8',","logger":"airflow.task.hooks.airflow.providers.standard.hooks.subprocess.SubprocessHook","filename":"subprocess.py","lineno":99}
{"timestamp":"2026-02-04T22:30:25.050574Z","level":"info","event":" 'short_title': 'tablet',","logger":"airflow.task.hooks.airflow.providers.standard.hooks.subprocess.SubprocessHook","filename":"subprocess.py","lineno":99}
{"timestamp":"2026-02-04T22:30:25.050606Z","level":"info","event":" 'site_name': 'mercado_livre',","logger":"airflow.task.hooks.airflow.providers.standard.hooks.subprocess.SubprocessHook","filename":"subprocess.py","lineno":99}
{"timestamp":"2026-02-04T22:30:25.050638Z","level":"info","event":" 'storage': 'N/A'}","logger":"airflow.task.hooks.airflow.providers.standard.hooks.subprocess.SubprocessHook","filename":"subprocess.py","lineno":99}
{"timestamp":"2026-02-04T22:30:25.052462Z","level":"info","event":"2026-02-04 22:30:25 [scrapy.core.scraper] DEBUG: Scraped from <200 https://lista.mercadolivre.com.br/tablet>","logger":"airflow.task.hooks.airflow.providers.standard.hooks.subprocess.SubprocessHook","filename":"subprocess.py","lineno":99}
{"timestamp":"2026-02-04T22:30:25.052550Z","level":"info","event":"{'color': 'N/A',","logger":"airflow.task.hooks.airflow.providers.standard.hooks.subprocess.SubprocessHook","filename":"subprocess.py","lineno":99}
{"timestamp":"2026-02-04T22:30:25.052606Z","level":"info","event":" 'full_title': 'Tab A9 64GB 4GB RAM Enterprise Edition Tela 8.7.\" X115 4G '","logger":"airflow.task.hooks.airflow.providers.standard.hooks.subprocess.SubprocessHook","filename":"subprocess.py","lineno":99}
{"timestamp":"2026-02-04T22:30:25.052647Z","level":"info","event":"               'Grafite',","logger":"airflow.task.hooks.airflow.providers.standard.hooks.subprocess.SubprocessHook","filename":"subprocess.py","lineno":99}
{"timestamp":"2026-02-04T22:30:25.052680Z","level":"info","event":" 'memory': '4GB',","logger":"airflow.task.hooks.airflow.providers.standard.hooks.subprocess.SubprocessHook","filename":"subprocess.py","lineno":99}
{"timestamp":"2026-02-04T22:30:25.052709Z","level":"info","event":" 'price': '1.270',","logger":"airflow.task.hooks.airflow.providers.standard.hooks.subprocess.SubprocessHook","filename":"subprocess.py","lineno":99}
{"timestamp":"2026-02-04T22:30:25.052736Z","level":"info","event":" 'rating': '4.9',","logger":"airflow.task.hooks.airflow.providers.standard.hooks.subprocess.SubprocessHook","filename":"subprocess.py","lineno":99}
{"timestamp":"2026-02-04T22:30:25.052762Z","level":"info","event":" 'short_title': 'tablet',","logger":"airflow.task.hooks.airflow.providers.standard.hooks.subprocess.SubprocessHook","filename":"subprocess.py","lineno":99}
{"timestamp":"2026-02-04T22:30:25.052788Z","level":"info","event":" 'site_name': 'mercado_livre',","logger":"airflow.task.hooks.airflow.providers.standard.hooks.subprocess.SubprocessHook","filename":"subprocess.py","lineno":99}
{"timestamp":"2026-02-04T22:30:25.052813Z","level":"info","event":" 'storage': 'N/A'}","logger":"airflow.task.hooks.airflow.providers.standard.hooks.subprocess.SubprocessHook","filename":"subprocess.py","lineno":99}
{"timestamp":"2026-02-04T22:30:25.054785Z","level":"info","event":"2026-02-04 22:30:25 [scrapy.core.scraper] DEBUG: Scraped from <200 https://lista.mercadolivre.com.br/tablet>","logger":"airflow.task.hooks.airflow.providers.standard.hooks.subprocess.SubprocessHook","filename":"subprocess.py","lineno":99}
{"timestamp":"2026-02-04T22:30:25.054870Z","level":"info","event":"{'color': 'N/A',","logger":"airflow.task.hooks.airflow.providers.standard.hooks.subprocess.SubprocessHook","filename":"subprocess.py","lineno":99}
{"timestamp":"2026-02-04T22:30:25.054927Z","level":"info","event":" 'full_title': 'Positivo Vision Tab 10 T3010 4GB RAM 128GB com Capa Teclado '","logger":"airflow.task.hooks.airflow.providers.standard.hooks.subprocess.SubprocessHook","filename":"subprocess.py","lineno":99}
{"timestamp":"2026-02-04T22:30:25.054970Z","level":"info","event":"               'Octa-Core 5 13Mp Bateria 6000mAh Tela 10.1“ HD Wifi AC e 4g '","logger":"airflow.task.hooks.airflow.providers.standard.hooks.subprocess.SubprocessHook","filename":"subprocess.py","lineno":99}
{"timestamp":"2026-02-04T22:30:25.055002Z","level":"info","event":"               'Full Lamination -\\u200b Preto',","logger":"airflow.task.hooks.airflow.providers.standard.hooks.subprocess.SubprocessHook","filename":"subprocess.py","lineno":99}
{"timestamp":"2026-02-04T22:30:25.055039Z","level":"info","event":" 'memory': '4GB',","logger":"airflow.task.hooks.airflow.providers.standard.hooks.subprocess.SubprocessHook","filename":"subprocess.py","lineno":99}
{"timestamp":"2026-02-04T22:30:25.055104Z","level":"info","event":" 'price': '1.475',","logger":"airflow.task.hooks.airflow.providers.standard.hooks.subprocess.SubprocessHook","filename":"subprocess.py","lineno":99}
{"timestamp":"2026-02-04T22:30:25.055158Z","level":"info","event":" 'rating': '4.8',","logger":"airflow.task.hooks.airflow.providers.standard.hooks.subprocess.SubprocessHook","filename":"subprocess.py","lineno":99}
{"timestamp":"2026-02-04T22:30:25.055191Z","level":"info","event":" 'short_title': 'tablet',","logger":"airflow.task.hooks.airflow.providers.standard.hooks.subprocess.SubprocessHook","filename":"subprocess.py","lineno":99}
{"timestamp":"2026-02-04T22:30:25.055223Z","level":"info","event":" 'site_name': 'mercado_livre',","logger":"airflow.task.hooks.airflow.providers.standard.hooks.subprocess.SubprocessHook","filename":"subprocess.py","lineno":99}
{"timestamp":"2026-02-04T22:30:25.055256Z","level":"info","event":" 'storage': 'N/A'}","logger":"airflow.task.hooks.airflow.providers.standard.hooks.subprocess.SubprocessHook","filename":"subprocess.py","lineno":99}
{"timestamp":"2026-02-04T22:30:25.057070Z","level":"info","event":"2026-02-04 22:30:25 [scrapy.core.scraper] DEBUG: Scraped from <200 https://lista.mercadolivre.com.br/tablet>","logger":"airflow.task.hooks.airflow.providers.standard.hooks.subprocess.SubprocessHook","filename":"subprocess.py","lineno":99}
{"timestamp":"2026-02-04T22:30:25.057159Z","level":"info","event":"{'color': 'N/A',","logger":"airflow.task.hooks.airflow.providers.standard.hooks.subprocess.SubprocessHook","filename":"subprocess.py","lineno":99}
{"timestamp":"2026-02-04T22:30:25.057213Z","level":"info","event":" 'full_title': 'Positivo Tab Q10 3ª Gen 4GB RAM 64GB Armazenamento, Octa-Core, '","logger":"airflow.task.hooks.airflow.providers.standard.hooks.subprocess.SubprocessHook","filename":"subprocess.py","lineno":99}
{"timestamp":"2026-02-04T22:30:25.057251Z","level":"info","event":"               '5MP + Selfie 2MP, Bateria 6000mAh, Tela 10.1“ HD, 4G, Wifi AC, '","logger":"airflow.task.hooks.airflow.providers.standard.hooks.subprocess.SubprocessHook","filename":"subprocess.py","lineno":99}
{"timestamp":"2026-02-04T22:30:25.057282Z","level":"info","event":"               'Full Lamination',","logger":"airflow.task.hooks.airflow.providers.standard.hooks.subprocess.SubprocessHook","filename":"subprocess.py","lineno":99}
{"timestamp":"2026-02-04T22:30:25.057312Z","level":"info","event":" 'memory': '4GB',","logger":"airflow.task.hooks.airflow.providers.standard.hooks.subprocess.SubprocessHook","filename":"subprocess.py","lineno":99}
{"timestamp":"2026-02-04T22:30:25.057341Z","level":"info","event":" 'price': '686',","logger":"airflow.task.hooks.airflow.providers.standard.hooks.subprocess.SubprocessHook","filename":"subprocess.py","lineno":99}
{"timestamp":"2026-02-04T22:30:25.057369Z","level":"info","event":" 'rating': '4.8',","logger":"airflow.task.hooks.airflow.providers.standard.hooks.subprocess.SubprocessHook","filename":"subprocess.py","lineno":99}
{"timestamp":"2026-02-04T22:30:25.057395Z","level":"info","event":" 'short_title': 'tablet',","logger":"airflow.task.hooks.airflow.providers.standard.hooks.subprocess.SubprocessHook","filename":"subprocess.py","lineno":99}
{"timestamp":"2026-02-04T22:30:25.057422Z","level":"info","event":" 'site_name': 'mercado_livre',","logger":"airflow.task.hooks.airflow.providers.standard.hooks.subprocess.SubprocessHook","filename":"subprocess.py","lineno":99}
{"timestamp":"2026-02-04T22:30:25.057447Z","level":"info","event":" 'storage': 'N/A'}","logger":"airflow.task.hooks.airflow.providers.standard.hooks.subprocess.SubprocessHook","filename":"subprocess.py","lineno":99}
{"timestamp":"2026-02-04T22:30:25.059280Z","level":"info","event":"2026-02-04 22:30:25 [scrapy.core.scraper] DEBUG: Scraped from <200 https://lista.mercadolivre.com.br/tablet>","logger":"airflow.task.hooks.airflow.providers.standard.hooks.subprocess.SubprocessHook","filename":"subprocess.py","lineno":99}
{"timestamp":"2026-02-04T22:30:25.059366Z","level":"info","event":"{'color': 'Cinza',","logger":"airflow.task.hooks.airflow.providers.standard.hooks.subprocess.SubprocessHook","filename":"subprocess.py","lineno":99}
{"timestamp":"2026-02-04T22:30:25.059416Z","level":"info","event":" 'full_title': 'Tablet Huawei Matepad Se 11 8+128gb + Caneta M-pen Lite Tela '","logger":"airflow.task.hooks.airflow.providers.standard.hooks.subprocess.SubprocessHook","filename":"subprocess.py","lineno":99}
{"timestamp":"2026-02-04T22:30:25.059450Z","level":"info","event":"               'Huawei Fullview De 11 Para Conforto Visual Superbateria De '","logger":"airflow.task.hooks.airflow.providers.standard.hooks.subprocess.SubprocessHook","filename":"subprocess.py","lineno":99}
{"timestamp":"2026-02-04T22:30:25.059480Z","level":"info","event":"               '7700 Mah 225w Câmera Traseira 8 Mpcâmera Frontal 5 Mp Cinza '","logger":"airflow.task.hooks.airflow.providers.standard.hooks.subprocess.SubprocessHook","filename":"subprocess.py","lineno":99}
{"timestamp":"2026-02-04T22:30:25.059508Z","level":"info","event":"               'Nebula Cinza',","logger":"airflow.task.hooks.airflow.providers.standard.hooks.subprocess.SubprocessHook","filename":"subprocess.py","lineno":99}
{"timestamp":"2026-02-04T22:30:25.059536Z","level":"info","event":" 'memory': 'N/A',","logger":"airflow.task.hooks.airflow.providers.standard.hooks.subprocess.SubprocessHook","filename":"subprocess.py","lineno":99}
{"timestamp":"2026-02-04T22:30:25.059563Z","level":"info","event":" 'price': '2.499',","logger":"airflow.task.hooks.airflow.providers.standard.hooks.subprocess.SubprocessHook","filename":"subprocess.py","lineno":99}
{"timestamp":"2026-02-04T22:30:25.059589Z","level":"info","event":" 'rating': '5.0',","logger":"airflow.task.hooks.airflow.providers.standard.hooks.subprocess.SubprocessHook","filename":"subprocess.py","lineno":99}
{"timestamp":"2026-02-04T22:30:25.059614Z","level":"info","event":" 'short_title': 'tablet',","logger":"airflow.task.hooks.airflow.providers.standard.hooks.subprocess.SubprocessHook","filename":"subprocess.py","lineno":99}
{"timestamp":"2026-02-04T22:30:25.059640Z","level":"info","event":" 'site_name': 'mercado_livre',","logger":"airflow.task.hooks.airflow.providers.standard.hooks.subprocess.SubprocessHook","filename":"subprocess.py","lineno":99}
{"timestamp":"2026-02-04T22:30:25.059666Z","level":"info","event":" 'storage': 'N/A'}","logger":"airflow.task.hooks.airflow.providers.standard.hooks.subprocess.SubprocessHook","filename":"subprocess.py","lineno":99}
{"timestamp":"2026-02-04T22:30:25.063272Z","level":"info","event":"2026-02-04 22:30:25 [scrapy.core.scraper] DEBUG: Scraped from <200 https://lista.mercadolivre.com.br/tablet>","logger":"airflow.task.hooks.airflow.providers.standard.hooks.subprocess.SubprocessHook","filename":"subprocess.py","lineno":99}
{"timestamp":"2026-02-04T22:30:25.063390Z","level":"info","event":"{'color': 'Azul',","logger":"airflow.task.hooks.airflow.providers.standard.hooks.subprocess.SubprocessHook","filename":"subprocess.py","lineno":99}
{"timestamp":"2026-02-04T22:30:25.063456Z","level":"info","event":" 'full_title': 'Tablet Samsung Galaxy Tab S10 FE WiFi, 128GB, 8GB, Tela 10.9\" '","logger":"airflow.task.hooks.airflow.providers.standard.hooks.subprocess.SubprocessHook","filename":"subprocess.py","lineno":99}
{"timestamp":"2026-02-04T22:30:25.063503Z","level":"info","event":"               '90Hz, S Pen e Capa Inclusas Azul',","logger":"airflow.task.hooks.airflow.providers.standard.hooks.subprocess.SubprocessHook","filename":"subprocess.py","lineno":99}
{"timestamp":"2026-02-04T22:30:25.063543Z","level":"info","event":" 'memory': 'N/A',","logger":"airflow.task.hooks.airflow.providers.standard.hooks.subprocess.SubprocessHook","filename":"subprocess.py","lineno":99}
{"timestamp":"2026-02-04T22:30:25.063578Z","level":"info","event":" 'price': '4.199',","logger":"airflow.task.hooks.airflow.providers.standard.hooks.subprocess.SubprocessHook","filename":"subprocess.py","lineno":99}
{"timestamp":"2026-02-04T22:30:25.063612Z","level":"info","event":" 'rating': '4.9',","logger":"airflow.task.hooks.airflow.providers.standard.hooks.subprocess.SubprocessHook","filename":"subprocess.py","lineno":99}
{"timestamp":"2026-02-04T22:30:25.063645Z","level":"info","event":" 'short_title': 'tablet',","logger":"airflow.task.hooks.airflow.providers.standard.hooks.subprocess.SubprocessHook","filename":"subprocess.py","lineno":99}
{"timestamp":"2026-02-04T22:30:25.063677Z","level":"info","event":" 'site_name': 'mercado_livre',","logger":"airflow.task.hooks.airflow.providers.standard.hooks.subprocess.SubprocessHook","filename":"subprocess.py","lineno":99}
{"timestamp":"2026-02-04T22:30:25.063709Z","level":"info","event":" 'storage': 'N/A'}","logger":"airflow.task.hooks.airflow.providers.standard.hooks.subprocess.SubprocessHook","filename":"subprocess.py","lineno":99}
{"timestamp":"2026-02-04T22:30:25.065909Z","level":"info","event":"2026-02-04 22:30:25 [scrapy.core.scraper] DEBUG: Scraped from <200 https://lista.mercadolivre.com.br/tablet>","logger":"airflow.task.hooks.airflow.providers.standard.hooks.subprocess.SubprocessHook","filename":"subprocess.py","lineno":99}
{"timestamp":"2026-02-04T22:30:25.065999Z","level":"info","event":"{'color': 'Preto',","logger":"airflow.task.hooks.airflow.providers.standard.hooks.subprocess.SubprocessHook","filename":"subprocess.py","lineno":99}
{"timestamp":"2026-02-04T22:30:25.066051Z","level":"info","event":" 'full_title': 'Tablet Positivo Vision Tab 7 3GB 128GB Armazenamento Tela 7 '","logger":"airflow.task.hooks.airflow.providers.standard.hooks.subprocess.SubprocessHook","filename":"subprocess.py","lineno":99}
{"timestamp":"2026-02-04T22:30:25.066086Z","level":"info","event":"               'Octa Core 3100mAh Wi-Fi Android 14 GO Cor Preto',","logger":"airflow.task.hooks.airflow.providers.standard.hooks.subprocess.SubprocessHook","filename":"subprocess.py","lineno":99}
{"timestamp":"2026-02-04T22:30:25.066117Z","level":"info","event":" 'memory': 'N/A',","logger":"airflow.task.hooks.airflow.providers.standard.hooks.subprocess.SubprocessHook","filename":"subprocess.py","lineno":99}
{"timestamp":"2026-02-04T22:30:25.066145Z","level":"info","event":" 'price': '698',","logger":"airflow.task.hooks.airflow.providers.standard.hooks.subprocess.SubprocessHook","filename":"subprocess.py","lineno":99}
{"timestamp":"2026-02-04T22:30:25.066255Z","level":"info","event":" 'rating': '4.6',","logger":"airflow.task.hooks.airflow.providers.standard.hooks.subprocess.SubprocessHook","filename":"subprocess.py","lineno":99}
{"timestamp":"2026-02-04T22:30:25.066295Z","level":"info","event":" 'short_title': 'tablet',","logger":"airflow.task.hooks.airflow.providers.standard.hooks.subprocess.SubprocessHook","filename":"subprocess.py","lineno":99}
{"timestamp":"2026-02-04T22:30:25.066325Z","level":"info","event":" 'site_name': 'mercado_livre',","logger":"airflow.task.hooks.airflow.providers.standard.hooks.subprocess.SubprocessHook","filename":"subprocess.py","lineno":99}
{"timestamp":"2026-02-04T22:30:25.066353Z","level":"info","event":" 'storage': 'N/A'}","logger":"airflow.task.hooks.airflow.providers.standard.hooks.subprocess.SubprocessHook","filename":"subprocess.py","lineno":99}
{"timestamp":"2026-02-04T22:30:25.068546Z","level":"info","event":"2026-02-04 22:30:25 [scrapy.core.scraper] DEBUG: Scraped from <200 https://lista.mercadolivre.com.br/tablet>","logger":"airflow.task.hooks.airflow.providers.standard.hooks.subprocess.SubprocessHook","filename":"subprocess.py","lineno":99}
{"timestamp":"2026-02-04T22:30:25.068641Z","level":"info","event":"{'color': 'N/A',","logger":"airflow.task.hooks.airflow.providers.standard.hooks.subprocess.SubprocessHook","filename":"subprocess.py","lineno":99}
{"timestamp":"2026-02-04T22:30:25.068694Z","level":"info","event":" 'full_title': 'Tablet Bml Galaxy B30 11 4g Wifi 12gb+512gb Teclado/capa',","logger":"airflow.task.hooks.airflow.providers.standard.hooks.subprocess.SubprocessHook","filename":"subprocess.py","lineno":99}
{"timestamp":"2026-02-04T22:30:25.068731Z","level":"info","event":" 'memory': 'N/A',","logger":"airflow.task.hooks.airflow.providers.standard.hooks.subprocess.SubprocessHook","filename":"subprocess.py","lineno":99}
{"timestamp":"2026-02-04T22:30:25.068761Z","level":"info","event":" 'price': '1.299',","logger":"airflow.task.hooks.airflow.providers.standard.hooks.subprocess.SubprocessHook","filename":"subprocess.py","lineno":99}
{"timestamp":"2026-02-04T22:30:25.068790Z","level":"info","event":" 'rating': '4.7',","logger":"airflow.task.hooks.airflow.providers.standard.hooks.subprocess.SubprocessHook","filename":"subprocess.py","lineno":99}
{"timestamp":"2026-02-04T22:30:25.068818Z","level":"info","event":" 'short_title': 'tablet',","logger":"airflow.task.hooks.airflow.providers.standard.hooks.subprocess.SubprocessHook","filename":"subprocess.py","lineno":99}
{"timestamp":"2026-02-04T22:30:25.068845Z","level":"info","event":" 'site_name': 'mercado_livre',","logger":"airflow.task.hooks.airflow.providers.standard.hooks.subprocess.SubprocessHook","filename":"subprocess.py","lineno":99}
{"timestamp":"2026-02-04T22:30:25.068871Z","level":"info","event":" 'storage': 'N/A'}","logger":"airflow.task.hooks.airflow.providers.standard.hooks.subprocess.SubprocessHook","filename":"subprocess.py","lineno":99}
{"timestamp":"2026-02-04T22:30:25.070993Z","level":"info","event":"2026-02-04 22:30:25 [scrapy.core.scraper] DEBUG: Scraped from <200 https://lista.mercadolivre.com.br/tablet>","logger":"airflow.task.hooks.airflow.providers.standard.hooks.subprocess.SubprocessHook","filename":"subprocess.py","lineno":99}
{"timestamp":"2026-02-04T22:30:25.071078Z","level":"info","event":"{'color': 'N/A',","logger":"airflow.task.hooks.airflow.providers.standard.hooks.subprocess.SubprocessHook","filename":"subprocess.py","lineno":99}
{"timestamp":"2026-02-04T22:30:25.071128Z","level":"info","event":" 'full_title': 'Tablet Pc 6gb Ram 256gb 10 Polegadas Android Mil10 Cor Roxo',","logger":"airflow.task.hooks.airflow.providers.standard.hooks.subprocess.SubprocessHook","filename":"subprocess.py","lineno":99}
{"timestamp":"2026-02-04T22:30:25.071162Z","level":"info","event":" 'memory': '6gb',","logger":"airflow.task.hooks.airflow.providers.standard.hooks.subprocess.SubprocessHook","filename":"subprocess.py","lineno":99}
{"timestamp":"2026-02-04T22:30:25.071191Z","level":"info","event":" 'price': '880',","logger":"airflow.task.hooks.airflow.providers.standard.hooks.subprocess.SubprocessHook","filename":"subprocess.py","lineno":99}
{"timestamp":"2026-02-04T22:30:25.071218Z","level":"info","event":" 'rating': '4.5',","logger":"airflow.task.hooks.airflow.providers.standard.hooks.subprocess.SubprocessHook","filename":"subprocess.py","lineno":99}
{"timestamp":"2026-02-04T22:30:25.071245Z","level":"info","event":" 'short_title': 'tablet',","logger":"airflow.task.hooks.airflow.providers.standard.hooks.subprocess.SubprocessHook","filename":"subprocess.py","lineno":99}
{"timestamp":"2026-02-04T22:30:25.071273Z","level":"info","event":" 'site_name': 'mercado_livre',","logger":"airflow.task.hooks.airflow.providers.standard.hooks.subprocess.SubprocessHook","filename":"subprocess.py","lineno":99}
{"timestamp":"2026-02-04T22:30:25.071305Z","level":"info","event":" 'storage': 'N/A'}","logger":"airflow.task.hooks.airflow.providers.standard.hooks.subprocess.SubprocessHook","filename":"subprocess.py","lineno":99}
{"timestamp":"2026-02-04T22:30:25.073731Z","level":"info","event":"2026-02-04 22:30:25 [scrapy.core.scraper] DEBUG: Scraped from <200 https://lista.mercadolivre.com.br/tablet>","logger":"airflow.task.hooks.airflow.providers.standard.hooks.subprocess.SubprocessHook","filename":"subprocess.py","lineno":99}
{"timestamp":"2026-02-04T22:30:25.073850Z","level":"info","event":"{'color': 'Preto',","logger":"airflow.task.hooks.airflow.providers.standard.hooks.subprocess.SubprocessHook","filename":"subprocess.py","lineno":99}
{"timestamp":"2026-02-04T22:30:25.073921Z","level":"info","event":" 'full_title': 'Tablet Positivo Vision Tab 7 3GB 128GB Armazenamento Tela 7 '","logger":"airflow.task.hooks.airflow.providers.standard.hooks.subprocess.SubprocessHook","filename":"subprocess.py","lineno":99}
{"timestamp":"2026-02-04T22:30:25.073966Z","level":"info","event":"               'Octa Core 3100mAh Wi-Fi Android 14 GO Cor Preto',","logger":"airflow.task.hooks.airflow.providers.standard.hooks.subprocess.SubprocessHook","filename":"subprocess.py","lineno":99}
{"timestamp":"2026-02-04T22:30:25.074009Z","level":"info","event":" 'memory': 'N/A',","logger":"airflow.task.hooks.airflow.providers.standard.hooks.subprocess.SubprocessHook","filename":"subprocess.py","lineno":99}
{"timestamp":"2026-02-04T22:30:25.074047Z","level":"info","event":" 'price': '698',","logger":"airflow.task.hooks.airflow.providers.standard.hooks.subprocess.SubprocessHook","filename":"subprocess.py","lineno":99}
{"timestamp":"2026-02-04T22:30:25.074084Z","level":"info","event":" 'rating': '4.6',","logger":"airflow.task.hooks.airflow.providers.standard.hooks.subprocess.SubprocessHook","filename":"subprocess.py","lineno":99}
{"timestamp":"2026-02-04T22:30:25.074121Z","level":"info","event":" 'short_title': 'tablet',","logger":"airflow.task.hooks.airflow.providers.standard.hooks.subprocess.SubprocessHook","filename":"subprocess.py","lineno":99}
{"timestamp":"2026-02-04T22:30:25.074180Z","level":"info","event":" 'site_name': 'mercado_livre',","logger":"airflow.task.hooks.airflow.providers.standard.hooks.subprocess.SubprocessHook","filename":"subprocess.py","lineno":99}
{"timestamp":"2026-02-04T22:30:25.074220Z","level":"info","event":" 'storage': 'N/A'}","logger":"airflow.task.hooks.airflow.providers.standard.hooks.subprocess.SubprocessHook","filename":"subprocess.py","lineno":99}
{"timestamp":"2026-02-04T22:30:25.076332Z","level":"info","event":"2026-02-04 22:30:25 [scrapy.core.scraper] DEBUG: Scraped from <200 https://lista.mercadolivre.com.br/tablet>","logger":"airflow.task.hooks.airflow.providers.standard.hooks.subprocess.SubprocessHook","filename":"subprocess.py","lineno":99}
{"timestamp":"2026-02-04T22:30:25.076415Z","level":"info","event":"{'color': 'Rosa',","logger":"airflow.task.hooks.airflow.providers.standard.hooks.subprocess.SubprocessHook","filename":"subprocess.py","lineno":99}
{"timestamp":"2026-02-04T22:30:25.076464Z","level":"info","event":" 'full_title': 'Tablet Infantil 7 Pol 8gb 128gb Capa Labubu Android Wi-fi Rosa',","logger":"airflow.task.hooks.airflow.providers.standard.hooks.subprocess.SubprocessHook","filename":"subprocess.py","lineno":99}
{"timestamp":"2026-02-04T22:30:25.076498Z","level":"info","event":" 'memory': 'N/A',","logger":"airflow.task.hooks.airflow.providers.standard.hooks.subprocess.SubprocessHook","filename":"subprocess.py","lineno":99}
{"timestamp":"2026-02-04T22:30:25.076526Z","level":"info","event":" 'price': '359',","logger":"airflow.task.hooks.airflow.providers.standard.hooks.subprocess.SubprocessHook","filename":"subprocess.py","lineno":99}
{"timestamp":"2026-02-04T22:30:25.076553Z","level":"info","event":" 'rating': '4.6',","logger":"airflow.task.hooks.airflow.providers.standard.hooks.subprocess.SubprocessHook","filename":"subprocess.py","lineno":99}
{"timestamp":"2026-02-04T22:30:25.076579Z","level":"info","event":" 'short_title': 'tablet',","logger":"airflow.task.hooks.airflow.providers.standard.hooks.subprocess.SubprocessHook","filename":"subprocess.py","lineno":99}
{"timestamp":"2026-02-04T22:30:25.076609Z","level":"info","event":" 'site_name': 'mercado_livre',","logger":"airflow.task.hooks.airflow.providers.standard.hooks.subprocess.SubprocessHook","filename":"subprocess.py","lineno":99}
{"timestamp":"2026-02-04T22:30:25.076642Z","level":"info","event":" 'storage': 'N/A'}","logger":"airflow.task.hooks.airflow.providers.standard.hooks.subprocess.SubprocessHook","filename":"subprocess.py","lineno":99}
{"timestamp":"2026-02-04T22:30:25.078883Z","level":"info","event":"2026-02-04 22:30:25 [scrapy.core.scraper] DEBUG: Scraped from <200 https://lista.mercadolivre.com.br/tablet>","logger":"airflow.task.hooks.airflow.providers.standard.hooks.subprocess.SubprocessHook","filename":"subprocess.py","lineno":99}
{"timestamp":"2026-02-04T22:30:25.078973Z","level":"info","event":"{'color': 'Rosa',","logger":"airflow.task.hooks.airflow.providers.standard.hooks.subprocess.SubprocessHook","filename":"subprocess.py","lineno":99}
{"timestamp":"2026-02-04T22:30:25.079023Z","level":"info","event":" 'full_title': 'Tablet Infantil Capa Protetora 7 128gb 8gb Wifi Resistente '","logger":"airflow.task.hooks.airflow.providers.standard.hooks.subprocess.SubprocessHook","filename":"subprocess.py","lineno":99}
{"timestamp":"2026-02-04T22:30:25.079056Z","level":"info","event":"               'Rosa',","logger":"airflow.task.hooks.airflow.providers.standard.hooks.subprocess.SubprocessHook","filename":"subprocess.py","lineno":99}
{"timestamp":"2026-02-04T22:30:25.079086Z","level":"info","event":" 'memory': 'N/A',","logger":"airflow.task.hooks.airflow.providers.standard.hooks.subprocess.SubprocessHook","filename":"subprocess.py","lineno":99}
{"timestamp":"2026-02-04T22:30:25.079114Z","level":"info","event":" 'price': '427',","logger":"airflow.task.hooks.airflow.providers.standard.hooks.subprocess.SubprocessHook","filename":"subprocess.py","lineno":99}
{"timestamp":"2026-02-04T22:30:25.079141Z","level":"info","event":" 'rating': '+5 vendidos',","logger":"airflow.task.hooks.airflow.providers.standard.hooks.subprocess.SubprocessHook","filename":"subprocess.py","lineno":99}
{"timestamp":"2026-02-04T22:30:25.079168Z","level":"info","event":" 'short_title': 'tablet',","logger":"airflow.task.hooks.airflow.providers.standard.hooks.subprocess.SubprocessHook","filename":"subprocess.py","lineno":99}
{"timestamp":"2026-02-04T22:30:25.079196Z","level":"info","event":" 'site_name': 'mercado_livre',","logger":"airflow.task.hooks.airflow.providers.standard.hooks.subprocess.SubprocessHook","filename":"subprocess.py","lineno":99}
{"timestamp":"2026-02-04T22:30:25.079223Z","level":"info","event":" 'storage': 'N/A'}","logger":"airflow.task.hooks.airflow.providers.standard.hooks.subprocess.SubprocessHook","filename":"subprocess.py","lineno":99}
{"timestamp":"2026-02-04T22:30:25.081205Z","level":"info","event":"2026-02-04 22:30:25 [scrapy.core.scraper] DEBUG: Scraped from <200 https://lista.mercadolivre.com.br/tablet>","logger":"airflow.task.hooks.airflow.providers.standard.hooks.subprocess.SubprocessHook","filename":"subprocess.py","lineno":99}
{"timestamp":"2026-02-04T22:30:25.081296Z","level":"info","event":"{'color': 'Cinza',","logger":"airflow.task.hooks.airflow.providers.standard.hooks.subprocess.SubprocessHook","filename":"subprocess.py","lineno":99}
{"timestamp":"2026-02-04T22:30:25.081346Z","level":"info","event":" 'full_title': 'Tablet Huawei Matepad 11.5 New Tablet Wifi 6+128gb Tela '","logger":"airflow.task.hooks.airflow.providers.standard.hooks.subprocess.SubprocessHook","filename":"subprocess.py","lineno":99}
{"timestamp":"2026-02-04T22:30:25.081380Z","level":"info","event":"               'Fullview De 11.52.2k 120 Hz Câmera Traseira 13 Mp Câmera '","logger":"airflow.task.hooks.airflow.providers.standard.hooks.subprocess.SubprocessHook","filename":"subprocess.py","lineno":99}
{"timestamp":"2026-02-04T22:30:25.081410Z","level":"info","event":"               'Frontal 8 Mp Bateria De 7700 Mah Cinza',","logger":"airflow.task.hooks.airflow.providers.standard.hooks.subprocess.SubprocessHook","filename":"subprocess.py","lineno":99}
{"timestamp":"2026-02-04T22:30:25.081439Z","level":"info","event":" 'memory': 'N/A',","logger":"airflow.task.hooks.airflow.providers.standard.hooks.subprocess.SubprocessHook","filename":"subprocess.py","lineno":99}
{"timestamp":"2026-02-04T22:30:25.081488Z","level":"info","event":" 'price': '2.799',","logger":"airflow.task.hooks.airflow.providers.standard.hooks.subprocess.SubprocessHook","filename":"subprocess.py","lineno":99}
{"timestamp":"2026-02-04T22:30:25.081537Z","level":"info","event":" 'rating': '5.0',","logger":"airflow.task.hooks.airflow.providers.standard.hooks.subprocess.SubprocessHook","filename":"subprocess.py","lineno":99}
{"timestamp":"2026-02-04T22:30:25.081590Z","level":"info","event":" 'short_title': 'tablet',","logger":"airflow.task.hooks.airflow.providers.standard.hooks.subprocess.SubprocessHook","filename":"subprocess.py","lineno":99}
{"timestamp":"2026-02-04T22:30:25.081629Z","level":"info","event":" 'site_name': 'mercado_livre',","logger":"airflow.task.hooks.airflow.providers.standard.hooks.subprocess.SubprocessHook","filename":"subprocess.py","lineno":99}
{"timestamp":"2026-02-04T22:30:25.081658Z","level":"info","event":" 'storage': 'N/A'}","logger":"airflow.task.hooks.airflow.providers.standard.hooks.subprocess.SubprocessHook","filename":"subprocess.py","lineno":99}
{"timestamp":"2026-02-04T22:30:25.086904Z","level":"info","event":"2026-02-04 22:30:25 [scrapy.core.scraper] DEBUG: Scraped from <200 https://lista.mercadolivre.com.br/tablet>","logger":"airflow.task.hooks.airflow.providers.standard.hooks.subprocess.SubprocessHook","filename":"subprocess.py","lineno":99}
{"timestamp":"2026-02-04T22:30:25.087018Z","level":"info","event":"{'color': 'Prata',","logger":"airflow.task.hooks.airflow.providers.standard.hooks.subprocess.SubprocessHook","filename":"subprocess.py","lineno":99}
{"timestamp":"2026-02-04T22:30:25.087084Z","level":"info","event":" 'full_title': 'Galaxy Tab A11, 64gb, 4gb Ram, Tela De 8.7 , Bateria 5.100mah, '","logger":"airflow.task.hooks.airflow.providers.standard.hooks.subprocess.SubprocessHook","filename":"subprocess.py","lineno":99}
{"timestamp":"2026-02-04T22:30:25.087131Z","level":"info","event":"               'Câmera Frontal 5mp, Câmera Traseira 8mp, Wifi Prata',","logger":"airflow.task.hooks.airflow.providers.standard.hooks.subprocess.SubprocessHook","filename":"subprocess.py","lineno":99}
{"timestamp":"2026-02-04T22:30:25.087172Z","level":"info","event":" 'memory': '4gb',","logger":"airflow.task.hooks.airflow.providers.standard.hooks.subprocess.SubprocessHook","filename":"subprocess.py","lineno":99}
{"timestamp":"2026-02-04T22:30:25.087209Z","level":"info","event":" 'price': '1.099',","logger":"airflow.task.hooks.airflow.providers.standard.hooks.subprocess.SubprocessHook","filename":"subprocess.py","lineno":99}
{"timestamp":"2026-02-04T22:30:25.087243Z","level":"info","event":" 'rating': '4.9',","logger":"airflow.task.hooks.airflow.providers.standard.hooks.subprocess.SubprocessHook","filename":"subprocess.py","lineno":99}
{"timestamp":"2026-02-04T22:30:25.087273Z","level":"info","event":" 'short_title': 'tablet',","logger":"airflow.task.hooks.airflow.providers.standard.hooks.subprocess.SubprocessHook","filename":"subprocess.py","lineno":99}
{"timestamp":"2026-02-04T22:30:25.087300Z","level":"info","event":" 'site_name': 'mercado_livre',","logger":"airflow.task.hooks.airflow.providers.standard.hooks.subprocess.SubprocessHook","filename":"subprocess.py","lineno":99}
{"timestamp":"2026-02-04T22:30:25.087326Z","level":"info","event":" 'storage': 'N/A'}","logger":"airflow.task.hooks.airflow.providers.standard.hooks.subprocess.SubprocessHook","filename":"subprocess.py","lineno":99}
{"timestamp":"2026-02-04T22:30:25.089021Z","level":"info","event":"2026-02-04 22:30:25 [scrapy.core.scraper] DEBUG: Scraped from <200 https://lista.mercadolivre.com.br/tablet>","logger":"airflow.task.hooks.airflow.providers.standard.hooks.subprocess.SubprocessHook","filename":"subprocess.py","lineno":99}
{"timestamp":"2026-02-04T22:30:25.089130Z","level":"info","event":"{'color': 'N/A',","logger":"airflow.task.hooks.airflow.providers.standard.hooks.subprocess.SubprocessHook","filename":"subprocess.py","lineno":99}
{"timestamp":"2026-02-04T22:30:25.089183Z","level":"info","event":" 'full_title': 'Tablet Infantil Positivo Vision Tab 7 Toy Story - Octa-core '","logger":"airflow.task.hooks.airflow.providers.standard.hooks.subprocess.SubprocessHook","filename":"subprocess.py","lineno":99}
{"timestamp":"2026-02-04T22:30:25.089219Z","level":"info","event":"               '3GB RAM 64GB Armazenamento Tela 7 IPS - 3100mAh Android 14 Go '","logger":"airflow.task.hooks.airflow.providers.standard.hooks.subprocess.SubprocessHook","filename":"subprocess.py","lineno":99}
{"timestamp":"2026-02-04T22:30:25.089252Z","level":"info","event":"               'Wi-fi - Preto - Capa De Proteção E Mochila De Transporte do '","logger":"airflow.task.hooks.airflow.providers.standard.hooks.subprocess.SubprocessHook","filename":"subprocess.py","lineno":99}
{"timestamp":"2026-02-04T22:30:25.089282Z","level":"info","event":"               'Buzz Lightyear',","logger":"airflow.task.hooks.airflow.providers.standard.hooks.subprocess.SubprocessHook","filename":"subprocess.py","lineno":99}
{"timestamp":"2026-02-04T22:30:25.089311Z","level":"info","event":" 'memory': '3GB',","logger":"airflow.task.hooks.airflow.providers.standard.hooks.subprocess.SubprocessHook","filename":"subprocess.py","lineno":99}
{"timestamp":"2026-02-04T22:30:25.089338Z","level":"info","event":" 'price': '699',","logger":"airflow.task.hooks.airflow.providers.standard.hooks.subprocess.SubprocessHook","filename":"subprocess.py","lineno":99}
{"timestamp":"2026-02-04T22:30:25.089364Z","level":"info","event":" 'rating': '4.8',","logger":"airflow.task.hooks.airflow.providers.standard.hooks.subprocess.SubprocessHook","filename":"subprocess.py","lineno":99}
{"timestamp":"2026-02-04T22:30:25.089390Z","level":"info","event":" 'short_title': 'tablet',","logger":"airflow.task.hooks.airflow.providers.standard.hooks.subprocess.SubprocessHook","filename":"subprocess.py","lineno":99}
{"timestamp":"2026-02-04T22:30:25.089416Z","level":"info","event":" 'site_name': 'mercado_livre',","logger":"airflow.task.hooks.airflow.providers.standard.hooks.subprocess.SubprocessHook","filename":"subprocess.py","lineno":99}
{"timestamp":"2026-02-04T22:30:25.089443Z","level":"info","event":" 'storage': 'N/A'}","logger":"airflow.task.hooks.airflow.providers.standard.hooks.subprocess.SubprocessHook","filename":"subprocess.py","lineno":99}
{"timestamp":"2026-02-04T22:30:25.091217Z","level":"info","event":"2026-02-04 22:30:25 [scrapy.core.scraper] DEBUG: Scraped from <200 https://lista.mercadolivre.com.br/tablet>","logger":"airflow.task.hooks.airflow.providers.standard.hooks.subprocess.SubprocessHook","filename":"subprocess.py","lineno":99}
{"timestamp":"2026-02-04T22:30:25.091306Z","level":"info","event":"{'color': 'N/A',","logger":"airflow.task.hooks.airflow.providers.standard.hooks.subprocess.SubprocessHook","filename":"subprocess.py","lineno":99}
{"timestamp":"2026-02-04T22:30:25.091358Z","level":"info","event":" 'full_title': 'Tablets Android 15 Tablet Gemini Ai 30 Gb De Ram 128 Gb De Rom '","logger":"airflow.task.hooks.airflow.providers.standard.hooks.subprocess.SubprocessHook","filename":"subprocess.py","lineno":99}
{"timestamp":"2026-02-04T22:30:25.091393Z","level":"info","event":"               '(2tb Tf) 10,1 Polegadas, Wi-fi 6, Octa-core, Bateria De 8000 '","logger":"airflow.task.hooks.airflow.providers.standard.hooks.subprocess.SubprocessHook","filename":"subprocess.py","lineno":99}
{"timestamp":"2026-02-04T22:30:25.091423Z","level":"info","event":"               'Mah, Bluetooth 5.0, Con Protetor De Tela, Cabo De Dados, Capa '","logger":"airflow.task.hooks.airflow.providers.standard.hooks.subprocess.SubprocessHook","filename":"subprocess.py","lineno":99}
{"timestamp":"2026-02-04T22:30:25.091452Z","level":"info","event":"               'Protetora',","logger":"airflow.task.hooks.airflow.providers.standard.hooks.subprocess.SubprocessHook","filename":"subprocess.py","lineno":99}
{"timestamp":"2026-02-04T22:30:25.091480Z","level":"info","event":" 'memory': 'N/A',","logger":"airflow.task.hooks.airflow.providers.standard.hooks.subprocess.SubprocessHook","filename":"subprocess.py","lineno":99}
{"timestamp":"2026-02-04T22:30:25.091508Z","level":"info","event":" 'price': '2.599',","logger":"airflow.task.hooks.airflow.providers.standard.hooks.subprocess.SubprocessHook","filename":"subprocess.py","lineno":99}
{"timestamp":"2026-02-04T22:30:25.091535Z","level":"info","event":" 'rating': None,","logger":"airflow.task.hooks.airflow.providers.standard.hooks.subprocess.SubprocessHook","filename":"subprocess.py","lineno":99}
{"timestamp":"2026-02-04T22:30:25.091561Z","level":"info","event":" 'short_title': 'tablet',","logger":"airflow.task.hooks.airflow.providers.standard.hooks.subprocess.SubprocessHook","filename":"subprocess.py","lineno":99}
{"timestamp":"2026-02-04T22:30:25.091587Z","level":"info","event":" 'site_name': 'mercado_livre',","logger":"airflow.task.hooks.airflow.providers.standard.hooks.subprocess.SubprocessHook","filename":"subprocess.py","lineno":99}
{"timestamp":"2026-02-04T22:30:25.091614Z","level":"info","event":" 'storage': 'N/A'}","logger":"airflow.task.hooks.airflow.providers.standard.hooks.subprocess.SubprocessHook","filename":"subprocess.py","lineno":99}
{"timestamp":"2026-02-04T22:30:25.093189Z","level":"info","event":"2026-02-04 22:30:25 [scrapy.core.scraper] DEBUG: Scraped from <200 https://lista.mercadolivre.com.br/tablet>","logger":"airflow.task.hooks.airflow.providers.standard.hooks.subprocess.SubprocessHook","filename":"subprocess.py","lineno":99}
{"timestamp":"2026-02-04T22:30:25.093271Z","level":"info","event":"{'color': 'N/A',","logger":"airflow.task.hooks.airflow.providers.standard.hooks.subprocess.SubprocessHook","filename":"subprocess.py","lineno":99}
{"timestamp":"2026-02-04T22:30:25.093321Z","level":"info","event":" 'full_title': 'Tablet Android 15 Gemini Ai Tablets 30 Gb De Ram 128 Gb De Rom '","logger":"airflow.task.hooks.airflow.providers.standard.hooks.subprocess.SubprocessHook","filename":"subprocess.py","lineno":99}
{"timestamp":"2026-02-04T22:30:25.093356Z","level":"info","event":"               '(2tb Tf) 10,1 Polegadas, Wi-fi 6, Octa-core, Bateria De 8000 '","logger":"airflow.task.hooks.airflow.providers.standard.hooks.subprocess.SubprocessHook","filename":"subprocess.py","lineno":99}
{"timestamp":"2026-02-04T22:30:25.093386Z","level":"info","event":"               'Mah, Bluetooth 5.0, Con Protetor De Tela, Cabo De Dados, Capa '","logger":"airflow.task.hooks.airflow.providers.standard.hooks.subprocess.SubprocessHook","filename":"subprocess.py","lineno":99}
{"timestamp":"2026-02-04T22:30:25.093415Z","level":"info","event":"               'Protetora',","logger":"airflow.task.hooks.airflow.providers.standard.hooks.subprocess.SubprocessHook","filename":"subprocess.py","lineno":99}
{"timestamp":"2026-02-04T22:30:25.093442Z","level":"info","event":" 'memory': 'N/A',","logger":"airflow.task.hooks.airflow.providers.standard.hooks.subprocess.SubprocessHook","filename":"subprocess.py","lineno":99}
{"timestamp":"2026-02-04T22:30:25.093468Z","level":"info","event":" 'price': '2.599',","logger":"airflow.task.hooks.airflow.providers.standard.hooks.subprocess.SubprocessHook","filename":"subprocess.py","lineno":99}
{"timestamp":"2026-02-04T22:30:25.093493Z","level":"info","event":" 'rating': None,","logger":"airflow.task.hooks.airflow.providers.standard.hooks.subprocess.SubprocessHook","filename":"subprocess.py","lineno":99}
{"timestamp":"2026-02-04T22:30:25.093518Z","level":"info","event":" 'short_title': 'tablet',","logger":"airflow.task.hooks.airflow.providers.standard.hooks.subprocess.SubprocessHook","filename":"subprocess.py","lineno":99}
{"timestamp":"2026-02-04T22:30:25.093544Z","level":"info","event":" 'site_name': 'mercado_livre',","logger":"airflow.task.hooks.airflow.providers.standard.hooks.subprocess.SubprocessHook","filename":"subprocess.py","lineno":99}
{"timestamp":"2026-02-04T22:30:25.093570Z","level":"info","event":" 'storage': 'N/A'}","logger":"airflow.task.hooks.airflow.providers.standard.hooks.subprocess.SubprocessHook","filename":"subprocess.py","lineno":99}
{"timestamp":"2026-02-04T22:30:25.095233Z","level":"info","event":"2026-02-04 22:30:25 [scrapy.core.scraper] DEBUG: Scraped from <200 https://lista.mercadolivre.com.br/tablet>","logger":"airflow.task.hooks.airflow.providers.standard.hooks.subprocess.SubprocessHook","filename":"subprocess.py","lineno":99}
{"timestamp":"2026-02-04T22:30:25.095316Z","level":"info","event":"{'color': 'N/A',","logger":"airflow.task.hooks.airflow.providers.standard.hooks.subprocess.SubprocessHook","filename":"subprocess.py","lineno":99}
{"timestamp":"2026-02-04T22:30:25.095365Z","level":"info","event":" 'full_title': 'Tablet Positivo Vision TAB 7 Moana - Processador Octa-Core 3GB '","logger":"airflow.task.hooks.airflow.providers.standard.hooks.subprocess.SubprocessHook","filename":"subprocess.py","lineno":99}
{"timestamp":"2026-02-04T22:30:25.095399Z","level":"info","event":"               'RAM 64GB Armazenamento, Tela 7” IPS, Bateria 3100mAh, Android '","logger":"airflow.task.hooks.airflow.providers.standard.hooks.subprocess.SubprocessHook","filename":"subprocess.py","lineno":99}
{"timestamp":"2026-02-04T22:30:25.095429Z","level":"info","event":"               '14 Go, Wi-fi - Preto - Inclui 2 Itens de Proteção (Capa e '","logger":"airflow.task.hooks.airflow.providers.standard.hooks.subprocess.SubprocessHook","filename":"subprocess.py","lineno":99}
{"timestamp":"2026-02-04T22:30:25.095457Z","level":"info","event":"               'Transporte)',","logger":"airflow.task.hooks.airflow.providers.standard.hooks.subprocess.SubprocessHook","filename":"subprocess.py","lineno":99}
{"timestamp":"2026-02-04T22:30:25.095485Z","level":"info","event":" 'memory': '3GB',","logger":"airflow.task.hooks.airflow.providers.standard.hooks.subprocess.SubprocessHook","filename":"subprocess.py","lineno":99}
{"timestamp":"2026-02-04T22:30:25.095511Z","level":"info","event":" 'price': '699',","logger":"airflow.task.hooks.airflow.providers.standard.hooks.subprocess.SubprocessHook","filename":"subprocess.py","lineno":99}
{"timestamp":"2026-02-04T22:30:25.095537Z","level":"info","event":" 'rating': '4.7',","logger":"airflow.task.hooks.airflow.providers.standard.hooks.subprocess.SubprocessHook","filename":"subprocess.py","lineno":99}
{"timestamp":"2026-02-04T22:30:25.095563Z","level":"info","event":" 'short_title': 'tablet',","logger":"airflow.task.hooks.airflow.providers.standard.hooks.subprocess.SubprocessHook","filename":"subprocess.py","lineno":99}
{"timestamp":"2026-02-04T22:30:25.095588Z","level":"info","event":" 'site_name': 'mercado_livre',","logger":"airflow.task.hooks.airflow.providers.standard.hooks.subprocess.SubprocessHook","filename":"subprocess.py","lineno":99}
{"timestamp":"2026-02-04T22:30:25.095615Z","level":"info","event":" 'storage': 'N/A'}","logger":"airflow.task.hooks.airflow.providers.standard.hooks.subprocess.SubprocessHook","filename":"subprocess.py","lineno":99}
{"timestamp":"2026-02-04T22:30:25.097484Z","level":"info","event":"2026-02-04 22:30:25 [scrapy.core.scraper] DEBUG: Scraped from <200 https://lista.mercadolivre.com.br/tablet>","logger":"airflow.task.hooks.airflow.providers.standard.hooks.subprocess.SubprocessHook","filename":"subprocess.py","lineno":99}
{"timestamp":"2026-02-04T22:30:25.097595Z","level":"info","event":"{'color': 'N/A',","logger":"airflow.task.hooks.airflow.providers.standard.hooks.subprocess.SubprocessHook","filename":"subprocess.py","lineno":99}
{"timestamp":"2026-02-04T22:30:25.097660Z","level":"info","event":" 'full_title': 'Tablet Tcl Tab 10l 4g Lte Gen 3 - Preto',","logger":"airflow.task.hooks.airflow.providers.standard.hooks.subprocess.SubprocessHook","filename":"subprocess.py","lineno":99}
{"timestamp":"2026-02-04T22:30:25.097704Z","level":"info","event":" 'memory': 'N/A',","logger":"airflow.task.hooks.airflow.providers.standard.hooks.subprocess.SubprocessHook","filename":"subprocess.py","lineno":99}
{"timestamp":"2026-02-04T22:30:25.097742Z","level":"info","event":" 'price': '1.599',","logger":"airflow.task.hooks.airflow.providers.standard.hooks.subprocess.SubprocessHook","filename":"subprocess.py","lineno":99}
{"timestamp":"2026-02-04T22:30:25.097776Z","level":"info","event":" 'rating': '4.9',","logger":"airflow.task.hooks.airflow.providers.standard.hooks.subprocess.SubprocessHook","filename":"subprocess.py","lineno":99}
{"timestamp":"2026-02-04T22:30:25.097809Z","level":"info","event":" 'short_title': 'tablet',","logger":"airflow.task.hooks.airflow.providers.standard.hooks.subprocess.SubprocessHook","filename":"subprocess.py","lineno":99}
{"timestamp":"2026-02-04T22:30:25.097841Z","level":"info","event":" 'site_name': 'mercado_livre',","logger":"airflow.task.hooks.airflow.providers.standard.hooks.subprocess.SubprocessHook","filename":"subprocess.py","lineno":99}
{"timestamp":"2026-02-04T22:30:25.097873Z","level":"info","event":" 'storage': 'N/A'}","logger":"airflow.task.hooks.airflow.providers.standard.hooks.subprocess.SubprocessHook","filename":"subprocess.py","lineno":99}
{"timestamp":"2026-02-04T22:30:25.101167Z","level":"info","event":"2026-02-04 22:30:25 [scrapy.core.scraper] DEBUG: Scraped from <200 https://lista.mercadolivre.com.br/tablet>","logger":"airflow.task.hooks.airflow.providers.standard.hooks.subprocess.SubprocessHook","filename":"subprocess.py","lineno":99}
{"timestamp":"2026-02-04T22:30:25.101266Z","level":"info","event":"{'color': 'Azul',","logger":"airflow.task.hooks.airflow.providers.standard.hooks.subprocess.SubprocessHook","filename":"subprocess.py","lineno":99}
{"timestamp":"2026-02-04T22:30:25.101317Z","level":"info","event":" 'full_title': 'Apple Ipad 11 A3354 Wi-fi 128gb e 6GB de ram color Azul - '","logger":"airflow.task.hooks.airflow.providers.standard.hooks.subprocess.SubprocessHook","filename":"subprocess.py","lineno":99}
{"timestamp":"2026-02-04T22:30:25.101351Z","level":"info","event":"               'Distribuidor Autorizado',","logger":"airflow.task.hooks.airflow.providers.standard.hooks.subprocess.SubprocessHook","filename":"subprocess.py","lineno":99}
{"timestamp":"2026-02-04T22:30:25.101382Z","level":"info","event":" 'memory': 'N/A',","logger":"airflow.task.hooks.airflow.providers.standard.hooks.subprocess.SubprocessHook","filename":"subprocess.py","lineno":99}
{"timestamp":"2026-02-04T22:30:25.101410Z","level":"info","event":" 'price': '4.499',","logger":"airflow.task.hooks.airflow.providers.standard.hooks.subprocess.SubprocessHook","filename":"subprocess.py","lineno":99}
{"timestamp":"2026-02-04T22:30:25.101437Z","level":"info","event":" 'rating': '4.9',","logger":"airflow.task.hooks.airflow.providers.standard.hooks.subprocess.SubprocessHook","filename":"subprocess.py","lineno":99}
{"timestamp":"2026-02-04T22:30:25.101464Z","level":"info","event":" 'short_title': 'tablet',","logger":"airflow.task.hooks.airflow.providers.standard.hooks.subprocess.SubprocessHook","filename":"subprocess.py","lineno":99}
{"timestamp":"2026-02-04T22:30:25.101489Z","level":"info","event":" 'site_name': 'mercado_livre',","logger":"airflow.task.hooks.airflow.providers.standard.hooks.subprocess.SubprocessHook","filename":"subprocess.py","lineno":99}
{"timestamp":"2026-02-04T22:30:25.101515Z","level":"info","event":" 'storage': 'N/A'}","logger":"airflow.task.hooks.airflow.providers.standard.hooks.subprocess.SubprocessHook","filename":"subprocess.py","lineno":99}
{"timestamp":"2026-02-04T22:30:25.103201Z","level":"info","event":"2026-02-04 22:30:25 [scrapy.core.scraper] DEBUG: Scraped from <200 https://lista.mercadolivre.com.br/tablet>","logger":"airflow.task.hooks.airflow.providers.standard.hooks.subprocess.SubprocessHook","filename":"subprocess.py","lineno":99}
{"timestamp":"2026-02-04T22:30:25.103285Z","level":"info","event":"{'color': 'N/A',","logger":"airflow.task.hooks.airflow.providers.standard.hooks.subprocess.SubprocessHook","filename":"subprocess.py","lineno":99}
{"timestamp":"2026-02-04T22:30:25.103335Z","level":"info","event":" 'full_title': 'Tablet Infantil Positivo Vision Tab 7 Minions - Octa-Core 3GB '","logger":"airflow.task.hooks.airflow.providers.standard.hooks.subprocess.SubprocessHook","filename":"subprocess.py","lineno":99}
{"timestamp":"2026-02-04T22:30:25.103367Z","level":"info","event":"               'RAM 64GB Armazenamento, Tela 7\" IPS, Bateria 3100mAh, Android '","logger":"airflow.task.hooks.airflow.providers.standard.hooks.subprocess.SubprocessHook","filename":"subprocess.py","lineno":99}
{"timestamp":"2026-02-04T22:30:25.103398Z","level":"info","event":"               '14 Go, Wi-fi - Preto - Inclui Capa de proteção personalizada',","logger":"airflow.task.hooks.airflow.providers.standard.hooks.subprocess.SubprocessHook","filename":"subprocess.py","lineno":99}
{"timestamp":"2026-02-04T22:30:25.103428Z","level":"info","event":" 'memory': '3GB',","logger":"airflow.task.hooks.airflow.providers.standard.hooks.subprocess.SubprocessHook","filename":"subprocess.py","lineno":99}
{"timestamp":"2026-02-04T22:30:25.103456Z","level":"info","event":" 'price': '699',","logger":"airflow.task.hooks.airflow.providers.standard.hooks.subprocess.SubprocessHook","filename":"subprocess.py","lineno":99}
{"timestamp":"2026-02-04T22:30:25.103483Z","level":"info","event":" 'rating': '4.7',","logger":"airflow.task.hooks.airflow.providers.standard.hooks.subprocess.SubprocessHook","filename":"subprocess.py","lineno":99}
{"timestamp":"2026-02-04T22:30:25.103510Z","level":"info","event":" 'short_title': 'tablet',","logger":"airflow.task.hooks.airflow.providers.standard.hooks.subprocess.SubprocessHook","filename":"subprocess.py","lineno":99}
{"timestamp":"2026-02-04T22:30:25.103536Z","level":"info","event":" 'site_name': 'mercado_livre',","logger":"airflow.task.hooks.airflow.providers.standard.hooks.subprocess.SubprocessHook","filename":"subprocess.py","lineno":99}
{"timestamp":"2026-02-04T22:30:25.103562Z","level":"info","event":" 'storage': 'N/A'}","logger":"airflow.task.hooks.airflow.providers.standard.hooks.subprocess.SubprocessHook","filename":"subprocess.py","lineno":99}
{"timestamp":"2026-02-04T22:30:25.108767Z","level":"info","event":"2026-02-04 22:30:25 [scrapy.core.scraper] DEBUG: Scraped from <200 https://lista.mercadolivre.com.br/tablet>","logger":"airflow.task.hooks.airflow.providers.standard.hooks.subprocess.SubprocessHook","filename":"subprocess.py","lineno":99}
{"timestamp":"2026-02-04T22:30:25.108889Z","level":"info","event":"{'color': 'Cinza',","logger":"airflow.task.hooks.airflow.providers.standard.hooks.subprocess.SubprocessHook","filename":"subprocess.py","lineno":99}
{"timestamp":"2026-02-04T22:30:25.108961Z","level":"info","event":" 'full_title': 'Tablet Acrensly M17 Android 14 | 16GB Ram 64GB ROM Suporta 1TB '","logger":"airflow.task.hooks.airflow.providers.standard.hooks.subprocess.SubprocessHook","filename":"subprocess.py","lineno":99}
{"timestamp":"2026-02-04T22:30:25.109010Z","level":"info","event":"               'TF 13MP + Selfie 5MP Câmeras Duplas Cinza Tela 10.1 HD '","logger":"airflow.task.hooks.airflow.providers.standard.hooks.subprocess.SubprocessHook","filename":"subprocess.py","lineno":99}
{"timestamp":"2026-02-04T22:30:25.109055Z","level":"info","event":"               'Octa-core até 1.8GHz 6000mAh WiFi 5G 2.4/5GHz TYPE-C 2.0 '","logger":"airflow.task.hooks.airflow.providers.standard.hooks.subprocess.SubprocessHook","filename":"subprocess.py","lineno":99}
{"timestamp":"2026-02-04T22:30:25.109096Z","level":"info","event":"               'Autonomia 4-5h',","logger":"airflow.task.hooks.airflow.providers.standard.hooks.subprocess.SubprocessHook","filename":"subprocess.py","lineno":99}
{"timestamp":"2026-02-04T22:30:25.109136Z","level":"info","event":" 'memory': '16GB',","logger":"airflow.task.hooks.airflow.providers.standard.hooks.subprocess.SubprocessHook","filename":"subprocess.py","lineno":99}
{"timestamp":"2026-02-04T22:30:25.109175Z","level":"info","event":" 'price': '999',","logger":"airflow.task.hooks.airflow.providers.standard.hooks.subprocess.SubprocessHook","filename":"subprocess.py","lineno":99}
{"timestamp":"2026-02-04T22:30:25.109212Z","level":"info","event":" 'rating': '4.7',","logger":"airflow.task.hooks.airflow.providers.standard.hooks.subprocess.SubprocessHook","filename":"subprocess.py","lineno":99}
{"timestamp":"2026-02-04T22:30:25.109248Z","level":"info","event":" 'short_title': 'tablet',","logger":"airflow.task.hooks.airflow.providers.standard.hooks.subprocess.SubprocessHook","filename":"subprocess.py","lineno":99}
{"timestamp":"2026-02-04T22:30:25.109286Z","level":"info","event":" 'site_name': 'mercado_livre',","logger":"airflow.task.hooks.airflow.providers.standard.hooks.subprocess.SubprocessHook","filename":"subprocess.py","lineno":99}
{"timestamp":"2026-02-04T22:30:25.109322Z","level":"info","event":" 'storage': 'N/A'}","logger":"airflow.task.hooks.airflow.providers.standard.hooks.subprocess.SubprocessHook","filename":"subprocess.py","lineno":99}
{"timestamp":"2026-02-04T22:30:25.111157Z","level":"info","event":"2026-02-04 22:30:25 [scrapy.core.scraper] DEBUG: Scraped from <200 https://lista.mercadolivre.com.br/tablet>","logger":"airflow.task.hooks.airflow.providers.standard.hooks.subprocess.SubprocessHook","filename":"subprocess.py","lineno":99}
{"timestamp":"2026-02-04T22:30:25.111247Z","level":"info","event":"{'color': 'N/A',","logger":"airflow.task.hooks.airflow.providers.standard.hooks.subprocess.SubprocessHook","filename":"subprocess.py","lineno":99}
{"timestamp":"2026-02-04T22:30:25.111297Z","level":"info","event":" 'full_title': 'Tablet Nb414 Minnie 4gb 64gb 7 Android 13 Multi',","logger":"airflow.task.hooks.airflow.providers.standard.hooks.subprocess.SubprocessHook","filename":"subprocess.py","lineno":99}
{"timestamp":"2026-02-04T22:30:25.111332Z","level":"info","event":" 'memory': 'N/A',","logger":"airflow.task.hooks.airflow.providers.standard.hooks.subprocess.SubprocessHook","filename":"subprocess.py","lineno":99}
{"timestamp":"2026-02-04T22:30:25.111362Z","level":"info","event":" 'price': '474',","logger":"airflow.task.hooks.airflow.providers.standard.hooks.subprocess.SubprocessHook","filename":"subprocess.py","lineno":99}
{"timestamp":"2026-02-04T22:30:25.111390Z","level":"info","event":" 'rating': '4.5',","logger":"airflow.task.hooks.airflow.providers.standard.hooks.subprocess.SubprocessHook","filename":"subprocess.py","lineno":99}
{"timestamp":"2026-02-04T22:30:25.111417Z","level":"info","event":" 'short_title': 'tablet',","logger":"airflow.task.hooks.airflow.providers.standard.hooks.subprocess.SubprocessHook","filename":"subprocess.py","lineno":99}
{"timestamp":"2026-02-04T22:30:25.111443Z","level":"info","event":" 'site_name': 'mercado_livre',","logger":"airflow.task.hooks.airflow.providers.standard.hooks.subprocess.SubprocessHook","filename":"subprocess.py","lineno":99}
{"timestamp":"2026-02-04T22:30:25.111469Z","level":"info","event":" 'storage': 'N/A'}","logger":"airflow.task.hooks.airflow.providers.standard.hooks.subprocess.SubprocessHook","filename":"subprocess.py","lineno":99}
{"timestamp":"2026-02-04T22:30:25.113588Z","level":"info","event":"2026-02-04 22:30:25 [scrapy.core.scraper] DEBUG: Scraped from <200 https://lista.mercadolivre.com.br/tablet>","logger":"airflow.task.hooks.airflow.providers.standard.hooks.subprocess.SubprocessHook","filename":"subprocess.py","lineno":99}
{"timestamp":"2026-02-04T22:30:25.113671Z","level":"info","event":"{'color': 'Azul',","logger":"airflow.task.hooks.airflow.providers.standard.hooks.subprocess.SubprocessHook","filename":"subprocess.py","lineno":99}
{"timestamp":"2026-02-04T22:30:25.113721Z","level":"info","event":" 'full_title': 'Tablet Pc Se Pro Tela 10.1 128gb+6gb Ram+teclado+ent.chip Cor '","logger":"airflow.task.hooks.airflow.providers.standard.hooks.subprocess.SubprocessHook","filename":"subprocess.py","lineno":99}
{"timestamp":"2026-02-04T22:30:25.113754Z","level":"info","event":"               'Azul',","logger":"airflow.task.hooks.airflow.providers.standard.hooks.subprocess.SubprocessHook","filename":"subprocess.py","lineno":99}
{"timestamp":"2026-02-04T22:30:25.113783Z","level":"info","event":" 'memory': '6gb',","logger":"airflow.task.hooks.airflow.providers.standard.hooks.subprocess.SubprocessHook","filename":"subprocess.py","lineno":99}
{"timestamp":"2026-02-04T22:30:25.113810Z","level":"info","event":" 'price': '998',","logger":"airflow.task.hooks.airflow.providers.standard.hooks.subprocess.SubprocessHook","filename":"subprocess.py","lineno":99}
{"timestamp":"2026-02-04T22:30:25.113838Z","level":"info","event":" 'rating': '4.4',","logger":"airflow.task.hooks.airflow.providers.standard.hooks.subprocess.SubprocessHook","filename":"subprocess.py","lineno":99}
{"timestamp":"2026-02-04T22:30:25.113868Z","level":"info","event":" 'short_title': 'tablet',","logger":"airflow.task.hooks.airflow.providers.standard.hooks.subprocess.SubprocessHook","filename":"subprocess.py","lineno":99}
{"timestamp":"2026-02-04T22:30:25.113900Z","level":"info","event":" 'site_name': 'mercado_livre',","logger":"airflow.task.hooks.airflow.providers.standard.hooks.subprocess.SubprocessHook","filename":"subprocess.py","lineno":99}
{"timestamp":"2026-02-04T22:30:25.113955Z","level":"info","event":" 'storage': 'N/A'}","logger":"airflow.task.hooks.airflow.providers.standard.hooks.subprocess.SubprocessHook","filename":"subprocess.py","lineno":99}
{"timestamp":"2026-02-04T22:30:25.116366Z","level":"info","event":"2026-02-04 22:30:25 [scrapy.core.scraper] DEBUG: Scraped from <200 https://lista.mercadolivre.com.br/tablet>","logger":"airflow.task.hooks.airflow.providers.standard.hooks.subprocess.SubprocessHook","filename":"subprocess.py","lineno":99}
{"timestamp":"2026-02-04T22:30:25.116464Z","level":"info","event":"{'color': 'Cinza',","logger":"airflow.task.hooks.airflow.providers.standard.hooks.subprocess.SubprocessHook","filename":"subprocess.py","lineno":99}
{"timestamp":"2026-02-04T22:30:25.116516Z","level":"info","event":" 'full_title': 'Tablet Tcl Nxtpaper 4.0 Ia Gen2 11 8+8 Gb Ram, 128gb Cinza',","logger":"airflow.task.hooks.airflow.providers.standard.hooks.subprocess.SubprocessHook","filename":"subprocess.py","lineno":99}
{"timestamp":"2026-02-04T22:30:25.116553Z","level":"info","event":" 'memory': '8 Gb',","logger":"airflow.task.hooks.airflow.providers.standard.hooks.subprocess.SubprocessHook","filename":"subprocess.py","lineno":99}
{"timestamp":"2026-02-04T22:30:25.116583Z","level":"info","event":" 'price': '2.599',","logger":"airflow.task.hooks.airflow.providers.standard.hooks.subprocess.SubprocessHook","filename":"subprocess.py","lineno":99}
{"timestamp":"2026-02-04T22:30:25.116611Z","level":"info","event":" 'rating': '4.8',","logger":"airflow.task.hooks.airflow.providers.standard.hooks.subprocess.SubprocessHook","filename":"subprocess.py","lineno":99}
{"timestamp":"2026-02-04T22:30:25.116640Z","level":"info","event":" 'short_title': 'tablet',","logger":"airflow.task.hooks.airflow.providers.standard.hooks.subprocess.SubprocessHook","filename":"subprocess.py","lineno":99}
{"timestamp":"2026-02-04T22:30:25.116667Z","level":"info","event":" 'site_name': 'mercado_livre',","logger":"airflow.task.hooks.airflow.providers.standard.hooks.subprocess.SubprocessHook","filename":"subprocess.py","lineno":99}
{"timestamp":"2026-02-04T22:30:25.116692Z","level":"info","event":" 'storage': 'N/A'}","logger":"airflow.task.hooks.airflow.providers.standard.hooks.subprocess.SubprocessHook","filename":"subprocess.py","lineno":99}
{"timestamp":"2026-02-04T22:30:25.118317Z","level":"info","event":"2026-02-04 22:30:25 [scrapy.core.scraper] DEBUG: Scraped from <200 https://lista.mercadolivre.com.br/tablet>","logger":"airflow.task.hooks.airflow.providers.standard.hooks.subprocess.SubprocessHook","filename":"subprocess.py","lineno":99}
{"timestamp":"2026-02-04T22:30:25.118403Z","level":"info","event":"{'color': 'Preto',","logger":"airflow.task.hooks.airflow.providers.standard.hooks.subprocess.SubprocessHook","filename":"subprocess.py","lineno":99}
{"timestamp":"2026-02-04T22:30:25.118454Z","level":"info","event":" 'full_title': 'Tablet Mirage 7 Pol 64gb 4gb ram Quad core wi-fi cor Preto '","logger":"airflow.task.hooks.airflow.providers.standard.hooks.subprocess.SubprocessHook","filename":"subprocess.py","lineno":99}
{"timestamp":"2026-02-04T22:30:25.118489Z","level":"info","event":"               '2022',","logger":"airflow.task.hooks.airflow.providers.standard.hooks.subprocess.SubprocessHook","filename":"subprocess.py","lineno":99}
{"timestamp":"2026-02-04T22:30:25.118519Z","level":"info","event":" 'memory': '4gb',","logger":"airflow.task.hooks.airflow.providers.standard.hooks.subprocess.SubprocessHook","filename":"subprocess.py","lineno":99}
{"timestamp":"2026-02-04T22:30:25.118547Z","level":"info","event":" 'price': '399',","logger":"airflow.task.hooks.airflow.providers.standard.hooks.subprocess.SubprocessHook","filename":"subprocess.py","lineno":99}
{"timestamp":"2026-02-04T22:30:25.118576Z","level":"info","event":" 'rating': '4.3',","logger":"airflow.task.hooks.airflow.providers.standard.hooks.subprocess.SubprocessHook","filename":"subprocess.py","lineno":99}
{"timestamp":"2026-02-04T22:30:25.118602Z","level":"info","event":" 'short_title': 'tablet',","logger":"airflow.task.hooks.airflow.providers.standard.hooks.subprocess.SubprocessHook","filename":"subprocess.py","lineno":99}
{"timestamp":"2026-02-04T22:30:25.118629Z","level":"info","event":" 'site_name': 'mercado_livre',","logger":"airflow.task.hooks.airflow.providers.standard.hooks.subprocess.SubprocessHook","filename":"subprocess.py","lineno":99}
{"timestamp":"2026-02-04T22:30:25.118656Z","level":"info","event":" 'storage': 'N/A'}","logger":"airflow.task.hooks.airflow.providers.standard.hooks.subprocess.SubprocessHook","filename":"subprocess.py","lineno":99}
{"timestamp":"2026-02-04T22:30:25.125109Z","level":"info","event":"2026-02-04 22:30:25 [scrapy.core.scraper] DEBUG: Scraped from <200 https://lista.mercadolivre.com.br/tablet>","logger":"airflow.task.hooks.airflow.providers.standard.hooks.subprocess.SubprocessHook","filename":"subprocess.py","lineno":99}
{"timestamp":"2026-02-04T22:30:25.125242Z","level":"info","event":"{'color': 'Cinza',","logger":"airflow.task.hooks.airflow.providers.standard.hooks.subprocess.SubprocessHook","filename":"subprocess.py","lineno":99}
{"timestamp":"2026-02-04T22:30:25.125319Z","level":"info","event":" 'full_title': 'Tablet Lenovo Tab 10.1¨ Wifi 5 64gb 4gb De Ram Android 14 '","logger":"airflow.task.hooks.airflow.providers.standard.hooks.subprocess.SubprocessHook","filename":"subprocess.py","lineno":99}
{"timestamp":"2026-02-04T22:30:25.125374Z","level":"info","event":"               'Cinza',","logger":"airflow.task.hooks.airflow.providers.standard.hooks.subprocess.SubprocessHook","filename":"subprocess.py","lineno":99}
{"timestamp":"2026-02-04T22:30:25.125417Z","level":"info","event":" 'memory': 'N/A',","logger":"airflow.task.hooks.airflow.providers.standard.hooks.subprocess.SubprocessHook","filename":"subprocess.py","lineno":99}
{"timestamp":"2026-02-04T22:30:25.125460Z","level":"info","event":" 'price': '999',","logger":"airflow.task.hooks.airflow.providers.standard.hooks.subprocess.SubprocessHook","filename":"subprocess.py","lineno":99}
{"timestamp":"2026-02-04T22:30:25.125503Z","level":"info","event":" 'rating': '+100 vendidos',","logger":"airflow.task.hooks.airflow.providers.standard.hooks.subprocess.SubprocessHook","filename":"subprocess.py","lineno":99}
{"timestamp":"2026-02-04T22:30:25.125542Z","level":"info","event":" 'short_title': 'tablet',","logger":"airflow.task.hooks.airflow.providers.standard.hooks.subprocess.SubprocessHook","filename":"subprocess.py","lineno":99}
{"timestamp":"2026-02-04T22:30:25.125579Z","level":"info","event":" 'site_name': 'mercado_livre',","logger":"airflow.task.hooks.airflow.providers.standard.hooks.subprocess.SubprocessHook","filename":"subprocess.py","lineno":99}
{"timestamp":"2026-02-04T22:30:25.125618Z","level":"info","event":" 'storage': 'N/A'}","logger":"airflow.task.hooks.airflow.providers.standard.hooks.subprocess.SubprocessHook","filename":"subprocess.py","lineno":99}
{"timestamp":"2026-02-04T22:30:25.127107Z","level":"info","event":"2026-02-04 22:30:25 [scrapy.core.scraper] DEBUG: Scraped from <200 https://lista.mercadolivre.com.br/tablet>","logger":"airflow.task.hooks.airflow.providers.standard.hooks.subprocess.SubprocessHook","filename":"subprocess.py","lineno":99}
{"timestamp":"2026-02-04T22:30:25.127193Z","level":"info","event":"{'color': 'Preto',","logger":"airflow.task.hooks.airflow.providers.standard.hooks.subprocess.SubprocessHook","filename":"subprocess.py","lineno":99}
{"timestamp":"2026-02-04T22:30:25.127244Z","level":"info","event":" 'full_title': 'Tablet Android 15 12gb 512gb Tela 10.1 Snapdragon 10000mah '","logger":"airflow.task.hooks.airflow.providers.standard.hooks.subprocess.SubprocessHook","filename":"subprocess.py","lineno":99}
{"timestamp":"2026-02-04T22:30:25.127279Z","level":"info","event":"               'Preto',","logger":"airflow.task.hooks.airflow.providers.standard.hooks.subprocess.SubprocessHook","filename":"subprocess.py","lineno":99}
{"timestamp":"2026-02-04T22:30:25.127309Z","level":"info","event":" 'memory': 'N/A',","logger":"airflow.task.hooks.airflow.providers.standard.hooks.subprocess.SubprocessHook","filename":"subprocess.py","lineno":99}
{"timestamp":"2026-02-04T22:30:25.127338Z","level":"info","event":" 'price': '899',","logger":"airflow.task.hooks.airflow.providers.standard.hooks.subprocess.SubprocessHook","filename":"subprocess.py","lineno":99}
{"timestamp":"2026-02-04T22:30:25.127364Z","level":"info","event":" 'rating': '4.2',","logger":"airflow.task.hooks.airflow.providers.standard.hooks.subprocess.SubprocessHook","filename":"subprocess.py","lineno":99}
{"timestamp":"2026-02-04T22:30:25.127390Z","level":"info","event":" 'short_title': 'tablet',","logger":"airflow.task.hooks.airflow.providers.standard.hooks.subprocess.SubprocessHook","filename":"subprocess.py","lineno":99}
{"timestamp":"2026-02-04T22:30:25.127416Z","level":"info","event":" 'site_name': 'mercado_livre',","logger":"airflow.task.hooks.airflow.providers.standard.hooks.subprocess.SubprocessHook","filename":"subprocess.py","lineno":99}
{"timestamp":"2026-02-04T22:30:25.127441Z","level":"info","event":" 'storage': 'N/A'}","logger":"airflow.task.hooks.airflow.providers.standard.hooks.subprocess.SubprocessHook","filename":"subprocess.py","lineno":99}
{"timestamp":"2026-02-04T22:30:25.128880Z","level":"info","event":"2026-02-04 22:30:25 [scrapy.core.scraper] DEBUG: Scraped from <200 https://lista.mercadolivre.com.br/tablet>","logger":"airflow.task.hooks.airflow.providers.standard.hooks.subprocess.SubprocessHook","filename":"subprocess.py","lineno":99}
{"timestamp":"2026-02-04T22:30:25.128963Z","level":"info","event":"{'color': 'Rosa',","logger":"airflow.task.hooks.airflow.providers.standard.hooks.subprocess.SubprocessHook","filename":"subprocess.py","lineno":99}
{"timestamp":"2026-02-04T22:30:25.129013Z","level":"info","event":" 'full_title': 'Tablet Infantil Educativo Recarregavel 128gb 6gb Ram digno '","logger":"airflow.task.hooks.airflow.providers.standard.hooks.subprocess.SubprocessHook","filename":"subprocess.py","lineno":99}
{"timestamp":"2026-02-04T22:30:25.129045Z","level":"info","event":"               'Youtube Kids Capa Tematica Rosa',","logger":"airflow.task.hooks.airflow.providers.standard.hooks.subprocess.SubprocessHook","filename":"subprocess.py","lineno":99}
{"timestamp":"2026-02-04T22:30:25.129075Z","level":"info","event":" 'memory': '6gb',","logger":"airflow.task.hooks.airflow.providers.standard.hooks.subprocess.SubprocessHook","filename":"subprocess.py","lineno":99}
{"timestamp":"2026-02-04T22:30:25.129102Z","level":"info","event":" 'price': '388',","logger":"airflow.task.hooks.airflow.providers.standard.hooks.subprocess.SubprocessHook","filename":"subprocess.py","lineno":99}
{"timestamp":"2026-02-04T22:30:25.129128Z","level":"info","event":" 'rating': '4.6',","logger":"airflow.task.hooks.airflow.providers.standard.hooks.subprocess.SubprocessHook","filename":"subprocess.py","lineno":99}
{"timestamp":"2026-02-04T22:30:25.129154Z","level":"info","event":" 'short_title': 'tablet',","logger":"airflow.task.hooks.airflow.providers.standard.hooks.subprocess.SubprocessHook","filename":"subprocess.py","lineno":99}
{"timestamp":"2026-02-04T22:30:25.129181Z","level":"info","event":" 'site_name': 'mercado_livre',","logger":"airflow.task.hooks.airflow.providers.standard.hooks.subprocess.SubprocessHook","filename":"subprocess.py","lineno":99}
{"timestamp":"2026-02-04T22:30:25.129207Z","level":"info","event":" 'storage': 'N/A'}","logger":"airflow.task.hooks.airflow.providers.standard.hooks.subprocess.SubprocessHook","filename":"subprocess.py","lineno":99}
{"timestamp":"2026-02-04T22:30:25.130883Z","level":"info","event":"2026-02-04 22:30:25 [scrapy.core.scraper] DEBUG: Scraped from <200 https://lista.mercadolivre.com.br/tablet>","logger":"airflow.task.hooks.airflow.providers.standard.hooks.subprocess.SubprocessHook","filename":"subprocess.py","lineno":99}
{"timestamp":"2026-02-04T22:30:25.130991Z","level":"info","event":"{'color': 'Cinza',","logger":"airflow.task.hooks.airflow.providers.standard.hooks.subprocess.SubprocessHook","filename":"subprocess.py","lineno":99}
{"timestamp":"2026-02-04T22:30:25.131042Z","level":"info","event":" 'full_title': 'Tablet Atouch SE Pro Android 12 128GB 6GB RAM Tela 10.1 '","logger":"airflow.task.hooks.airflow.providers.standard.hooks.subprocess.SubprocessHook","filename":"subprocess.py","lineno":99}
{"timestamp":"2026-02-04T22:30:25.131076Z","level":"info","event":"               'Cinza-escuro',","logger":"airflow.task.hooks.airflow.providers.standard.hooks.subprocess.SubprocessHook","filename":"subprocess.py","lineno":99}
{"timestamp":"2026-02-04T22:30:25.131106Z","level":"info","event":" 'memory': '6GB',","logger":"airflow.task.hooks.airflow.providers.standard.hooks.subprocess.SubprocessHook","filename":"subprocess.py","lineno":99}
{"timestamp":"2026-02-04T22:30:25.131134Z","level":"info","event":" 'price': '998',","logger":"airflow.task.hooks.airflow.providers.standard.hooks.subprocess.SubprocessHook","filename":"subprocess.py","lineno":99}
{"timestamp":"2026-02-04T22:30:25.131161Z","level":"info","event":" 'rating': '4.4',","logger":"airflow.task.hooks.airflow.providers.standard.hooks.subprocess.SubprocessHook","filename":"subprocess.py","lineno":99}
{"timestamp":"2026-02-04T22:30:25.131187Z","level":"info","event":" 'short_title': 'tablet',","logger":"airflow.task.hooks.airflow.providers.standard.hooks.subprocess.SubprocessHook","filename":"subprocess.py","lineno":99}
{"timestamp":"2026-02-04T22:30:25.131231Z","level":"info","event":" 'site_name': 'mercado_livre',","logger":"airflow.task.hooks.airflow.providers.standard.hooks.subprocess.SubprocessHook","filename":"subprocess.py","lineno":99}
{"timestamp":"2026-02-04T22:30:25.131277Z","level":"info","event":" 'storage': 'N/A'}","logger":"airflow.task.hooks.airflow.providers.standard.hooks.subprocess.SubprocessHook","filename":"subprocess.py","lineno":99}
{"timestamp":"2026-02-04T22:30:25.132993Z","level":"info","event":"2026-02-04 22:30:25 [scrapy.core.scraper] DEBUG: Scraped from <200 https://lista.mercadolivre.com.br/tablet>","logger":"airflow.task.hooks.airflow.providers.standard.hooks.subprocess.SubprocessHook","filename":"subprocess.py","lineno":99}
{"timestamp":"2026-02-04T22:30:25.133080Z","level":"info","event":"{'color': 'N/A',","logger":"airflow.task.hooks.airflow.providers.standard.hooks.subprocess.SubprocessHook","filename":"subprocess.py","lineno":99}
{"timestamp":"2026-02-04T22:30:25.133131Z","level":"info","event":" 'full_title': 'Tablet VAIO TL12 256GB Octa-Core, 12.6” 5G WiFi Câmera 13MP + '","logger":"airflow.task.hooks.airflow.providers.standard.hooks.subprocess.SubprocessHook","filename":"subprocess.py","lineno":99}
{"timestamp":"2026-02-04T22:30:25.133166Z","level":"info","event":"               'Selfie 12MP com Teclado Inteligente, Capa Protetora e Caneta',","logger":"airflow.task.hooks.airflow.providers.standard.hooks.subprocess.SubprocessHook","filename":"subprocess.py","lineno":99}
{"timestamp":"2026-02-04T22:30:25.133197Z","level":"info","event":" 'memory': 'N/A',","logger":"airflow.task.hooks.airflow.providers.standard.hooks.subprocess.SubprocessHook","filename":"subprocess.py","lineno":99}
{"timestamp":"2026-02-04T22:30:25.133225Z","level":"info","event":" 'price': '3.799',","logger":"airflow.task.hooks.airflow.providers.standard.hooks.subprocess.SubprocessHook","filename":"subprocess.py","lineno":99}
{"timestamp":"2026-02-04T22:30:25.133250Z","level":"info","event":" 'rating': '4.8',","logger":"airflow.task.hooks.airflow.providers.standard.hooks.subprocess.SubprocessHook","filename":"subprocess.py","lineno":99}
{"timestamp":"2026-02-04T22:30:25.133276Z","level":"info","event":" 'short_title': 'tablet',","logger":"airflow.task.hooks.airflow.providers.standard.hooks.subprocess.SubprocessHook","filename":"subprocess.py","lineno":99}
{"timestamp":"2026-02-04T22:30:25.133303Z","level":"info","event":" 'site_name': 'mercado_livre',","logger":"airflow.task.hooks.airflow.providers.standard.hooks.subprocess.SubprocessHook","filename":"subprocess.py","lineno":99}
{"timestamp":"2026-02-04T22:30:25.133328Z","level":"info","event":" 'storage': 'N/A'}","logger":"airflow.task.hooks.airflow.providers.standard.hooks.subprocess.SubprocessHook","filename":"subprocess.py","lineno":99}
{"timestamp":"2026-02-04T22:30:25.135111Z","level":"info","event":"2026-02-04 22:30:25 [scrapy.core.scraper] DEBUG: Scraped from <200 https://lista.mercadolivre.com.br/tablet>","logger":"airflow.task.hooks.airflow.providers.standard.hooks.subprocess.SubprocessHook","filename":"subprocess.py","lineno":99}
{"timestamp":"2026-02-04T22:30:25.135212Z","level":"info","event":"{'color': 'Cinza',","logger":"airflow.task.hooks.airflow.providers.standard.hooks.subprocess.SubprocessHook","filename":"subprocess.py","lineno":99}
{"timestamp":"2026-02-04T22:30:25.135265Z","level":"info","event":" 'full_title': 'Tablet M10 Wifi 128gb 6gb Ram Tela 10.1 Bluetooth Multilaser '","logger":"airflow.task.hooks.airflow.providers.standard.hooks.subprocess.SubprocessHook","filename":"subprocess.py","lineno":99}
{"timestamp":"2026-02-04T22:30:25.135304Z","level":"info","event":"               'Cor Cinza',","logger":"airflow.task.hooks.airflow.providers.standard.hooks.subprocess.SubprocessHook","filename":"subprocess.py","lineno":99}
{"timestamp":"2026-02-04T22:30:25.135334Z","level":"info","event":" 'memory': '6gb',","logger":"airflow.task.hooks.airflow.providers.standard.hooks.subprocess.SubprocessHook","filename":"subprocess.py","lineno":99}
{"timestamp":"2026-02-04T22:30:25.135362Z","level":"info","event":" 'price': '725',","logger":"airflow.task.hooks.airflow.providers.standard.hooks.subprocess.SubprocessHook","filename":"subprocess.py","lineno":99}
{"timestamp":"2026-02-04T22:30:25.135389Z","level":"info","event":" 'rating': '4.2',","logger":"airflow.task.hooks.airflow.providers.standard.hooks.subprocess.SubprocessHook","filename":"subprocess.py","lineno":99}
{"timestamp":"2026-02-04T22:30:25.135415Z","level":"info","event":" 'short_title': 'tablet',","logger":"airflow.task.hooks.airflow.providers.standard.hooks.subprocess.SubprocessHook","filename":"subprocess.py","lineno":99}
{"timestamp":"2026-02-04T22:30:25.135442Z","level":"info","event":" 'site_name': 'mercado_livre',","logger":"airflow.task.hooks.airflow.providers.standard.hooks.subprocess.SubprocessHook","filename":"subprocess.py","lineno":99}
{"timestamp":"2026-02-04T22:30:25.135468Z","level":"info","event":" 'storage': 'N/A'}","logger":"airflow.task.hooks.airflow.providers.standard.hooks.subprocess.SubprocessHook","filename":"subprocess.py","lineno":99}
{"timestamp":"2026-02-04T22:30:25.137371Z","level":"info","event":"2026-02-04 22:30:25 [scrapy.core.scraper] DEBUG: Scraped from <200 https://lista.mercadolivre.com.br/tablet>","logger":"airflow.task.hooks.airflow.providers.standard.hooks.subprocess.SubprocessHook","filename":"subprocess.py","lineno":99}
{"timestamp":"2026-02-04T22:30:25.137491Z","level":"info","event":"{'color': 'N/A',","logger":"airflow.task.hooks.airflow.providers.standard.hooks.subprocess.SubprocessHook","filename":"subprocess.py","lineno":99}
{"timestamp":"2026-02-04T22:30:25.137563Z","level":"info","event":" 'full_title': 'Tablet Samsung Galaxy Tab S10 Lite 5G, 128GB, 6GB RAM, Tela '","logger":"airflow.task.hooks.airflow.providers.standard.hooks.subprocess.SubprocessHook","filename":"subprocess.py","lineno":99}
{"timestamp":"2026-02-04T22:30:25.137613Z","level":"info","event":"               '10.9\", S Pen e Capa Smartbook Cover Inclusas',","logger":"airflow.task.hooks.airflow.providers.standard.hooks.subprocess.SubprocessHook","filename":"subprocess.py","lineno":99}
{"timestamp":"2026-02-04T22:30:25.137656Z","level":"info","event":" 'memory': '6GB',","logger":"airflow.task.hooks.airflow.providers.standard.hooks.subprocess.SubprocessHook","filename":"subprocess.py","lineno":99}
{"timestamp":"2026-02-04T22:30:25.137696Z","level":"info","event":" 'price': '3.199',","logger":"airflow.task.hooks.airflow.providers.standard.hooks.subprocess.SubprocessHook","filename":"subprocess.py","lineno":99}
{"timestamp":"2026-02-04T22:30:25.137735Z","level":"info","event":" 'rating': '4.9',","logger":"airflow.task.hooks.airflow.providers.standard.hooks.subprocess.SubprocessHook","filename":"subprocess.py","lineno":99}
{"timestamp":"2026-02-04T22:30:25.137774Z","level":"info","event":" 'short_title': 'tablet',","logger":"airflow.task.hooks.airflow.providers.standard.hooks.subprocess.SubprocessHook","filename":"subprocess.py","lineno":99}
{"timestamp":"2026-02-04T22:30:25.137813Z","level":"info","event":" 'site_name': 'mercado_livre',","logger":"airflow.task.hooks.airflow.providers.standard.hooks.subprocess.SubprocessHook","filename":"subprocess.py","lineno":99}
{"timestamp":"2026-02-04T22:30:25.137852Z","level":"info","event":" 'storage': 'N/A'}","logger":"airflow.task.hooks.airflow.providers.standard.hooks.subprocess.SubprocessHook","filename":"subprocess.py","lineno":99}
{"timestamp":"2026-02-04T22:30:25.139356Z","level":"info","event":"2026-02-04 22:30:25 [scrapy.core.scraper] DEBUG: Scraped from <200 https://lista.mercadolivre.com.br/tablet>","logger":"airflow.task.hooks.airflow.providers.standard.hooks.subprocess.SubprocessHook","filename":"subprocess.py","lineno":99}
{"timestamp":"2026-02-04T22:30:25.139439Z","level":"info","event":"{'color': 'N/A',","logger":"airflow.task.hooks.airflow.providers.standard.hooks.subprocess.SubprocessHook","filename":"subprocess.py","lineno":99}
{"timestamp":"2026-02-04T22:30:25.139491Z","level":"info","event":" 'full_title': 'Tablet Infantil Criança Memoria 128gb Android 14 Tela Touch Hd '","logger":"airflow.task.hooks.airflow.providers.standard.hooks.subprocess.SubprocessHook","filename":"subprocess.py","lineno":99}
{"timestamp":"2026-02-04T22:30:25.139526Z","level":"info","event":"               'Capinha Labubu Emborrachada Resistente Wi-fi Dual Band Câmera '","logger":"airflow.task.hooks.airflow.providers.standard.hooks.subprocess.SubprocessHook","filename":"subprocess.py","lineno":99}
{"timestamp":"2026-02-04T22:30:25.139555Z","level":"info","event":"               'Carregador Usb-c Caneta Touch Educativo Jogos Estudar Cor Roxo',","logger":"airflow.task.hooks.airflow.providers.standard.hooks.subprocess.SubprocessHook","filename":"subprocess.py","lineno":99}
{"timestamp":"2026-02-04T22:30:25.139584Z","level":"info","event":" 'memory': 'N/A',","logger":"airflow.task.hooks.airflow.providers.standard.hooks.subprocess.SubprocessHook","filename":"subprocess.py","lineno":99}
{"timestamp":"2026-02-04T22:30:25.139612Z","level":"info","event":" 'price': '520',","logger":"airflow.task.hooks.airflow.providers.standard.hooks.subprocess.SubprocessHook","filename":"subprocess.py","lineno":99}
{"timestamp":"2026-02-04T22:30:25.139639Z","level":"info","event":" 'rating': '4.5',","logger":"airflow.task.hooks.airflow.providers.standard.hooks.subprocess.SubprocessHook","filename":"subprocess.py","lineno":99}
{"timestamp":"2026-02-04T22:30:25.139665Z","level":"info","event":" 'short_title': 'tablet',","logger":"airflow.task.hooks.airflow.providers.standard.hooks.subprocess.SubprocessHook","filename":"subprocess.py","lineno":99}
{"timestamp":"2026-02-04T22:30:25.139691Z","level":"info","event":" 'site_name': 'mercado_livre',","logger":"airflow.task.hooks.airflow.providers.standard.hooks.subprocess.SubprocessHook","filename":"subprocess.py","lineno":99}
{"timestamp":"2026-02-04T22:30:25.139717Z","level":"info","event":" 'storage': 'N/A'}","logger":"airflow.task.hooks.airflow.providers.standard.hooks.subprocess.SubprocessHook","filename":"subprocess.py","lineno":99}
{"timestamp":"2026-02-04T22:30:25.146170Z","level":"info","event":"2026-02-04 22:30:25 [scrapy.core.scraper] DEBUG: Scraped from <200 https://lista.mercadolivre.com.br/tablet>","logger":"airflow.task.hooks.airflow.providers.standard.hooks.subprocess.SubprocessHook","filename":"subprocess.py","lineno":99}
{"timestamp":"2026-02-04T22:30:25.146295Z","level":"info","event":"{'color': 'Cinza',","logger":"airflow.task.hooks.airflow.providers.standard.hooks.subprocess.SubprocessHook","filename":"subprocess.py","lineno":99}
{"timestamp":"2026-02-04T22:30:25.146366Z","level":"info","event":" 'full_title': \"Tablet Tcl Tab 11 Fe 128gb 8gb Wi-fi 11'' Octa Core Cor Cinza \"","logger":"airflow.task.hooks.airflow.providers.standard.hooks.subprocess.SubprocessHook","filename":"subprocess.py","lineno":99}
{"timestamp":"2026-02-04T22:30:25.146412Z","level":"info","event":"               'Estelar',","logger":"airflow.task.hooks.airflow.providers.standard.hooks.subprocess.SubprocessHook","filename":"subprocess.py","lineno":99}
{"timestamp":"2026-02-04T22:30:25.146454Z","level":"info","event":" 'memory': 'N/A',","logger":"airflow.task.hooks.airflow.providers.standard.hooks.subprocess.SubprocessHook","filename":"subprocess.py","lineno":99}
{"timestamp":"2026-02-04T22:30:25.146494Z","level":"info","event":" 'price': '1.340',","logger":"airflow.task.hooks.airflow.providers.standard.hooks.subprocess.SubprocessHook","filename":"subprocess.py","lineno":99}
{"timestamp":"2026-02-04T22:30:25.146533Z","level":"info","event":" 'rating': '4.9',","logger":"airflow.task.hooks.airflow.providers.standard.hooks.subprocess.SubprocessHook","filename":"subprocess.py","lineno":99}
{"timestamp":"2026-02-04T22:30:25.146570Z","level":"info","event":" 'short_title': 'tablet',","logger":"airflow.task.hooks.airflow.providers.standard.hooks.subprocess.SubprocessHook","filename":"subprocess.py","lineno":99}
{"timestamp":"2026-02-04T22:30:25.146607Z","level":"info","event":" 'site_name': 'mercado_livre',","logger":"airflow.task.hooks.airflow.providers.standard.hooks.subprocess.SubprocessHook","filename":"subprocess.py","lineno":99}
{"timestamp":"2026-02-04T22:30:25.146645Z","level":"info","event":" 'storage': 'N/A'}","logger":"airflow.task.hooks.airflow.providers.standard.hooks.subprocess.SubprocessHook","filename":"subprocess.py","lineno":99}
{"timestamp":"2026-02-04T22:30:25.148382Z","level":"info","event":"2026-02-04 22:30:25 [scrapy.core.scraper] DEBUG: Scraped from <200 https://lista.mercadolivre.com.br/tablet>","logger":"airflow.task.hooks.airflow.providers.standard.hooks.subprocess.SubprocessHook","filename":"subprocess.py","lineno":99}
{"timestamp":"2026-02-04T22:30:25.148472Z","level":"info","event":"{'color': 'N/A',","logger":"airflow.task.hooks.airflow.providers.standard.hooks.subprocess.SubprocessHook","filename":"subprocess.py","lineno":99}
{"timestamp":"2026-02-04T22:30:25.148525Z","level":"info","event":" 'full_title': 'Tablet Nb417 Avengers 4gb 64gb 7 Multi',","logger":"airflow.task.hooks.airflow.providers.standard.hooks.subprocess.SubprocessHook","filename":"subprocess.py","lineno":99}
{"timestamp":"2026-02-04T22:30:25.148563Z","level":"info","event":" 'memory': 'N/A',","logger":"airflow.task.hooks.airflow.providers.standard.hooks.subprocess.SubprocessHook","filename":"subprocess.py","lineno":99}
{"timestamp":"2026-02-04T22:30:25.148594Z","level":"info","event":" 'price': '629',","logger":"airflow.task.hooks.airflow.providers.standard.hooks.subprocess.SubprocessHook","filename":"subprocess.py","lineno":99}
{"timestamp":"2026-02-04T22:30:25.148623Z","level":"info","event":" 'rating': '4.5',","logger":"airflow.task.hooks.airflow.providers.standard.hooks.subprocess.SubprocessHook","filename":"subprocess.py","lineno":99}
{"timestamp":"2026-02-04T22:30:25.148649Z","level":"info","event":" 'short_title': 'tablet',","logger":"airflow.task.hooks.airflow.providers.standard.hooks.subprocess.SubprocessHook","filename":"subprocess.py","lineno":99}
{"timestamp":"2026-02-04T22:30:25.148677Z","level":"info","event":" 'site_name': 'mercado_livre',","logger":"airflow.task.hooks.airflow.providers.standard.hooks.subprocess.SubprocessHook","filename":"subprocess.py","lineno":99}
{"timestamp":"2026-02-04T22:30:25.148703Z","level":"info","event":" 'storage': 'N/A'}","logger":"airflow.task.hooks.airflow.providers.standard.hooks.subprocess.SubprocessHook","filename":"subprocess.py","lineno":99}
{"timestamp":"2026-02-04T22:30:25.150674Z","level":"info","event":"2026-02-04 22:30:25 [scrapy.core.scraper] DEBUG: Scraped from <200 https://lista.mercadolivre.com.br/tablet>","logger":"airflow.task.hooks.airflow.providers.standard.hooks.subprocess.SubprocessHook","filename":"subprocess.py","lineno":99}
{"timestamp":"2026-02-04T22:30:25.150758Z","level":"info","event":"{'color': 'Azul',","logger":"airflow.task.hooks.airflow.providers.standard.hooks.subprocess.SubprocessHook","filename":"subprocess.py","lineno":99}
{"timestamp":"2026-02-04T22:30:25.150809Z","level":"info","event":" 'full_title': 'Tablet Infantil Criança Memoria 128gb Android 14 Tela Touch Hd '","logger":"airflow.task.hooks.airflow.providers.standard.hooks.subprocess.SubprocessHook","filename":"subprocess.py","lineno":99}
{"timestamp":"2026-02-04T22:30:25.150857Z","level":"info","event":"               'Capinha Labubu Emborrachada Resistente Wi-fi Dual Band Câmera '","logger":"airflow.task.hooks.airflow.providers.standard.hooks.subprocess.SubprocessHook","filename":"subprocess.py","lineno":99}
{"timestamp":"2026-02-04T22:30:25.150889Z","level":"info","event":"               'Carregador Usb-c Caneta Touch Educativo Jogos Estudar Cor Azul',","logger":"airflow.task.hooks.airflow.providers.standard.hooks.subprocess.SubprocessHook","filename":"subprocess.py","lineno":99}
{"timestamp":"2026-02-04T22:30:25.150917Z","level":"info","event":" 'memory': 'N/A',","logger":"airflow.task.hooks.airflow.providers.standard.hooks.subprocess.SubprocessHook","filename":"subprocess.py","lineno":99}
{"timestamp":"2026-02-04T22:30:25.150944Z","level":"info","event":" 'price': '520',","logger":"airflow.task.hooks.airflow.providers.standard.hooks.subprocess.SubprocessHook","filename":"subprocess.py","lineno":99}
{"timestamp":"2026-02-04T22:30:25.150971Z","level":"info","event":" 'rating': '4.8',","logger":"airflow.task.hooks.airflow.providers.standard.hooks.subprocess.SubprocessHook","filename":"subprocess.py","lineno":99}
{"timestamp":"2026-02-04T22:30:25.150997Z","level":"info","event":" 'short_title': 'tablet',","logger":"airflow.task.hooks.airflow.providers.standard.hooks.subprocess.SubprocessHook","filename":"subprocess.py","lineno":99}
{"timestamp":"2026-02-04T22:30:25.151022Z","level":"info","event":" 'site_name': 'mercado_livre',","logger":"airflow.task.hooks.airflow.providers.standard.hooks.subprocess.SubprocessHook","filename":"subprocess.py","lineno":99}
{"timestamp":"2026-02-04T22:30:25.151049Z","level":"info","event":" 'storage': 'N/A'}","logger":"airflow.task.hooks.airflow.providers.standard.hooks.subprocess.SubprocessHook","filename":"subprocess.py","lineno":99}
{"timestamp":"2026-02-04T22:30:25.152812Z","level":"info","event":"2026-02-04 22:30:25 [scrapy.core.scraper] DEBUG: Scraped from <200 https://lista.mercadolivre.com.br/tablet>","logger":"airflow.task.hooks.airflow.providers.standard.hooks.subprocess.SubprocessHook","filename":"subprocess.py","lineno":99}
{"timestamp":"2026-02-04T22:30:25.152915Z","level":"info","event":"{'color': 'Cinza',","logger":"airflow.task.hooks.airflow.providers.standard.hooks.subprocess.SubprocessHook","filename":"subprocess.py","lineno":99}
{"timestamp":"2026-02-04T22:30:25.152968Z","level":"info","event":" 'full_title': 'Galaxy Tab A11, 64gb, 4gb Ram, Tela De 8.7 , Bateria 5.100ma '","logger":"airflow.task.hooks.airflow.providers.standard.hooks.subprocess.SubprocessHook","filename":"subprocess.py","lineno":99}
{"timestamp":"2026-02-04T22:30:25.153003Z","level":"info","event":"               'Cinza',","logger":"airflow.task.hooks.airflow.providers.standard.hooks.subprocess.SubprocessHook","filename":"subprocess.py","lineno":99}
{"timestamp":"2026-02-04T22:30:25.153034Z","level":"info","event":" 'memory': '4gb',","logger":"airflow.task.hooks.airflow.providers.standard.hooks.subprocess.SubprocessHook","filename":"subprocess.py","lineno":99}
{"timestamp":"2026-02-04T22:30:25.153061Z","level":"info","event":" 'price': '1.098',","logger":"airflow.task.hooks.airflow.providers.standard.hooks.subprocess.SubprocessHook","filename":"subprocess.py","lineno":99}
{"timestamp":"2026-02-04T22:30:25.153088Z","level":"info","event":" 'rating': '4.9',","logger":"airflow.task.hooks.airflow.providers.standard.hooks.subprocess.SubprocessHook","filename":"subprocess.py","lineno":99}
{"timestamp":"2026-02-04T22:30:25.153114Z","level":"info","event":" 'short_title': 'tablet',","logger":"airflow.task.hooks.airflow.providers.standard.hooks.subprocess.SubprocessHook","filename":"subprocess.py","lineno":99}
{"timestamp":"2026-02-04T22:30:25.153140Z","level":"info","event":" 'site_name': 'mercado_livre',","logger":"airflow.task.hooks.airflow.providers.standard.hooks.subprocess.SubprocessHook","filename":"subprocess.py","lineno":99}
{"timestamp":"2026-02-04T22:30:25.153166Z","level":"info","event":" 'storage': 'N/A'}","logger":"airflow.task.hooks.airflow.providers.standard.hooks.subprocess.SubprocessHook","filename":"subprocess.py","lineno":99}
{"timestamp":"2026-02-04T22:30:25.154974Z","level":"info","event":"2026-02-04 22:30:25 [scrapy.core.scraper] DEBUG: Scraped from <200 https://lista.mercadolivre.com.br/tablet>","logger":"airflow.task.hooks.airflow.providers.standard.hooks.subprocess.SubprocessHook","filename":"subprocess.py","lineno":99}
{"timestamp":"2026-02-04T22:30:25.155058Z","level":"info","event":"{'color': 'N/A',","logger":"airflow.task.hooks.airflow.providers.standard.hooks.subprocess.SubprocessHook","filename":"subprocess.py","lineno":99}
{"timestamp":"2026-02-04T22:30:25.155108Z","level":"info","event":" 'full_title': 'Tablet Android 14 De 10 Polegadas Com 22 Gb Ram+128 Gb Rom/tf '","logger":"airflow.task.hooks.airflow.providers.standard.hooks.subprocess.SubprocessHook","filename":"subprocess.py","lineno":99}
{"timestamp":"2026-02-04T22:30:25.155141Z","level":"info","event":"               '2 Tb, Octa-core De 2,0 Ghz, 8000 Mah, Wi-fi 5g, Gms Tablets '","logger":"airflow.task.hooks.airflow.providers.standard.hooks.subprocess.SubprocessHook","filename":"subprocess.py","lineno":99}
{"timestamp":"2026-02-04T22:30:25.155171Z","level":"info","event":"               'Widevine L1,8 Mp + 5 Mp, Bluetooth 5.0, Gps,com Capa',","logger":"airflow.task.hooks.airflow.providers.standard.hooks.subprocess.SubprocessHook","filename":"subprocess.py","lineno":99}
{"timestamp":"2026-02-04T22:30:25.155199Z","level":"info","event":" 'memory': '22 Gb',","logger":"airflow.task.hooks.airflow.providers.standard.hooks.subprocess.SubprocessHook","filename":"subprocess.py","lineno":99}
{"timestamp":"2026-02-04T22:30:25.155226Z","level":"info","event":" 'price': '738',","logger":"airflow.task.hooks.airflow.providers.standard.hooks.subprocess.SubprocessHook","filename":"subprocess.py","lineno":99}
{"timestamp":"2026-02-04T22:30:25.155252Z","level":"info","event":" 'rating': '4.3',","logger":"airflow.task.hooks.airflow.providers.standard.hooks.subprocess.SubprocessHook","filename":"subprocess.py","lineno":99}
{"timestamp":"2026-02-04T22:30:25.155279Z","level":"info","event":" 'short_title': 'tablet',","logger":"airflow.task.hooks.airflow.providers.standard.hooks.subprocess.SubprocessHook","filename":"subprocess.py","lineno":99}
{"timestamp":"2026-02-04T22:30:25.155305Z","level":"info","event":" 'site_name': 'mercado_livre',","logger":"airflow.task.hooks.airflow.providers.standard.hooks.subprocess.SubprocessHook","filename":"subprocess.py","lineno":99}
{"timestamp":"2026-02-04T22:30:25.155331Z","level":"info","event":" 'storage': 'N/A'}","logger":"airflow.task.hooks.airflow.providers.standard.hooks.subprocess.SubprocessHook","filename":"subprocess.py","lineno":99}
{"timestamp":"2026-02-04T22:30:25.157017Z","level":"info","event":"2026-02-04 22:30:25 [scrapy.core.scraper] DEBUG: Scraped from <200 https://lista.mercadolivre.com.br/tablet>","logger":"airflow.task.hooks.airflow.providers.standard.hooks.subprocess.SubprocessHook","filename":"subprocess.py","lineno":99}
{"timestamp":"2026-02-04T22:30:25.157106Z","level":"info","event":"{'color': 'Cinza',","logger":"airflow.task.hooks.airflow.providers.standard.hooks.subprocess.SubprocessHook","filename":"subprocess.py","lineno":99}
{"timestamp":"2026-02-04T22:30:25.157159Z","level":"info","event":" 'full_title': \"Tablet Xaiomi Redmi Pad 2 11'' 256gb 8 Ram Wi-fi Cor Cinza G \"","logger":"airflow.task.hooks.airflow.providers.standard.hooks.subprocess.SubprocessHook","filename":"subprocess.py","lineno":99}
{"timestamp":"2026-02-04T22:30:25.157196Z","level":"info","event":"               'Cor Cinza escuro',","logger":"airflow.task.hooks.airflow.providers.standard.hooks.subprocess.SubprocessHook","filename":"subprocess.py","lineno":99}
{"timestamp":"2026-02-04T22:30:25.157228Z","level":"info","event":" 'memory': 'N/A',","logger":"airflow.task.hooks.airflow.providers.standard.hooks.subprocess.SubprocessHook","filename":"subprocess.py","lineno":99}
{"timestamp":"2026-02-04T22:30:25.157257Z","level":"info","event":" 'price': '1.555',","logger":"airflow.task.hooks.airflow.providers.standard.hooks.subprocess.SubprocessHook","filename":"subprocess.py","lineno":99}
{"timestamp":"2026-02-04T22:30:25.157285Z","level":"info","event":" 'rating': '4.9',","logger":"airflow.task.hooks.airflow.providers.standard.hooks.subprocess.SubprocessHook","filename":"subprocess.py","lineno":99}
{"timestamp":"2026-02-04T22:30:25.157312Z","level":"info","event":" 'short_title': 'tablet',","logger":"airflow.task.hooks.airflow.providers.standard.hooks.subprocess.SubprocessHook","filename":"subprocess.py","lineno":99}
{"timestamp":"2026-02-04T22:30:25.157338Z","level":"info","event":" 'site_name': 'mercado_livre',","logger":"airflow.task.hooks.airflow.providers.standard.hooks.subprocess.SubprocessHook","filename":"subprocess.py","lineno":99}
{"timestamp":"2026-02-04T22:30:25.157364Z","level":"info","event":" 'storage': 'N/A'}","logger":"airflow.task.hooks.airflow.providers.standard.hooks.subprocess.SubprocessHook","filename":"subprocess.py","lineno":99}
{"timestamp":"2026-02-04T22:30:25.159369Z","level":"info","event":"2026-02-04 22:30:25 [scrapy.core.scraper] DEBUG: Scraped from <200 https://lista.mercadolivre.com.br/tablet>","logger":"airflow.task.hooks.airflow.providers.standard.hooks.subprocess.SubprocessHook","filename":"subprocess.py","lineno":99}
{"timestamp":"2026-02-04T22:30:25.159452Z","level":"info","event":"{'color': 'N/A',","logger":"airflow.task.hooks.airflow.providers.standard.hooks.subprocess.SubprocessHook","filename":"subprocess.py","lineno":99}
{"timestamp":"2026-02-04T22:30:25.159502Z","level":"info","event":" 'full_title': 'Tablet Infantil Nb413 Mickey 4gb 64gb 7 Android 13 Multi',","logger":"airflow.task.hooks.airflow.providers.standard.hooks.subprocess.SubprocessHook","filename":"subprocess.py","lineno":99}
{"timestamp":"2026-02-04T22:30:25.159536Z","level":"info","event":" 'memory': 'N/A',","logger":"airflow.task.hooks.airflow.providers.standard.hooks.subprocess.SubprocessHook","filename":"subprocess.py","lineno":99}
{"timestamp":"2026-02-04T22:30:25.159564Z","level":"info","event":" 'price': '449',","logger":"airflow.task.hooks.airflow.providers.standard.hooks.subprocess.SubprocessHook","filename":"subprocess.py","lineno":99}
{"timestamp":"2026-02-04T22:30:25.159592Z","level":"info","event":" 'rating': '4.4',","logger":"airflow.task.hooks.airflow.providers.standard.hooks.subprocess.SubprocessHook","filename":"subprocess.py","lineno":99}
{"timestamp":"2026-02-04T22:30:25.159619Z","level":"info","event":" 'short_title': 'tablet',","logger":"airflow.task.hooks.airflow.providers.standard.hooks.subprocess.SubprocessHook","filename":"subprocess.py","lineno":99}
{"timestamp":"2026-02-04T22:30:25.159651Z","level":"info","event":" 'site_name': 'mercado_livre',","logger":"airflow.task.hooks.airflow.providers.standard.hooks.subprocess.SubprocessHook","filename":"subprocess.py","lineno":99}
{"timestamp":"2026-02-04T22:30:25.159684Z","level":"info","event":" 'storage': 'N/A'}","logger":"airflow.task.hooks.airflow.providers.standard.hooks.subprocess.SubprocessHook","filename":"subprocess.py","lineno":99}
{"timestamp":"2026-02-04T22:30:25.160992Z","level":"info","event":"2026-02-04 22:30:25 [scrapy.core.scraper] DEBUG: Scraped from <200 https://lista.mercadolivre.com.br/tablet>","logger":"airflow.task.hooks.airflow.providers.standard.hooks.subprocess.SubprocessHook","filename":"subprocess.py","lineno":99}
{"timestamp":"2026-02-04T22:30:25.161074Z","level":"info","event":"{'color': 'Preto',","logger":"airflow.task.hooks.airflow.providers.standard.hooks.subprocess.SubprocessHook","filename":"subprocess.py","lineno":99}
{"timestamp":"2026-02-04T22:30:25.161123Z","level":"info","event":" 'full_title': 'Tablet Neo Tectoy Pense Bem Windows 11 Home 128gb Cor Preto',","logger":"airflow.task.hooks.airflow.providers.standard.hooks.subprocess.SubprocessHook","filename":"subprocess.py","lineno":99}
{"timestamp":"2026-02-04T22:30:25.161155Z","level":"info","event":" 'memory': 'N/A',","logger":"airflow.task.hooks.airflow.providers.standard.hooks.subprocess.SubprocessHook","filename":"subprocess.py","lineno":99}
{"timestamp":"2026-02-04T22:30:25.161185Z","level":"info","event":" 'price': '1.930',","logger":"airflow.task.hooks.airflow.providers.standard.hooks.subprocess.SubprocessHook","filename":"subprocess.py","lineno":99}
{"timestamp":"2026-02-04T22:30:25.161213Z","level":"info","event":" 'rating': '4.6',","logger":"airflow.task.hooks.airflow.providers.standard.hooks.subprocess.SubprocessHook","filename":"subprocess.py","lineno":99}
{"timestamp":"2026-02-04T22:30:25.161239Z","level":"info","event":" 'short_title': 'tablet',","logger":"airflow.task.hooks.airflow.providers.standard.hooks.subprocess.SubprocessHook","filename":"subprocess.py","lineno":99}
{"timestamp":"2026-02-04T22:30:25.161266Z","level":"info","event":" 'site_name': 'mercado_livre',","logger":"airflow.task.hooks.airflow.providers.standard.hooks.subprocess.SubprocessHook","filename":"subprocess.py","lineno":99}
{"timestamp":"2026-02-04T22:30:25.161292Z","level":"info","event":" 'storage': 'N/A'}","logger":"airflow.task.hooks.airflow.providers.standard.hooks.subprocess.SubprocessHook","filename":"subprocess.py","lineno":99}
{"timestamp":"2026-02-04T22:30:25.169298Z","level":"info","event":"2026-02-04 22:30:25 [scrapy.core.scraper] DEBUG: Scraped from <200 https://lista.mercadolivre.com.br/tablet>","logger":"airflow.task.hooks.airflow.providers.standard.hooks.subprocess.SubprocessHook","filename":"subprocess.py","lineno":99}
{"timestamp":"2026-02-04T22:30:25.169494Z","level":"info","event":"{'color': 'Cinza',","logger":"airflow.task.hooks.airflow.providers.standard.hooks.subprocess.SubprocessHook","filename":"subprocess.py","lineno":99}
{"timestamp":"2026-02-04T22:30:25.169562Z","level":"info","event":" 'full_title': 'Tablet Samsung Galaxy Tab S10 FE+ WiFi, 128GB, 8GB, Tela 13.1\" '","logger":"airflow.task.hooks.airflow.providers.standard.hooks.subprocess.SubprocessHook","filename":"subprocess.py","lineno":99}
{"timestamp":"2026-02-04T22:30:25.169615Z","level":"info","event":"               '90Hz, S Pen e Capa Inclusas Cinza',","logger":"airflow.task.hooks.airflow.providers.standard.hooks.subprocess.SubprocessHook","filename":"subprocess.py","lineno":99}
{"timestamp":"2026-02-04T22:30:25.169664Z","level":"info","event":" 'memory': 'N/A',","logger":"airflow.task.hooks.airflow.providers.standard.hooks.subprocess.SubprocessHook","filename":"subprocess.py","lineno":99}
{"timestamp":"2026-02-04T22:30:25.169713Z","level":"info","event":" 'price': '4.299',","logger":"airflow.task.hooks.airflow.providers.standard.hooks.subprocess.SubprocessHook","filename":"subprocess.py","lineno":99}
{"timestamp":"2026-02-04T22:30:25.169760Z","level":"info","event":" 'rating': '4.9',","logger":"airflow.task.hooks.airflow.providers.standard.hooks.subprocess.SubprocessHook","filename":"subprocess.py","lineno":99}
{"timestamp":"2026-02-04T22:30:25.169807Z","level":"info","event":" 'short_title': 'tablet',","logger":"airflow.task.hooks.airflow.providers.standard.hooks.subprocess.SubprocessHook","filename":"subprocess.py","lineno":99}
{"timestamp":"2026-02-04T22:30:25.169860Z","level":"info","event":" 'site_name': 'mercado_livre',","logger":"airflow.task.hooks.airflow.providers.standard.hooks.subprocess.SubprocessHook","filename":"subprocess.py","lineno":99}
{"timestamp":"2026-02-04T22:30:25.169913Z","level":"info","event":" 'storage': 'N/A'}","logger":"airflow.task.hooks.airflow.providers.standard.hooks.subprocess.SubprocessHook","filename":"subprocess.py","lineno":99}
{"timestamp":"2026-02-04T22:30:28.591687Z","level":"info","event":"2026-02-04 22:30:28 [scrapy.core.engine] DEBUG: Crawled (200) <GET https://lista.mercadolivre.com.br/console#D%5BA:console%5D> (referer: None)","logger":"airflow.task.hooks.airflow.providers.standard.hooks.subprocess.SubprocessHook","filename":"subprocess.py","lineno":99}
{"timestamp":"2026-02-04T22:30:28.745736Z","level":"info","event":"2026-02-04 22:30:28 [scrapy.core.scraper] DEBUG: Scraped from <200 https://lista.mercadolivre.com.br/console>","logger":"airflow.task.hooks.airflow.providers.standard.hooks.subprocess.SubprocessHook","filename":"subprocess.py","lineno":99}
{"timestamp":"2026-02-04T22:30:28.745908Z","level":"info","event":"{'color': 'N/A',","logger":"airflow.task.hooks.airflow.providers.standard.hooks.subprocess.SubprocessHook","filename":"subprocess.py","lineno":99}
{"timestamp":"2026-02-04T22:30:28.745965Z","level":"info","event":" 'full_title': 'Console Playstation 5 Slim Edição Digital 825 Gb',","logger":"airflow.task.hooks.airflow.providers.standard.hooks.subprocess.SubprocessHook","filename":"subprocess.py","lineno":99}
{"timestamp":"2026-02-04T22:30:28.746004Z","level":"info","event":" 'memory': 'N/A',","logger":"airflow.task.hooks.airflow.providers.standard.hooks.subprocess.SubprocessHook","filename":"subprocess.py","lineno":99}
{"timestamp":"2026-02-04T22:30:28.746037Z","level":"info","event":" 'price': '5.499',","logger":"airflow.task.hooks.airflow.providers.standard.hooks.subprocess.SubprocessHook","filename":"subprocess.py","lineno":99}
{"timestamp":"2026-02-04T22:30:28.746067Z","level":"info","event":" 'rating': '5.0',","logger":"airflow.task.hooks.airflow.providers.standard.hooks.subprocess.SubprocessHook","filename":"subprocess.py","lineno":99}
{"timestamp":"2026-02-04T22:30:28.746095Z","level":"info","event":" 'short_title': 'console',","logger":"airflow.task.hooks.airflow.providers.standard.hooks.subprocess.SubprocessHook","filename":"subprocess.py","lineno":99}
{"timestamp":"2026-02-04T22:30:28.746123Z","level":"info","event":" 'site_name': 'mercado_livre',","logger":"airflow.task.hooks.airflow.providers.standard.hooks.subprocess.SubprocessHook","filename":"subprocess.py","lineno":99}
{"timestamp":"2026-02-04T22:30:28.746183Z","level":"info","event":" 'storage': 'N/A'}","logger":"airflow.task.hooks.airflow.providers.standard.hooks.subprocess.SubprocessHook","filename":"subprocess.py","lineno":99}
{"timestamp":"2026-02-04T22:30:28.754436Z","level":"info","event":"2026-02-04 22:30:28 [scrapy.core.scraper] DEBUG: Scraped from <200 https://lista.mercadolivre.com.br/console>","logger":"airflow.task.hooks.airflow.providers.standard.hooks.subprocess.SubprocessHook","filename":"subprocess.py","lineno":99}
{"timestamp":"2026-02-04T22:30:28.754578Z","level":"info","event":"{'color': 'N/A',","logger":"airflow.task.hooks.airflow.providers.standard.hooks.subprocess.SubprocessHook","filename":"subprocess.py","lineno":99}
{"timestamp":"2026-02-04T22:30:28.754621Z","level":"info","event":" 'full_title': 'Para console de jogos retrô R36hd, tela de jogo portátil',","logger":"airflow.task.hooks.airflow.providers.standard.hooks.subprocess.SubprocessHook","filename":"subprocess.py","lineno":99}
{"timestamp":"2026-02-04T22:30:28.754655Z","level":"info","event":" 'memory': 'N/A',","logger":"airflow.task.hooks.airflow.providers.standard.hooks.subprocess.SubprocessHook","filename":"subprocess.py","lineno":99}
{"timestamp":"2026-02-04T22:30:28.754685Z","level":"info","event":" 'price': '297',","logger":"airflow.task.hooks.airflow.providers.standard.hooks.subprocess.SubprocessHook","filename":"subprocess.py","lineno":99}
{"timestamp":"2026-02-04T22:30:28.754714Z","level":"info","event":" 'rating': '+5 vendidos',","logger":"airflow.task.hooks.airflow.providers.standard.hooks.subprocess.SubprocessHook","filename":"subprocess.py","lineno":99}
{"timestamp":"2026-02-04T22:30:28.754742Z","level":"info","event":" 'short_title': 'console',","logger":"airflow.task.hooks.airflow.providers.standard.hooks.subprocess.SubprocessHook","filename":"subprocess.py","lineno":99}
{"timestamp":"2026-02-04T22:30:28.754768Z","level":"info","event":" 'site_name': 'mercado_livre',","logger":"airflow.task.hooks.airflow.providers.standard.hooks.subprocess.SubprocessHook","filename":"subprocess.py","lineno":99}
{"timestamp":"2026-02-04T22:30:28.754795Z","level":"info","event":" 'storage': 'N/A'}","logger":"airflow.task.hooks.airflow.providers.standard.hooks.subprocess.SubprocessHook","filename":"subprocess.py","lineno":99}
{"timestamp":"2026-02-04T22:30:28.756527Z","level":"info","event":"2026-02-04 22:30:28 [scrapy.core.scraper] DEBUG: Scraped from <200 https://lista.mercadolivre.com.br/console>","logger":"airflow.task.hooks.airflow.providers.standard.hooks.subprocess.SubprocessHook","filename":"subprocess.py","lineno":99}
{"timestamp":"2026-02-04T22:30:28.756624Z","level":"info","event":"{'color': 'branco',","logger":"airflow.task.hooks.airflow.providers.standard.hooks.subprocess.SubprocessHook","filename":"subprocess.py","lineno":99}
{"timestamp":"2026-02-04T22:30:28.756678Z","level":"info","event":" 'full_title': 'Sony PlayStation 5 Slim 1TB cor branco',","logger":"airflow.task.hooks.airflow.providers.standard.hooks.subprocess.SubprocessHook","filename":"subprocess.py","lineno":99}
{"timestamp":"2026-02-04T22:30:28.756716Z","level":"info","event":" 'memory': 'N/A',","logger":"airflow.task.hooks.airflow.providers.standard.hooks.subprocess.SubprocessHook","filename":"subprocess.py","lineno":99}
{"timestamp":"2026-02-04T22:30:28.756747Z","level":"info","event":" 'price': '4.489',","logger":"airflow.task.hooks.airflow.providers.standard.hooks.subprocess.SubprocessHook","filename":"subprocess.py","lineno":99}
{"timestamp":"2026-02-04T22:30:28.756776Z","level":"info","event":" 'rating': '4.9',","logger":"airflow.task.hooks.airflow.providers.standard.hooks.subprocess.SubprocessHook","filename":"subprocess.py","lineno":99}
{"timestamp":"2026-02-04T22:30:28.756805Z","level":"info","event":" 'short_title': 'console',","logger":"airflow.task.hooks.airflow.providers.standard.hooks.subprocess.SubprocessHook","filename":"subprocess.py","lineno":99}
{"timestamp":"2026-02-04T22:30:28.756833Z","level":"info","event":" 'site_name': 'mercado_livre',","logger":"airflow.task.hooks.airflow.providers.standard.hooks.subprocess.SubprocessHook","filename":"subprocess.py","lineno":99}
{"timestamp":"2026-02-04T22:30:28.756860Z","level":"info","event":" 'storage': 'N/A'}","logger":"airflow.task.hooks.airflow.providers.standard.hooks.subprocess.SubprocessHook","filename":"subprocess.py","lineno":99}
{"timestamp":"2026-02-04T22:30:28.758226Z","level":"info","event":"2026-02-04 22:30:28 [scrapy.core.scraper] DEBUG: Scraped from <200 https://lista.mercadolivre.com.br/console>","logger":"airflow.task.hooks.airflow.providers.standard.hooks.subprocess.SubprocessHook","filename":"subprocess.py","lineno":99}
{"timestamp":"2026-02-04T22:30:28.758315Z","level":"info","event":"{'color': 'Branco',","logger":"airflow.task.hooks.airflow.providers.standard.hooks.subprocess.SubprocessHook","filename":"subprocess.py","lineno":99}
{"timestamp":"2026-02-04T22:30:28.758368Z","level":"info","event":" 'full_title': 'Adaptador Videogame Game Stick M15 Hdmi Retrô 2 Controles '","logger":"airflow.task.hooks.airflow.providers.standard.hooks.subprocess.SubprocessHook","filename":"subprocess.py","lineno":99}
{"timestamp":"2026-02-04T22:30:28.758405Z","level":"info","event":"               'Branco 127/220v',","logger":"airflow.task.hooks.airflow.providers.standard.hooks.subprocess.SubprocessHook","filename":"subprocess.py","lineno":99}
{"timestamp":"2026-02-04T22:30:28.758435Z","level":"info","event":" 'memory': 'N/A',","logger":"airflow.task.hooks.airflow.providers.standard.hooks.subprocess.SubprocessHook","filename":"subprocess.py","lineno":99}
{"timestamp":"2026-02-04T22:30:28.758464Z","level":"info","event":" 'price': '193',","logger":"airflow.task.hooks.airflow.providers.standard.hooks.subprocess.SubprocessHook","filename":"subprocess.py","lineno":99}
{"timestamp":"2026-02-04T22:30:28.758492Z","level":"info","event":" 'rating': '4.6',","logger":"airflow.task.hooks.airflow.providers.standard.hooks.subprocess.SubprocessHook","filename":"subprocess.py","lineno":99}
{"timestamp":"2026-02-04T22:30:28.758519Z","level":"info","event":" 'short_title': 'console',","logger":"airflow.task.hooks.airflow.providers.standard.hooks.subprocess.SubprocessHook","filename":"subprocess.py","lineno":99}
{"timestamp":"2026-02-04T22:30:28.758546Z","level":"info","event":" 'site_name': 'mercado_livre',","logger":"airflow.task.hooks.airflow.providers.standard.hooks.subprocess.SubprocessHook","filename":"subprocess.py","lineno":99}
{"timestamp":"2026-02-04T22:30:28.758572Z","level":"info","event":" 'storage': 'N/A'}","logger":"airflow.task.hooks.airflow.providers.standard.hooks.subprocess.SubprocessHook","filename":"subprocess.py","lineno":99}
{"timestamp":"2026-02-04T22:30:28.759396Z","level":"info","event":"2026-02-04 22:30:28 [scrapy.core.scraper] DEBUG: Scraped from <200 https://lista.mercadolivre.com.br/console>","logger":"airflow.task.hooks.airflow.providers.standard.hooks.subprocess.SubprocessHook","filename":"subprocess.py","lineno":99}
{"timestamp":"2026-02-04T22:30:28.759484Z","level":"info","event":"{'color': 'N/A',","logger":"airflow.task.hooks.airflow.providers.standard.hooks.subprocess.SubprocessHook","filename":"subprocess.py","lineno":99}
{"timestamp":"2026-02-04T22:30:28.759560Z","level":"info","event":" 'full_title': 'Para console de jogos retrô R36hd, tela de jogo portátil',","logger":"airflow.task.hooks.airflow.providers.standard.hooks.subprocess.SubprocessHook","filename":"subprocess.py","lineno":99}
{"timestamp":"2026-02-04T22:30:28.759611Z","level":"info","event":" 'memory': 'N/A',","logger":"airflow.task.hooks.airflow.providers.standard.hooks.subprocess.SubprocessHook","filename":"subprocess.py","lineno":99}
{"timestamp":"2026-02-04T22:30:28.759646Z","level":"info","event":" 'price': '297',","logger":"airflow.task.hooks.airflow.providers.standard.hooks.subprocess.SubprocessHook","filename":"subprocess.py","lineno":99}
{"timestamp":"2026-02-04T22:30:28.759677Z","level":"info","event":" 'rating': '+5 vendidos',","logger":"airflow.task.hooks.airflow.providers.standard.hooks.subprocess.SubprocessHook","filename":"subprocess.py","lineno":99}
{"timestamp":"2026-02-04T22:30:28.759707Z","level":"info","event":" 'short_title': 'console',","logger":"airflow.task.hooks.airflow.providers.standard.hooks.subprocess.SubprocessHook","filename":"subprocess.py","lineno":99}
{"timestamp":"2026-02-04T22:30:28.759735Z","level":"info","event":" 'site_name': 'mercado_livre',","logger":"airflow.task.hooks.airflow.providers.standard.hooks.subprocess.SubprocessHook","filename":"subprocess.py","lineno":99}
{"timestamp":"2026-02-04T22:30:28.759762Z","level":"info","event":" 'storage': 'N/A'}","logger":"airflow.task.hooks.airflow.providers.standard.hooks.subprocess.SubprocessHook","filename":"subprocess.py","lineno":99}
{"timestamp":"2026-02-04T22:30:28.760574Z","level":"info","event":"2026-02-04 22:30:28 [scrapy.core.scraper] DEBUG: Scraped from <200 https://lista.mercadolivre.com.br/console>","logger":"airflow.task.hooks.airflow.providers.standard.hooks.subprocess.SubprocessHook","filename":"subprocess.py","lineno":99}
{"timestamp":"2026-02-04T22:30:28.760661Z","level":"info","event":"{'color': 'N/A',","logger":"airflow.task.hooks.airflow.providers.standard.hooks.subprocess.SubprocessHook","filename":"subprocess.py","lineno":99}
{"timestamp":"2026-02-04T22:30:28.760715Z","level":"info","event":" 'full_title': 'Disco Rigito Interno Hd 1tb Purple Dvr Intelbras Roxo 1 Tera '","logger":"airflow.task.hooks.airflow.providers.standard.hooks.subprocess.SubprocessHook","filename":"subprocess.py","lineno":99}
{"timestamp":"2026-02-04T22:30:28.760752Z","level":"info","event":"               'Purple',","logger":"airflow.task.hooks.airflow.providers.standard.hooks.subprocess.SubprocessHook","filename":"subprocess.py","lineno":99}
{"timestamp":"2026-02-04T22:30:28.760783Z","level":"info","event":" 'memory': 'N/A',","logger":"airflow.task.hooks.airflow.providers.standard.hooks.subprocess.SubprocessHook","filename":"subprocess.py","lineno":99}
{"timestamp":"2026-02-04T22:30:28.760811Z","level":"info","event":" 'price': '366',","logger":"airflow.task.hooks.airflow.providers.standard.hooks.subprocess.SubprocessHook","filename":"subprocess.py","lineno":99}
{"timestamp":"2026-02-04T22:30:28.760839Z","level":"info","event":" 'rating': '+100 vendidos',","logger":"airflow.task.hooks.airflow.providers.standard.hooks.subprocess.SubprocessHook","filename":"subprocess.py","lineno":99}
{"timestamp":"2026-02-04T22:30:28.760867Z","level":"info","event":" 'short_title': 'console',","logger":"airflow.task.hooks.airflow.providers.standard.hooks.subprocess.SubprocessHook","filename":"subprocess.py","lineno":99}
{"timestamp":"2026-02-04T22:30:28.760893Z","level":"info","event":" 'site_name': 'mercado_livre',","logger":"airflow.task.hooks.airflow.providers.standard.hooks.subprocess.SubprocessHook","filename":"subprocess.py","lineno":99}
{"timestamp":"2026-02-04T22:30:28.760920Z","level":"info","event":" 'storage': 'N/A'}","logger":"airflow.task.hooks.airflow.providers.standard.hooks.subprocess.SubprocessHook","filename":"subprocess.py","lineno":99}
{"timestamp":"2026-02-04T22:30:28.762127Z","level":"info","event":"2026-02-04 22:30:28 [scrapy.core.scraper] DEBUG: Scraped from <200 https://lista.mercadolivre.com.br/console>","logger":"airflow.task.hooks.airflow.providers.standard.hooks.subprocess.SubprocessHook","filename":"subprocess.py","lineno":99}
{"timestamp":"2026-02-04T22:30:28.762213Z","level":"info","event":"{'color': 'N/A',","logger":"airflow.task.hooks.airflow.providers.standard.hooks.subprocess.SubprocessHook","filename":"subprocess.py","lineno":99}
{"timestamp":"2026-02-04T22:30:28.762265Z","level":"info","event":" 'full_title': 'Adaptador Videogame Game Stick M15 Hdmi Retrô 2 Controles ',","logger":"airflow.task.hooks.airflow.providers.standard.hooks.subprocess.SubprocessHook","filename":"subprocess.py","lineno":99}
{"timestamp":"2026-02-04T22:30:28.762300Z","level":"info","event":" 'memory': 'N/A',","logger":"airflow.task.hooks.airflow.providers.standard.hooks.subprocess.SubprocessHook","filename":"subprocess.py","lineno":99}
{"timestamp":"2026-02-04T22:30:28.762330Z","level":"info","event":" 'price': '219',","logger":"airflow.task.hooks.airflow.providers.standard.hooks.subprocess.SubprocessHook","filename":"subprocess.py","lineno":99}
{"timestamp":"2026-02-04T22:30:28.762358Z","level":"info","event":" 'rating': '4.5',","logger":"airflow.task.hooks.airflow.providers.standard.hooks.subprocess.SubprocessHook","filename":"subprocess.py","lineno":99}
{"timestamp":"2026-02-04T22:30:28.762385Z","level":"info","event":" 'short_title': 'console',","logger":"airflow.task.hooks.airflow.providers.standard.hooks.subprocess.SubprocessHook","filename":"subprocess.py","lineno":99}
{"timestamp":"2026-02-04T22:30:28.762411Z","level":"info","event":" 'site_name': 'mercado_livre',","logger":"airflow.task.hooks.airflow.providers.standard.hooks.subprocess.SubprocessHook","filename":"subprocess.py","lineno":99}
{"timestamp":"2026-02-04T22:30:28.762437Z","level":"info","event":" 'storage': 'N/A'}","logger":"airflow.task.hooks.airflow.providers.standard.hooks.subprocess.SubprocessHook","filename":"subprocess.py","lineno":99}
{"timestamp":"2026-02-04T22:30:28.763614Z","level":"info","event":"2026-02-04 22:30:28 [scrapy.core.scraper] DEBUG: Scraped from <200 https://lista.mercadolivre.com.br/console>","logger":"airflow.task.hooks.airflow.providers.standard.hooks.subprocess.SubprocessHook","filename":"subprocess.py","lineno":99}
{"timestamp":"2026-02-04T22:30:28.763698Z","level":"info","event":"{'color': 'N/A',","logger":"airflow.task.hooks.airflow.providers.standard.hooks.subprocess.SubprocessHook","filename":"subprocess.py","lineno":99}
{"timestamp":"2026-02-04T22:30:28.763750Z","level":"info","event":" 'full_title': 'Console Central Fiat Palio Siena Strada Weekend Original',","logger":"airflow.task.hooks.airflow.providers.standard.hooks.subprocess.SubprocessHook","filename":"subprocess.py","lineno":99}
{"timestamp":"2026-02-04T22:30:28.763783Z","level":"info","event":" 'memory': 'N/A',","logger":"airflow.task.hooks.airflow.providers.standard.hooks.subprocess.SubprocessHook","filename":"subprocess.py","lineno":99}
{"timestamp":"2026-02-04T22:30:28.763812Z","level":"info","event":" 'price': '399',","logger":"airflow.task.hooks.airflow.providers.standard.hooks.subprocess.SubprocessHook","filename":"subprocess.py","lineno":99}
{"timestamp":"2026-02-04T22:30:28.763839Z","level":"info","event":" 'rating': '4.8',","logger":"airflow.task.hooks.airflow.providers.standard.hooks.subprocess.SubprocessHook","filename":"subprocess.py","lineno":99}
{"timestamp":"2026-02-04T22:30:28.763867Z","level":"info","event":" 'short_title': 'console',","logger":"airflow.task.hooks.airflow.providers.standard.hooks.subprocess.SubprocessHook","filename":"subprocess.py","lineno":99}
{"timestamp":"2026-02-04T22:30:28.763895Z","level":"info","event":" 'site_name': 'mercado_livre',","logger":"airflow.task.hooks.airflow.providers.standard.hooks.subprocess.SubprocessHook","filename":"subprocess.py","lineno":99}
{"timestamp":"2026-02-04T22:30:28.763921Z","level":"info","event":" 'storage': 'N/A'}","logger":"airflow.task.hooks.airflow.providers.standard.hooks.subprocess.SubprocessHook","filename":"subprocess.py","lineno":99}
{"timestamp":"2026-02-04T22:30:28.765161Z","level":"info","event":"2026-02-04 22:30:28 [scrapy.core.scraper] DEBUG: Scraped from <200 https://lista.mercadolivre.com.br/console>","logger":"airflow.task.hooks.airflow.providers.standard.hooks.subprocess.SubprocessHook","filename":"subprocess.py","lineno":99}
{"timestamp":"2026-02-04T22:30:28.765260Z","level":"info","event":"{'color': 'N/A',","logger":"airflow.task.hooks.airflow.providers.standard.hooks.subprocess.SubprocessHook","filename":"subprocess.py","lineno":99}
{"timestamp":"2026-02-04T22:30:28.765323Z","level":"info","event":" 'full_title': 'Headset EPM IMPORTS RGB LED com Microfone e Cancelamento de '","logger":"airflow.task.hooks.airflow.providers.standard.hooks.subprocess.SubprocessHook","filename":"subprocess.py","lineno":99}
{"timestamp":"2026-02-04T22:30:28.765361Z","level":"info","event":"               'Ruído para PS5/PS4/Xbox PC',","logger":"airflow.task.hooks.airflow.providers.standard.hooks.subprocess.SubprocessHook","filename":"subprocess.py","lineno":99}
{"timestamp":"2026-02-04T22:30:28.765392Z","level":"info","event":" 'memory': 'N/A',","logger":"airflow.task.hooks.airflow.providers.standard.hooks.subprocess.SubprocessHook","filename":"subprocess.py","lineno":99}
{"timestamp":"2026-02-04T22:30:28.765419Z","level":"info","event":" 'price': '78',","logger":"airflow.task.hooks.airflow.providers.standard.hooks.subprocess.SubprocessHook","filename":"subprocess.py","lineno":99}
{"timestamp":"2026-02-04T22:30:28.765446Z","level":"info","event":" 'rating': '4.8',","logger":"airflow.task.hooks.airflow.providers.standard.hooks.subprocess.SubprocessHook","filename":"subprocess.py","lineno":99}
{"timestamp":"2026-02-04T22:30:28.765471Z","level":"info","event":" 'short_title': 'console',","logger":"airflow.task.hooks.airflow.providers.standard.hooks.subprocess.SubprocessHook","filename":"subprocess.py","lineno":99}
{"timestamp":"2026-02-04T22:30:28.765497Z","level":"info","event":" 'site_name': 'mercado_livre',","logger":"airflow.task.hooks.airflow.providers.standard.hooks.subprocess.SubprocessHook","filename":"subprocess.py","lineno":99}
{"timestamp":"2026-02-04T22:30:28.765523Z","level":"info","event":" 'storage': 'N/A'}","logger":"airflow.task.hooks.airflow.providers.standard.hooks.subprocess.SubprocessHook","filename":"subprocess.py","lineno":99}
{"timestamp":"2026-02-04T22:30:28.766820Z","level":"info","event":"2026-02-04 22:30:28 [scrapy.core.scraper] DEBUG: Scraped from <200 https://lista.mercadolivre.com.br/console>","logger":"airflow.task.hooks.airflow.providers.standard.hooks.subprocess.SubprocessHook","filename":"subprocess.py","lineno":99}
{"timestamp":"2026-02-04T22:30:28.766906Z","level":"info","event":"{'color': 'N/A',","logger":"airflow.task.hooks.airflow.providers.standard.hooks.subprocess.SubprocessHook","filename":"subprocess.py","lineno":99}
{"timestamp":"2026-02-04T22:30:28.766957Z","level":"info","event":" 'full_title': 'Controle Sem Fio Joystick Bluetooth Para Ps4 Videogame Tv '","logger":"airflow.task.hooks.airflow.providers.standard.hooks.subprocess.SubprocessHook","filename":"subprocess.py","lineno":99}
{"timestamp":"2026-02-04T22:30:28.766990Z","level":"info","event":"               'Samsung Pc P4 Ps 4 Dual Shock Manete Pc Tv Smart Controle '","logger":"airflow.task.hooks.airflow.providers.standard.hooks.subprocess.SubprocessHook","filename":"subprocess.py","lineno":99}
{"timestamp":"2026-02-04T22:30:28.767020Z","level":"info","event":"               'Bluetooth Sem Fio Celular Headset Com P2 - Marca REDFIN',","logger":"airflow.task.hooks.airflow.providers.standard.hooks.subprocess.SubprocessHook","filename":"subprocess.py","lineno":99}
{"timestamp":"2026-02-04T22:30:28.767049Z","level":"info","event":" 'memory': 'N/A',","logger":"airflow.task.hooks.airflow.providers.standard.hooks.subprocess.SubprocessHook","filename":"subprocess.py","lineno":99}
{"timestamp":"2026-02-04T22:30:28.767077Z","level":"info","event":" 'price': '89',","logger":"airflow.task.hooks.airflow.providers.standard.hooks.subprocess.SubprocessHook","filename":"subprocess.py","lineno":99}
{"timestamp":"2026-02-04T22:30:28.767104Z","level":"info","event":" 'rating': '4.7',","logger":"airflow.task.hooks.airflow.providers.standard.hooks.subprocess.SubprocessHook","filename":"subprocess.py","lineno":99}
{"timestamp":"2026-02-04T22:30:28.767129Z","level":"info","event":" 'short_title': 'console',","logger":"airflow.task.hooks.airflow.providers.standard.hooks.subprocess.SubprocessHook","filename":"subprocess.py","lineno":99}
{"timestamp":"2026-02-04T22:30:28.767155Z","level":"info","event":" 'site_name': 'mercado_livre',","logger":"airflow.task.hooks.airflow.providers.standard.hooks.subprocess.SubprocessHook","filename":"subprocess.py","lineno":99}
{"timestamp":"2026-02-04T22:30:28.767181Z","level":"info","event":" 'storage': 'N/A'}","logger":"airflow.task.hooks.airflow.providers.standard.hooks.subprocess.SubprocessHook","filename":"subprocess.py","lineno":99}
{"timestamp":"2026-02-04T22:30:28.768397Z","level":"info","event":"2026-02-04 22:30:28 [scrapy.core.scraper] DEBUG: Scraped from <200 https://lista.mercadolivre.com.br/console>","logger":"airflow.task.hooks.airflow.providers.standard.hooks.subprocess.SubprocessHook","filename":"subprocess.py","lineno":99}
{"timestamp":"2026-02-04T22:30:28.768483Z","level":"info","event":"{'color': 'N/A',","logger":"airflow.task.hooks.airflow.providers.standard.hooks.subprocess.SubprocessHook","filename":"subprocess.py","lineno":99}
{"timestamp":"2026-02-04T22:30:28.768533Z","level":"info","event":" 'full_title': 'Moldura Console De Teto Porta Óculos Vectra B 2000/2005',","logger":"airflow.task.hooks.airflow.providers.standard.hooks.subprocess.SubprocessHook","filename":"subprocess.py","lineno":99}
{"timestamp":"2026-02-04T22:30:28.768567Z","level":"info","event":" 'memory': 'N/A',","logger":"airflow.task.hooks.airflow.providers.standard.hooks.subprocess.SubprocessHook","filename":"subprocess.py","lineno":99}
{"timestamp":"2026-02-04T22:30:28.768597Z","level":"info","event":" 'price': '309',","logger":"airflow.task.hooks.airflow.providers.standard.hooks.subprocess.SubprocessHook","filename":"subprocess.py","lineno":99}
{"timestamp":"2026-02-04T22:30:28.768625Z","level":"info","event":" 'rating': '4.3',","logger":"airflow.task.hooks.airflow.providers.standard.hooks.subprocess.SubprocessHook","filename":"subprocess.py","lineno":99}
{"timestamp":"2026-02-04T22:30:28.768651Z","level":"info","event":" 'short_title': 'console',","logger":"airflow.task.hooks.airflow.providers.standard.hooks.subprocess.SubprocessHook","filename":"subprocess.py","lineno":99}
{"timestamp":"2026-02-04T22:30:28.768714Z","level":"info","event":" 'site_name': 'mercado_livre',","logger":"airflow.task.hooks.airflow.providers.standard.hooks.subprocess.SubprocessHook","filename":"subprocess.py","lineno":99}
{"timestamp":"2026-02-04T22:30:28.768780Z","level":"info","event":" 'storage': 'N/A'}","logger":"airflow.task.hooks.airflow.providers.standard.hooks.subprocess.SubprocessHook","filename":"subprocess.py","lineno":99}
{"timestamp":"2026-02-04T22:30:28.770175Z","level":"info","event":"2026-02-04 22:30:28 [scrapy.core.scraper] DEBUG: Scraped from <200 https://lista.mercadolivre.com.br/console>","logger":"airflow.task.hooks.airflow.providers.standard.hooks.subprocess.SubprocessHook","filename":"subprocess.py","lineno":99}
{"timestamp":"2026-02-04T22:30:28.770264Z","level":"info","event":"{'color': 'Azul',","logger":"airflow.task.hooks.airflow.providers.standard.hooks.subprocess.SubprocessHook","filename":"subprocess.py","lineno":99}
{"timestamp":"2026-02-04T22:30:28.770314Z","level":"info","event":" 'full_title': 'Fone Videogame Console De Mao Retro Tela Colorida '","logger":"airflow.task.hooks.airflow.providers.standard.hooks.subprocess.SubprocessHook","filename":"subprocess.py","lineno":99}
{"timestamp":"2026-02-04T22:30:28.770347Z","level":"info","event":"               'Azul/vermelho Portátil Recarregável Emuladores Jogos Clássicos',","logger":"airflow.task.hooks.airflow.providers.standard.hooks.subprocess.SubprocessHook","filename":"subprocess.py","lineno":99}
{"timestamp":"2026-02-04T22:30:28.770378Z","level":"info","event":" 'memory': 'N/A',","logger":"airflow.task.hooks.airflow.providers.standard.hooks.subprocess.SubprocessHook","filename":"subprocess.py","lineno":99}
{"timestamp":"2026-02-04T22:30:28.770406Z","level":"info","event":" 'price': '287',","logger":"airflow.task.hooks.airflow.providers.standard.hooks.subprocess.SubprocessHook","filename":"subprocess.py","lineno":99}
{"timestamp":"2026-02-04T22:30:28.770433Z","level":"info","event":" 'rating': '5.0',","logger":"airflow.task.hooks.airflow.providers.standard.hooks.subprocess.SubprocessHook","filename":"subprocess.py","lineno":99}
{"timestamp":"2026-02-04T22:30:28.770459Z","level":"info","event":" 'short_title': 'console',","logger":"airflow.task.hooks.airflow.providers.standard.hooks.subprocess.SubprocessHook","filename":"subprocess.py","lineno":99}
{"timestamp":"2026-02-04T22:30:28.770486Z","level":"info","event":" 'site_name': 'mercado_livre',","logger":"airflow.task.hooks.airflow.providers.standard.hooks.subprocess.SubprocessHook","filename":"subprocess.py","lineno":99}
{"timestamp":"2026-02-04T22:30:28.770512Z","level":"info","event":" 'storage': 'N/A'}","logger":"airflow.task.hooks.airflow.providers.standard.hooks.subprocess.SubprocessHook","filename":"subprocess.py","lineno":99}
{"timestamp":"2026-02-04T22:30:28.771704Z","level":"info","event":"2026-02-04 22:30:28 [scrapy.core.scraper] DEBUG: Scraped from <200 https://lista.mercadolivre.com.br/console>","logger":"airflow.task.hooks.airflow.providers.standard.hooks.subprocess.SubprocessHook","filename":"subprocess.py","lineno":99}
{"timestamp":"2026-02-04T22:30:28.771794Z","level":"info","event":"{'color': 'N/A',","logger":"airflow.task.hooks.airflow.providers.standard.hooks.subprocess.SubprocessHook","filename":"subprocess.py","lineno":99}
{"timestamp":"2026-02-04T22:30:28.771845Z","level":"info","event":" 'full_title': 'Console Nintendo Switch 2, Modelo Nacional de Tomada',","logger":"airflow.task.hooks.airflow.providers.standard.hooks.subprocess.SubprocessHook","filename":"subprocess.py","lineno":99}
{"timestamp":"2026-02-04T22:30:28.771878Z","level":"info","event":" 'memory': 'N/A',","logger":"airflow.task.hooks.airflow.providers.standard.hooks.subprocess.SubprocessHook","filename":"subprocess.py","lineno":99}
{"timestamp":"2026-02-04T22:30:28.771907Z","level":"info","event":" 'price': '4.499',","logger":"airflow.task.hooks.airflow.providers.standard.hooks.subprocess.SubprocessHook","filename":"subprocess.py","lineno":99}
{"timestamp":"2026-02-04T22:30:28.771936Z","level":"info","event":" 'rating': '4.8',","logger":"airflow.task.hooks.airflow.providers.standard.hooks.subprocess.SubprocessHook","filename":"subprocess.py","lineno":99}
{"timestamp":"2026-02-04T22:30:28.771962Z","level":"info","event":" 'short_title': 'console',","logger":"airflow.task.hooks.airflow.providers.standard.hooks.subprocess.SubprocessHook","filename":"subprocess.py","lineno":99}
{"timestamp":"2026-02-04T22:30:28.771989Z","level":"info","event":" 'site_name': 'mercado_livre',","logger":"airflow.task.hooks.airflow.providers.standard.hooks.subprocess.SubprocessHook","filename":"subprocess.py","lineno":99}
{"timestamp":"2026-02-04T22:30:28.772014Z","level":"info","event":" 'storage': 'N/A'}","logger":"airflow.task.hooks.airflow.providers.standard.hooks.subprocess.SubprocessHook","filename":"subprocess.py","lineno":99}
{"timestamp":"2026-02-04T22:30:28.773198Z","level":"info","event":"2026-02-04 22:30:28 [scrapy.core.scraper] DEBUG: Scraped from <200 https://lista.mercadolivre.com.br/console>","logger":"airflow.task.hooks.airflow.providers.standard.hooks.subprocess.SubprocessHook","filename":"subprocess.py","lineno":99}
{"timestamp":"2026-02-04T22:30:28.773283Z","level":"info","event":"{'color': 'N/A',","logger":"airflow.task.hooks.airflow.providers.standard.hooks.subprocess.SubprocessHook","filename":"subprocess.py","lineno":99}
{"timestamp":"2026-02-04T22:30:28.773334Z","level":"info","event":" 'full_title': 'Video Game Stick Hdmi Retrô 2 Ctroles 20000 Jogos 4k',","logger":"airflow.task.hooks.airflow.providers.standard.hooks.subprocess.SubprocessHook","filename":"subprocess.py","lineno":99}
{"timestamp":"2026-02-04T22:30:28.773367Z","level":"info","event":" 'memory': 'N/A',","logger":"airflow.task.hooks.airflow.providers.standard.hooks.subprocess.SubprocessHook","filename":"subprocess.py","lineno":99}
{"timestamp":"2026-02-04T22:30:28.773396Z","level":"info","event":" 'price': '129',","logger":"airflow.task.hooks.airflow.providers.standard.hooks.subprocess.SubprocessHook","filename":"subprocess.py","lineno":99}
{"timestamp":"2026-02-04T22:30:28.773423Z","level":"info","event":" 'rating': '5.0',","logger":"airflow.task.hooks.airflow.providers.standard.hooks.subprocess.SubprocessHook","filename":"subprocess.py","lineno":99}
{"timestamp":"2026-02-04T22:30:28.773449Z","level":"info","event":" 'short_title': 'console',","logger":"airflow.task.hooks.airflow.providers.standard.hooks.subprocess.SubprocessHook","filename":"subprocess.py","lineno":99}
{"timestamp":"2026-02-04T22:30:28.773476Z","level":"info","event":" 'site_name': 'mercado_livre',","logger":"airflow.task.hooks.airflow.providers.standard.hooks.subprocess.SubprocessHook","filename":"subprocess.py","lineno":99}
{"timestamp":"2026-02-04T22:30:28.773502Z","level":"info","event":" 'storage': 'N/A'}","logger":"airflow.task.hooks.airflow.providers.standard.hooks.subprocess.SubprocessHook","filename":"subprocess.py","lineno":99}
{"timestamp":"2026-02-04T22:30:28.774715Z","level":"info","event":"2026-02-04 22:30:28 [scrapy.core.scraper] DEBUG: Scraped from <200 https://lista.mercadolivre.com.br/console>","logger":"airflow.task.hooks.airflow.providers.standard.hooks.subprocess.SubprocessHook","filename":"subprocess.py","lineno":99}
{"timestamp":"2026-02-04T22:30:28.774803Z","level":"info","event":"{'color': 'N/A',","logger":"airflow.task.hooks.airflow.providers.standard.hooks.subprocess.SubprocessHook","filename":"subprocess.py","lineno":99}
{"timestamp":"2026-02-04T22:30:28.774854Z","level":"info","event":" 'full_title': 'Tampa Console Central Fiat Palio Strada Siena Idea Original',","logger":"airflow.task.hooks.airflow.providers.standard.hooks.subprocess.SubprocessHook","filename":"subprocess.py","lineno":99}
{"timestamp":"2026-02-04T22:30:28.774887Z","level":"info","event":" 'memory': 'N/A',","logger":"airflow.task.hooks.airflow.providers.standard.hooks.subprocess.SubprocessHook","filename":"subprocess.py","lineno":99}
{"timestamp":"2026-02-04T22:30:28.774916Z","level":"info","event":" 'price': '39',","logger":"airflow.task.hooks.airflow.providers.standard.hooks.subprocess.SubprocessHook","filename":"subprocess.py","lineno":99}
{"timestamp":"2026-02-04T22:30:28.774945Z","level":"info","event":" 'rating': '4.9',","logger":"airflow.task.hooks.airflow.providers.standard.hooks.subprocess.SubprocessHook","filename":"subprocess.py","lineno":99}
{"timestamp":"2026-02-04T22:30:28.774971Z","level":"info","event":" 'short_title': 'console',","logger":"airflow.task.hooks.airflow.providers.standard.hooks.subprocess.SubprocessHook","filename":"subprocess.py","lineno":99}
{"timestamp":"2026-02-04T22:30:28.774998Z","level":"info","event":" 'site_name': 'mercado_livre',","logger":"airflow.task.hooks.airflow.providers.standard.hooks.subprocess.SubprocessHook","filename":"subprocess.py","lineno":99}
{"timestamp":"2026-02-04T22:30:28.775024Z","level":"info","event":" 'storage': 'N/A'}","logger":"airflow.task.hooks.airflow.providers.standard.hooks.subprocess.SubprocessHook","filename":"subprocess.py","lineno":99}
{"timestamp":"2026-02-04T22:30:28.776359Z","level":"info","event":"2026-02-04 22:30:28 [scrapy.core.scraper] DEBUG: Scraped from <200 https://lista.mercadolivre.com.br/console>","logger":"airflow.task.hooks.airflow.providers.standard.hooks.subprocess.SubprocessHook","filename":"subprocess.py","lineno":99}
{"timestamp":"2026-02-04T22:30:28.776447Z","level":"info","event":"{'color': 'Branco',","logger":"airflow.task.hooks.airflow.providers.standard.hooks.subprocess.SubprocessHook","filename":"subprocess.py","lineno":99}
{"timestamp":"2026-02-04T22:30:28.776497Z","level":"info","event":" 'full_title': 'Fone de Ouvido Havit H2230D 7.1 P3 50mm para PC e Consoles Cor '","logger":"airflow.task.hooks.airflow.providers.standard.hooks.subprocess.SubprocessHook","filename":"subprocess.py","lineno":99}
{"timestamp":"2026-02-04T22:30:28.776530Z","level":"info","event":"               'Branco',","logger":"airflow.task.hooks.airflow.providers.standard.hooks.subprocess.SubprocessHook","filename":"subprocess.py","lineno":99}
{"timestamp":"2026-02-04T22:30:28.776560Z","level":"info","event":" 'memory': 'N/A',","logger":"airflow.task.hooks.airflow.providers.standard.hooks.subprocess.SubprocessHook","filename":"subprocess.py","lineno":99}
{"timestamp":"2026-02-04T22:30:28.776588Z","level":"info","event":" 'price': '129',","logger":"airflow.task.hooks.airflow.providers.standard.hooks.subprocess.SubprocessHook","filename":"subprocess.py","lineno":99}
{"timestamp":"2026-02-04T22:30:28.776615Z","level":"info","event":" 'rating': '4.7',","logger":"airflow.task.hooks.airflow.providers.standard.hooks.subprocess.SubprocessHook","filename":"subprocess.py","lineno":99}
{"timestamp":"2026-02-04T22:30:28.776642Z","level":"info","event":" 'short_title': 'console',","logger":"airflow.task.hooks.airflow.providers.standard.hooks.subprocess.SubprocessHook","filename":"subprocess.py","lineno":99}
{"timestamp":"2026-02-04T22:30:28.776668Z","level":"info","event":" 'site_name': 'mercado_livre',","logger":"airflow.task.hooks.airflow.providers.standard.hooks.subprocess.SubprocessHook","filename":"subprocess.py","lineno":99}
{"timestamp":"2026-02-04T22:30:28.776694Z","level":"info","event":" 'storage': 'N/A'}","logger":"airflow.task.hooks.airflow.providers.standard.hooks.subprocess.SubprocessHook","filename":"subprocess.py","lineno":99}
{"timestamp":"2026-02-04T22:30:28.777950Z","level":"info","event":"2026-02-04 22:30:28 [scrapy.core.scraper] DEBUG: Scraped from <200 https://lista.mercadolivre.com.br/console>","logger":"airflow.task.hooks.airflow.providers.standard.hooks.subprocess.SubprocessHook","filename":"subprocess.py","lineno":99}
{"timestamp":"2026-02-04T22:30:28.778034Z","level":"info","event":"{'color': 'N/A',","logger":"airflow.task.hooks.airflow.providers.standard.hooks.subprocess.SubprocessHook","filename":"subprocess.py","lineno":99}
{"timestamp":"2026-02-04T22:30:28.778086Z","level":"info","event":" 'full_title': 'Tela Game Portátil R36s Mais De 15mil Jogos Console 64gb Hd',","logger":"airflow.task.hooks.airflow.providers.standard.hooks.subprocess.SubprocessHook","filename":"subprocess.py","lineno":99}
{"timestamp":"2026-02-04T22:30:28.778119Z","level":"info","event":" 'memory': 'N/A',","logger":"airflow.task.hooks.airflow.providers.standard.hooks.subprocess.SubprocessHook","filename":"subprocess.py","lineno":99}
{"timestamp":"2026-02-04T22:30:28.778148Z","level":"info","event":" 'price': '279',","logger":"airflow.task.hooks.airflow.providers.standard.hooks.subprocess.SubprocessHook","filename":"subprocess.py","lineno":99}
{"timestamp":"2026-02-04T22:30:28.778175Z","level":"info","event":" 'rating': '+5 vendidos',","logger":"airflow.task.hooks.airflow.providers.standard.hooks.subprocess.SubprocessHook","filename":"subprocess.py","lineno":99}
{"timestamp":"2026-02-04T22:30:28.778203Z","level":"info","event":" 'short_title': 'console',","logger":"airflow.task.hooks.airflow.providers.standard.hooks.subprocess.SubprocessHook","filename":"subprocess.py","lineno":99}
{"timestamp":"2026-02-04T22:30:28.778229Z","level":"info","event":" 'site_name': 'mercado_livre',","logger":"airflow.task.hooks.airflow.providers.standard.hooks.subprocess.SubprocessHook","filename":"subprocess.py","lineno":99}
{"timestamp":"2026-02-04T22:30:28.778256Z","level":"info","event":" 'storage': 'N/A'}","logger":"airflow.task.hooks.airflow.providers.standard.hooks.subprocess.SubprocessHook","filename":"subprocess.py","lineno":99}
{"timestamp":"2026-02-04T22:30:28.779452Z","level":"info","event":"2026-02-04 22:30:28 [scrapy.core.scraper] DEBUG: Scraped from <200 https://lista.mercadolivre.com.br/console>","logger":"airflow.task.hooks.airflow.providers.standard.hooks.subprocess.SubprocessHook","filename":"subprocess.py","lineno":99}
{"timestamp":"2026-02-04T22:30:28.779535Z","level":"info","event":"{'color': 'N/A',","logger":"airflow.task.hooks.airflow.providers.standard.hooks.subprocess.SubprocessHook","filename":"subprocess.py","lineno":99}
{"timestamp":"2026-02-04T22:30:28.779586Z","level":"info","event":" 'full_title': 'Controle Sem Fio Redfin Compatível PS4 PC Bluetooth Touchpad '","logger":"airflow.task.hooks.airflow.providers.standard.hooks.subprocess.SubprocessHook","filename":"subprocess.py","lineno":99}
{"timestamp":"2026-02-04T22:30:28.779620Z","level":"info","event":"               'Vibração Dupla',","logger":"airflow.task.hooks.airflow.providers.standard.hooks.subprocess.SubprocessHook","filename":"subprocess.py","lineno":99}
{"timestamp":"2026-02-04T22:30:28.779650Z","level":"info","event":" 'memory': 'N/A',","logger":"airflow.task.hooks.airflow.providers.standard.hooks.subprocess.SubprocessHook","filename":"subprocess.py","lineno":99}
{"timestamp":"2026-02-04T22:30:28.779678Z","level":"info","event":" 'price': '67',","logger":"airflow.task.hooks.airflow.providers.standard.hooks.subprocess.SubprocessHook","filename":"subprocess.py","lineno":99}
{"timestamp":"2026-02-04T22:30:28.779705Z","level":"info","event":" 'rating': '4.7',","logger":"airflow.task.hooks.airflow.providers.standard.hooks.subprocess.SubprocessHook","filename":"subprocess.py","lineno":99}
{"timestamp":"2026-02-04T22:30:28.779732Z","level":"info","event":" 'short_title': 'console',","logger":"airflow.task.hooks.airflow.providers.standard.hooks.subprocess.SubprocessHook","filename":"subprocess.py","lineno":99}
{"timestamp":"2026-02-04T22:30:28.779757Z","level":"info","event":" 'site_name': 'mercado_livre',","logger":"airflow.task.hooks.airflow.providers.standard.hooks.subprocess.SubprocessHook","filename":"subprocess.py","lineno":99}
{"timestamp":"2026-02-04T22:30:28.779784Z","level":"info","event":" 'storage': 'N/A'}","logger":"airflow.task.hooks.airflow.providers.standard.hooks.subprocess.SubprocessHook","filename":"subprocess.py","lineno":99}
{"timestamp":"2026-02-04T22:30:28.780945Z","level":"info","event":"2026-02-04 22:30:28 [scrapy.core.scraper] DEBUG: Scraped from <200 https://lista.mercadolivre.com.br/console>","logger":"airflow.task.hooks.airflow.providers.standard.hooks.subprocess.SubprocessHook","filename":"subprocess.py","lineno":99}
{"timestamp":"2026-02-04T22:30:28.781028Z","level":"info","event":"{'color': 'N/A',","logger":"airflow.task.hooks.airflow.providers.standard.hooks.subprocess.SubprocessHook","filename":"subprocess.py","lineno":99}
{"timestamp":"2026-02-04T22:30:28.781080Z","level":"info","event":" 'full_title': 'Console Playstation 5 Slim Edição Digital 825 Gb',","logger":"airflow.task.hooks.airflow.providers.standard.hooks.subprocess.SubprocessHook","filename":"subprocess.py","lineno":99}
{"timestamp":"2026-02-04T22:30:28.781114Z","level":"info","event":" 'memory': 'N/A',","logger":"airflow.task.hooks.airflow.providers.standard.hooks.subprocess.SubprocessHook","filename":"subprocess.py","lineno":99}
{"timestamp":"2026-02-04T22:30:28.781142Z","level":"info","event":" 'price': '5.499',","logger":"airflow.task.hooks.airflow.providers.standard.hooks.subprocess.SubprocessHook","filename":"subprocess.py","lineno":99}
{"timestamp":"2026-02-04T22:30:28.781170Z","level":"info","event":" 'rating': '5.0',","logger":"airflow.task.hooks.airflow.providers.standard.hooks.subprocess.SubprocessHook","filename":"subprocess.py","lineno":99}
{"timestamp":"2026-02-04T22:30:28.781197Z","level":"info","event":" 'short_title': 'console',","logger":"airflow.task.hooks.airflow.providers.standard.hooks.subprocess.SubprocessHook","filename":"subprocess.py","lineno":99}
{"timestamp":"2026-02-04T22:30:28.781222Z","level":"info","event":" 'site_name': 'mercado_livre',","logger":"airflow.task.hooks.airflow.providers.standard.hooks.subprocess.SubprocessHook","filename":"subprocess.py","lineno":99}
{"timestamp":"2026-02-04T22:30:28.781248Z","level":"info","event":" 'storage': 'N/A'}","logger":"airflow.task.hooks.airflow.providers.standard.hooks.subprocess.SubprocessHook","filename":"subprocess.py","lineno":99}
{"timestamp":"2026-02-04T22:30:28.782490Z","level":"info","event":"2026-02-04 22:30:28 [scrapy.core.scraper] DEBUG: Scraped from <200 https://lista.mercadolivre.com.br/console>","logger":"airflow.task.hooks.airflow.providers.standard.hooks.subprocess.SubprocessHook","filename":"subprocess.py","lineno":99}
{"timestamp":"2026-02-04T22:30:28.782574Z","level":"info","event":"{'color': 'Branco',","logger":"airflow.task.hooks.airflow.providers.standard.hooks.subprocess.SubprocessHook","filename":"subprocess.py","lineno":99}
{"timestamp":"2026-02-04T22:30:28.782624Z","level":"info","event":" 'full_title': 'Gamestick Retro M15 Pro 4k Tv Console +20 Mil Jogos Branco '","logger":"airflow.task.hooks.airflow.providers.standard.hooks.subprocess.SubprocessHook","filename":"subprocess.py","lineno":99}
{"timestamp":"2026-02-04T22:30:28.782657Z","level":"info","event":"               '127/220v',","logger":"airflow.task.hooks.airflow.providers.standard.hooks.subprocess.SubprocessHook","filename":"subprocess.py","lineno":99}
{"timestamp":"2026-02-04T22:30:28.782685Z","level":"info","event":" 'memory': 'N/A',","logger":"airflow.task.hooks.airflow.providers.standard.hooks.subprocess.SubprocessHook","filename":"subprocess.py","lineno":99}
{"timestamp":"2026-02-04T22:30:28.782713Z","level":"info","event":" 'price': '250',","logger":"airflow.task.hooks.airflow.providers.standard.hooks.subprocess.SubprocessHook","filename":"subprocess.py","lineno":99}
{"timestamp":"2026-02-04T22:30:28.782740Z","level":"info","event":" 'rating': '5.0',","logger":"airflow.task.hooks.airflow.providers.standard.hooks.subprocess.SubprocessHook","filename":"subprocess.py","lineno":99}
{"timestamp":"2026-02-04T22:30:28.782766Z","level":"info","event":" 'short_title': 'console',","logger":"airflow.task.hooks.airflow.providers.standard.hooks.subprocess.SubprocessHook","filename":"subprocess.py","lineno":99}
{"timestamp":"2026-02-04T22:30:28.782793Z","level":"info","event":" 'site_name': 'mercado_livre',","logger":"airflow.task.hooks.airflow.providers.standard.hooks.subprocess.SubprocessHook","filename":"subprocess.py","lineno":99}
{"timestamp":"2026-02-04T22:30:28.782819Z","level":"info","event":" 'storage': 'N/A'}","logger":"airflow.task.hooks.airflow.providers.standard.hooks.subprocess.SubprocessHook","filename":"subprocess.py","lineno":99}
{"timestamp":"2026-02-04T22:30:28.784019Z","level":"info","event":"2026-02-04 22:30:28 [scrapy.core.scraper] DEBUG: Scraped from <200 https://lista.mercadolivre.com.br/console>","logger":"airflow.task.hooks.airflow.providers.standard.hooks.subprocess.SubprocessHook","filename":"subprocess.py","lineno":99}
{"timestamp":"2026-02-04T22:30:28.784102Z","level":"info","event":"{'color': 'Azul',","logger":"airflow.task.hooks.airflow.providers.standard.hooks.subprocess.SubprocessHook","filename":"subprocess.py","lineno":99}
{"timestamp":"2026-02-04T22:30:28.784153Z","level":"info","event":" 'full_title': 'Tela R36s Gt Console Portátil 64gb 20000 God Of War Ps1 Azul '","logger":"airflow.task.hooks.airflow.providers.standard.hooks.subprocess.SubprocessHook","filename":"subprocess.py","lineno":99}
{"timestamp":"2026-02-04T22:30:28.784201Z","level":"info","event":"               'Transparente',","logger":"airflow.task.hooks.airflow.providers.standard.hooks.subprocess.SubprocessHook","filename":"subprocess.py","lineno":99}
{"timestamp":"2026-02-04T22:30:28.784254Z","level":"info","event":" 'memory': 'N/A',","logger":"airflow.task.hooks.airflow.providers.standard.hooks.subprocess.SubprocessHook","filename":"subprocess.py","lineno":99}
{"timestamp":"2026-02-04T22:30:28.784288Z","level":"info","event":" 'price': '338',","logger":"airflow.task.hooks.airflow.providers.standard.hooks.subprocess.SubprocessHook","filename":"subprocess.py","lineno":99}
{"timestamp":"2026-02-04T22:30:28.784317Z","level":"info","event":" 'rating': '+5 vendidos',","logger":"airflow.task.hooks.airflow.providers.standard.hooks.subprocess.SubprocessHook","filename":"subprocess.py","lineno":99}
{"timestamp":"2026-02-04T22:30:28.784345Z","level":"info","event":" 'short_title': 'console',","logger":"airflow.task.hooks.airflow.providers.standard.hooks.subprocess.SubprocessHook","filename":"subprocess.py","lineno":99}
{"timestamp":"2026-02-04T22:30:28.784372Z","level":"info","event":" 'site_name': 'mercado_livre',","logger":"airflow.task.hooks.airflow.providers.standard.hooks.subprocess.SubprocessHook","filename":"subprocess.py","lineno":99}
{"timestamp":"2026-02-04T22:30:28.784398Z","level":"info","event":" 'storage': 'N/A'}","logger":"airflow.task.hooks.airflow.providers.standard.hooks.subprocess.SubprocessHook","filename":"subprocess.py","lineno":99}
{"timestamp":"2026-02-04T22:30:28.785829Z","level":"info","event":"2026-02-04 22:30:28 [scrapy.core.scraper] DEBUG: Scraped from <200 https://lista.mercadolivre.com.br/console>","logger":"airflow.task.hooks.airflow.providers.standard.hooks.subprocess.SubprocessHook","filename":"subprocess.py","lineno":99}
{"timestamp":"2026-02-04T22:30:28.785964Z","level":"info","event":"{'color': 'N/A',","logger":"airflow.task.hooks.airflow.providers.standard.hooks.subprocess.SubprocessHook","filename":"subprocess.py","lineno":99}
{"timestamp":"2026-02-04T22:30:28.786021Z","level":"info","event":" 'full_title': 'Acabamento Banco Esquerdo Fiat Toro Jeep Renegade Compass',","logger":"airflow.task.hooks.airflow.providers.standard.hooks.subprocess.SubprocessHook","filename":"subprocess.py","lineno":99}
{"timestamp":"2026-02-04T22:30:28.786060Z","level":"info","event":" 'memory': 'N/A',","logger":"airflow.task.hooks.airflow.providers.standard.hooks.subprocess.SubprocessHook","filename":"subprocess.py","lineno":99}
{"timestamp":"2026-02-04T22:30:28.786106Z","level":"info","event":" 'price': '99',","logger":"airflow.task.hooks.airflow.providers.standard.hooks.subprocess.SubprocessHook","filename":"subprocess.py","lineno":99}
{"timestamp":"2026-02-04T22:30:28.786137Z","level":"info","event":" 'rating': '4.9',","logger":"airflow.task.hooks.airflow.providers.standard.hooks.subprocess.SubprocessHook","filename":"subprocess.py","lineno":99}
{"timestamp":"2026-02-04T22:30:28.786164Z","level":"info","event":" 'short_title': 'console',","logger":"airflow.task.hooks.airflow.providers.standard.hooks.subprocess.SubprocessHook","filename":"subprocess.py","lineno":99}
{"timestamp":"2026-02-04T22:30:28.786191Z","level":"info","event":" 'site_name': 'mercado_livre',","logger":"airflow.task.hooks.airflow.providers.standard.hooks.subprocess.SubprocessHook","filename":"subprocess.py","lineno":99}
{"timestamp":"2026-02-04T22:30:28.786217Z","level":"info","event":" 'storage': 'N/A'}","logger":"airflow.task.hooks.airflow.providers.standard.hooks.subprocess.SubprocessHook","filename":"subprocess.py","lineno":99}
{"timestamp":"2026-02-04T22:30:28.787518Z","level":"info","event":"2026-02-04 22:30:28 [scrapy.core.scraper] DEBUG: Scraped from <200 https://lista.mercadolivre.com.br/console>","logger":"airflow.task.hooks.airflow.providers.standard.hooks.subprocess.SubprocessHook","filename":"subprocess.py","lineno":99}
{"timestamp":"2026-02-04T22:30:28.787605Z","level":"info","event":"{'color': 'N/A',","logger":"airflow.task.hooks.airflow.providers.standard.hooks.subprocess.SubprocessHook","filename":"subprocess.py","lineno":99}
{"timestamp":"2026-02-04T22:30:28.787657Z","level":"info","event":" 'full_title': 'Fone de Ouvido Headset Havit H2015d Pc Consoles color negro',","logger":"airflow.task.hooks.airflow.providers.standard.hooks.subprocess.SubprocessHook","filename":"subprocess.py","lineno":99}
{"timestamp":"2026-02-04T22:30:28.787691Z","level":"info","event":" 'memory': 'N/A',","logger":"airflow.task.hooks.airflow.providers.standard.hooks.subprocess.SubprocessHook","filename":"subprocess.py","lineno":99}
{"timestamp":"2026-02-04T22:30:28.787719Z","level":"info","event":" 'price': '209',","logger":"airflow.task.hooks.airflow.providers.standard.hooks.subprocess.SubprocessHook","filename":"subprocess.py","lineno":99}
{"timestamp":"2026-02-04T22:30:28.787747Z","level":"info","event":" 'rating': '4.8',","logger":"airflow.task.hooks.airflow.providers.standard.hooks.subprocess.SubprocessHook","filename":"subprocess.py","lineno":99}
{"timestamp":"2026-02-04T22:30:28.787774Z","level":"info","event":" 'short_title': 'console',","logger":"airflow.task.hooks.airflow.providers.standard.hooks.subprocess.SubprocessHook","filename":"subprocess.py","lineno":99}
{"timestamp":"2026-02-04T22:30:28.787800Z","level":"info","event":" 'site_name': 'mercado_livre',","logger":"airflow.task.hooks.airflow.providers.standard.hooks.subprocess.SubprocessHook","filename":"subprocess.py","lineno":99}
{"timestamp":"2026-02-04T22:30:28.787827Z","level":"info","event":" 'storage': 'N/A'}","logger":"airflow.task.hooks.airflow.providers.standard.hooks.subprocess.SubprocessHook","filename":"subprocess.py","lineno":99}
{"timestamp":"2026-02-04T22:30:28.789021Z","level":"info","event":"2026-02-04 22:30:28 [scrapy.core.scraper] DEBUG: Scraped from <200 https://lista.mercadolivre.com.br/console>","logger":"airflow.task.hooks.airflow.providers.standard.hooks.subprocess.SubprocessHook","filename":"subprocess.py","lineno":99}
{"timestamp":"2026-02-04T22:30:28.789134Z","level":"info","event":"{'color': 'Preto',","logger":"airflow.task.hooks.airflow.providers.standard.hooks.subprocess.SubprocessHook","filename":"subprocess.py","lineno":99}
{"timestamp":"2026-02-04T22:30:28.789200Z","level":"info","event":" 'full_title': 'Controle Colorido Sem Fio Compativel Com Ps4 Pc Celular Preto',","logger":"airflow.task.hooks.airflow.providers.standard.hooks.subprocess.SubprocessHook","filename":"subprocess.py","lineno":99}
{"timestamp":"2026-02-04T22:30:28.789246Z","level":"info","event":" 'memory': 'N/A',","logger":"airflow.task.hooks.airflow.providers.standard.hooks.subprocess.SubprocessHook","filename":"subprocess.py","lineno":99}
{"timestamp":"2026-02-04T22:30:28.789283Z","level":"info","event":" 'price': '173',","logger":"airflow.task.hooks.airflow.providers.standard.hooks.subprocess.SubprocessHook","filename":"subprocess.py","lineno":99}
{"timestamp":"2026-02-04T22:30:28.789317Z","level":"info","event":" 'rating': '4.7',","logger":"airflow.task.hooks.airflow.providers.standard.hooks.subprocess.SubprocessHook","filename":"subprocess.py","lineno":99}
{"timestamp":"2026-02-04T22:30:28.789351Z","level":"info","event":" 'short_title': 'console',","logger":"airflow.task.hooks.airflow.providers.standard.hooks.subprocess.SubprocessHook","filename":"subprocess.py","lineno":99}
{"timestamp":"2026-02-04T22:30:28.789384Z","level":"info","event":" 'site_name': 'mercado_livre',","logger":"airflow.task.hooks.airflow.providers.standard.hooks.subprocess.SubprocessHook","filename":"subprocess.py","lineno":99}
{"timestamp":"2026-02-04T22:30:28.789418Z","level":"info","event":" 'storage': 'N/A'}","logger":"airflow.task.hooks.airflow.providers.standard.hooks.subprocess.SubprocessHook","filename":"subprocess.py","lineno":99}
{"timestamp":"2026-02-04T22:30:28.790771Z","level":"info","event":"2026-02-04 22:30:28 [scrapy.core.scraper] DEBUG: Scraped from <200 https://lista.mercadolivre.com.br/console>","logger":"airflow.task.hooks.airflow.providers.standard.hooks.subprocess.SubprocessHook","filename":"subprocess.py","lineno":99}
{"timestamp":"2026-02-04T22:30:28.790859Z","level":"info","event":"{'color': 'N/A',","logger":"airflow.task.hooks.airflow.providers.standard.hooks.subprocess.SubprocessHook","filename":"subprocess.py","lineno":99}
{"timestamp":"2026-02-04T22:30:28.790910Z","level":"info","event":" 'full_title': 'Bundle Nintendo Switch 2 + Mario Kart World',","logger":"airflow.task.hooks.airflow.providers.standard.hooks.subprocess.SubprocessHook","filename":"subprocess.py","lineno":99}
{"timestamp":"2026-02-04T22:30:28.790946Z","level":"info","event":" 'memory': 'N/A',","logger":"airflow.task.hooks.airflow.providers.standard.hooks.subprocess.SubprocessHook","filename":"subprocess.py","lineno":99}
{"timestamp":"2026-02-04T22:30:28.790976Z","level":"info","event":" 'price': '5.251',","logger":"airflow.task.hooks.airflow.providers.standard.hooks.subprocess.SubprocessHook","filename":"subprocess.py","lineno":99}
{"timestamp":"2026-02-04T22:30:28.791003Z","level":"info","event":" 'rating': '4.9',","logger":"airflow.task.hooks.airflow.providers.standard.hooks.subprocess.SubprocessHook","filename":"subprocess.py","lineno":99}
{"timestamp":"2026-02-04T22:30:28.791031Z","level":"info","event":" 'short_title': 'console',","logger":"airflow.task.hooks.airflow.providers.standard.hooks.subprocess.SubprocessHook","filename":"subprocess.py","lineno":99}
{"timestamp":"2026-02-04T22:30:28.791058Z","level":"info","event":" 'site_name': 'mercado_livre',","logger":"airflow.task.hooks.airflow.providers.standard.hooks.subprocess.SubprocessHook","filename":"subprocess.py","lineno":99}
{"timestamp":"2026-02-04T22:30:28.791084Z","level":"info","event":" 'storage': 'N/A'}","logger":"airflow.task.hooks.airflow.providers.standard.hooks.subprocess.SubprocessHook","filename":"subprocess.py","lineno":99}
{"timestamp":"2026-02-04T22:30:28.792294Z","level":"info","event":"2026-02-04 22:30:28 [scrapy.core.scraper] DEBUG: Scraped from <200 https://lista.mercadolivre.com.br/console>","logger":"airflow.task.hooks.airflow.providers.standard.hooks.subprocess.SubprocessHook","filename":"subprocess.py","lineno":99}
{"timestamp":"2026-02-04T22:30:28.792378Z","level":"info","event":"{'color': 'Branco',","logger":"airflow.task.hooks.airflow.providers.standard.hooks.subprocess.SubprocessHook","filename":"subprocess.py","lineno":99}
{"timestamp":"2026-02-04T22:30:28.792428Z","level":"info","event":" 'full_title': 'Adaptador Game 4k Pro M15 Branco Com Preto 127/220v',","logger":"airflow.task.hooks.airflow.providers.standard.hooks.subprocess.SubprocessHook","filename":"subprocess.py","lineno":99}
{"timestamp":"2026-02-04T22:30:28.792462Z","level":"info","event":" 'memory': 'N/A',","logger":"airflow.task.hooks.airflow.providers.standard.hooks.subprocess.SubprocessHook","filename":"subprocess.py","lineno":99}
{"timestamp":"2026-02-04T22:30:28.792491Z","level":"info","event":" 'price': '179',","logger":"airflow.task.hooks.airflow.providers.standard.hooks.subprocess.SubprocessHook","filename":"subprocess.py","lineno":99}
{"timestamp":"2026-02-04T22:30:28.792518Z","level":"info","event":" 'rating': '+5 vendidos',","logger":"airflow.task.hooks.airflow.providers.standard.hooks.subprocess.SubprocessHook","filename":"subprocess.py","lineno":99}
{"timestamp":"2026-02-04T22:30:28.792545Z","level":"info","event":" 'short_title': 'console',","logger":"airflow.task.hooks.airflow.providers.standard.hooks.subprocess.SubprocessHook","filename":"subprocess.py","lineno":99}
{"timestamp":"2026-02-04T22:30:28.792572Z","level":"info","event":" 'site_name': 'mercado_livre',","logger":"airflow.task.hooks.airflow.providers.standard.hooks.subprocess.SubprocessHook","filename":"subprocess.py","lineno":99}
{"timestamp":"2026-02-04T22:30:28.792597Z","level":"info","event":" 'storage': 'N/A'}","logger":"airflow.task.hooks.airflow.providers.standard.hooks.subprocess.SubprocessHook","filename":"subprocess.py","lineno":99}
{"timestamp":"2026-02-04T22:30:28.793774Z","level":"info","event":"2026-02-04 22:30:28 [scrapy.core.scraper] DEBUG: Scraped from <200 https://lista.mercadolivre.com.br/console>","logger":"airflow.task.hooks.airflow.providers.standard.hooks.subprocess.SubprocessHook","filename":"subprocess.py","lineno":99}
{"timestamp":"2026-02-04T22:30:28.793857Z","level":"info","event":"{'color': 'N/A',","logger":"airflow.task.hooks.airflow.providers.standard.hooks.subprocess.SubprocessHook","filename":"subprocess.py","lineno":99}
{"timestamp":"2026-02-04T22:30:28.793906Z","level":"info","event":" 'full_title': 'Tela Console Videogame Portatil 15 Mil Jogos 64 Gb Hd',","logger":"airflow.task.hooks.airflow.providers.standard.hooks.subprocess.SubprocessHook","filename":"subprocess.py","lineno":99}
{"timestamp":"2026-02-04T22:30:28.793955Z","level":"info","event":" 'memory': 'N/A',","logger":"airflow.task.hooks.airflow.providers.standard.hooks.subprocess.SubprocessHook","filename":"subprocess.py","lineno":99}
{"timestamp":"2026-02-04T22:30:28.793985Z","level":"info","event":" 'price': '599',","logger":"airflow.task.hooks.airflow.providers.standard.hooks.subprocess.SubprocessHook","filename":"subprocess.py","lineno":99}
{"timestamp":"2026-02-04T22:30:28.794013Z","level":"info","event":" 'rating': '+5 vendidos',","logger":"airflow.task.hooks.airflow.providers.standard.hooks.subprocess.SubprocessHook","filename":"subprocess.py","lineno":99}
{"timestamp":"2026-02-04T22:30:28.794038Z","level":"info","event":" 'short_title': 'console',","logger":"airflow.task.hooks.airflow.providers.standard.hooks.subprocess.SubprocessHook","filename":"subprocess.py","lineno":99}
{"timestamp":"2026-02-04T22:30:28.794064Z","level":"info","event":" 'site_name': 'mercado_livre',","logger":"airflow.task.hooks.airflow.providers.standard.hooks.subprocess.SubprocessHook","filename":"subprocess.py","lineno":99}
{"timestamp":"2026-02-04T22:30:28.794089Z","level":"info","event":" 'storage': 'N/A'}","logger":"airflow.task.hooks.airflow.providers.standard.hooks.subprocess.SubprocessHook","filename":"subprocess.py","lineno":99}
{"timestamp":"2026-02-04T22:30:28.795224Z","level":"info","event":"2026-02-04 22:30:28 [scrapy.core.scraper] DEBUG: Scraped from <200 https://lista.mercadolivre.com.br/console>","logger":"airflow.task.hooks.airflow.providers.standard.hooks.subprocess.SubprocessHook","filename":"subprocess.py","lineno":99}
{"timestamp":"2026-02-04T22:30:28.795309Z","level":"info","event":"{'color': 'Preto',","logger":"airflow.task.hooks.airflow.providers.standard.hooks.subprocess.SubprocessHook","filename":"subprocess.py","lineno":99}
{"timestamp":"2026-02-04T22:30:28.795357Z","level":"info","event":" 'full_title': 'Console (porta Treco) De Fusca Preto Com Coifa Courvim',","logger":"airflow.task.hooks.airflow.providers.standard.hooks.subprocess.SubprocessHook","filename":"subprocess.py","lineno":99}
{"timestamp":"2026-02-04T22:30:28.795390Z","level":"info","event":" 'memory': 'N/A',","logger":"airflow.task.hooks.airflow.providers.standard.hooks.subprocess.SubprocessHook","filename":"subprocess.py","lineno":99}
{"timestamp":"2026-02-04T22:30:28.795419Z","level":"info","event":" 'price': '105',","logger":"airflow.task.hooks.airflow.providers.standard.hooks.subprocess.SubprocessHook","filename":"subprocess.py","lineno":99}
{"timestamp":"2026-02-04T22:30:28.795446Z","level":"info","event":" 'rating': '4.6',","logger":"airflow.task.hooks.airflow.providers.standard.hooks.subprocess.SubprocessHook","filename":"subprocess.py","lineno":99}
{"timestamp":"2026-02-04T22:30:28.795473Z","level":"info","event":" 'short_title': 'console',","logger":"airflow.task.hooks.airflow.providers.standard.hooks.subprocess.SubprocessHook","filename":"subprocess.py","lineno":99}
{"timestamp":"2026-02-04T22:30:28.795500Z","level":"info","event":" 'site_name': 'mercado_livre',","logger":"airflow.task.hooks.airflow.providers.standard.hooks.subprocess.SubprocessHook","filename":"subprocess.py","lineno":99}
{"timestamp":"2026-02-04T22:30:28.795573Z","level":"info","event":" 'storage': 'N/A'}","logger":"airflow.task.hooks.airflow.providers.standard.hooks.subprocess.SubprocessHook","filename":"subprocess.py","lineno":99}
{"timestamp":"2026-02-04T22:30:28.796766Z","level":"info","event":"2026-02-04 22:30:28 [scrapy.core.scraper] DEBUG: Scraped from <200 https://lista.mercadolivre.com.br/console>","logger":"airflow.task.hooks.airflow.providers.standard.hooks.subprocess.SubprocessHook","filename":"subprocess.py","lineno":99}
{"timestamp":"2026-02-04T22:30:28.796851Z","level":"info","event":"{'color': 'Preto',","logger":"airflow.task.hooks.airflow.providers.standard.hooks.subprocess.SubprocessHook","filename":"subprocess.py","lineno":99}
{"timestamp":"2026-02-04T22:30:28.796914Z","level":"info","event":" 'full_title': 'Fone Headset HAVIT H2230d P2 P3 3,5MM Microfone Removível '","logger":"airflow.task.hooks.airflow.providers.standard.hooks.subprocess.SubprocessHook","filename":"subprocess.py","lineno":99}
{"timestamp":"2026-02-04T22:30:28.796950Z","level":"info","event":"               'Consoles PC Preto',","logger":"airflow.task.hooks.airflow.providers.standard.hooks.subprocess.SubprocessHook","filename":"subprocess.py","lineno":99}
{"timestamp":"2026-02-04T22:30:28.796980Z","level":"info","event":" 'memory': 'N/A',","logger":"airflow.task.hooks.airflow.providers.standard.hooks.subprocess.SubprocessHook","filename":"subprocess.py","lineno":99}
{"timestamp":"2026-02-04T22:30:28.797007Z","level":"info","event":" 'price': '123',","logger":"airflow.task.hooks.airflow.providers.standard.hooks.subprocess.SubprocessHook","filename":"subprocess.py","lineno":99}
{"timestamp":"2026-02-04T22:30:28.797033Z","level":"info","event":" 'rating': '4.7',","logger":"airflow.task.hooks.airflow.providers.standard.hooks.subprocess.SubprocessHook","filename":"subprocess.py","lineno":99}
{"timestamp":"2026-02-04T22:30:28.797059Z","level":"info","event":" 'short_title': 'console',","logger":"airflow.task.hooks.airflow.providers.standard.hooks.subprocess.SubprocessHook","filename":"subprocess.py","lineno":99}
{"timestamp":"2026-02-04T22:30:28.797086Z","level":"info","event":" 'site_name': 'mercado_livre',","logger":"airflow.task.hooks.airflow.providers.standard.hooks.subprocess.SubprocessHook","filename":"subprocess.py","lineno":99}
{"timestamp":"2026-02-04T22:30:28.797113Z","level":"info","event":" 'storage': 'N/A'}","logger":"airflow.task.hooks.airflow.providers.standard.hooks.subprocess.SubprocessHook","filename":"subprocess.py","lineno":99}
{"timestamp":"2026-02-04T22:30:28.798441Z","level":"info","event":"2026-02-04 22:30:28 [scrapy.core.scraper] DEBUG: Scraped from <200 https://lista.mercadolivre.com.br/console>","logger":"airflow.task.hooks.airflow.providers.standard.hooks.subprocess.SubprocessHook","filename":"subprocess.py","lineno":99}
{"timestamp":"2026-02-04T22:30:28.798539Z","level":"info","event":"{'color': 'N/A',","logger":"airflow.task.hooks.airflow.providers.standard.hooks.subprocess.SubprocessHook","filename":"subprocess.py","lineno":99}
{"timestamp":"2026-02-04T22:30:28.798589Z","level":"info","event":" 'full_title': 'Bundle Nintendo Switch + Super Mario Bros. Wonder + 3 Meses De '","logger":"airflow.task.hooks.airflow.providers.standard.hooks.subprocess.SubprocessHook","filename":"subprocess.py","lineno":99}
{"timestamp":"2026-02-04T22:30:28.798622Z","level":"info","event":"               'Assinatura Nintendo Switch Online',","logger":"airflow.task.hooks.airflow.providers.standard.hooks.subprocess.SubprocessHook","filename":"subprocess.py","lineno":99}
{"timestamp":"2026-02-04T22:30:28.798651Z","level":"info","event":" 'memory': 'N/A',","logger":"airflow.task.hooks.airflow.providers.standard.hooks.subprocess.SubprocessHook","filename":"subprocess.py","lineno":99}
{"timestamp":"2026-02-04T22:30:28.798679Z","level":"info","event":" 'price': '3.219',","logger":"airflow.task.hooks.airflow.providers.standard.hooks.subprocess.SubprocessHook","filename":"subprocess.py","lineno":99}
{"timestamp":"2026-02-04T22:30:28.798705Z","level":"info","event":" 'rating': '4.9',","logger":"airflow.task.hooks.airflow.providers.standard.hooks.subprocess.SubprocessHook","filename":"subprocess.py","lineno":99}
{"timestamp":"2026-02-04T22:30:28.798732Z","level":"info","event":" 'short_title': 'console',","logger":"airflow.task.hooks.airflow.providers.standard.hooks.subprocess.SubprocessHook","filename":"subprocess.py","lineno":99}
{"timestamp":"2026-02-04T22:30:28.798759Z","level":"info","event":" 'site_name': 'mercado_livre',","logger":"airflow.task.hooks.airflow.providers.standard.hooks.subprocess.SubprocessHook","filename":"subprocess.py","lineno":99}
{"timestamp":"2026-02-04T22:30:28.798786Z","level":"info","event":" 'storage': 'N/A'}","logger":"airflow.task.hooks.airflow.providers.standard.hooks.subprocess.SubprocessHook","filename":"subprocess.py","lineno":99}
{"timestamp":"2026-02-04T22:30:28.800703Z","level":"info","event":"2026-02-04 22:30:28 [scrapy.core.scraper] DEBUG: Scraped from <200 https://lista.mercadolivre.com.br/console>","logger":"airflow.task.hooks.airflow.providers.standard.hooks.subprocess.SubprocessHook","filename":"subprocess.py","lineno":99}
{"timestamp":"2026-02-04T22:30:28.800824Z","level":"info","event":"{'color': 'Branco',","logger":"airflow.task.hooks.airflow.providers.standard.hooks.subprocess.SubprocessHook","filename":"subprocess.py","lineno":99}
{"timestamp":"2026-02-04T22:30:28.800899Z","level":"info","event":" 'full_title': 'Adaptador Videogame Game Stick Retro M15 Hdmi 2 Controles 4k '","logger":"airflow.task.hooks.airflow.providers.standard.hooks.subprocess.SubprocessHook","filename":"subprocess.py","lineno":99}
{"timestamp":"2026-02-04T22:30:28.800951Z","level":"info","event":"               'Branco 5v',","logger":"airflow.task.hooks.airflow.providers.standard.hooks.subprocess.SubprocessHook","filename":"subprocess.py","lineno":99}
{"timestamp":"2026-02-04T22:30:28.800992Z","level":"info","event":" 'memory': 'N/A',","logger":"airflow.task.hooks.airflow.providers.standard.hooks.subprocess.SubprocessHook","filename":"subprocess.py","lineno":99}
{"timestamp":"2026-02-04T22:30:28.801028Z","level":"info","event":" 'price': '157',","logger":"airflow.task.hooks.airflow.providers.standard.hooks.subprocess.SubprocessHook","filename":"subprocess.py","lineno":99}
{"timestamp":"2026-02-04T22:30:28.801062Z","level":"info","event":" 'rating': '3 vendidos',","logger":"airflow.task.hooks.airflow.providers.standard.hooks.subprocess.SubprocessHook","filename":"subprocess.py","lineno":99}
{"timestamp":"2026-02-04T22:30:28.801095Z","level":"info","event":" 'short_title': 'console',","logger":"airflow.task.hooks.airflow.providers.standard.hooks.subprocess.SubprocessHook","filename":"subprocess.py","lineno":99}
{"timestamp":"2026-02-04T22:30:28.801127Z","level":"info","event":" 'site_name': 'mercado_livre',","logger":"airflow.task.hooks.airflow.providers.standard.hooks.subprocess.SubprocessHook","filename":"subprocess.py","lineno":99}
{"timestamp":"2026-02-04T22:30:28.801160Z","level":"info","event":" 'storage': 'N/A'}","logger":"airflow.task.hooks.airflow.providers.standard.hooks.subprocess.SubprocessHook","filename":"subprocess.py","lineno":99}
{"timestamp":"2026-02-04T22:30:28.802444Z","level":"info","event":"2026-02-04 22:30:28 [scrapy.core.scraper] DEBUG: Scraped from <200 https://lista.mercadolivre.com.br/console>","logger":"airflow.task.hooks.airflow.providers.standard.hooks.subprocess.SubprocessHook","filename":"subprocess.py","lineno":99}
{"timestamp":"2026-02-04T22:30:28.802552Z","level":"info","event":"{'color': 'N/A',","logger":"airflow.task.hooks.airflow.providers.standard.hooks.subprocess.SubprocessHook","filename":"subprocess.py","lineno":99}
{"timestamp":"2026-02-04T22:30:28.802610Z","level":"info","event":" 'full_title': 'Tela Game Portátil R36s Mais De 15mil Jogos Console 64gb Hd',","logger":"airflow.task.hooks.airflow.providers.standard.hooks.subprocess.SubprocessHook","filename":"subprocess.py","lineno":99}
{"timestamp":"2026-02-04T22:30:28.802647Z","level":"info","event":" 'memory': 'N/A',","logger":"airflow.task.hooks.airflow.providers.standard.hooks.subprocess.SubprocessHook","filename":"subprocess.py","lineno":99}
{"timestamp":"2026-02-04T22:30:28.802677Z","level":"info","event":" 'price': '300',","logger":"airflow.task.hooks.airflow.providers.standard.hooks.subprocess.SubprocessHook","filename":"subprocess.py","lineno":99}
{"timestamp":"2026-02-04T22:30:28.802706Z","level":"info","event":" 'rating': '5.0',","logger":"airflow.task.hooks.airflow.providers.standard.hooks.subprocess.SubprocessHook","filename":"subprocess.py","lineno":99}
{"timestamp":"2026-02-04T22:30:28.802732Z","level":"info","event":" 'short_title': 'console',","logger":"airflow.task.hooks.airflow.providers.standard.hooks.subprocess.SubprocessHook","filename":"subprocess.py","lineno":99}
{"timestamp":"2026-02-04T22:30:28.802761Z","level":"info","event":" 'site_name': 'mercado_livre',","logger":"airflow.task.hooks.airflow.providers.standard.hooks.subprocess.SubprocessHook","filename":"subprocess.py","lineno":99}
{"timestamp":"2026-02-04T22:30:28.802789Z","level":"info","event":" 'storage': 'N/A'}","logger":"airflow.task.hooks.airflow.providers.standard.hooks.subprocess.SubprocessHook","filename":"subprocess.py","lineno":99}
{"timestamp":"2026-02-04T22:30:28.804125Z","level":"info","event":"2026-02-04 22:30:28 [scrapy.core.scraper] DEBUG: Scraped from <200 https://lista.mercadolivre.com.br/console>","logger":"airflow.task.hooks.airflow.providers.standard.hooks.subprocess.SubprocessHook","filename":"subprocess.py","lineno":99}
{"timestamp":"2026-02-04T22:30:28.804223Z","level":"info","event":"{'color': 'N/A',","logger":"airflow.task.hooks.airflow.providers.standard.hooks.subprocess.SubprocessHook","filename":"subprocess.py","lineno":99}
{"timestamp":"2026-02-04T22:30:28.804276Z","level":"info","event":" 'full_title': 'Console Central Palio Weekend Strada Siena Original Fiat',","logger":"airflow.task.hooks.airflow.providers.standard.hooks.subprocess.SubprocessHook","filename":"subprocess.py","lineno":99}
{"timestamp":"2026-02-04T22:30:28.804314Z","level":"info","event":" 'memory': 'N/A',","logger":"airflow.task.hooks.airflow.providers.standard.hooks.subprocess.SubprocessHook","filename":"subprocess.py","lineno":99}
{"timestamp":"2026-02-04T22:30:28.804345Z","level":"info","event":" 'price': '219',","logger":"airflow.task.hooks.airflow.providers.standard.hooks.subprocess.SubprocessHook","filename":"subprocess.py","lineno":99}
{"timestamp":"2026-02-04T22:30:28.804373Z","level":"info","event":" 'rating': '+50 vendidos',","logger":"airflow.task.hooks.airflow.providers.standard.hooks.subprocess.SubprocessHook","filename":"subprocess.py","lineno":99}
{"timestamp":"2026-02-04T22:30:28.804401Z","level":"info","event":" 'short_title': 'console',","logger":"airflow.task.hooks.airflow.providers.standard.hooks.subprocess.SubprocessHook","filename":"subprocess.py","lineno":99}
{"timestamp":"2026-02-04T22:30:28.804430Z","level":"info","event":" 'site_name': 'mercado_livre',","logger":"airflow.task.hooks.airflow.providers.standard.hooks.subprocess.SubprocessHook","filename":"subprocess.py","lineno":99}
{"timestamp":"2026-02-04T22:30:28.804457Z","level":"info","event":" 'storage': 'N/A'}","logger":"airflow.task.hooks.airflow.providers.standard.hooks.subprocess.SubprocessHook","filename":"subprocess.py","lineno":99}
{"timestamp":"2026-02-04T22:30:28.805784Z","level":"info","event":"2026-02-04 22:30:28 [scrapy.core.scraper] DEBUG: Scraped from <200 https://lista.mercadolivre.com.br/console>","logger":"airflow.task.hooks.airflow.providers.standard.hooks.subprocess.SubprocessHook","filename":"subprocess.py","lineno":99}
{"timestamp":"2026-02-04T22:30:28.805898Z","level":"info","event":"{'color': 'Branco',","logger":"airflow.task.hooks.airflow.providers.standard.hooks.subprocess.SubprocessHook","filename":"subprocess.py","lineno":99}
{"timestamp":"2026-02-04T22:30:28.806012Z","level":"info","event":" 'full_title': 'Console Sony Playstation 5 Edição Slim Disk 1tb Branco + '","logger":"airflow.task.hooks.airflow.providers.standard.hooks.subprocess.SubprocessHook","filename":"subprocess.py","lineno":99}
{"timestamp":"2026-02-04T22:30:28.806063Z","level":"info","event":"               'Controle Sem Fio Dualsense Ps5 Branco',","logger":"airflow.task.hooks.airflow.providers.standard.hooks.subprocess.SubprocessHook","filename":"subprocess.py","lineno":99}
{"timestamp":"2026-02-04T22:30:28.806103Z","level":"info","event":" 'memory': 'N/A',","logger":"airflow.task.hooks.airflow.providers.standard.hooks.subprocess.SubprocessHook","filename":"subprocess.py","lineno":99}
{"timestamp":"2026-02-04T22:30:28.806138Z","level":"info","event":" 'price': '5.499',","logger":"airflow.task.hooks.airflow.providers.standard.hooks.subprocess.SubprocessHook","filename":"subprocess.py","lineno":99}
{"timestamp":"2026-02-04T22:30:28.806171Z","level":"info","event":" 'rating': '4.9',","logger":"airflow.task.hooks.airflow.providers.standard.hooks.subprocess.SubprocessHook","filename":"subprocess.py","lineno":99}
{"timestamp":"2026-02-04T22:30:28.806203Z","level":"info","event":" 'short_title': 'console',","logger":"airflow.task.hooks.airflow.providers.standard.hooks.subprocess.SubprocessHook","filename":"subprocess.py","lineno":99}
{"timestamp":"2026-02-04T22:30:28.806236Z","level":"info","event":" 'site_name': 'mercado_livre',","logger":"airflow.task.hooks.airflow.providers.standard.hooks.subprocess.SubprocessHook","filename":"subprocess.py","lineno":99}
{"timestamp":"2026-02-04T22:30:28.806268Z","level":"info","event":" 'storage': 'N/A'}","logger":"airflow.task.hooks.airflow.providers.standard.hooks.subprocess.SubprocessHook","filename":"subprocess.py","lineno":99}
{"timestamp":"2026-02-04T22:30:28.807862Z","level":"info","event":"2026-02-04 22:30:28 [scrapy.core.scraper] DEBUG: Scraped from <200 https://lista.mercadolivre.com.br/console>","logger":"airflow.task.hooks.airflow.providers.standard.hooks.subprocess.SubprocessHook","filename":"subprocess.py","lineno":99}
{"timestamp":"2026-02-04T22:30:28.807999Z","level":"info","event":"{'color': 'Preto',","logger":"airflow.task.hooks.airflow.providers.standard.hooks.subprocess.SubprocessHook","filename":"subprocess.py","lineno":99}
{"timestamp":"2026-02-04T22:30:28.808053Z","level":"info","event":" 'full_title': 'Adaptador Game Stick Hdmi Retrô 2 Ctroles 20000 Jogos 4k Preto '","logger":"airflow.task.hooks.airflow.providers.standard.hooks.subprocess.SubprocessHook","filename":"subprocess.py","lineno":99}
{"timestamp":"2026-02-04T22:30:28.808092Z","level":"info","event":"               '127/220v',","logger":"airflow.task.hooks.airflow.providers.standard.hooks.subprocess.SubprocessHook","filename":"subprocess.py","lineno":99}
{"timestamp":"2026-02-04T22:30:28.808123Z","level":"info","event":" 'memory': 'N/A',","logger":"airflow.task.hooks.airflow.providers.standard.hooks.subprocess.SubprocessHook","filename":"subprocess.py","lineno":99}
{"timestamp":"2026-02-04T22:30:28.808153Z","level":"info","event":" 'price': '129',","logger":"airflow.task.hooks.airflow.providers.standard.hooks.subprocess.SubprocessHook","filename":"subprocess.py","lineno":99}
{"timestamp":"2026-02-04T22:30:28.808180Z","level":"info","event":" 'rating': '4.3',","logger":"airflow.task.hooks.airflow.providers.standard.hooks.subprocess.SubprocessHook","filename":"subprocess.py","lineno":99}
{"timestamp":"2026-02-04T22:30:28.808208Z","level":"info","event":" 'short_title': 'console',","logger":"airflow.task.hooks.airflow.providers.standard.hooks.subprocess.SubprocessHook","filename":"subprocess.py","lineno":99}
{"timestamp":"2026-02-04T22:30:28.808235Z","level":"info","event":" 'site_name': 'mercado_livre',","logger":"airflow.task.hooks.airflow.providers.standard.hooks.subprocess.SubprocessHook","filename":"subprocess.py","lineno":99}
{"timestamp":"2026-02-04T22:30:28.808262Z","level":"info","event":" 'storage': 'N/A'}","logger":"airflow.task.hooks.airflow.providers.standard.hooks.subprocess.SubprocessHook","filename":"subprocess.py","lineno":99}
{"timestamp":"2026-02-04T22:30:28.809702Z","level":"info","event":"2026-02-04 22:30:28 [scrapy.core.scraper] DEBUG: Scraped from <200 https://lista.mercadolivre.com.br/console>","logger":"airflow.task.hooks.airflow.providers.standard.hooks.subprocess.SubprocessHook","filename":"subprocess.py","lineno":99}
{"timestamp":"2026-02-04T22:30:28.809801Z","level":"info","event":"{'color': 'N/A',","logger":"airflow.task.hooks.airflow.providers.standard.hooks.subprocess.SubprocessHook","filename":"subprocess.py","lineno":99}
{"timestamp":"2026-02-04T22:30:28.809852Z","level":"info","event":" 'full_title': 'Tela R36s Gt Videogame Portátil 64gb 20mil God Of War Psp',","logger":"airflow.task.hooks.airflow.providers.standard.hooks.subprocess.SubprocessHook","filename":"subprocess.py","lineno":99}
{"timestamp":"2026-02-04T22:30:28.809889Z","level":"info","event":" 'memory': 'N/A',","logger":"airflow.task.hooks.airflow.providers.standard.hooks.subprocess.SubprocessHook","filename":"subprocess.py","lineno":99}
{"timestamp":"2026-02-04T22:30:28.809936Z","level":"info","event":" 'price': '329',","logger":"airflow.task.hooks.airflow.providers.standard.hooks.subprocess.SubprocessHook","filename":"subprocess.py","lineno":99}
{"timestamp":"2026-02-04T22:30:28.809970Z","level":"info","event":" 'rating': '2 vendidos',","logger":"airflow.task.hooks.airflow.providers.standard.hooks.subprocess.SubprocessHook","filename":"subprocess.py","lineno":99}
{"timestamp":"2026-02-04T22:30:28.809998Z","level":"info","event":" 'short_title': 'console',","logger":"airflow.task.hooks.airflow.providers.standard.hooks.subprocess.SubprocessHook","filename":"subprocess.py","lineno":99}
{"timestamp":"2026-02-04T22:30:28.810025Z","level":"info","event":" 'site_name': 'mercado_livre',","logger":"airflow.task.hooks.airflow.providers.standard.hooks.subprocess.SubprocessHook","filename":"subprocess.py","lineno":99}
{"timestamp":"2026-02-04T22:30:28.810051Z","level":"info","event":" 'storage': 'N/A'}","logger":"airflow.task.hooks.airflow.providers.standard.hooks.subprocess.SubprocessHook","filename":"subprocess.py","lineno":99}
{"timestamp":"2026-02-04T22:30:28.811366Z","level":"info","event":"2026-02-04 22:30:28 [scrapy.core.scraper] DEBUG: Scraped from <200 https://lista.mercadolivre.com.br/console>","logger":"airflow.task.hooks.airflow.providers.standard.hooks.subprocess.SubprocessHook","filename":"subprocess.py","lineno":99}
{"timestamp":"2026-02-04T22:30:28.811462Z","level":"info","event":"{'color': 'Vermelho',","logger":"airflow.task.hooks.airflow.providers.standard.hooks.subprocess.SubprocessHook","filename":"subprocess.py","lineno":99}
{"timestamp":"2026-02-04T22:30:28.811515Z","level":"info","event":" 'full_title': 'Console De Jogos Dy Gh * Nes Fc, Console Vermelho E Branco.',","logger":"airflow.task.hooks.airflow.providers.standard.hooks.subprocess.SubprocessHook","filename":"subprocess.py","lineno":99}
{"timestamp":"2026-02-04T22:30:28.811555Z","level":"info","event":" 'memory': 'N/A',","logger":"airflow.task.hooks.airflow.providers.standard.hooks.subprocess.SubprocessHook","filename":"subprocess.py","lineno":99}
{"timestamp":"2026-02-04T22:30:28.811587Z","level":"info","event":" 'price': '52',","logger":"airflow.task.hooks.airflow.providers.standard.hooks.subprocess.SubprocessHook","filename":"subprocess.py","lineno":99}
{"timestamp":"2026-02-04T22:30:28.811616Z","level":"info","event":" 'rating': None,","logger":"airflow.task.hooks.airflow.providers.standard.hooks.subprocess.SubprocessHook","filename":"subprocess.py","lineno":99}
{"timestamp":"2026-02-04T22:30:28.811644Z","level":"info","event":" 'short_title': 'console',","logger":"airflow.task.hooks.airflow.providers.standard.hooks.subprocess.SubprocessHook","filename":"subprocess.py","lineno":99}
{"timestamp":"2026-02-04T22:30:28.811672Z","level":"info","event":" 'site_name': 'mercado_livre',","logger":"airflow.task.hooks.airflow.providers.standard.hooks.subprocess.SubprocessHook","filename":"subprocess.py","lineno":99}
{"timestamp":"2026-02-04T22:30:28.811698Z","level":"info","event":" 'storage': 'N/A'}","logger":"airflow.task.hooks.airflow.providers.standard.hooks.subprocess.SubprocessHook","filename":"subprocess.py","lineno":99}
{"timestamp":"2026-02-04T22:30:28.813659Z","level":"info","event":"2026-02-04 22:30:28 [scrapy.core.scraper] DEBUG: Scraped from <200 https://lista.mercadolivre.com.br/console>","logger":"airflow.task.hooks.airflow.providers.standard.hooks.subprocess.SubprocessHook","filename":"subprocess.py","lineno":99}
{"timestamp":"2026-02-04T22:30:28.813748Z","level":"info","event":"{'color': 'Branco',","logger":"airflow.task.hooks.airflow.providers.standard.hooks.subprocess.SubprocessHook","filename":"subprocess.py","lineno":99}
{"timestamp":"2026-02-04T22:30:28.813799Z","level":"info","event":" 'full_title': 'Adaptador Videogame Game Stick M15 Hdmi Retrô 2 Controles '","logger":"airflow.task.hooks.airflow.providers.standard.hooks.subprocess.SubprocessHook","filename":"subprocess.py","lineno":99}
{"timestamp":"2026-02-04T22:30:28.813834Z","level":"info","event":"               'Branco 127/220v',","logger":"airflow.task.hooks.airflow.providers.standard.hooks.subprocess.SubprocessHook","filename":"subprocess.py","lineno":99}
{"timestamp":"2026-02-04T22:30:28.813866Z","level":"info","event":" 'memory': 'N/A',","logger":"airflow.task.hooks.airflow.providers.standard.hooks.subprocess.SubprocessHook","filename":"subprocess.py","lineno":99}
{"timestamp":"2026-02-04T22:30:28.813894Z","level":"info","event":" 'price': '199',","logger":"airflow.task.hooks.airflow.providers.standard.hooks.subprocess.SubprocessHook","filename":"subprocess.py","lineno":99}
{"timestamp":"2026-02-04T22:30:28.813921Z","level":"info","event":" 'rating': '4.7',","logger":"airflow.task.hooks.airflow.providers.standard.hooks.subprocess.SubprocessHook","filename":"subprocess.py","lineno":99}
{"timestamp":"2026-02-04T22:30:28.813948Z","level":"info","event":" 'short_title': 'console',","logger":"airflow.task.hooks.airflow.providers.standard.hooks.subprocess.SubprocessHook","filename":"subprocess.py","lineno":99}
{"timestamp":"2026-02-04T22:30:28.813974Z","level":"info","event":" 'site_name': 'mercado_livre',","logger":"airflow.task.hooks.airflow.providers.standard.hooks.subprocess.SubprocessHook","filename":"subprocess.py","lineno":99}
{"timestamp":"2026-02-04T22:30:28.814000Z","level":"info","event":" 'storage': 'N/A'}","logger":"airflow.task.hooks.airflow.providers.standard.hooks.subprocess.SubprocessHook","filename":"subprocess.py","lineno":99}
{"timestamp":"2026-02-04T22:30:28.815238Z","level":"info","event":"2026-02-04 22:30:28 [scrapy.core.scraper] DEBUG: Scraped from <200 https://lista.mercadolivre.com.br/console>","logger":"airflow.task.hooks.airflow.providers.standard.hooks.subprocess.SubprocessHook","filename":"subprocess.py","lineno":99}
{"timestamp":"2026-02-04T22:30:28.815322Z","level":"info","event":"{'color': 'Preto',","logger":"airflow.task.hooks.airflow.providers.standard.hooks.subprocess.SubprocessHook","filename":"subprocess.py","lineno":99}
{"timestamp":"2026-02-04T22:30:28.815373Z","level":"info","event":" 'full_title': 'Console Portátil Art Brink Brick Game 9999 in 1 Preto com 9999 '","logger":"airflow.task.hooks.airflow.providers.standard.hooks.subprocess.SubprocessHook","filename":"subprocess.py","lineno":99}
{"timestamp":"2026-02-04T22:30:28.815408Z","level":"info","event":"               'Jogos',","logger":"airflow.task.hooks.airflow.providers.standard.hooks.subprocess.SubprocessHook","filename":"subprocess.py","lineno":99}
{"timestamp":"2026-02-04T22:30:28.815438Z","level":"info","event":" 'memory': 'N/A',","logger":"airflow.task.hooks.airflow.providers.standard.hooks.subprocess.SubprocessHook","filename":"subprocess.py","lineno":99}
{"timestamp":"2026-02-04T22:30:28.815465Z","level":"info","event":" 'price': '19',","logger":"airflow.task.hooks.airflow.providers.standard.hooks.subprocess.SubprocessHook","filename":"subprocess.py","lineno":99}
{"timestamp":"2026-02-04T22:30:28.815490Z","level":"info","event":" 'rating': '4.3',","logger":"airflow.task.hooks.airflow.providers.standard.hooks.subprocess.SubprocessHook","filename":"subprocess.py","lineno":99}
{"timestamp":"2026-02-04T22:30:28.815516Z","level":"info","event":" 'short_title': 'console',","logger":"airflow.task.hooks.airflow.providers.standard.hooks.subprocess.SubprocessHook","filename":"subprocess.py","lineno":99}
{"timestamp":"2026-02-04T22:30:28.815542Z","level":"info","event":" 'site_name': 'mercado_livre',","logger":"airflow.task.hooks.airflow.providers.standard.hooks.subprocess.SubprocessHook","filename":"subprocess.py","lineno":99}
{"timestamp":"2026-02-04T22:30:28.815568Z","level":"info","event":" 'storage': 'N/A'}","logger":"airflow.task.hooks.airflow.providers.standard.hooks.subprocess.SubprocessHook","filename":"subprocess.py","lineno":99}
{"timestamp":"2026-02-04T22:30:28.817029Z","level":"info","event":"2026-02-04 22:30:28 [scrapy.core.scraper] DEBUG: Scraped from <200 https://lista.mercadolivre.com.br/console>","logger":"airflow.task.hooks.airflow.providers.standard.hooks.subprocess.SubprocessHook","filename":"subprocess.py","lineno":99}
{"timestamp":"2026-02-04T22:30:28.817136Z","level":"info","event":"{'color': 'Branco',","logger":"airflow.task.hooks.airflow.providers.standard.hooks.subprocess.SubprocessHook","filename":"subprocess.py","lineno":99}
{"timestamp":"2026-02-04T22:30:28.817191Z","level":"info","event":" 'full_title': 'Adaptador Videogame Game Stick M15 Hdmi Retrô 2 Controles 4k '","logger":"airflow.task.hooks.airflow.providers.standard.hooks.subprocess.SubprocessHook","filename":"subprocess.py","lineno":99}
{"timestamp":"2026-02-04T22:30:28.817231Z","level":"info","event":"               'Branco 127/220v',","logger":"airflow.task.hooks.airflow.providers.standard.hooks.subprocess.SubprocessHook","filename":"subprocess.py","lineno":99}
{"timestamp":"2026-02-04T22:30:28.817262Z","level":"info","event":" 'memory': 'N/A',","logger":"airflow.task.hooks.airflow.providers.standard.hooks.subprocess.SubprocessHook","filename":"subprocess.py","lineno":99}
{"timestamp":"2026-02-04T22:30:28.817292Z","level":"info","event":" 'price': '167',","logger":"airflow.task.hooks.airflow.providers.standard.hooks.subprocess.SubprocessHook","filename":"subprocess.py","lineno":99}
{"timestamp":"2026-02-04T22:30:28.817320Z","level":"info","event":" 'rating': '4.6',","logger":"airflow.task.hooks.airflow.providers.standard.hooks.subprocess.SubprocessHook","filename":"subprocess.py","lineno":99}
{"timestamp":"2026-02-04T22:30:28.817348Z","level":"info","event":" 'short_title': 'console',","logger":"airflow.task.hooks.airflow.providers.standard.hooks.subprocess.SubprocessHook","filename":"subprocess.py","lineno":99}
{"timestamp":"2026-02-04T22:30:28.817376Z","level":"info","event":" 'site_name': 'mercado_livre',","logger":"airflow.task.hooks.airflow.providers.standard.hooks.subprocess.SubprocessHook","filename":"subprocess.py","lineno":99}
{"timestamp":"2026-02-04T22:30:28.817404Z","level":"info","event":" 'storage': 'N/A'}","logger":"airflow.task.hooks.airflow.providers.standard.hooks.subprocess.SubprocessHook","filename":"subprocess.py","lineno":99}
{"timestamp":"2026-02-04T22:30:28.818755Z","level":"info","event":"2026-02-04 22:30:28 [scrapy.core.scraper] DEBUG: Scraped from <200 https://lista.mercadolivre.com.br/console>","logger":"airflow.task.hooks.airflow.providers.standard.hooks.subprocess.SubprocessHook","filename":"subprocess.py","lineno":99}
{"timestamp":"2026-02-04T22:30:28.818850Z","level":"info","event":"{'color': 'N/A',","logger":"airflow.task.hooks.airflow.providers.standard.hooks.subprocess.SubprocessHook","filename":"subprocess.py","lineno":99}
{"timestamp":"2026-02-04T22:30:28.818905Z","level":"info","event":" 'full_title': 'ROG Xbox Ally Console Portátil Tela 7\" Touchscreen 120Hz, AMD '","logger":"airflow.task.hooks.airflow.providers.standard.hooks.subprocess.SubprocessHook","filename":"subprocess.py","lineno":99}
{"timestamp":"2026-02-04T22:30:28.818944Z","level":"info","event":"               'Ryzen Z2A 2 GHz, 16 GB RAM, 512 GB SSD, Windows 11 Home - '","logger":"airflow.task.hooks.airflow.providers.standard.hooks.subprocess.SubprocessHook","filename":"subprocess.py","lineno":99}
{"timestamp":"2026-02-04T22:30:28.818976Z","level":"info","event":"               'White - RC73YA-NH003W',","logger":"airflow.task.hooks.airflow.providers.standard.hooks.subprocess.SubprocessHook","filename":"subprocess.py","lineno":99}
{"timestamp":"2026-02-04T22:30:28.819006Z","level":"info","event":" 'memory': '16 GB',","logger":"airflow.task.hooks.airflow.providers.standard.hooks.subprocess.SubprocessHook","filename":"subprocess.py","lineno":99}
{"timestamp":"2026-02-04T22:30:28.819035Z","level":"info","event":" 'price': '6.665',","logger":"airflow.task.hooks.airflow.providers.standard.hooks.subprocess.SubprocessHook","filename":"subprocess.py","lineno":99}
{"timestamp":"2026-02-04T22:30:28.819063Z","level":"info","event":" 'rating': '4.9',","logger":"airflow.task.hooks.airflow.providers.standard.hooks.subprocess.SubprocessHook","filename":"subprocess.py","lineno":99}
{"timestamp":"2026-02-04T22:30:28.819089Z","level":"info","event":" 'short_title': 'console',","logger":"airflow.task.hooks.airflow.providers.standard.hooks.subprocess.SubprocessHook","filename":"subprocess.py","lineno":99}
{"timestamp":"2026-02-04T22:30:28.819115Z","level":"info","event":" 'site_name': 'mercado_livre',","logger":"airflow.task.hooks.airflow.providers.standard.hooks.subprocess.SubprocessHook","filename":"subprocess.py","lineno":99}
{"timestamp":"2026-02-04T22:30:28.819142Z","level":"info","event":" 'storage': '512 GB'}","logger":"airflow.task.hooks.airflow.providers.standard.hooks.subprocess.SubprocessHook","filename":"subprocess.py","lineno":99}
{"timestamp":"2026-02-04T22:30:28.820348Z","level":"info","event":"2026-02-04 22:30:28 [scrapy.core.scraper] DEBUG: Scraped from <200 https://lista.mercadolivre.com.br/console>","logger":"airflow.task.hooks.airflow.providers.standard.hooks.subprocess.SubprocessHook","filename":"subprocess.py","lineno":99}
{"timestamp":"2026-02-04T22:30:28.820436Z","level":"info","event":"{'color': 'N/A',","logger":"airflow.task.hooks.airflow.providers.standard.hooks.subprocess.SubprocessHook","filename":"subprocess.py","lineno":99}
{"timestamp":"2026-02-04T22:30:28.820489Z","level":"info","event":" 'full_title': 'Vídeo Game Stick M15 Pro 4k 64gb C/ 2 Controles S/ Fio + 20m',","logger":"airflow.task.hooks.airflow.providers.standard.hooks.subprocess.SubprocessHook","filename":"subprocess.py","lineno":99}
{"timestamp":"2026-02-04T22:30:28.820525Z","level":"info","event":" 'memory': 'N/A',","logger":"airflow.task.hooks.airflow.providers.standard.hooks.subprocess.SubprocessHook","filename":"subprocess.py","lineno":99}
{"timestamp":"2026-02-04T22:30:28.820555Z","level":"info","event":" 'price': '261',","logger":"airflow.task.hooks.airflow.providers.standard.hooks.subprocess.SubprocessHook","filename":"subprocess.py","lineno":99}
{"timestamp":"2026-02-04T22:30:28.820584Z","level":"info","event":" 'rating': '4.5',","logger":"airflow.task.hooks.airflow.providers.standard.hooks.subprocess.SubprocessHook","filename":"subprocess.py","lineno":99}
{"timestamp":"2026-02-04T22:30:28.820611Z","level":"info","event":" 'short_title': 'console',","logger":"airflow.task.hooks.airflow.providers.standard.hooks.subprocess.SubprocessHook","filename":"subprocess.py","lineno":99}
{"timestamp":"2026-02-04T22:30:28.820638Z","level":"info","event":" 'site_name': 'mercado_livre',","logger":"airflow.task.hooks.airflow.providers.standard.hooks.subprocess.SubprocessHook","filename":"subprocess.py","lineno":99}
{"timestamp":"2026-02-04T22:30:28.820665Z","level":"info","event":" 'storage': 'N/A'}","logger":"airflow.task.hooks.airflow.providers.standard.hooks.subprocess.SubprocessHook","filename":"subprocess.py","lineno":99}
{"timestamp":"2026-02-04T22:30:28.821827Z","level":"info","event":"2026-02-04 22:30:28 [scrapy.core.scraper] DEBUG: Scraped from <200 https://lista.mercadolivre.com.br/console>","logger":"airflow.task.hooks.airflow.providers.standard.hooks.subprocess.SubprocessHook","filename":"subprocess.py","lineno":99}
{"timestamp":"2026-02-04T22:30:28.821922Z","level":"info","event":"{'color': 'Branco',","logger":"airflow.task.hooks.airflow.providers.standard.hooks.subprocess.SubprocessHook","filename":"subprocess.py","lineno":99}
{"timestamp":"2026-02-04T22:30:28.821962Z","level":"info","event":" 'full_title': 'Console Nintendo Switch Oled Nintendo Bundle Super Mario Bros '","logger":"airflow.task.hooks.airflow.providers.standard.hooks.subprocess.SubprocessHook","filename":"subprocess.py","lineno":99}
{"timestamp":"2026-02-04T22:30:28.822079Z","level":"info","event":"               'Wonder 3 Meses Nintendo Switch Online 64gb Branco',","logger":"airflow.task.hooks.airflow.providers.standard.hooks.subprocess.SubprocessHook","filename":"subprocess.py","lineno":99}
{"timestamp":"2026-02-04T22:30:28.822135Z","level":"info","event":" 'memory': 'N/A',","logger":"airflow.task.hooks.airflow.providers.standard.hooks.subprocess.SubprocessHook","filename":"subprocess.py","lineno":99}
{"timestamp":"2026-02-04T22:30:28.822168Z","level":"info","event":" 'price': '2.699',","logger":"airflow.task.hooks.airflow.providers.standard.hooks.subprocess.SubprocessHook","filename":"subprocess.py","lineno":99}
{"timestamp":"2026-02-04T22:30:28.822197Z","level":"info","event":" 'rating': '5.0',","logger":"airflow.task.hooks.airflow.providers.standard.hooks.subprocess.SubprocessHook","filename":"subprocess.py","lineno":99}
{"timestamp":"2026-02-04T22:30:28.822224Z","level":"info","event":" 'short_title': 'console',","logger":"airflow.task.hooks.airflow.providers.standard.hooks.subprocess.SubprocessHook","filename":"subprocess.py","lineno":99}
{"timestamp":"2026-02-04T22:30:28.822251Z","level":"info","event":" 'site_name': 'mercado_livre',","logger":"airflow.task.hooks.airflow.providers.standard.hooks.subprocess.SubprocessHook","filename":"subprocess.py","lineno":99}
{"timestamp":"2026-02-04T22:30:28.822278Z","level":"info","event":" 'storage': 'N/A'}","logger":"airflow.task.hooks.airflow.providers.standard.hooks.subprocess.SubprocessHook","filename":"subprocess.py","lineno":99}
{"timestamp":"2026-02-04T22:30:28.823363Z","level":"info","event":"2026-02-04 22:30:28 [scrapy.core.scraper] DEBUG: Scraped from <200 https://lista.mercadolivre.com.br/console>","logger":"airflow.task.hooks.airflow.providers.standard.hooks.subprocess.SubprocessHook","filename":"subprocess.py","lineno":99}
{"timestamp":"2026-02-04T22:30:28.823448Z","level":"info","event":"{'color': 'N/A',","logger":"airflow.task.hooks.airflow.providers.standard.hooks.subprocess.SubprocessHook","filename":"subprocess.py","lineno":99}
{"timestamp":"2026-02-04T22:30:28.823498Z","level":"info","event":" 'full_title': 'Gbs Control Conversor Gbs C Gbs-c Ossc Upscaler Rgb Scart',","logger":"airflow.task.hooks.airflow.providers.standard.hooks.subprocess.SubprocessHook","filename":"subprocess.py","lineno":99}
{"timestamp":"2026-02-04T22:30:28.823530Z","level":"info","event":" 'memory': 'N/A',","logger":"airflow.task.hooks.airflow.providers.standard.hooks.subprocess.SubprocessHook","filename":"subprocess.py","lineno":99}
{"timestamp":"2026-02-04T22:30:28.823560Z","level":"info","event":" 'price': '1.549',","logger":"airflow.task.hooks.airflow.providers.standard.hooks.subprocess.SubprocessHook","filename":"subprocess.py","lineno":99}
{"timestamp":"2026-02-04T22:30:28.823587Z","level":"info","event":" 'rating': '+25 vendidos',","logger":"airflow.task.hooks.airflow.providers.standard.hooks.subprocess.SubprocessHook","filename":"subprocess.py","lineno":99}
{"timestamp":"2026-02-04T22:30:28.823613Z","level":"info","event":" 'short_title': 'console',","logger":"airflow.task.hooks.airflow.providers.standard.hooks.subprocess.SubprocessHook","filename":"subprocess.py","lineno":99}
{"timestamp":"2026-02-04T22:30:28.823640Z","level":"info","event":" 'site_name': 'mercado_livre',","logger":"airflow.task.hooks.airflow.providers.standard.hooks.subprocess.SubprocessHook","filename":"subprocess.py","lineno":99}
{"timestamp":"2026-02-04T22:30:28.823667Z","level":"info","event":" 'storage': 'N/A'}","logger":"airflow.task.hooks.airflow.providers.standard.hooks.subprocess.SubprocessHook","filename":"subprocess.py","lineno":99}
{"timestamp":"2026-02-04T22:30:28.824926Z","level":"info","event":"2026-02-04 22:30:28 [scrapy.core.scraper] DEBUG: Scraped from <200 https://lista.mercadolivre.com.br/console>","logger":"airflow.task.hooks.airflow.providers.standard.hooks.subprocess.SubprocessHook","filename":"subprocess.py","lineno":99}
{"timestamp":"2026-02-04T22:30:28.825016Z","level":"info","event":"{'color': 'N/A',","logger":"airflow.task.hooks.airflow.providers.standard.hooks.subprocess.SubprocessHook","filename":"subprocess.py","lineno":99}
{"timestamp":"2026-02-04T22:30:28.825067Z","level":"info","event":" 'full_title': 'Kit 2 Mini Video Games Portáteis 9999 Em 1 Retrô Clássico Tela '","logger":"airflow.task.hooks.airflow.providers.standard.hooks.subprocess.SubprocessHook","filename":"subprocess.py","lineno":99}
{"timestamp":"2026-02-04T22:30:28.825101Z","level":"info","event":"               'Lcd Brinquedo Retrô Infantil E Adulto Game Portátil Kizumba',","logger":"airflow.task.hooks.airflow.providers.standard.hooks.subprocess.SubprocessHook","filename":"subprocess.py","lineno":99}
{"timestamp":"2026-02-04T22:30:28.825131Z","level":"info","event":" 'memory': 'N/A',","logger":"airflow.task.hooks.airflow.providers.standard.hooks.subprocess.SubprocessHook","filename":"subprocess.py","lineno":99}
{"timestamp":"2026-02-04T22:30:28.825159Z","level":"info","event":" 'price': '69',","logger":"airflow.task.hooks.airflow.providers.standard.hooks.subprocess.SubprocessHook","filename":"subprocess.py","lineno":99}
{"timestamp":"2026-02-04T22:30:28.825185Z","level":"info","event":" 'rating': '4.5',","logger":"airflow.task.hooks.airflow.providers.standard.hooks.subprocess.SubprocessHook","filename":"subprocess.py","lineno":99}
{"timestamp":"2026-02-04T22:30:28.825242Z","level":"info","event":" 'short_title': 'console',","logger":"airflow.task.hooks.airflow.providers.standard.hooks.subprocess.SubprocessHook","filename":"subprocess.py","lineno":99}
{"timestamp":"2026-02-04T22:30:28.825284Z","level":"info","event":" 'site_name': 'mercado_livre',","logger":"airflow.task.hooks.airflow.providers.standard.hooks.subprocess.SubprocessHook","filename":"subprocess.py","lineno":99}
{"timestamp":"2026-02-04T22:30:28.825315Z","level":"info","event":" 'storage': 'N/A'}","logger":"airflow.task.hooks.airflow.providers.standard.hooks.subprocess.SubprocessHook","filename":"subprocess.py","lineno":99}
{"timestamp":"2026-02-04T22:30:28.826639Z","level":"info","event":"2026-02-04 22:30:28 [scrapy.core.scraper] DEBUG: Scraped from <200 https://lista.mercadolivre.com.br/console>","logger":"airflow.task.hooks.airflow.providers.standard.hooks.subprocess.SubprocessHook","filename":"subprocess.py","lineno":99}
{"timestamp":"2026-02-04T22:30:28.826734Z","level":"info","event":"{'color': 'Branco',","logger":"airflow.task.hooks.airflow.providers.standard.hooks.subprocess.SubprocessHook","filename":"subprocess.py","lineno":99}
{"timestamp":"2026-02-04T22:30:28.826789Z","level":"info","event":" 'full_title': 'PlayStation 5 Slim Cor Branco 1 TB Versão Mídia Física',","logger":"airflow.task.hooks.airflow.providers.standard.hooks.subprocess.SubprocessHook","filename":"subprocess.py","lineno":99}
{"timestamp":"2026-02-04T22:30:28.826827Z","level":"info","event":" 'memory': 'N/A',","logger":"airflow.task.hooks.airflow.providers.standard.hooks.subprocess.SubprocessHook","filename":"subprocess.py","lineno":99}
{"timestamp":"2026-02-04T22:30:28.826858Z","level":"info","event":" 'price': '4.489',","logger":"airflow.task.hooks.airflow.providers.standard.hooks.subprocess.SubprocessHook","filename":"subprocess.py","lineno":99}
{"timestamp":"2026-02-04T22:30:28.826888Z","level":"info","event":" 'rating': '4.9',","logger":"airflow.task.hooks.airflow.providers.standard.hooks.subprocess.SubprocessHook","filename":"subprocess.py","lineno":99}
{"timestamp":"2026-02-04T22:30:28.826917Z","level":"info","event":" 'short_title': 'console',","logger":"airflow.task.hooks.airflow.providers.standard.hooks.subprocess.SubprocessHook","filename":"subprocess.py","lineno":99}
{"timestamp":"2026-02-04T22:30:28.826945Z","level":"info","event":" 'site_name': 'mercado_livre',","logger":"airflow.task.hooks.airflow.providers.standard.hooks.subprocess.SubprocessHook","filename":"subprocess.py","lineno":99}
{"timestamp":"2026-02-04T22:30:28.826993Z","level":"info","event":" 'storage': 'N/A'}","logger":"airflow.task.hooks.airflow.providers.standard.hooks.subprocess.SubprocessHook","filename":"subprocess.py","lineno":99}
{"timestamp":"2026-02-04T22:30:28.828240Z","level":"info","event":"2026-02-04 22:30:28 [scrapy.core.scraper] DEBUG: Scraped from <200 https://lista.mercadolivre.com.br/console>","logger":"airflow.task.hooks.airflow.providers.standard.hooks.subprocess.SubprocessHook","filename":"subprocess.py","lineno":99}
{"timestamp":"2026-02-04T22:30:28.828330Z","level":"info","event":"{'color': 'Branco',","logger":"airflow.task.hooks.airflow.providers.standard.hooks.subprocess.SubprocessHook","filename":"subprocess.py","lineno":99}
{"timestamp":"2026-02-04T22:30:28.828384Z","level":"info","event":" 'full_title': 'Console PlayStation 5 Slim Edição Digital 825 GB Branco - Sony',","logger":"airflow.task.hooks.airflow.providers.standard.hooks.subprocess.SubprocessHook","filename":"subprocess.py","lineno":99}
{"timestamp":"2026-02-04T22:30:28.828424Z","level":"info","event":" 'memory': 'N/A',","logger":"airflow.task.hooks.airflow.providers.standard.hooks.subprocess.SubprocessHook","filename":"subprocess.py","lineno":99}
{"timestamp":"2026-02-04T22:30:28.828455Z","level":"info","event":" 'price': '3.989',","logger":"airflow.task.hooks.airflow.providers.standard.hooks.subprocess.SubprocessHook","filename":"subprocess.py","lineno":99}
{"timestamp":"2026-02-04T22:30:28.828484Z","level":"info","event":" 'rating': '4.9',","logger":"airflow.task.hooks.airflow.providers.standard.hooks.subprocess.SubprocessHook","filename":"subprocess.py","lineno":99}
{"timestamp":"2026-02-04T22:30:28.828512Z","level":"info","event":" 'short_title': 'console',","logger":"airflow.task.hooks.airflow.providers.standard.hooks.subprocess.SubprocessHook","filename":"subprocess.py","lineno":99}
{"timestamp":"2026-02-04T22:30:28.828540Z","level":"info","event":" 'site_name': 'mercado_livre',","logger":"airflow.task.hooks.airflow.providers.standard.hooks.subprocess.SubprocessHook","filename":"subprocess.py","lineno":99}
{"timestamp":"2026-02-04T22:30:28.828565Z","level":"info","event":" 'storage': 'N/A'}","logger":"airflow.task.hooks.airflow.providers.standard.hooks.subprocess.SubprocessHook","filename":"subprocess.py","lineno":99}
{"timestamp":"2026-02-04T22:30:28.830821Z","level":"info","event":"2026-02-04 22:30:28 [scrapy.core.scraper] DEBUG: Scraped from <200 https://lista.mercadolivre.com.br/console>","logger":"airflow.task.hooks.airflow.providers.standard.hooks.subprocess.SubprocessHook","filename":"subprocess.py","lineno":99}
{"timestamp":"2026-02-04T22:30:28.830984Z","level":"info","event":"{'color': 'N/A',","logger":"airflow.task.hooks.airflow.providers.standard.hooks.subprocess.SubprocessHook","filename":"subprocess.py","lineno":99}
{"timestamp":"2026-02-04T22:30:28.831076Z","level":"info","event":" 'full_title': 'Xbox One S 1tb - Excelente (Recondicionado)',","logger":"airflow.task.hooks.airflow.providers.standard.hooks.subprocess.SubprocessHook","filename":"subprocess.py","lineno":99}
{"timestamp":"2026-02-04T22:30:28.831144Z","level":"info","event":" 'memory': 'N/A',","logger":"airflow.task.hooks.airflow.providers.standard.hooks.subprocess.SubprocessHook","filename":"subprocess.py","lineno":99}
{"timestamp":"2026-02-04T22:30:28.831199Z","level":"info","event":" 'price': '1.697',","logger":"airflow.task.hooks.airflow.providers.standard.hooks.subprocess.SubprocessHook","filename":"subprocess.py","lineno":99}
{"timestamp":"2026-02-04T22:30:28.831292Z","level":"info","event":" 'rating': '4.6',","logger":"airflow.task.hooks.airflow.providers.standard.hooks.subprocess.SubprocessHook","filename":"subprocess.py","lineno":99}
{"timestamp":"2026-02-04T22:30:28.831357Z","level":"info","event":" 'short_title': 'console',","logger":"airflow.task.hooks.airflow.providers.standard.hooks.subprocess.SubprocessHook","filename":"subprocess.py","lineno":99}
{"timestamp":"2026-02-04T22:30:28.831411Z","level":"info","event":" 'site_name': 'mercado_livre',","logger":"airflow.task.hooks.airflow.providers.standard.hooks.subprocess.SubprocessHook","filename":"subprocess.py","lineno":99}
{"timestamp":"2026-02-04T22:30:28.831469Z","level":"info","event":" 'storage': 'N/A'}","logger":"airflow.task.hooks.airflow.providers.standard.hooks.subprocess.SubprocessHook","filename":"subprocess.py","lineno":99}
{"timestamp":"2026-02-04T22:30:28.834189Z","level":"info","event":"2026-02-04 22:30:28 [scrapy.core.scraper] DEBUG: Scraped from <200 https://lista.mercadolivre.com.br/console>","logger":"airflow.task.hooks.airflow.providers.standard.hooks.subprocess.SubprocessHook","filename":"subprocess.py","lineno":99}
{"timestamp":"2026-02-04T22:30:28.834456Z","level":"info","event":"{'color': 'N/A',","logger":"airflow.task.hooks.airflow.providers.standard.hooks.subprocess.SubprocessHook","filename":"subprocess.py","lineno":99}
{"timestamp":"2026-02-04T22:30:28.834505Z","level":"info","event":" 'full_title': 'Sony PlayStation 4 Slim 500GB - Excelente (Recondicionado)',","logger":"airflow.task.hooks.airflow.providers.standard.hooks.subprocess.SubprocessHook","filename":"subprocess.py","lineno":99}
{"timestamp":"2026-02-04T22:30:28.834540Z","level":"info","event":" 'memory': 'N/A',","logger":"airflow.task.hooks.airflow.providers.standard.hooks.subprocess.SubprocessHook","filename":"subprocess.py","lineno":99}
{"timestamp":"2026-02-04T22:30:28.834570Z","level":"info","event":" 'price': '1.669',","logger":"airflow.task.hooks.airflow.providers.standard.hooks.subprocess.SubprocessHook","filename":"subprocess.py","lineno":99}
{"timestamp":"2026-02-04T22:30:28.834596Z","level":"info","event":" 'rating': '4.6',","logger":"airflow.task.hooks.airflow.providers.standard.hooks.subprocess.SubprocessHook","filename":"subprocess.py","lineno":99}
{"timestamp":"2026-02-04T22:30:28.834623Z","level":"info","event":" 'short_title': 'console',","logger":"airflow.task.hooks.airflow.providers.standard.hooks.subprocess.SubprocessHook","filename":"subprocess.py","lineno":99}
{"timestamp":"2026-02-04T22:30:28.834651Z","level":"info","event":" 'site_name': 'mercado_livre',","logger":"airflow.task.hooks.airflow.providers.standard.hooks.subprocess.SubprocessHook","filename":"subprocess.py","lineno":99}
{"timestamp":"2026-02-04T22:30:28.834678Z","level":"info","event":" 'storage': 'N/A'}","logger":"airflow.task.hooks.airflow.providers.standard.hooks.subprocess.SubprocessHook","filename":"subprocess.py","lineno":99}
{"timestamp":"2026-02-04T22:30:28.835857Z","level":"info","event":"2026-02-04 22:30:28 [scrapy.core.scraper] DEBUG: Scraped from <200 https://lista.mercadolivre.com.br/console>","logger":"airflow.task.hooks.airflow.providers.standard.hooks.subprocess.SubprocessHook","filename":"subprocess.py","lineno":99}
{"timestamp":"2026-02-04T22:30:28.835936Z","level":"info","event":"{'color': 'Branco',","logger":"airflow.task.hooks.airflow.providers.standard.hooks.subprocess.SubprocessHook","filename":"subprocess.py","lineno":99}
{"timestamp":"2026-02-04T22:30:28.835974Z","level":"info","event":" 'full_title': 'Dispositivo Multimídia X9 Tela 6,5 16gb Saída Av Branco',","logger":"airflow.task.hooks.airflow.providers.standard.hooks.subprocess.SubprocessHook","filename":"subprocess.py","lineno":99}
{"timestamp":"2026-02-04T22:30:28.836019Z","level":"info","event":" 'memory': 'N/A',","logger":"airflow.task.hooks.airflow.providers.standard.hooks.subprocess.SubprocessHook","filename":"subprocess.py","lineno":99}
{"timestamp":"2026-02-04T22:30:28.836053Z","level":"info","event":" 'price': '277',","logger":"airflow.task.hooks.airflow.providers.standard.hooks.subprocess.SubprocessHook","filename":"subprocess.py","lineno":99}
{"timestamp":"2026-02-04T22:30:28.836080Z","level":"info","event":" 'rating': '5.0',","logger":"airflow.task.hooks.airflow.providers.standard.hooks.subprocess.SubprocessHook","filename":"subprocess.py","lineno":99}
{"timestamp":"2026-02-04T22:30:28.836107Z","level":"info","event":" 'short_title': 'console',","logger":"airflow.task.hooks.airflow.providers.standard.hooks.subprocess.SubprocessHook","filename":"subprocess.py","lineno":99}
{"timestamp":"2026-02-04T22:30:28.836134Z","level":"info","event":" 'site_name': 'mercado_livre',","logger":"airflow.task.hooks.airflow.providers.standard.hooks.subprocess.SubprocessHook","filename":"subprocess.py","lineno":99}
{"timestamp":"2026-02-04T22:30:28.836161Z","level":"info","event":" 'storage': 'N/A'}","logger":"airflow.task.hooks.airflow.providers.standard.hooks.subprocess.SubprocessHook","filename":"subprocess.py","lineno":99}
{"timestamp":"2026-02-04T22:30:28.837229Z","level":"info","event":"2026-02-04 22:30:28 [scrapy.core.scraper] DEBUG: Scraped from <200 https://lista.mercadolivre.com.br/console>","logger":"airflow.task.hooks.airflow.providers.standard.hooks.subprocess.SubprocessHook","filename":"subprocess.py","lineno":99}
{"timestamp":"2026-02-04T22:30:28.837302Z","level":"info","event":"{'color': 'cinza',","logger":"airflow.task.hooks.airflow.providers.standard.hooks.subprocess.SubprocessHook","filename":"subprocess.py","lineno":99}
{"timestamp":"2026-02-04T22:30:28.837339Z","level":"info","event":" 'full_title': 'Nintendo Standart Super Mini SFC Standard cor cinza 2017',","logger":"airflow.task.hooks.airflow.providers.standard.hooks.subprocess.SubprocessHook","filename":"subprocess.py","lineno":99}
{"timestamp":"2026-02-04T22:30:28.837376Z","level":"info","event":" 'memory': 'N/A',","logger":"airflow.task.hooks.airflow.providers.standard.hooks.subprocess.SubprocessHook","filename":"subprocess.py","lineno":99}
{"timestamp":"2026-02-04T22:30:28.837413Z","level":"info","event":" 'price': '197',","logger":"airflow.task.hooks.airflow.providers.standard.hooks.subprocess.SubprocessHook","filename":"subprocess.py","lineno":99}
{"timestamp":"2026-02-04T22:30:28.837441Z","level":"info","event":" 'rating': '3.7',","logger":"airflow.task.hooks.airflow.providers.standard.hooks.subprocess.SubprocessHook","filename":"subprocess.py","lineno":99}
{"timestamp":"2026-02-04T22:30:28.837467Z","level":"info","event":" 'short_title': 'console',","logger":"airflow.task.hooks.airflow.providers.standard.hooks.subprocess.SubprocessHook","filename":"subprocess.py","lineno":99}
{"timestamp":"2026-02-04T22:30:28.837493Z","level":"info","event":" 'site_name': 'mercado_livre',","logger":"airflow.task.hooks.airflow.providers.standard.hooks.subprocess.SubprocessHook","filename":"subprocess.py","lineno":99}
{"timestamp":"2026-02-04T22:30:28.837518Z","level":"info","event":" 'storage': 'N/A'}","logger":"airflow.task.hooks.airflow.providers.standard.hooks.subprocess.SubprocessHook","filename":"subprocess.py","lineno":99}
{"timestamp":"2026-02-04T22:30:28.838627Z","level":"info","event":"2026-02-04 22:30:28 [scrapy.core.scraper] DEBUG: Scraped from <200 https://lista.mercadolivre.com.br/console>","logger":"airflow.task.hooks.airflow.providers.standard.hooks.subprocess.SubprocessHook","filename":"subprocess.py","lineno":99}
{"timestamp":"2026-02-04T22:30:28.838705Z","level":"info","event":"{'color': 'Branco',","logger":"airflow.task.hooks.airflow.providers.standard.hooks.subprocess.SubprocessHook","filename":"subprocess.py","lineno":99}
{"timestamp":"2026-02-04T22:30:28.838746Z","level":"info","event":" 'full_title': 'Microsoft Xbox Series S 512gb Standard Cor Branco - Excelente '","logger":"airflow.task.hooks.airflow.providers.standard.hooks.subprocess.SubprocessHook","filename":"subprocess.py","lineno":99}
{"timestamp":"2026-02-04T22:30:28.838778Z","level":"info","event":"               '(Recondicionado)',","logger":"airflow.task.hooks.airflow.providers.standard.hooks.subprocess.SubprocessHook","filename":"subprocess.py","lineno":99}
{"timestamp":"2026-02-04T22:30:28.838808Z","level":"info","event":" 'memory': 'N/A',","logger":"airflow.task.hooks.airflow.providers.standard.hooks.subprocess.SubprocessHook","filename":"subprocess.py","lineno":99}
{"timestamp":"2026-02-04T22:30:28.838835Z","level":"info","event":" 'price': '2.199',","logger":"airflow.task.hooks.airflow.providers.standard.hooks.subprocess.SubprocessHook","filename":"subprocess.py","lineno":99}
{"timestamp":"2026-02-04T22:30:28.839050Z","level":"info","event":" 'rating': '4.8',","logger":"airflow.task.hooks.airflow.providers.standard.hooks.subprocess.SubprocessHook","filename":"subprocess.py","lineno":99}
{"timestamp":"2026-02-04T22:30:28.839125Z","level":"info","event":" 'short_title': 'console',","logger":"airflow.task.hooks.airflow.providers.standard.hooks.subprocess.SubprocessHook","filename":"subprocess.py","lineno":99}
{"timestamp":"2026-02-04T22:30:28.839166Z","level":"info","event":" 'site_name': 'mercado_livre',","logger":"airflow.task.hooks.airflow.providers.standard.hooks.subprocess.SubprocessHook","filename":"subprocess.py","lineno":99}
{"timestamp":"2026-02-04T22:30:28.839200Z","level":"info","event":" 'storage': 'N/A'}","logger":"airflow.task.hooks.airflow.providers.standard.hooks.subprocess.SubprocessHook","filename":"subprocess.py","lineno":99}
{"timestamp":"2026-02-04T22:30:28.840923Z","level":"info","event":"2026-02-04 22:30:28 [scrapy.core.scraper] DEBUG: Scraped from <200 https://lista.mercadolivre.com.br/console>","logger":"airflow.task.hooks.airflow.providers.standard.hooks.subprocess.SubprocessHook","filename":"subprocess.py","lineno":99}
{"timestamp":"2026-02-04T22:30:28.841052Z","level":"info","event":"{'color': 'Branco',","logger":"airflow.task.hooks.airflow.providers.standard.hooks.subprocess.SubprocessHook","filename":"subprocess.py","lineno":99}
{"timestamp":"2026-02-04T22:30:28.841121Z","level":"info","event":" 'full_title': 'Microsoft Xbox Series S 512gb Standard Cor Branco',","logger":"airflow.task.hooks.airflow.providers.standard.hooks.subprocess.SubprocessHook","filename":"subprocess.py","lineno":99}
{"timestamp":"2026-02-04T22:30:28.841162Z","level":"info","event":" 'memory': 'N/A',","logger":"airflow.task.hooks.airflow.providers.standard.hooks.subprocess.SubprocessHook","filename":"subprocess.py","lineno":99}
{"timestamp":"2026-02-04T22:30:28.841206Z","level":"info","event":" 'price': '2.923',","logger":"airflow.task.hooks.airflow.providers.standard.hooks.subprocess.SubprocessHook","filename":"subprocess.py","lineno":99}
{"timestamp":"2026-02-04T22:30:28.841260Z","level":"info","event":" 'rating': '4.9',","logger":"airflow.task.hooks.airflow.providers.standard.hooks.subprocess.SubprocessHook","filename":"subprocess.py","lineno":99}
{"timestamp":"2026-02-04T22:30:28.841297Z","level":"info","event":" 'short_title': 'console',","logger":"airflow.task.hooks.airflow.providers.standard.hooks.subprocess.SubprocessHook","filename":"subprocess.py","lineno":99}
{"timestamp":"2026-02-04T22:30:28.841327Z","level":"info","event":" 'site_name': 'mercado_livre',","logger":"airflow.task.hooks.airflow.providers.standard.hooks.subprocess.SubprocessHook","filename":"subprocess.py","lineno":99}
{"timestamp":"2026-02-04T22:30:28.841355Z","level":"info","event":" 'storage': 'N/A'}","logger":"airflow.task.hooks.airflow.providers.standard.hooks.subprocess.SubprocessHook","filename":"subprocess.py","lineno":99}
{"timestamp":"2026-02-04T22:30:28.841832Z","level":"info","event":"2026-02-04 22:30:28 [scrapy.core.scraper] DEBUG: Scraped from <200 https://lista.mercadolivre.com.br/console>","logger":"airflow.task.hooks.airflow.providers.standard.hooks.subprocess.SubprocessHook","filename":"subprocess.py","lineno":99}
{"timestamp":"2026-02-04T22:30:28.841890Z","level":"info","event":"{'color': 'Preto',","logger":"airflow.task.hooks.airflow.providers.standard.hooks.subprocess.SubprocessHook","filename":"subprocess.py","lineno":99}
{"timestamp":"2026-02-04T22:30:28.841943Z","level":"info","event":" 'full_title': \"Console Portátil Valve Steam Deck 256GB Preto Tela 7'' \"","logger":"airflow.task.hooks.airflow.providers.standard.hooks.subprocess.SubprocessHook","filename":"subprocess.py","lineno":99}
{"timestamp":"2026-02-04T22:30:28.841981Z","level":"info","event":"               'Bluetooth 2022',","logger":"airflow.task.hooks.airflow.providers.standard.hooks.subprocess.SubprocessHook","filename":"subprocess.py","lineno":99}
{"timestamp":"2026-02-04T22:30:28.842196Z","level":"info","event":" 'memory': 'N/A',","logger":"airflow.task.hooks.airflow.providers.standard.hooks.subprocess.SubprocessHook","filename":"subprocess.py","lineno":99}
{"timestamp":"2026-02-04T22:30:28.842263Z","level":"info","event":" 'price': '3.349',","logger":"airflow.task.hooks.airflow.providers.standard.hooks.subprocess.SubprocessHook","filename":"subprocess.py","lineno":99}
{"timestamp":"2026-02-04T22:30:28.842299Z","level":"info","event":" 'rating': '4.9',","logger":"airflow.task.hooks.airflow.providers.standard.hooks.subprocess.SubprocessHook","filename":"subprocess.py","lineno":99}
{"timestamp":"2026-02-04T22:30:28.842329Z","level":"info","event":" 'short_title': 'console',","logger":"airflow.task.hooks.airflow.providers.standard.hooks.subprocess.SubprocessHook","filename":"subprocess.py","lineno":99}
{"timestamp":"2026-02-04T22:30:28.842357Z","level":"info","event":" 'site_name': 'mercado_livre',","logger":"airflow.task.hooks.airflow.providers.standard.hooks.subprocess.SubprocessHook","filename":"subprocess.py","lineno":99}
{"timestamp":"2026-02-04T22:30:28.842451Z","level":"info","event":" 'storage': 'N/A'}","logger":"airflow.task.hooks.airflow.providers.standard.hooks.subprocess.SubprocessHook","filename":"subprocess.py","lineno":99}
{"timestamp":"2026-02-04T22:30:28.843124Z","level":"info","event":"2026-02-04 22:30:28 [scrapy.core.scraper] DEBUG: Scraped from <200 https://lista.mercadolivre.com.br/console>","logger":"airflow.task.hooks.airflow.providers.standard.hooks.subprocess.SubprocessHook","filename":"subprocess.py","lineno":99}
{"timestamp":"2026-02-04T22:30:28.843190Z","level":"info","event":"{'color': 'Branco',","logger":"airflow.task.hooks.airflow.providers.standard.hooks.subprocess.SubprocessHook","filename":"subprocess.py","lineno":99}
{"timestamp":"2026-02-04T22:30:28.843227Z","level":"info","event":" 'full_title': 'Console Playstation 5 Edição Digital 825 Gb Branco',","logger":"airflow.task.hooks.airflow.providers.standard.hooks.subprocess.SubprocessHook","filename":"subprocess.py","lineno":99}
{"timestamp":"2026-02-04T22:30:28.843259Z","level":"info","event":" 'memory': 'N/A',","logger":"airflow.task.hooks.airflow.providers.standard.hooks.subprocess.SubprocessHook","filename":"subprocess.py","lineno":99}
{"timestamp":"2026-02-04T22:30:28.843289Z","level":"info","event":" 'price': '3.833',","logger":"airflow.task.hooks.airflow.providers.standard.hooks.subprocess.SubprocessHook","filename":"subprocess.py","lineno":99}
{"timestamp":"2026-02-04T22:30:28.843335Z","level":"info","event":" 'rating': '+100 vendidos',","logger":"airflow.task.hooks.airflow.providers.standard.hooks.subprocess.SubprocessHook","filename":"subprocess.py","lineno":99}
{"timestamp":"2026-02-04T22:30:28.843378Z","level":"info","event":" 'short_title': 'console',","logger":"airflow.task.hooks.airflow.providers.standard.hooks.subprocess.SubprocessHook","filename":"subprocess.py","lineno":99}
{"timestamp":"2026-02-04T22:30:28.843406Z","level":"info","event":" 'site_name': 'mercado_livre',","logger":"airflow.task.hooks.airflow.providers.standard.hooks.subprocess.SubprocessHook","filename":"subprocess.py","lineno":99}
{"timestamp":"2026-02-04T22:30:28.843445Z","level":"info","event":" 'storage': 'N/A'}","logger":"airflow.task.hooks.airflow.providers.standard.hooks.subprocess.SubprocessHook","filename":"subprocess.py","lineno":99}
{"timestamp":"2026-02-04T22:30:28.844649Z","level":"info","event":"2026-02-04 22:30:28 [scrapy.core.scraper] DEBUG: Scraped from <200 https://lista.mercadolivre.com.br/console>","logger":"airflow.task.hooks.airflow.providers.standard.hooks.subprocess.SubprocessHook","filename":"subprocess.py","lineno":99}
{"timestamp":"2026-02-04T22:30:28.844767Z","level":"info","event":"{'color': 'N/A',","logger":"airflow.task.hooks.airflow.providers.standard.hooks.subprocess.SubprocessHook","filename":"subprocess.py","lineno":99}
{"timestamp":"2026-02-04T22:30:28.844825Z","level":"info","event":" 'full_title': 'Jogo Mini Chave De Fenda E Phillips Precisão 6 Pç Tramontina',","logger":"airflow.task.hooks.airflow.providers.standard.hooks.subprocess.SubprocessHook","filename":"subprocess.py","lineno":99}
{"timestamp":"2026-02-04T22:30:28.844860Z","level":"info","event":" 'memory': 'N/A',","logger":"airflow.task.hooks.airflow.providers.standard.hooks.subprocess.SubprocessHook","filename":"subprocess.py","lineno":99}
{"timestamp":"2026-02-04T22:30:28.844890Z","level":"info","event":" 'price': '22',","logger":"airflow.task.hooks.airflow.providers.standard.hooks.subprocess.SubprocessHook","filename":"subprocess.py","lineno":99}
{"timestamp":"2026-02-04T22:30:28.844919Z","level":"info","event":" 'rating': 'TRAMONTINA',","logger":"airflow.task.hooks.airflow.providers.standard.hooks.subprocess.SubprocessHook","filename":"subprocess.py","lineno":99}
{"timestamp":"2026-02-04T22:30:28.844946Z","level":"info","event":" 'short_title': 'console',","logger":"airflow.task.hooks.airflow.providers.standard.hooks.subprocess.SubprocessHook","filename":"subprocess.py","lineno":99}
{"timestamp":"2026-02-04T22:30:28.844976Z","level":"info","event":" 'site_name': 'mercado_livre',","logger":"airflow.task.hooks.airflow.providers.standard.hooks.subprocess.SubprocessHook","filename":"subprocess.py","lineno":99}
{"timestamp":"2026-02-04T22:30:28.845017Z","level":"info","event":" 'storage': 'N/A'}","logger":"airflow.task.hooks.airflow.providers.standard.hooks.subprocess.SubprocessHook","filename":"subprocess.py","lineno":99}
{"timestamp":"2026-02-04T22:30:34.138018Z","level":"info","event":"2026-02-04 22:30:34 [scrapy.core.engine] DEBUG: Crawled (200) <GET https://lista.mercadolivre.com.br/headset#D%5BA:headset%5D> (referer: None)","logger":"airflow.task.hooks.airflow.providers.standard.hooks.subprocess.SubprocessHook","filename":"subprocess.py","lineno":99}
{"timestamp":"2026-02-04T22:30:34.298592Z","level":"info","event":"2026-02-04 22:30:34 [scrapy.core.scraper] DEBUG: Scraped from <200 https://lista.mercadolivre.com.br/headset>","logger":"airflow.task.hooks.airflow.providers.standard.hooks.subprocess.SubprocessHook","filename":"subprocess.py","lineno":99}
{"timestamp":"2026-02-04T22:30:34.298732Z","level":"info","event":"{'color': 'Black',","logger":"airflow.task.hooks.airflow.providers.standard.hooks.subprocess.SubprocessHook","filename":"subprocess.py","lineno":99}
{"timestamp":"2026-02-04T22:30:34.298774Z","level":"info","event":" 'full_title': 'Headset Blackwire C3220 Usb - Plantronics',","logger":"airflow.task.hooks.airflow.providers.standard.hooks.subprocess.SubprocessHook","filename":"subprocess.py","lineno":99}
{"timestamp":"2026-02-04T22:30:34.298806Z","level":"info","event":" 'memory': 'N/A',","logger":"airflow.task.hooks.airflow.providers.standard.hooks.subprocess.SubprocessHook","filename":"subprocess.py","lineno":99}
{"timestamp":"2026-02-04T22:30:34.299244Z","level":"info","event":" 'price': '257',","logger":"airflow.task.hooks.airflow.providers.standard.hooks.subprocess.SubprocessHook","filename":"subprocess.py","lineno":99}
{"timestamp":"2026-02-04T22:30:34.299308Z","level":"info","event":" 'rating': '4.9',","logger":"airflow.task.hooks.airflow.providers.standard.hooks.subprocess.SubprocessHook","filename":"subprocess.py","lineno":99}
{"timestamp":"2026-02-04T22:30:34.299344Z","level":"info","event":" 'short_title': 'headset',","logger":"airflow.task.hooks.airflow.providers.standard.hooks.subprocess.SubprocessHook","filename":"subprocess.py","lineno":99}
{"timestamp":"2026-02-04T22:30:34.299375Z","level":"info","event":" 'site_name': 'mercado_livre',","logger":"airflow.task.hooks.airflow.providers.standard.hooks.subprocess.SubprocessHook","filename":"subprocess.py","lineno":99}
{"timestamp":"2026-02-04T22:30:34.299404Z","level":"info","event":" 'storage': 'N/A'}","logger":"airflow.task.hooks.airflow.providers.standard.hooks.subprocess.SubprocessHook","filename":"subprocess.py","lineno":99}
{"timestamp":"2026-02-04T22:30:34.307899Z","level":"info","event":"2026-02-04 22:30:34 [scrapy.core.scraper] DEBUG: Scraped from <200 https://lista.mercadolivre.com.br/headset>","logger":"airflow.task.hooks.airflow.providers.standard.hooks.subprocess.SubprocessHook","filename":"subprocess.py","lineno":99}
{"timestamp":"2026-02-04T22:30:34.308040Z","level":"info","event":"{'color': 'Preto',","logger":"airflow.task.hooks.airflow.providers.standard.hooks.subprocess.SubprocessHook","filename":"subprocess.py","lineno":99}
{"timestamp":"2026-02-04T22:30:34.308080Z","level":"info","event":" 'full_title': 'Headset Qcy H3 Anc Adaptativo Bluetooth 5.3 Multiponto 60h Cor '","logger":"airflow.task.hooks.airflow.providers.standard.hooks.subprocess.SubprocessHook","filename":"subprocess.py","lineno":99}
{"timestamp":"2026-02-04T22:30:34.308114Z","level":"info","event":"               'Preto',","logger":"airflow.task.hooks.airflow.providers.standard.hooks.subprocess.SubprocessHook","filename":"subprocess.py","lineno":99}
{"timestamp":"2026-02-04T22:30:34.308145Z","level":"info","event":" 'memory': 'N/A',","logger":"airflow.task.hooks.airflow.providers.standard.hooks.subprocess.SubprocessHook","filename":"subprocess.py","lineno":99}
{"timestamp":"2026-02-04T22:30:34.308173Z","level":"info","event":" 'price': '362',","logger":"airflow.task.hooks.airflow.providers.standard.hooks.subprocess.SubprocessHook","filename":"subprocess.py","lineno":99}
{"timestamp":"2026-02-04T22:30:34.308200Z","level":"info","event":" 'rating': '4.9',","logger":"airflow.task.hooks.airflow.providers.standard.hooks.subprocess.SubprocessHook","filename":"subprocess.py","lineno":99}
{"timestamp":"2026-02-04T22:30:34.308227Z","level":"info","event":" 'short_title': 'headset',","logger":"airflow.task.hooks.airflow.providers.standard.hooks.subprocess.SubprocessHook","filename":"subprocess.py","lineno":99}
{"timestamp":"2026-02-04T22:30:34.308253Z","level":"info","event":" 'site_name': 'mercado_livre',","logger":"airflow.task.hooks.airflow.providers.standard.hooks.subprocess.SubprocessHook","filename":"subprocess.py","lineno":99}
{"timestamp":"2026-02-04T22:30:34.308280Z","level":"info","event":" 'storage': 'N/A'}","logger":"airflow.task.hooks.airflow.providers.standard.hooks.subprocess.SubprocessHook","filename":"subprocess.py","lineno":99}
{"timestamp":"2026-02-04T22:30:34.309705Z","level":"info","event":"2026-02-04 22:30:34 [scrapy.core.scraper] DEBUG: Scraped from <200 https://lista.mercadolivre.com.br/headset>","logger":"airflow.task.hooks.airflow.providers.standard.hooks.subprocess.SubprocessHook","filename":"subprocess.py","lineno":99}
{"timestamp":"2026-02-04T22:30:34.309781Z","level":"info","event":"{'color': 'Preto',","logger":"airflow.task.hooks.airflow.providers.standard.hooks.subprocess.SubprocessHook","filename":"subprocess.py","lineno":99}
{"timestamp":"2026-02-04T22:30:34.309819Z","level":"info","event":" 'full_title': 'Headset Redragon Zeus Lite Preto P3 H510-lt Preto',","logger":"airflow.task.hooks.airflow.providers.standard.hooks.subprocess.SubprocessHook","filename":"subprocess.py","lineno":99}
{"timestamp":"2026-02-04T22:30:34.309850Z","level":"info","event":" 'memory': 'N/A',","logger":"airflow.task.hooks.airflow.providers.standard.hooks.subprocess.SubprocessHook","filename":"subprocess.py","lineno":99}
{"timestamp":"2026-02-04T22:30:34.310195Z","level":"info","event":" 'price': '209',","logger":"airflow.task.hooks.airflow.providers.standard.hooks.subprocess.SubprocessHook","filename":"subprocess.py","lineno":99}
{"timestamp":"2026-02-04T22:30:34.310246Z","level":"info","event":" 'rating': '4.9',","logger":"airflow.task.hooks.airflow.providers.standard.hooks.subprocess.SubprocessHook","filename":"subprocess.py","lineno":99}
{"timestamp":"2026-02-04T22:30:34.310278Z","level":"info","event":" 'short_title': 'headset',","logger":"airflow.task.hooks.airflow.providers.standard.hooks.subprocess.SubprocessHook","filename":"subprocess.py","lineno":99}
{"timestamp":"2026-02-04T22:30:34.310343Z","level":"info","event":" 'site_name': 'mercado_livre',","logger":"airflow.task.hooks.airflow.providers.standard.hooks.subprocess.SubprocessHook","filename":"subprocess.py","lineno":99}
{"timestamp":"2026-02-04T22:30:34.310387Z","level":"info","event":" 'storage': 'N/A'}","logger":"airflow.task.hooks.airflow.providers.standard.hooks.subprocess.SubprocessHook","filename":"subprocess.py","lineno":99}
{"timestamp":"2026-02-04T22:30:34.310989Z","level":"info","event":"2026-02-04 22:30:34 [scrapy.core.scraper] DEBUG: Scraped from <200 https://lista.mercadolivre.com.br/headset>","logger":"airflow.task.hooks.airflow.providers.standard.hooks.subprocess.SubprocessHook","filename":"subprocess.py","lineno":99}
{"timestamp":"2026-02-04T22:30:34.311086Z","level":"info","event":"{'color': 'Preto',","logger":"airflow.task.hooks.airflow.providers.standard.hooks.subprocess.SubprocessHook","filename":"subprocess.py","lineno":99}
{"timestamp":"2026-02-04T22:30:34.311159Z","level":"info","event":" 'full_title': 'JBL Fone de Ouvido On ear Tune 720BT Preto',","logger":"airflow.task.hooks.airflow.providers.standard.hooks.subprocess.SubprocessHook","filename":"subprocess.py","lineno":99}
{"timestamp":"2026-02-04T22:30:34.311197Z","level":"info","event":" 'memory': 'N/A',","logger":"airflow.task.hooks.airflow.providers.standard.hooks.subprocess.SubprocessHook","filename":"subprocess.py","lineno":99}
{"timestamp":"2026-02-04T22:30:34.311228Z","level":"info","event":" 'price': '439',","logger":"airflow.task.hooks.airflow.providers.standard.hooks.subprocess.SubprocessHook","filename":"subprocess.py","lineno":99}
{"timestamp":"2026-02-04T22:30:34.311257Z","level":"info","event":" 'rating': '4.9',","logger":"airflow.task.hooks.airflow.providers.standard.hooks.subprocess.SubprocessHook","filename":"subprocess.py","lineno":99}
{"timestamp":"2026-02-04T22:30:34.311285Z","level":"info","event":" 'short_title': 'headset',","logger":"airflow.task.hooks.airflow.providers.standard.hooks.subprocess.SubprocessHook","filename":"subprocess.py","lineno":99}
{"timestamp":"2026-02-04T22:30:34.311735Z","level":"info","event":" 'site_name': 'mercado_livre',","logger":"airflow.task.hooks.airflow.providers.standard.hooks.subprocess.SubprocessHook","filename":"subprocess.py","lineno":99}
{"timestamp":"2026-02-04T22:30:34.311772Z","level":"info","event":" 'storage': 'N/A'}","logger":"airflow.task.hooks.airflow.providers.standard.hooks.subprocess.SubprocessHook","filename":"subprocess.py","lineno":99}
{"timestamp":"2026-02-04T22:30:34.312818Z","level":"info","event":"2026-02-04 22:30:34 [scrapy.core.scraper] DEBUG: Scraped from <200 https://lista.mercadolivre.com.br/headset>","logger":"airflow.task.hooks.airflow.providers.standard.hooks.subprocess.SubprocessHook","filename":"subprocess.py","lineno":99}
{"timestamp":"2026-02-04T22:30:34.312918Z","level":"info","event":"{'color': 'Preto',","logger":"airflow.task.hooks.airflow.providers.standard.hooks.subprocess.SubprocessHook","filename":"subprocess.py","lineno":99}
{"timestamp":"2026-02-04T22:30:34.312981Z","level":"info","event":" 'full_title': 'Headset Com Microfone Ajustável Cabo P2 2,5 Metros Over-ear '","logger":"airflow.task.hooks.airflow.providers.standard.hooks.subprocess.SubprocessHook","filename":"subprocess.py","lineno":99}
{"timestamp":"2026-02-04T22:30:34.313021Z","level":"info","event":"               'Rgb Headphone Confortável Ergônomico USB P/ Celular Pc Ps4 '","logger":"airflow.task.hooks.airflow.providers.standard.hooks.subprocess.SubprocessHook","filename":"subprocess.py","lineno":99}
{"timestamp":"2026-02-04T22:30:34.313055Z","level":"info","event":"               'Notebook Console Cor Preto Woosh',","logger":"airflow.task.hooks.airflow.providers.standard.hooks.subprocess.SubprocessHook","filename":"subprocess.py","lineno":99}
{"timestamp":"2026-02-04T22:30:34.313102Z","level":"info","event":" 'memory': 'N/A',","logger":"airflow.task.hooks.airflow.providers.standard.hooks.subprocess.SubprocessHook","filename":"subprocess.py","lineno":99}
{"timestamp":"2026-02-04T22:30:34.313135Z","level":"info","event":" 'price': '48',","logger":"airflow.task.hooks.airflow.providers.standard.hooks.subprocess.SubprocessHook","filename":"subprocess.py","lineno":99}
{"timestamp":"2026-02-04T22:30:34.313173Z","level":"info","event":" 'rating': '4.5',","logger":"airflow.task.hooks.airflow.providers.standard.hooks.subprocess.SubprocessHook","filename":"subprocess.py","lineno":99}
{"timestamp":"2026-02-04T22:30:34.313207Z","level":"info","event":" 'short_title': 'headset',","logger":"airflow.task.hooks.airflow.providers.standard.hooks.subprocess.SubprocessHook","filename":"subprocess.py","lineno":99}
{"timestamp":"2026-02-04T22:30:34.313249Z","level":"info","event":" 'site_name': 'mercado_livre',","logger":"airflow.task.hooks.airflow.providers.standard.hooks.subprocess.SubprocessHook","filename":"subprocess.py","lineno":99}
{"timestamp":"2026-02-04T22:30:34.313283Z","level":"info","event":" 'storage': 'N/A'}","logger":"airflow.task.hooks.airflow.providers.standard.hooks.subprocess.SubprocessHook","filename":"subprocess.py","lineno":99}
{"timestamp":"2026-02-04T22:30:34.314401Z","level":"info","event":"2026-02-04 22:30:34 [scrapy.core.scraper] DEBUG: Scraped from <200 https://lista.mercadolivre.com.br/headset>","logger":"airflow.task.hooks.airflow.providers.standard.hooks.subprocess.SubprocessHook","filename":"subprocess.py","lineno":99}
{"timestamp":"2026-02-04T22:30:34.314541Z","level":"info","event":"{'color': 'Black',","logger":"airflow.task.hooks.airflow.providers.standard.hooks.subprocess.SubprocessHook","filename":"subprocess.py","lineno":99}
{"timestamp":"2026-02-04T22:30:34.314611Z","level":"info","event":" 'full_title': 'Fone de ouvido Plantronics Blackwire C3220 USB Tipo A e Tipo C',","logger":"airflow.task.hooks.airflow.providers.standard.hooks.subprocess.SubprocessHook","filename":"subprocess.py","lineno":99}
{"timestamp":"2026-02-04T22:30:34.314648Z","level":"info","event":" 'memory': 'N/A',","logger":"airflow.task.hooks.airflow.providers.standard.hooks.subprocess.SubprocessHook","filename":"subprocess.py","lineno":99}
{"timestamp":"2026-02-04T22:30:34.314678Z","level":"info","event":" 'price': '257',","logger":"airflow.task.hooks.airflow.providers.standard.hooks.subprocess.SubprocessHook","filename":"subprocess.py","lineno":99}
{"timestamp":"2026-02-04T22:30:34.314706Z","level":"info","event":" 'rating': '4.9',","logger":"airflow.task.hooks.airflow.providers.standard.hooks.subprocess.SubprocessHook","filename":"subprocess.py","lineno":99}
{"timestamp":"2026-02-04T22:30:34.314748Z","level":"info","event":" 'short_title': 'headset',","logger":"airflow.task.hooks.airflow.providers.standard.hooks.subprocess.SubprocessHook","filename":"subprocess.py","lineno":99}
{"timestamp":"2026-02-04T22:30:34.314802Z","level":"info","event":" 'site_name': 'mercado_livre',","logger":"airflow.task.hooks.airflow.providers.standard.hooks.subprocess.SubprocessHook","filename":"subprocess.py","lineno":99}
{"timestamp":"2026-02-04T22:30:34.314859Z","level":"info","event":" 'storage': 'N/A'}","logger":"airflow.task.hooks.airflow.providers.standard.hooks.subprocess.SubprocessHook","filename":"subprocess.py","lineno":99}
{"timestamp":"2026-02-04T22:30:34.316261Z","level":"info","event":"2026-02-04 22:30:34 [scrapy.core.scraper] DEBUG: Scraped from <200 https://lista.mercadolivre.com.br/headset>","logger":"airflow.task.hooks.airflow.providers.standard.hooks.subprocess.SubprocessHook","filename":"subprocess.py","lineno":99}
{"timestamp":"2026-02-04T22:30:34.316394Z","level":"info","event":"{'color': 'N/A',","logger":"airflow.task.hooks.airflow.providers.standard.hooks.subprocess.SubprocessHook","filename":"subprocess.py","lineno":99}
{"timestamp":"2026-02-04T22:30:34.316448Z","level":"info","event":" 'full_title': 'Fone De Ouvido Headset Rgb Led Pc Computador Vídeogame',","logger":"airflow.task.hooks.airflow.providers.standard.hooks.subprocess.SubprocessHook","filename":"subprocess.py","lineno":99}
{"timestamp":"2026-02-04T22:30:34.316487Z","level":"info","event":" 'memory': 'N/A',","logger":"airflow.task.hooks.airflow.providers.standard.hooks.subprocess.SubprocessHook","filename":"subprocess.py","lineno":99}
{"timestamp":"2026-02-04T22:30:34.316520Z","level":"info","event":" 'price': '157',","logger":"airflow.task.hooks.airflow.providers.standard.hooks.subprocess.SubprocessHook","filename":"subprocess.py","lineno":99}
{"timestamp":"2026-02-04T22:30:34.316549Z","level":"info","event":" 'rating': '4.6',","logger":"airflow.task.hooks.airflow.providers.standard.hooks.subprocess.SubprocessHook","filename":"subprocess.py","lineno":99}
{"timestamp":"2026-02-04T22:30:34.316577Z","level":"info","event":" 'short_title': 'headset',","logger":"airflow.task.hooks.airflow.providers.standard.hooks.subprocess.SubprocessHook","filename":"subprocess.py","lineno":99}
{"timestamp":"2026-02-04T22:30:34.316605Z","level":"info","event":" 'site_name': 'mercado_livre',","logger":"airflow.task.hooks.airflow.providers.standard.hooks.subprocess.SubprocessHook","filename":"subprocess.py","lineno":99}
{"timestamp":"2026-02-04T22:30:34.316633Z","level":"info","event":" 'storage': 'N/A'}","logger":"airflow.task.hooks.airflow.providers.standard.hooks.subprocess.SubprocessHook","filename":"subprocess.py","lineno":99}
{"timestamp":"2026-02-04T22:30:34.318120Z","level":"info","event":"2026-02-04 22:30:34 [scrapy.core.scraper] DEBUG: Scraped from <200 https://lista.mercadolivre.com.br/headset>","logger":"airflow.task.hooks.airflow.providers.standard.hooks.subprocess.SubprocessHook","filename":"subprocess.py","lineno":99}
{"timestamp":"2026-02-04T22:30:34.318210Z","level":"info","event":"{'color': 'Preto',","logger":"airflow.task.hooks.airflow.providers.standard.hooks.subprocess.SubprocessHook","filename":"subprocess.py","lineno":99}
{"timestamp":"2026-02-04T22:30:34.318251Z","level":"info","event":" 'full_title': 'Fone De Ouvido Bluetooth Sem Fio Regulável P47 Corrida '","logger":"airflow.task.hooks.airflow.providers.standard.hooks.subprocess.SubprocessHook","filename":"subprocess.py","lineno":99}
{"timestamp":"2026-02-04T22:30:34.318329Z","level":"info","event":"               'Caminhada Treino Academia Entrada Jogo P2 Mp3 Wireless Para '","logger":"airflow.task.hooks.airflow.providers.standard.hooks.subprocess.SubprocessHook","filename":"subprocess.py","lineno":99}
{"timestamp":"2026-02-04T22:30:34.318394Z","level":"info","event":"               'Smartphone Celular Pc Desktop Headphone Com Microfone Áudio '","logger":"airflow.task.hooks.airflow.providers.standard.hooks.subprocess.SubprocessHook","filename":"subprocess.py","lineno":99}
{"timestamp":"2026-02-04T22:30:34.318432Z","level":"info","event":"               'Potente Lfal Preto',","logger":"airflow.task.hooks.airflow.providers.standard.hooks.subprocess.SubprocessHook","filename":"subprocess.py","lineno":99}
{"timestamp":"2026-02-04T22:30:34.318464Z","level":"info","event":" 'memory': 'N/A',","logger":"airflow.task.hooks.airflow.providers.standard.hooks.subprocess.SubprocessHook","filename":"subprocess.py","lineno":99}
{"timestamp":"2026-02-04T22:30:34.318494Z","level":"info","event":" 'price': '34',","logger":"airflow.task.hooks.airflow.providers.standard.hooks.subprocess.SubprocessHook","filename":"subprocess.py","lineno":99}
{"timestamp":"2026-02-04T22:30:34.318523Z","level":"info","event":" 'rating': '4.6',","logger":"airflow.task.hooks.airflow.providers.standard.hooks.subprocess.SubprocessHook","filename":"subprocess.py","lineno":99}
{"timestamp":"2026-02-04T22:30:34.318551Z","level":"info","event":" 'short_title': 'headset',","logger":"airflow.task.hooks.airflow.providers.standard.hooks.subprocess.SubprocessHook","filename":"subprocess.py","lineno":99}
{"timestamp":"2026-02-04T22:30:34.318579Z","level":"info","event":" 'site_name': 'mercado_livre',","logger":"airflow.task.hooks.airflow.providers.standard.hooks.subprocess.SubprocessHook","filename":"subprocess.py","lineno":99}
{"timestamp":"2026-02-04T22:30:34.318606Z","level":"info","event":" 'storage': 'N/A'}","logger":"airflow.task.hooks.airflow.providers.standard.hooks.subprocess.SubprocessHook","filename":"subprocess.py","lineno":99}
{"timestamp":"2026-02-04T22:30:34.319467Z","level":"info","event":"2026-02-04 22:30:34 [scrapy.core.scraper] DEBUG: Scraped from <200 https://lista.mercadolivre.com.br/headset>","logger":"airflow.task.hooks.airflow.providers.standard.hooks.subprocess.SubprocessHook","filename":"subprocess.py","lineno":99}
{"timestamp":"2026-02-04T22:30:34.319560Z","level":"info","event":"{'color': 'Branco',","logger":"airflow.task.hooks.airflow.providers.standard.hooks.subprocess.SubprocessHook","filename":"subprocess.py","lineno":99}
{"timestamp":"2026-02-04T22:30:34.319616Z","level":"info","event":" 'full_title': 'Headset Havit Gamenote H2002d Mic Removível Branco',","logger":"airflow.task.hooks.airflow.providers.standard.hooks.subprocess.SubprocessHook","filename":"subprocess.py","lineno":99}
{"timestamp":"2026-02-04T22:30:34.319655Z","level":"info","event":" 'memory': 'N/A',","logger":"airflow.task.hooks.airflow.providers.standard.hooks.subprocess.SubprocessHook","filename":"subprocess.py","lineno":99}
{"timestamp":"2026-02-04T22:30:34.319687Z","level":"info","event":" 'price': '259',","logger":"airflow.task.hooks.airflow.providers.standard.hooks.subprocess.SubprocessHook","filename":"subprocess.py","lineno":99}
{"timestamp":"2026-02-04T22:30:34.319717Z","level":"info","event":" 'rating': '4.8',","logger":"airflow.task.hooks.airflow.providers.standard.hooks.subprocess.SubprocessHook","filename":"subprocess.py","lineno":99}
{"timestamp":"2026-02-04T22:30:34.319745Z","level":"info","event":" 'short_title': 'headset',","logger":"airflow.task.hooks.airflow.providers.standard.hooks.subprocess.SubprocessHook","filename":"subprocess.py","lineno":99}
{"timestamp":"2026-02-04T22:30:34.319772Z","level":"info","event":" 'site_name': 'mercado_livre',","logger":"airflow.task.hooks.airflow.providers.standard.hooks.subprocess.SubprocessHook","filename":"subprocess.py","lineno":99}
{"timestamp":"2026-02-04T22:30:34.319798Z","level":"info","event":" 'storage': 'N/A'}","logger":"airflow.task.hooks.airflow.providers.standard.hooks.subprocess.SubprocessHook","filename":"subprocess.py","lineno":99}
{"timestamp":"2026-02-04T22:30:34.320889Z","level":"info","event":"2026-02-04 22:30:34 [scrapy.core.scraper] DEBUG: Scraped from <200 https://lista.mercadolivre.com.br/headset>","logger":"airflow.task.hooks.airflow.providers.standard.hooks.subprocess.SubprocessHook","filename":"subprocess.py","lineno":99}
{"timestamp":"2026-02-04T22:30:34.320981Z","level":"info","event":"{'color': 'Preto',","logger":"airflow.task.hooks.airflow.providers.standard.hooks.subprocess.SubprocessHook","filename":"subprocess.py","lineno":99}
{"timestamp":"2026-02-04T22:30:34.321033Z","level":"info","event":" 'full_title': 'Headset Biauricular Whs 60 Duo Usb Preto - Intelbras',","logger":"airflow.task.hooks.airflow.providers.standard.hooks.subprocess.SubprocessHook","filename":"subprocess.py","lineno":99}
{"timestamp":"2026-02-04T22:30:34.321069Z","level":"info","event":" 'memory': 'N/A',","logger":"airflow.task.hooks.airflow.providers.standard.hooks.subprocess.SubprocessHook","filename":"subprocess.py","lineno":99}
{"timestamp":"2026-02-04T22:30:34.321100Z","level":"info","event":" 'price': '137',","logger":"airflow.task.hooks.airflow.providers.standard.hooks.subprocess.SubprocessHook","filename":"subprocess.py","lineno":99}
{"timestamp":"2026-02-04T22:30:34.321128Z","level":"info","event":" 'rating': '4.9',","logger":"airflow.task.hooks.airflow.providers.standard.hooks.subprocess.SubprocessHook","filename":"subprocess.py","lineno":99}
{"timestamp":"2026-02-04T22:30:34.321156Z","level":"info","event":" 'short_title': 'headset',","logger":"airflow.task.hooks.airflow.providers.standard.hooks.subprocess.SubprocessHook","filename":"subprocess.py","lineno":99}
{"timestamp":"2026-02-04T22:30:34.321183Z","level":"info","event":" 'site_name': 'mercado_livre',","logger":"airflow.task.hooks.airflow.providers.standard.hooks.subprocess.SubprocessHook","filename":"subprocess.py","lineno":99}
{"timestamp":"2026-02-04T22:30:34.321211Z","level":"info","event":" 'storage': 'N/A'}","logger":"airflow.task.hooks.airflow.providers.standard.hooks.subprocess.SubprocessHook","filename":"subprocess.py","lineno":99}
{"timestamp":"2026-02-04T22:30:34.322525Z","level":"info","event":"2026-02-04 22:30:34 [scrapy.core.scraper] DEBUG: Scraped from <200 https://lista.mercadolivre.com.br/headset>","logger":"airflow.task.hooks.airflow.providers.standard.hooks.subprocess.SubprocessHook","filename":"subprocess.py","lineno":99}
{"timestamp":"2026-02-04T22:30:34.322637Z","level":"info","event":"{'color': 'N/A',","logger":"airflow.task.hooks.airflow.providers.standard.hooks.subprocess.SubprocessHook","filename":"subprocess.py","lineno":99}
{"timestamp":"2026-02-04T22:30:34.322702Z","level":"info","event":" 'full_title': 'Fone Ouvido Headset Led Pc Celular Ps4 Ps5 Xbox Rgb',","logger":"airflow.task.hooks.airflow.providers.standard.hooks.subprocess.SubprocessHook","filename":"subprocess.py","lineno":99}
{"timestamp":"2026-02-04T22:30:34.322749Z","level":"info","event":" 'memory': 'N/A',","logger":"airflow.task.hooks.airflow.providers.standard.hooks.subprocess.SubprocessHook","filename":"subprocess.py","lineno":99}
{"timestamp":"2026-02-04T22:30:34.322788Z","level":"info","event":" 'price': '159',","logger":"airflow.task.hooks.airflow.providers.standard.hooks.subprocess.SubprocessHook","filename":"subprocess.py","lineno":99}
{"timestamp":"2026-02-04T22:30:34.322823Z","level":"info","event":" 'rating': '4.9',","logger":"airflow.task.hooks.airflow.providers.standard.hooks.subprocess.SubprocessHook","filename":"subprocess.py","lineno":99}
{"timestamp":"2026-02-04T22:30:34.322858Z","level":"info","event":" 'short_title': 'headset',","logger":"airflow.task.hooks.airflow.providers.standard.hooks.subprocess.SubprocessHook","filename":"subprocess.py","lineno":99}
{"timestamp":"2026-02-04T22:30:34.322892Z","level":"info","event":" 'site_name': 'mercado_livre',","logger":"airflow.task.hooks.airflow.providers.standard.hooks.subprocess.SubprocessHook","filename":"subprocess.py","lineno":99}
{"timestamp":"2026-02-04T22:30:34.322964Z","level":"info","event":" 'storage': 'N/A'}","logger":"airflow.task.hooks.airflow.providers.standard.hooks.subprocess.SubprocessHook","filename":"subprocess.py","lineno":99}
{"timestamp":"2026-02-04T22:30:34.323816Z","level":"info","event":"2026-02-04 22:30:34 [scrapy.core.scraper] DEBUG: Scraped from <200 https://lista.mercadolivre.com.br/headset>","logger":"airflow.task.hooks.airflow.providers.standard.hooks.subprocess.SubprocessHook","filename":"subprocess.py","lineno":99}
{"timestamp":"2026-02-04T22:30:34.323961Z","level":"info","event":"{'color': 'N/A',","logger":"airflow.task.hooks.airflow.providers.standard.hooks.subprocess.SubprocessHook","filename":"subprocess.py","lineno":99}
{"timestamp":"2026-02-04T22:30:34.324015Z","level":"info","event":" 'full_title': 'Wireless Headset Binnune Bw01 Usb Fone Três-mode 2.4g',","logger":"airflow.task.hooks.airflow.providers.standard.hooks.subprocess.SubprocessHook","filename":"subprocess.py","lineno":99}
{"timestamp":"2026-02-04T22:30:34.324050Z","level":"info","event":" 'memory': 'N/A',","logger":"airflow.task.hooks.airflow.providers.standard.hooks.subprocess.SubprocessHook","filename":"subprocess.py","lineno":99}
{"timestamp":"2026-02-04T22:30:34.324083Z","level":"info","event":" 'price': '450',","logger":"airflow.task.hooks.airflow.providers.standard.hooks.subprocess.SubprocessHook","filename":"subprocess.py","lineno":99}
{"timestamp":"2026-02-04T22:30:34.324111Z","level":"info","event":" 'rating': '5.0',","logger":"airflow.task.hooks.airflow.providers.standard.hooks.subprocess.SubprocessHook","filename":"subprocess.py","lineno":99}
{"timestamp":"2026-02-04T22:30:34.324138Z","level":"info","event":" 'short_title': 'headset',","logger":"airflow.task.hooks.airflow.providers.standard.hooks.subprocess.SubprocessHook","filename":"subprocess.py","lineno":99}
{"timestamp":"2026-02-04T22:30:34.324164Z","level":"info","event":" 'site_name': 'mercado_livre',","logger":"airflow.task.hooks.airflow.providers.standard.hooks.subprocess.SubprocessHook","filename":"subprocess.py","lineno":99}
{"timestamp":"2026-02-04T22:30:34.324191Z","level":"info","event":" 'storage': 'N/A'}","logger":"airflow.task.hooks.airflow.providers.standard.hooks.subprocess.SubprocessHook","filename":"subprocess.py","lineno":99}
{"timestamp":"2026-02-04T22:30:34.325422Z","level":"info","event":"2026-02-04 22:30:34 [scrapy.core.scraper] DEBUG: Scraped from <200 https://lista.mercadolivre.com.br/headset>","logger":"airflow.task.hooks.airflow.providers.standard.hooks.subprocess.SubprocessHook","filename":"subprocess.py","lineno":99}
{"timestamp":"2026-02-04T22:30:34.325513Z","level":"info","event":"{'color': 'Preto',","logger":"airflow.task.hooks.airflow.providers.standard.hooks.subprocess.SubprocessHook","filename":"subprocess.py","lineno":99}
{"timestamp":"2026-02-04T22:30:34.325566Z","level":"info","event":" 'full_title': 'Headset Wireless Warrior - Ph703 Preto',","logger":"airflow.task.hooks.airflow.providers.standard.hooks.subprocess.SubprocessHook","filename":"subprocess.py","lineno":99}
{"timestamp":"2026-02-04T22:30:34.325604Z","level":"info","event":" 'memory': 'N/A',","logger":"airflow.task.hooks.airflow.providers.standard.hooks.subprocess.SubprocessHook","filename":"subprocess.py","lineno":99}
{"timestamp":"2026-02-04T22:30:34.325635Z","level":"info","event":" 'price': '259',","logger":"airflow.task.hooks.airflow.providers.standard.hooks.subprocess.SubprocessHook","filename":"subprocess.py","lineno":99}
{"timestamp":"2026-02-04T22:30:34.325665Z","level":"info","event":" 'rating': '5.0',","logger":"airflow.task.hooks.airflow.providers.standard.hooks.subprocess.SubprocessHook","filename":"subprocess.py","lineno":99}
{"timestamp":"2026-02-04T22:30:34.325692Z","level":"info","event":" 'short_title': 'headset',","logger":"airflow.task.hooks.airflow.providers.standard.hooks.subprocess.SubprocessHook","filename":"subprocess.py","lineno":99}
{"timestamp":"2026-02-04T22:30:34.325719Z","level":"info","event":" 'site_name': 'mercado_livre',","logger":"airflow.task.hooks.airflow.providers.standard.hooks.subprocess.SubprocessHook","filename":"subprocess.py","lineno":99}
{"timestamp":"2026-02-04T22:30:34.325746Z","level":"info","event":" 'storage': 'N/A'}","logger":"airflow.task.hooks.airflow.providers.standard.hooks.subprocess.SubprocessHook","filename":"subprocess.py","lineno":99}
{"timestamp":"2026-02-04T22:30:34.327047Z","level":"info","event":"2026-02-04 22:30:34 [scrapy.core.scraper] DEBUG: Scraped from <200 https://lista.mercadolivre.com.br/headset>","logger":"airflow.task.hooks.airflow.providers.standard.hooks.subprocess.SubprocessHook","filename":"subprocess.py","lineno":99}
{"timestamp":"2026-02-04T22:30:34.327232Z","level":"info","event":"{'color': 'Preto',","logger":"airflow.task.hooks.airflow.providers.standard.hooks.subprocess.SubprocessHook","filename":"subprocess.py","lineno":99}
{"timestamp":"2026-02-04T22:30:34.327303Z","level":"info","event":" 'full_title': 'Fone Headset C/ Luz Led P/ Celular Jogar Free Fire Cor Preto '","logger":"airflow.task.hooks.airflow.providers.standard.hooks.subprocess.SubprocessHook","filename":"subprocess.py","lineno":99}
{"timestamp":"2026-02-04T22:30:34.327344Z","level":"info","event":"               'Cor da luz Rainbow',","logger":"airflow.task.hooks.airflow.providers.standard.hooks.subprocess.SubprocessHook","filename":"subprocess.py","lineno":99}
{"timestamp":"2026-02-04T22:30:34.327377Z","level":"info","event":" 'memory': 'N/A',","logger":"airflow.task.hooks.airflow.providers.standard.hooks.subprocess.SubprocessHook","filename":"subprocess.py","lineno":99}
{"timestamp":"2026-02-04T22:30:34.327406Z","level":"info","event":" 'price': '48',","logger":"airflow.task.hooks.airflow.providers.standard.hooks.subprocess.SubprocessHook","filename":"subprocess.py","lineno":99}
{"timestamp":"2026-02-04T22:30:34.327434Z","level":"info","event":" 'rating': '4.7',","logger":"airflow.task.hooks.airflow.providers.standard.hooks.subprocess.SubprocessHook","filename":"subprocess.py","lineno":99}
{"timestamp":"2026-02-04T22:30:34.327461Z","level":"info","event":" 'short_title': 'headset',","logger":"airflow.task.hooks.airflow.providers.standard.hooks.subprocess.SubprocessHook","filename":"subprocess.py","lineno":99}
{"timestamp":"2026-02-04T22:30:34.327489Z","level":"info","event":" 'site_name': 'mercado_livre',","logger":"airflow.task.hooks.airflow.providers.standard.hooks.subprocess.SubprocessHook","filename":"subprocess.py","lineno":99}
{"timestamp":"2026-02-04T22:30:34.327516Z","level":"info","event":" 'storage': 'N/A'}","logger":"airflow.task.hooks.airflow.providers.standard.hooks.subprocess.SubprocessHook","filename":"subprocess.py","lineno":99}
{"timestamp":"2026-02-04T22:30:34.328795Z","level":"info","event":"2026-02-04 22:30:34 [scrapy.core.scraper] DEBUG: Scraped from <200 https://lista.mercadolivre.com.br/headset>","logger":"airflow.task.hooks.airflow.providers.standard.hooks.subprocess.SubprocessHook","filename":"subprocess.py","lineno":99}
{"timestamp":"2026-02-04T22:30:34.328882Z","level":"info","event":"{'color': 'Preto',","logger":"airflow.task.hooks.airflow.providers.standard.hooks.subprocess.SubprocessHook","filename":"subprocess.py","lineno":99}
{"timestamp":"2026-02-04T22:30:34.328932Z","level":"info","event":" 'full_title': 'Headset com fio USB Logitech H390 Preto',","logger":"airflow.task.hooks.airflow.providers.standard.hooks.subprocess.SubprocessHook","filename":"subprocess.py","lineno":99}
{"timestamp":"2026-02-04T22:30:34.328966Z","level":"info","event":" 'memory': 'N/A',","logger":"airflow.task.hooks.airflow.providers.standard.hooks.subprocess.SubprocessHook","filename":"subprocess.py","lineno":99}
{"timestamp":"2026-02-04T22:30:34.328996Z","level":"info","event":" 'price': '229',","logger":"airflow.task.hooks.airflow.providers.standard.hooks.subprocess.SubprocessHook","filename":"subprocess.py","lineno":99}
{"timestamp":"2026-02-04T22:30:34.329024Z","level":"info","event":" 'rating': '4.8',","logger":"airflow.task.hooks.airflow.providers.standard.hooks.subprocess.SubprocessHook","filename":"subprocess.py","lineno":99}
{"timestamp":"2026-02-04T22:30:34.329051Z","level":"info","event":" 'short_title': 'headset',","logger":"airflow.task.hooks.airflow.providers.standard.hooks.subprocess.SubprocessHook","filename":"subprocess.py","lineno":99}
{"timestamp":"2026-02-04T22:30:34.329078Z","level":"info","event":" 'site_name': 'mercado_livre',","logger":"airflow.task.hooks.airflow.providers.standard.hooks.subprocess.SubprocessHook","filename":"subprocess.py","lineno":99}
{"timestamp":"2026-02-04T22:30:34.329105Z","level":"info","event":" 'storage': 'N/A'}","logger":"airflow.task.hooks.airflow.providers.standard.hooks.subprocess.SubprocessHook","filename":"subprocess.py","lineno":99}
{"timestamp":"2026-02-04T22:30:34.330429Z","level":"info","event":"2026-02-04 22:30:34 [scrapy.core.scraper] DEBUG: Scraped from <200 https://lista.mercadolivre.com.br/headset>","logger":"airflow.task.hooks.airflow.providers.standard.hooks.subprocess.SubprocessHook","filename":"subprocess.py","lineno":99}
{"timestamp":"2026-02-04T22:30:34.330524Z","level":"info","event":"{'color': 'N/A',","logger":"airflow.task.hooks.airflow.providers.standard.hooks.subprocess.SubprocessHook","filename":"subprocess.py","lineno":99}
{"timestamp":"2026-02-04T22:30:34.330575Z","level":"info","event":" 'full_title': 'Fone De Ouvido Headset Office Usb Microfone Reunião Empresa '","logger":"airflow.task.hooks.airflow.providers.standard.hooks.subprocess.SubprocessHook","filename":"subprocess.py","lineno":99}
{"timestamp":"2026-02-04T22:30:34.330610Z","level":"info","event":"               'Call Computador Telefone Pc Notebook Microfone Para Reunião '","logger":"airflow.task.hooks.airflow.providers.standard.hooks.subprocess.SubprocessHook","filename":"subprocess.py","lineno":99}
{"timestamp":"2026-02-04T22:30:34.330642Z","level":"info","event":"               'Home Office Jogos Trabalho Empresa Marca Voreon',","logger":"airflow.task.hooks.airflow.providers.standard.hooks.subprocess.SubprocessHook","filename":"subprocess.py","lineno":99}
{"timestamp":"2026-02-04T22:30:34.330671Z","level":"info","event":" 'memory': 'N/A',","logger":"airflow.task.hooks.airflow.providers.standard.hooks.subprocess.SubprocessHook","filename":"subprocess.py","lineno":99}
{"timestamp":"2026-02-04T22:30:34.330699Z","level":"info","event":" 'price': '62',","logger":"airflow.task.hooks.airflow.providers.standard.hooks.subprocess.SubprocessHook","filename":"subprocess.py","lineno":99}
{"timestamp":"2026-02-04T22:30:34.330725Z","level":"info","event":" 'rating': '4.6',","logger":"airflow.task.hooks.airflow.providers.standard.hooks.subprocess.SubprocessHook","filename":"subprocess.py","lineno":99}
{"timestamp":"2026-02-04T22:30:34.330752Z","level":"info","event":" 'short_title': 'headset',","logger":"airflow.task.hooks.airflow.providers.standard.hooks.subprocess.SubprocessHook","filename":"subprocess.py","lineno":99}
{"timestamp":"2026-02-04T22:30:34.330779Z","level":"info","event":" 'site_name': 'mercado_livre',","logger":"airflow.task.hooks.airflow.providers.standard.hooks.subprocess.SubprocessHook","filename":"subprocess.py","lineno":99}
{"timestamp":"2026-02-04T22:30:34.330805Z","level":"info","event":" 'storage': 'N/A'}","logger":"airflow.task.hooks.airflow.providers.standard.hooks.subprocess.SubprocessHook","filename":"subprocess.py","lineno":99}
{"timestamp":"2026-02-04T22:30:34.332228Z","level":"info","event":"2026-02-04 22:30:34 [scrapy.core.scraper] DEBUG: Scraped from <200 https://lista.mercadolivre.com.br/headset>","logger":"airflow.task.hooks.airflow.providers.standard.hooks.subprocess.SubprocessHook","filename":"subprocess.py","lineno":99}
{"timestamp":"2026-02-04T22:30:34.332326Z","level":"info","event":"{'color': 'N/A',","logger":"airflow.task.hooks.airflow.providers.standard.hooks.subprocess.SubprocessHook","filename":"subprocess.py","lineno":99}
{"timestamp":"2026-02-04T22:30:34.332378Z","level":"info","event":" 'full_title': 'Fone De Ouvido Headset Microfone Flexível Iluminação Led Pc '","logger":"airflow.task.hooks.airflow.providers.standard.hooks.subprocess.SubprocessHook","filename":"subprocess.py","lineno":99}
{"timestamp":"2026-02-04T22:30:34.332413Z","level":"info","event":"               'Notebook Mac Celular Smartphone 40mm Super Confortável '","logger":"airflow.task.hooks.airflow.providers.standard.hooks.subprocess.SubprocessHook","filename":"subprocess.py","lineno":99}
{"timestamp":"2026-02-04T22:30:34.332445Z","level":"info","event":"               'Adaptador Duplo P2 Incluso',","logger":"airflow.task.hooks.airflow.providers.standard.hooks.subprocess.SubprocessHook","filename":"subprocess.py","lineno":99}
{"timestamp":"2026-02-04T22:30:34.332474Z","level":"info","event":" 'memory': 'N/A',","logger":"airflow.task.hooks.airflow.providers.standard.hooks.subprocess.SubprocessHook","filename":"subprocess.py","lineno":99}
{"timestamp":"2026-02-04T22:30:34.332502Z","level":"info","event":" 'price': '66',","logger":"airflow.task.hooks.airflow.providers.standard.hooks.subprocess.SubprocessHook","filename":"subprocess.py","lineno":99}
{"timestamp":"2026-02-04T22:30:34.332528Z","level":"info","event":" 'rating': '4.7',","logger":"airflow.task.hooks.airflow.providers.standard.hooks.subprocess.SubprocessHook","filename":"subprocess.py","lineno":99}
{"timestamp":"2026-02-04T22:30:34.332554Z","level":"info","event":" 'short_title': 'headset',","logger":"airflow.task.hooks.airflow.providers.standard.hooks.subprocess.SubprocessHook","filename":"subprocess.py","lineno":99}
{"timestamp":"2026-02-04T22:30:34.332581Z","level":"info","event":" 'site_name': 'mercado_livre',","logger":"airflow.task.hooks.airflow.providers.standard.hooks.subprocess.SubprocessHook","filename":"subprocess.py","lineno":99}
{"timestamp":"2026-02-04T22:30:34.332607Z","level":"info","event":" 'storage': 'N/A'}","logger":"airflow.task.hooks.airflow.providers.standard.hooks.subprocess.SubprocessHook","filename":"subprocess.py","lineno":99}
{"timestamp":"2026-02-04T22:30:34.333830Z","level":"info","event":"2026-02-04 22:30:34 [scrapy.core.scraper] DEBUG: Scraped from <200 https://lista.mercadolivre.com.br/headset>","logger":"airflow.task.hooks.airflow.providers.standard.hooks.subprocess.SubprocessHook","filename":"subprocess.py","lineno":99}
{"timestamp":"2026-02-04T22:30:34.333917Z","level":"info","event":"{'color': 'Preto',","logger":"airflow.task.hooks.airflow.providers.standard.hooks.subprocess.SubprocessHook","filename":"subprocess.py","lineno":99}
{"timestamp":"2026-02-04T22:30:34.333969Z","level":"info","event":" 'full_title': 'Fone De Ouvido Bluetooth Sem Fio Regulável Corrida Treino '","logger":"airflow.task.hooks.airflow.providers.standard.hooks.subprocess.SubprocessHook","filename":"subprocess.py","lineno":99}
{"timestamp":"2026-02-04T22:30:34.334020Z","level":"info","event":"               'Academia Mp3 Wireless Para Smartphone Pc Desktop Rhead Red '","logger":"airflow.task.hooks.airflow.providers.standard.hooks.subprocess.SubprocessHook","filename":"subprocess.py","lineno":99}
{"timestamp":"2026-02-04T22:30:34.334068Z","level":"info","event":"               'Preto',","logger":"airflow.task.hooks.airflow.providers.standard.hooks.subprocess.SubprocessHook","filename":"subprocess.py","lineno":99}
{"timestamp":"2026-02-04T22:30:34.334101Z","level":"info","event":" 'memory': 'N/A',","logger":"airflow.task.hooks.airflow.providers.standard.hooks.subprocess.SubprocessHook","filename":"subprocess.py","lineno":99}
{"timestamp":"2026-02-04T22:30:34.334130Z","level":"info","event":" 'price': '46',","logger":"airflow.task.hooks.airflow.providers.standard.hooks.subprocess.SubprocessHook","filename":"subprocess.py","lineno":99}
{"timestamp":"2026-02-04T22:30:34.334193Z","level":"info","event":" 'rating': '4.4',","logger":"airflow.task.hooks.airflow.providers.standard.hooks.subprocess.SubprocessHook","filename":"subprocess.py","lineno":99}
{"timestamp":"2026-02-04T22:30:34.334233Z","level":"info","event":" 'short_title': 'headset',","logger":"airflow.task.hooks.airflow.providers.standard.hooks.subprocess.SubprocessHook","filename":"subprocess.py","lineno":99}
{"timestamp":"2026-02-04T22:30:34.334263Z","level":"info","event":" 'site_name': 'mercado_livre',","logger":"airflow.task.hooks.airflow.providers.standard.hooks.subprocess.SubprocessHook","filename":"subprocess.py","lineno":99}
{"timestamp":"2026-02-04T22:30:34.334289Z","level":"info","event":" 'storage': 'N/A'}","logger":"airflow.task.hooks.airflow.providers.standard.hooks.subprocess.SubprocessHook","filename":"subprocess.py","lineno":99}
{"timestamp":"2026-02-04T22:30:34.335266Z","level":"info","event":"2026-02-04 22:30:34 [scrapy.core.scraper] DEBUG: Scraped from <200 https://lista.mercadolivre.com.br/headset>","logger":"airflow.task.hooks.airflow.providers.standard.hooks.subprocess.SubprocessHook","filename":"subprocess.py","lineno":99}
{"timestamp":"2026-02-04T22:30:34.335366Z","level":"info","event":"{'color': 'Branco',","logger":"airflow.task.hooks.airflow.providers.standard.hooks.subprocess.SubprocessHook","filename":"subprocess.py","lineno":99}
{"timestamp":"2026-02-04T22:30:34.335423Z","level":"info","event":" 'full_title': 'Headset Logitech H390 Usb Controle De Volume Mute Branco',","logger":"airflow.task.hooks.airflow.providers.standard.hooks.subprocess.SubprocessHook","filename":"subprocess.py","lineno":99}
{"timestamp":"2026-02-04T22:30:34.335471Z","level":"info","event":" 'memory': 'N/A',","logger":"airflow.task.hooks.airflow.providers.standard.hooks.subprocess.SubprocessHook","filename":"subprocess.py","lineno":99}
{"timestamp":"2026-02-04T22:30:34.335517Z","level":"info","event":" 'price': '297',","logger":"airflow.task.hooks.airflow.providers.standard.hooks.subprocess.SubprocessHook","filename":"subprocess.py","lineno":99}
{"timestamp":"2026-02-04T22:30:34.335548Z","level":"info","event":" 'rating': '4.8',","logger":"airflow.task.hooks.airflow.providers.standard.hooks.subprocess.SubprocessHook","filename":"subprocess.py","lineno":99}
{"timestamp":"2026-02-04T22:30:34.335577Z","level":"info","event":" 'short_title': 'headset',","logger":"airflow.task.hooks.airflow.providers.standard.hooks.subprocess.SubprocessHook","filename":"subprocess.py","lineno":99}
{"timestamp":"2026-02-04T22:30:34.335604Z","level":"info","event":" 'site_name': 'mercado_livre',","logger":"airflow.task.hooks.airflow.providers.standard.hooks.subprocess.SubprocessHook","filename":"subprocess.py","lineno":99}
{"timestamp":"2026-02-04T22:30:34.335631Z","level":"info","event":" 'storage': 'N/A'}","logger":"airflow.task.hooks.airflow.providers.standard.hooks.subprocess.SubprocessHook","filename":"subprocess.py","lineno":99}
{"timestamp":"2026-02-04T22:30:34.336833Z","level":"info","event":"2026-02-04 22:30:34 [scrapy.core.scraper] DEBUG: Scraped from <200 https://lista.mercadolivre.com.br/headset>","logger":"airflow.task.hooks.airflow.providers.standard.hooks.subprocess.SubprocessHook","filename":"subprocess.py","lineno":99}
{"timestamp":"2026-02-04T22:30:34.336930Z","level":"info","event":"{'color': 'N/A',","logger":"airflow.task.hooks.airflow.providers.standard.hooks.subprocess.SubprocessHook","filename":"subprocess.py","lineno":99}
{"timestamp":"2026-02-04T22:30:34.336998Z","level":"info","event":" 'full_title': 'Fone de Ouvido Headphone AIWA HP-02-B Bluetooth ANC Alta '","logger":"airflow.task.hooks.airflow.providers.standard.hooks.subprocess.SubprocessHook","filename":"subprocess.py","lineno":99}
{"timestamp":"2026-02-04T22:30:34.337069Z","level":"info","event":"               'Definição',","logger":"airflow.task.hooks.airflow.providers.standard.hooks.subprocess.SubprocessHook","filename":"subprocess.py","lineno":99}
{"timestamp":"2026-02-04T22:30:34.337110Z","level":"info","event":" 'memory': 'N/A',","logger":"airflow.task.hooks.airflow.providers.standard.hooks.subprocess.SubprocessHook","filename":"subprocess.py","lineno":99}
{"timestamp":"2026-02-04T22:30:34.337141Z","level":"info","event":" 'price': '310',","logger":"airflow.task.hooks.airflow.providers.standard.hooks.subprocess.SubprocessHook","filename":"subprocess.py","lineno":99}
{"timestamp":"2026-02-04T22:30:34.337169Z","level":"info","event":" 'rating': '4.7',","logger":"airflow.task.hooks.airflow.providers.standard.hooks.subprocess.SubprocessHook","filename":"subprocess.py","lineno":99}
{"timestamp":"2026-02-04T22:30:34.337196Z","level":"info","event":" 'short_title': 'headset',","logger":"airflow.task.hooks.airflow.providers.standard.hooks.subprocess.SubprocessHook","filename":"subprocess.py","lineno":99}
{"timestamp":"2026-02-04T22:30:34.337224Z","level":"info","event":" 'site_name': 'mercado_livre',","logger":"airflow.task.hooks.airflow.providers.standard.hooks.subprocess.SubprocessHook","filename":"subprocess.py","lineno":99}
{"timestamp":"2026-02-04T22:30:34.337251Z","level":"info","event":" 'storage': 'N/A'}","logger":"airflow.task.hooks.airflow.providers.standard.hooks.subprocess.SubprocessHook","filename":"subprocess.py","lineno":99}
{"timestamp":"2026-02-04T22:30:34.338502Z","level":"info","event":"2026-02-04 22:30:34 [scrapy.core.scraper] DEBUG: Scraped from <200 https://lista.mercadolivre.com.br/headset>","logger":"airflow.task.hooks.airflow.providers.standard.hooks.subprocess.SubprocessHook","filename":"subprocess.py","lineno":99}
{"timestamp":"2026-02-04T22:30:34.338571Z","level":"info","event":"{'color': 'N/A',","logger":"airflow.task.hooks.airflow.providers.standard.hooks.subprocess.SubprocessHook","filename":"subprocess.py","lineno":99}
{"timestamp":"2026-02-04T22:30:34.338608Z","level":"info","event":" 'full_title': 'Fone de Ouvido Headset Hi-Fi Super Bass Maxmidia Microfone '","logger":"airflow.task.hooks.airflow.providers.standard.hooks.subprocess.SubprocessHook","filename":"subprocess.py","lineno":99}
{"timestamp":"2026-02-04T22:30:34.338638Z","level":"info","event":"               'Flexível Prateado',","logger":"airflow.task.hooks.airflow.providers.standard.hooks.subprocess.SubprocessHook","filename":"subprocess.py","lineno":99}
{"timestamp":"2026-02-04T22:30:34.338668Z","level":"info","event":" 'memory': 'N/A',","logger":"airflow.task.hooks.airflow.providers.standard.hooks.subprocess.SubprocessHook","filename":"subprocess.py","lineno":99}
{"timestamp":"2026-02-04T22:30:34.338697Z","level":"info","event":" 'price': '41',","logger":"airflow.task.hooks.airflow.providers.standard.hooks.subprocess.SubprocessHook","filename":"subprocess.py","lineno":99}
{"timestamp":"2026-02-04T22:30:34.338723Z","level":"info","event":" 'rating': '4.9',","logger":"airflow.task.hooks.airflow.providers.standard.hooks.subprocess.SubprocessHook","filename":"subprocess.py","lineno":99}
{"timestamp":"2026-02-04T22:30:34.338749Z","level":"info","event":" 'short_title': 'headset',","logger":"airflow.task.hooks.airflow.providers.standard.hooks.subprocess.SubprocessHook","filename":"subprocess.py","lineno":99}
{"timestamp":"2026-02-04T22:30:34.338775Z","level":"info","event":" 'site_name': 'mercado_livre',","logger":"airflow.task.hooks.airflow.providers.standard.hooks.subprocess.SubprocessHook","filename":"subprocess.py","lineno":99}
{"timestamp":"2026-02-04T22:30:34.338801Z","level":"info","event":" 'storage': 'N/A'}","logger":"airflow.task.hooks.airflow.providers.standard.hooks.subprocess.SubprocessHook","filename":"subprocess.py","lineno":99}
{"timestamp":"2026-02-04T22:30:34.340065Z","level":"info","event":"2026-02-04 22:30:34 [scrapy.core.scraper] DEBUG: Scraped from <200 https://lista.mercadolivre.com.br/headset>","logger":"airflow.task.hooks.airflow.providers.standard.hooks.subprocess.SubprocessHook","filename":"subprocess.py","lineno":99}
{"timestamp":"2026-02-04T22:30:34.340164Z","level":"info","event":"{'color': 'Branco',","logger":"airflow.task.hooks.airflow.providers.standard.hooks.subprocess.SubprocessHook","filename":"subprocess.py","lineno":99}
{"timestamp":"2026-02-04T22:30:34.340218Z","level":"info","event":" 'full_title': 'Fone De Ouvido Bluetooth Sem Fio Regulável Corrida Treino '","logger":"airflow.task.hooks.airflow.providers.standard.hooks.subprocess.SubprocessHook","filename":"subprocess.py","lineno":99}
{"timestamp":"2026-02-04T22:30:34.340255Z","level":"info","event":"               'Academia Mp3 Wireless Para Smartphone Pc Desktop Rhead Red Cor '","logger":"airflow.task.hooks.airflow.providers.standard.hooks.subprocess.SubprocessHook","filename":"subprocess.py","lineno":99}
{"timestamp":"2026-02-04T22:30:34.340287Z","level":"info","event":"               'Branco',","logger":"airflow.task.hooks.airflow.providers.standard.hooks.subprocess.SubprocessHook","filename":"subprocess.py","lineno":99}
{"timestamp":"2026-02-04T22:30:34.340315Z","level":"info","event":" 'memory': 'N/A',","logger":"airflow.task.hooks.airflow.providers.standard.hooks.subprocess.SubprocessHook","filename":"subprocess.py","lineno":99}
{"timestamp":"2026-02-04T22:30:34.340343Z","level":"info","event":" 'price': '46',","logger":"airflow.task.hooks.airflow.providers.standard.hooks.subprocess.SubprocessHook","filename":"subprocess.py","lineno":99}
{"timestamp":"2026-02-04T22:30:34.340371Z","level":"info","event":" 'rating': '4.4',","logger":"airflow.task.hooks.airflow.providers.standard.hooks.subprocess.SubprocessHook","filename":"subprocess.py","lineno":99}
{"timestamp":"2026-02-04T22:30:34.340397Z","level":"info","event":" 'short_title': 'headset',","logger":"airflow.task.hooks.airflow.providers.standard.hooks.subprocess.SubprocessHook","filename":"subprocess.py","lineno":99}
{"timestamp":"2026-02-04T22:30:34.340423Z","level":"info","event":" 'site_name': 'mercado_livre',","logger":"airflow.task.hooks.airflow.providers.standard.hooks.subprocess.SubprocessHook","filename":"subprocess.py","lineno":99}
{"timestamp":"2026-02-04T22:30:34.340449Z","level":"info","event":" 'storage': 'N/A'}","logger":"airflow.task.hooks.airflow.providers.standard.hooks.subprocess.SubprocessHook","filename":"subprocess.py","lineno":99}
{"timestamp":"2026-02-04T22:30:34.341686Z","level":"info","event":"2026-02-04 22:30:34 [scrapy.core.scraper] DEBUG: Scraped from <200 https://lista.mercadolivre.com.br/headset>","logger":"airflow.task.hooks.airflow.providers.standard.hooks.subprocess.SubprocessHook","filename":"subprocess.py","lineno":99}
{"timestamp":"2026-02-04T22:30:34.341773Z","level":"info","event":"{'color': 'Preto',","logger":"airflow.task.hooks.airflow.providers.standard.hooks.subprocess.SubprocessHook","filename":"subprocess.py","lineno":99}
{"timestamp":"2026-02-04T22:30:34.341823Z","level":"info","event":" 'full_title': 'Fone Headset Usb Led Cleandac Eg310 Microfone Evolut Preto',","logger":"airflow.task.hooks.airflow.providers.standard.hooks.subprocess.SubprocessHook","filename":"subprocess.py","lineno":99}
{"timestamp":"2026-02-04T22:30:34.341859Z","level":"info","event":" 'memory': 'N/A',","logger":"airflow.task.hooks.airflow.providers.standard.hooks.subprocess.SubprocessHook","filename":"subprocess.py","lineno":99}
{"timestamp":"2026-02-04T22:30:34.341888Z","level":"info","event":" 'price': '126',","logger":"airflow.task.hooks.airflow.providers.standard.hooks.subprocess.SubprocessHook","filename":"subprocess.py","lineno":99}
{"timestamp":"2026-02-04T22:30:34.341916Z","level":"info","event":" 'rating': '4.8',","logger":"airflow.task.hooks.airflow.providers.standard.hooks.subprocess.SubprocessHook","filename":"subprocess.py","lineno":99}
{"timestamp":"2026-02-04T22:30:34.341962Z","level":"info","event":" 'short_title': 'headset',","logger":"airflow.task.hooks.airflow.providers.standard.hooks.subprocess.SubprocessHook","filename":"subprocess.py","lineno":99}
{"timestamp":"2026-02-04T22:30:34.341991Z","level":"info","event":" 'site_name': 'mercado_livre',","logger":"airflow.task.hooks.airflow.providers.standard.hooks.subprocess.SubprocessHook","filename":"subprocess.py","lineno":99}
{"timestamp":"2026-02-04T22:30:34.342018Z","level":"info","event":" 'storage': 'N/A'}","logger":"airflow.task.hooks.airflow.providers.standard.hooks.subprocess.SubprocessHook","filename":"subprocess.py","lineno":99}
{"timestamp":"2026-02-04T22:30:34.342933Z","level":"info","event":"2026-02-04 22:30:34 [scrapy.core.scraper] DEBUG: Scraped from <200 https://lista.mercadolivre.com.br/headset>","logger":"airflow.task.hooks.airflow.providers.standard.hooks.subprocess.SubprocessHook","filename":"subprocess.py","lineno":99}
{"timestamp":"2026-02-04T22:30:34.343031Z","level":"info","event":"{'color': 'Preto',","logger":"airflow.task.hooks.airflow.providers.standard.hooks.subprocess.SubprocessHook","filename":"subprocess.py","lineno":99}
{"timestamp":"2026-02-04T22:30:34.343090Z","level":"info","event":" 'full_title': 'Espumas Earpad Almofadas Par Compatível com Hyperx Cloud '","logger":"airflow.task.hooks.airflow.providers.standard.hooks.subprocess.SubprocessHook","filename":"subprocess.py","lineno":99}
{"timestamp":"2026-02-04T22:30:34.343133Z","level":"info","event":"               'Stinger Cloud Cor Preto Couro PU Casa do Periférico',","logger":"airflow.task.hooks.airflow.providers.standard.hooks.subprocess.SubprocessHook","filename":"subprocess.py","lineno":99}
{"timestamp":"2026-02-04T22:30:34.343174Z","level":"info","event":" 'memory': 'N/A',","logger":"airflow.task.hooks.airflow.providers.standard.hooks.subprocess.SubprocessHook","filename":"subprocess.py","lineno":99}
{"timestamp":"2026-02-04T22:30:34.343205Z","level":"info","event":" 'price': '56',","logger":"airflow.task.hooks.airflow.providers.standard.hooks.subprocess.SubprocessHook","filename":"subprocess.py","lineno":99}
{"timestamp":"2026-02-04T22:30:34.343233Z","level":"info","event":" 'rating': '4.8',","logger":"airflow.task.hooks.airflow.providers.standard.hooks.subprocess.SubprocessHook","filename":"subprocess.py","lineno":99}
{"timestamp":"2026-02-04T22:30:34.343260Z","level":"info","event":" 'short_title': 'headset',","logger":"airflow.task.hooks.airflow.providers.standard.hooks.subprocess.SubprocessHook","filename":"subprocess.py","lineno":99}
{"timestamp":"2026-02-04T22:30:34.343286Z","level":"info","event":" 'site_name': 'mercado_livre',","logger":"airflow.task.hooks.airflow.providers.standard.hooks.subprocess.SubprocessHook","filename":"subprocess.py","lineno":99}
{"timestamp":"2026-02-04T22:30:34.343312Z","level":"info","event":" 'storage': 'N/A'}","logger":"airflow.task.hooks.airflow.providers.standard.hooks.subprocess.SubprocessHook","filename":"subprocess.py","lineno":99}
{"timestamp":"2026-02-04T22:30:34.344254Z","level":"info","event":"2026-02-04 22:30:34 [scrapy.core.scraper] DEBUG: Scraped from <200 https://lista.mercadolivre.com.br/headset>","logger":"airflow.task.hooks.airflow.providers.standard.hooks.subprocess.SubprocessHook","filename":"subprocess.py","lineno":99}
{"timestamp":"2026-02-04T22:30:34.344342Z","level":"info","event":"{'color': 'Rosa',","logger":"airflow.task.hooks.airflow.providers.standard.hooks.subprocess.SubprocessHook","filename":"subprocess.py","lineno":99}
{"timestamp":"2026-02-04T22:30:34.344393Z","level":"info","event":" 'full_title': 'Headset Profissional Onikuma X26 Com Orelhas Rosa Luz Rgb',","logger":"airflow.task.hooks.airflow.providers.standard.hooks.subprocess.SubprocessHook","filename":"subprocess.py","lineno":99}
{"timestamp":"2026-02-04T22:30:34.344426Z","level":"info","event":" 'memory': 'N/A',","logger":"airflow.task.hooks.airflow.providers.standard.hooks.subprocess.SubprocessHook","filename":"subprocess.py","lineno":99}
{"timestamp":"2026-02-04T22:30:34.344456Z","level":"info","event":" 'price': '227',","logger":"airflow.task.hooks.airflow.providers.standard.hooks.subprocess.SubprocessHook","filename":"subprocess.py","lineno":99}
{"timestamp":"2026-02-04T22:30:34.344483Z","level":"info","event":" 'rating': '4.9',","logger":"airflow.task.hooks.airflow.providers.standard.hooks.subprocess.SubprocessHook","filename":"subprocess.py","lineno":99}
{"timestamp":"2026-02-04T22:30:34.344510Z","level":"info","event":" 'short_title': 'headset',","logger":"airflow.task.hooks.airflow.providers.standard.hooks.subprocess.SubprocessHook","filename":"subprocess.py","lineno":99}
{"timestamp":"2026-02-04T22:30:34.344538Z","level":"info","event":" 'site_name': 'mercado_livre',","logger":"airflow.task.hooks.airflow.providers.standard.hooks.subprocess.SubprocessHook","filename":"subprocess.py","lineno":99}
{"timestamp":"2026-02-04T22:30:34.344564Z","level":"info","event":" 'storage': 'N/A'}","logger":"airflow.task.hooks.airflow.providers.standard.hooks.subprocess.SubprocessHook","filename":"subprocess.py","lineno":99}
{"timestamp":"2026-02-04T22:30:34.345417Z","level":"info","event":"2026-02-04 22:30:34 [scrapy.core.scraper] DEBUG: Scraped from <200 https://lista.mercadolivre.com.br/headset>","logger":"airflow.task.hooks.airflow.providers.standard.hooks.subprocess.SubprocessHook","filename":"subprocess.py","lineno":99}
{"timestamp":"2026-02-04T22:30:34.345503Z","level":"info","event":"{'color': 'N/A',","logger":"airflow.task.hooks.airflow.providers.standard.hooks.subprocess.SubprocessHook","filename":"subprocess.py","lineno":99}
{"timestamp":"2026-02-04T22:30:34.345554Z","level":"info","event":" 'full_title': 'Fone De Ouvido Corrida Bluetooth Regulável P2 Cartão Memória',","logger":"airflow.task.hooks.airflow.providers.standard.hooks.subprocess.SubprocessHook","filename":"subprocess.py","lineno":99}
{"timestamp":"2026-02-04T22:30:34.345588Z","level":"info","event":" 'memory': 'N/A',","logger":"airflow.task.hooks.airflow.providers.standard.hooks.subprocess.SubprocessHook","filename":"subprocess.py","lineno":99}
{"timestamp":"2026-02-04T22:30:34.345618Z","level":"info","event":" 'price': '69',","logger":"airflow.task.hooks.airflow.providers.standard.hooks.subprocess.SubprocessHook","filename":"subprocess.py","lineno":99}
{"timestamp":"2026-02-04T22:30:34.345647Z","level":"info","event":" 'rating': '4.7',","logger":"airflow.task.hooks.airflow.providers.standard.hooks.subprocess.SubprocessHook","filename":"subprocess.py","lineno":99}
{"timestamp":"2026-02-04T22:30:34.345673Z","level":"info","event":" 'short_title': 'headset',","logger":"airflow.task.hooks.airflow.providers.standard.hooks.subprocess.SubprocessHook","filename":"subprocess.py","lineno":99}
{"timestamp":"2026-02-04T22:30:34.345700Z","level":"info","event":" 'site_name': 'mercado_livre',","logger":"airflow.task.hooks.airflow.providers.standard.hooks.subprocess.SubprocessHook","filename":"subprocess.py","lineno":99}
{"timestamp":"2026-02-04T22:30:34.345726Z","level":"info","event":" 'storage': 'N/A'}","logger":"airflow.task.hooks.airflow.providers.standard.hooks.subprocess.SubprocessHook","filename":"subprocess.py","lineno":99}
{"timestamp":"2026-02-04T22:30:34.346954Z","level":"info","event":"2026-02-04 22:30:34 [scrapy.core.scraper] DEBUG: Scraped from <200 https://lista.mercadolivre.com.br/headset>","logger":"airflow.task.hooks.airflow.providers.standard.hooks.subprocess.SubprocessHook","filename":"subprocess.py","lineno":99}
{"timestamp":"2026-02-04T22:30:34.347042Z","level":"info","event":"{'color': 'Preto',","logger":"airflow.task.hooks.airflow.providers.standard.hooks.subprocess.SubprocessHook","filename":"subprocess.py","lineno":99}
{"timestamp":"2026-02-04T22:30:34.347094Z","level":"info","event":" 'full_title': 'Fone De Ouvido Headset Office Call Reunião Compátivel Ps4 Pc '","logger":"airflow.task.hooks.airflow.providers.standard.hooks.subprocess.SubprocessHook","filename":"subprocess.py","lineno":99}
{"timestamp":"2026-02-04T22:30:34.347146Z","level":"info","event":"               'Xbox One Series S/x P2 Cor Preto Casenn',","logger":"airflow.task.hooks.airflow.providers.standard.hooks.subprocess.SubprocessHook","filename":"subprocess.py","lineno":99}
{"timestamp":"2026-02-04T22:30:34.347214Z","level":"info","event":" 'memory': 'N/A',","logger":"airflow.task.hooks.airflow.providers.standard.hooks.subprocess.SubprocessHook","filename":"subprocess.py","lineno":99}
{"timestamp":"2026-02-04T22:30:34.347265Z","level":"info","event":" 'price': '69',","logger":"airflow.task.hooks.airflow.providers.standard.hooks.subprocess.SubprocessHook","filename":"subprocess.py","lineno":99}
{"timestamp":"2026-02-04T22:30:34.347314Z","level":"info","event":" 'rating': '4.7',","logger":"airflow.task.hooks.airflow.providers.standard.hooks.subprocess.SubprocessHook","filename":"subprocess.py","lineno":99}
{"timestamp":"2026-02-04T22:30:34.347371Z","level":"info","event":" 'short_title': 'headset',","logger":"airflow.task.hooks.airflow.providers.standard.hooks.subprocess.SubprocessHook","filename":"subprocess.py","lineno":99}
{"timestamp":"2026-02-04T22:30:34.347407Z","level":"info","event":" 'site_name': 'mercado_livre',","logger":"airflow.task.hooks.airflow.providers.standard.hooks.subprocess.SubprocessHook","filename":"subprocess.py","lineno":99}
{"timestamp":"2026-02-04T22:30:34.347435Z","level":"info","event":" 'storage': 'N/A'}","logger":"airflow.task.hooks.airflow.providers.standard.hooks.subprocess.SubprocessHook","filename":"subprocess.py","lineno":99}
{"timestamp":"2026-02-04T22:30:34.348909Z","level":"info","event":"2026-02-04 22:30:34 [scrapy.core.scraper] DEBUG: Scraped from <200 https://lista.mercadolivre.com.br/headset>","logger":"airflow.task.hooks.airflow.providers.standard.hooks.subprocess.SubprocessHook","filename":"subprocess.py","lineno":99}
{"timestamp":"2026-02-04T22:30:34.349025Z","level":"info","event":"{'color': 'Preto',","logger":"airflow.task.hooks.airflow.providers.standard.hooks.subprocess.SubprocessHook","filename":"subprocess.py","lineno":99}
{"timestamp":"2026-02-04T22:30:34.349078Z","level":"info","event":" 'full_title': 'Headset Bluetooth Redução De Ruído Do Anc Com Microfone '","logger":"airflow.task.hooks.airflow.providers.standard.hooks.subprocess.SubprocessHook","filename":"subprocess.py","lineno":99}
{"timestamp":"2026-02-04T22:30:34.349113Z","level":"info","event":"               'Enc(Chamada Hd Bluetooth), Fone Bluetooth , Bateria 30 Horas, '","logger":"airflow.task.hooks.airflow.providers.standard.hooks.subprocess.SubprocessHook","filename":"subprocess.py","lineno":99}
{"timestamp":"2026-02-04T22:30:34.349145Z","level":"info","event":"               'Hifi Chamadas Por Bluetooth, Cor Preto Basike Ba-FON113',","logger":"airflow.task.hooks.airflow.providers.standard.hooks.subprocess.SubprocessHook","filename":"subprocess.py","lineno":99}
{"timestamp":"2026-02-04T22:30:34.349174Z","level":"info","event":" 'memory': 'N/A',","logger":"airflow.task.hooks.airflow.providers.standard.hooks.subprocess.SubprocessHook","filename":"subprocess.py","lineno":99}
{"timestamp":"2026-02-04T22:30:34.349201Z","level":"info","event":" 'price': '241',","logger":"airflow.task.hooks.airflow.providers.standard.hooks.subprocess.SubprocessHook","filename":"subprocess.py","lineno":99}
{"timestamp":"2026-02-04T22:30:34.349229Z","level":"info","event":" 'rating': '4.8',","logger":"airflow.task.hooks.airflow.providers.standard.hooks.subprocess.SubprocessHook","filename":"subprocess.py","lineno":99}
{"timestamp":"2026-02-04T22:30:34.349256Z","level":"info","event":" 'short_title': 'headset',","logger":"airflow.task.hooks.airflow.providers.standard.hooks.subprocess.SubprocessHook","filename":"subprocess.py","lineno":99}
{"timestamp":"2026-02-04T22:30:34.349281Z","level":"info","event":" 'site_name': 'mercado_livre',","logger":"airflow.task.hooks.airflow.providers.standard.hooks.subprocess.SubprocessHook","filename":"subprocess.py","lineno":99}
{"timestamp":"2026-02-04T22:30:34.349308Z","level":"info","event":" 'storage': 'N/A'}","logger":"airflow.task.hooks.airflow.providers.standard.hooks.subprocess.SubprocessHook","filename":"subprocess.py","lineno":99}
{"timestamp":"2026-02-04T22:30:34.350714Z","level":"info","event":"2026-02-04 22:30:34 [scrapy.core.scraper] DEBUG: Scraped from <200 https://lista.mercadolivre.com.br/headset>","logger":"airflow.task.hooks.airflow.providers.standard.hooks.subprocess.SubprocessHook","filename":"subprocess.py","lineno":99}
{"timestamp":"2026-02-04T22:30:34.350805Z","level":"info","event":"{'color': 'Branco',","logger":"airflow.task.hooks.airflow.providers.standard.hooks.subprocess.SubprocessHook","filename":"subprocess.py","lineno":99}
{"timestamp":"2026-02-04T22:30:34.350855Z","level":"info","event":" 'full_title': 'Headset Huginn Warrior Branco Ph700',","logger":"airflow.task.hooks.airflow.providers.standard.hooks.subprocess.SubprocessHook","filename":"subprocess.py","lineno":99}
{"timestamp":"2026-02-04T22:30:34.350890Z","level":"info","event":" 'memory': 'N/A',","logger":"airflow.task.hooks.airflow.providers.standard.hooks.subprocess.SubprocessHook","filename":"subprocess.py","lineno":99}
{"timestamp":"2026-02-04T22:30:34.350920Z","level":"info","event":" 'price': '159',","logger":"airflow.task.hooks.airflow.providers.standard.hooks.subprocess.SubprocessHook","filename":"subprocess.py","lineno":99}
{"timestamp":"2026-02-04T22:30:34.350947Z","level":"info","event":" 'rating': '4.5',","logger":"airflow.task.hooks.airflow.providers.standard.hooks.subprocess.SubprocessHook","filename":"subprocess.py","lineno":99}
{"timestamp":"2026-02-04T22:30:34.350974Z","level":"info","event":" 'short_title': 'headset',","logger":"airflow.task.hooks.airflow.providers.standard.hooks.subprocess.SubprocessHook","filename":"subprocess.py","lineno":99}
{"timestamp":"2026-02-04T22:30:34.351001Z","level":"info","event":" 'site_name': 'mercado_livre',","logger":"airflow.task.hooks.airflow.providers.standard.hooks.subprocess.SubprocessHook","filename":"subprocess.py","lineno":99}
{"timestamp":"2026-02-04T22:30:34.351027Z","level":"info","event":" 'storage': 'N/A'}","logger":"airflow.task.hooks.airflow.providers.standard.hooks.subprocess.SubprocessHook","filename":"subprocess.py","lineno":99}
{"timestamp":"2026-02-04T22:30:34.352275Z","level":"info","event":"2026-02-04 22:30:34 [scrapy.core.scraper] DEBUG: Scraped from <200 https://lista.mercadolivre.com.br/headset>","logger":"airflow.task.hooks.airflow.providers.standard.hooks.subprocess.SubprocessHook","filename":"subprocess.py","lineno":99}
{"timestamp":"2026-02-04T22:30:34.352360Z","level":"info","event":"{'color': 'Preto',","logger":"airflow.task.hooks.airflow.providers.standard.hooks.subprocess.SubprocessHook","filename":"subprocess.py","lineno":99}
{"timestamp":"2026-02-04T22:30:34.352411Z","level":"info","event":" 'full_title': 'Fone De Ouvido Headset Havit H2002d P3 Para '","logger":"airflow.task.hooks.airflow.providers.standard.hooks.subprocess.SubprocessHook","filename":"subprocess.py","lineno":99}
{"timestamp":"2026-02-04T22:30:34.352445Z","level":"info","event":"               'PS3/PS4/PS5/XBOX/PC Cor Preto',","logger":"airflow.task.hooks.airflow.providers.standard.hooks.subprocess.SubprocessHook","filename":"subprocess.py","lineno":99}
{"timestamp":"2026-02-04T22:30:34.352474Z","level":"info","event":" 'memory': 'N/A',","logger":"airflow.task.hooks.airflow.providers.standard.hooks.subprocess.SubprocessHook","filename":"subprocess.py","lineno":99}
{"timestamp":"2026-02-04T22:30:34.352502Z","level":"info","event":" 'price': '219',","logger":"airflow.task.hooks.airflow.providers.standard.hooks.subprocess.SubprocessHook","filename":"subprocess.py","lineno":99}
{"timestamp":"2026-02-04T22:30:34.352528Z","level":"info","event":" 'rating': '4.8',","logger":"airflow.task.hooks.airflow.providers.standard.hooks.subprocess.SubprocessHook","filename":"subprocess.py","lineno":99}
{"timestamp":"2026-02-04T22:30:34.352554Z","level":"info","event":" 'short_title': 'headset',","logger":"airflow.task.hooks.airflow.providers.standard.hooks.subprocess.SubprocessHook","filename":"subprocess.py","lineno":99}
{"timestamp":"2026-02-04T22:30:34.352580Z","level":"info","event":" 'site_name': 'mercado_livre',","logger":"airflow.task.hooks.airflow.providers.standard.hooks.subprocess.SubprocessHook","filename":"subprocess.py","lineno":99}
{"timestamp":"2026-02-04T22:30:34.352607Z","level":"info","event":" 'storage': 'N/A'}","logger":"airflow.task.hooks.airflow.providers.standard.hooks.subprocess.SubprocessHook","filename":"subprocess.py","lineno":99}
{"timestamp":"2026-02-04T22:30:34.353796Z","level":"info","event":"2026-02-04 22:30:34 [scrapy.core.scraper] DEBUG: Scraped from <200 https://lista.mercadolivre.com.br/headset>","logger":"airflow.task.hooks.airflow.providers.standard.hooks.subprocess.SubprocessHook","filename":"subprocess.py","lineno":99}
{"timestamp":"2026-02-04T22:30:34.353879Z","level":"info","event":"{'color': 'Rosa',","logger":"airflow.task.hooks.airflow.providers.standard.hooks.subprocess.SubprocessHook","filename":"subprocess.py","lineno":99}
{"timestamp":"2026-02-04T22:30:34.353945Z","level":"info","event":" 'full_title': 'Headset Bluetooth Redução De Ruído Do Anc Hifi Com Microfone '","logger":"airflow.task.hooks.airflow.providers.standard.hooks.subprocess.SubprocessHook","filename":"subprocess.py","lineno":99}
{"timestamp":"2026-02-04T22:30:34.353982Z","level":"info","event":"               'Cor Rosa',","logger":"airflow.task.hooks.airflow.providers.standard.hooks.subprocess.SubprocessHook","filename":"subprocess.py","lineno":99}
{"timestamp":"2026-02-04T22:30:34.354011Z","level":"info","event":" 'memory': 'N/A',","logger":"airflow.task.hooks.airflow.providers.standard.hooks.subprocess.SubprocessHook","filename":"subprocess.py","lineno":99}
{"timestamp":"2026-02-04T22:30:34.354037Z","level":"info","event":" 'price': '298',","logger":"airflow.task.hooks.airflow.providers.standard.hooks.subprocess.SubprocessHook","filename":"subprocess.py","lineno":99}
{"timestamp":"2026-02-04T22:30:34.354065Z","level":"info","event":" 'rating': '4.8',","logger":"airflow.task.hooks.airflow.providers.standard.hooks.subprocess.SubprocessHook","filename":"subprocess.py","lineno":99}
{"timestamp":"2026-02-04T22:30:34.354092Z","level":"info","event":" 'short_title': 'headset',","logger":"airflow.task.hooks.airflow.providers.standard.hooks.subprocess.SubprocessHook","filename":"subprocess.py","lineno":99}
{"timestamp":"2026-02-04T22:30:34.354118Z","level":"info","event":" 'site_name': 'mercado_livre',","logger":"airflow.task.hooks.airflow.providers.standard.hooks.subprocess.SubprocessHook","filename":"subprocess.py","lineno":99}
{"timestamp":"2026-02-04T22:30:34.354145Z","level":"info","event":" 'storage': 'N/A'}","logger":"airflow.task.hooks.airflow.providers.standard.hooks.subprocess.SubprocessHook","filename":"subprocess.py","lineno":99}
{"timestamp":"2026-02-04T22:30:34.355267Z","level":"info","event":"2026-02-04 22:30:34 [scrapy.core.scraper] DEBUG: Scraped from <200 https://lista.mercadolivre.com.br/headset>","logger":"airflow.task.hooks.airflow.providers.standard.hooks.subprocess.SubprocessHook","filename":"subprocess.py","lineno":99}
{"timestamp":"2026-02-04T22:30:34.355352Z","level":"info","event":"{'color': 'Preto',","logger":"airflow.task.hooks.airflow.providers.standard.hooks.subprocess.SubprocessHook","filename":"subprocess.py","lineno":99}
{"timestamp":"2026-02-04T22:30:34.355402Z","level":"info","event":" 'full_title': 'Auscultador Wireless Hyperx Cloud Iii Preto Cor Preto',","logger":"airflow.task.hooks.airflow.providers.standard.hooks.subprocess.SubprocessHook","filename":"subprocess.py","lineno":99}
{"timestamp":"2026-02-04T22:30:34.355435Z","level":"info","event":" 'memory': 'N/A',","logger":"airflow.task.hooks.airflow.providers.standard.hooks.subprocess.SubprocessHook","filename":"subprocess.py","lineno":99}
{"timestamp":"2026-02-04T22:30:34.355463Z","level":"info","event":" 'price': '841',","logger":"airflow.task.hooks.airflow.providers.standard.hooks.subprocess.SubprocessHook","filename":"subprocess.py","lineno":99}
{"timestamp":"2026-02-04T22:30:34.355490Z","level":"info","event":" 'rating': '4.9',","logger":"airflow.task.hooks.airflow.providers.standard.hooks.subprocess.SubprocessHook","filename":"subprocess.py","lineno":99}
{"timestamp":"2026-02-04T22:30:34.355518Z","level":"info","event":" 'short_title': 'headset',","logger":"airflow.task.hooks.airflow.providers.standard.hooks.subprocess.SubprocessHook","filename":"subprocess.py","lineno":99}
{"timestamp":"2026-02-04T22:30:34.355544Z","level":"info","event":" 'site_name': 'mercado_livre',","logger":"airflow.task.hooks.airflow.providers.standard.hooks.subprocess.SubprocessHook","filename":"subprocess.py","lineno":99}
{"timestamp":"2026-02-04T22:30:34.355570Z","level":"info","event":" 'storage': 'N/A'}","logger":"airflow.task.hooks.airflow.providers.standard.hooks.subprocess.SubprocessHook","filename":"subprocess.py","lineno":99}
{"timestamp":"2026-02-04T22:30:34.356766Z","level":"info","event":"2026-02-04 22:30:34 [scrapy.core.scraper] DEBUG: Scraped from <200 https://lista.mercadolivre.com.br/headset>","logger":"airflow.task.hooks.airflow.providers.standard.hooks.subprocess.SubprocessHook","filename":"subprocess.py","lineno":99}
{"timestamp":"2026-02-04T22:30:34.356858Z","level":"info","event":"{'color': 'Branco',","logger":"airflow.task.hooks.airflow.providers.standard.hooks.subprocess.SubprocessHook","filename":"subprocess.py","lineno":99}
{"timestamp":"2026-02-04T22:30:34.356932Z","level":"info","event":" 'full_title': 'Headset Bluetooth Redução De Ruído Do Anc Hifi Com Microfone '","logger":"airflow.task.hooks.airflow.providers.standard.hooks.subprocess.SubprocessHook","filename":"subprocess.py","lineno":99}
{"timestamp":"2026-02-04T22:30:34.357004Z","level":"info","event":"               'Cor Branco',","logger":"airflow.task.hooks.airflow.providers.standard.hooks.subprocess.SubprocessHook","filename":"subprocess.py","lineno":99}
{"timestamp":"2026-02-04T22:30:34.357043Z","level":"info","event":" 'memory': 'N/A',","logger":"airflow.task.hooks.airflow.providers.standard.hooks.subprocess.SubprocessHook","filename":"subprocess.py","lineno":99}
{"timestamp":"2026-02-04T22:30:34.357073Z","level":"info","event":" 'price': '298',","logger":"airflow.task.hooks.airflow.providers.standard.hooks.subprocess.SubprocessHook","filename":"subprocess.py","lineno":99}
{"timestamp":"2026-02-04T22:30:34.357102Z","level":"info","event":" 'rating': '4.8',","logger":"airflow.task.hooks.airflow.providers.standard.hooks.subprocess.SubprocessHook","filename":"subprocess.py","lineno":99}
{"timestamp":"2026-02-04T22:30:34.357130Z","level":"info","event":" 'short_title': 'headset',","logger":"airflow.task.hooks.airflow.providers.standard.hooks.subprocess.SubprocessHook","filename":"subprocess.py","lineno":99}
{"timestamp":"2026-02-04T22:30:34.357157Z","level":"info","event":" 'site_name': 'mercado_livre',","logger":"airflow.task.hooks.airflow.providers.standard.hooks.subprocess.SubprocessHook","filename":"subprocess.py","lineno":99}
{"timestamp":"2026-02-04T22:30:34.357183Z","level":"info","event":" 'storage': 'N/A'}","logger":"airflow.task.hooks.airflow.providers.standard.hooks.subprocess.SubprocessHook","filename":"subprocess.py","lineno":99}
{"timestamp":"2026-02-04T22:30:34.358538Z","level":"info","event":"2026-02-04 22:30:34 [scrapy.core.scraper] DEBUG: Scraped from <200 https://lista.mercadolivre.com.br/headset>","logger":"airflow.task.hooks.airflow.providers.standard.hooks.subprocess.SubprocessHook","filename":"subprocess.py","lineno":99}
{"timestamp":"2026-02-04T22:30:34.358662Z","level":"info","event":"{'color': 'N/A',","logger":"airflow.task.hooks.airflow.providers.standard.hooks.subprocess.SubprocessHook","filename":"subprocess.py","lineno":99}
{"timestamp":"2026-02-04T22:30:34.358727Z","level":"info","event":" 'full_title': 'Headset Com Fio ASTRO A10 Gaming Gen 2 PS/XB/PC/Mac - Preto',","logger":"airflow.task.hooks.airflow.providers.standard.hooks.subprocess.SubprocessHook","filename":"subprocess.py","lineno":99}
{"timestamp":"2026-02-04T22:30:34.358765Z","level":"info","event":" 'memory': 'N/A',","logger":"airflow.task.hooks.airflow.providers.standard.hooks.subprocess.SubprocessHook","filename":"subprocess.py","lineno":99}
{"timestamp":"2026-02-04T22:30:34.358795Z","level":"info","event":" 'price': '499',","logger":"airflow.task.hooks.airflow.providers.standard.hooks.subprocess.SubprocessHook","filename":"subprocess.py","lineno":99}
{"timestamp":"2026-02-04T22:30:34.358823Z","level":"info","event":" 'rating': '4.5',","logger":"airflow.task.hooks.airflow.providers.standard.hooks.subprocess.SubprocessHook","filename":"subprocess.py","lineno":99}
{"timestamp":"2026-02-04T22:30:34.358850Z","level":"info","event":" 'short_title': 'headset',","logger":"airflow.task.hooks.airflow.providers.standard.hooks.subprocess.SubprocessHook","filename":"subprocess.py","lineno":99}
{"timestamp":"2026-02-04T22:30:34.358876Z","level":"info","event":" 'site_name': 'mercado_livre',","logger":"airflow.task.hooks.airflow.providers.standard.hooks.subprocess.SubprocessHook","filename":"subprocess.py","lineno":99}
{"timestamp":"2026-02-04T22:30:34.358901Z","level":"info","event":" 'storage': 'N/A'}","logger":"airflow.task.hooks.airflow.providers.standard.hooks.subprocess.SubprocessHook","filename":"subprocess.py","lineno":99}
{"timestamp":"2026-02-04T22:30:34.360398Z","level":"info","event":"2026-02-04 22:30:34 [scrapy.core.scraper] DEBUG: Scraped from <200 https://lista.mercadolivre.com.br/headset>","logger":"airflow.task.hooks.airflow.providers.standard.hooks.subprocess.SubprocessHook","filename":"subprocess.py","lineno":99}
{"timestamp":"2026-02-04T22:30:34.360515Z","level":"info","event":"{'color': 'Preto',","logger":"airflow.task.hooks.airflow.providers.standard.hooks.subprocess.SubprocessHook","filename":"subprocess.py","lineno":99}
{"timestamp":"2026-02-04T22:30:34.360569Z","level":"info","event":" 'full_title': 'Headset Bluetooth Redução De Ruído Do Anc Hifi Com Microfone '","logger":"airflow.task.hooks.airflow.providers.standard.hooks.subprocess.SubprocessHook","filename":"subprocess.py","lineno":99}
{"timestamp":"2026-02-04T22:30:34.360605Z","level":"info","event":"               'Cor Preto',","logger":"airflow.task.hooks.airflow.providers.standard.hooks.subprocess.SubprocessHook","filename":"subprocess.py","lineno":99}
{"timestamp":"2026-02-04T22:30:34.360635Z","level":"info","event":" 'memory': 'N/A',","logger":"airflow.task.hooks.airflow.providers.standard.hooks.subprocess.SubprocessHook","filename":"subprocess.py","lineno":99}
{"timestamp":"2026-02-04T22:30:34.360662Z","level":"info","event":" 'price': '298',","logger":"airflow.task.hooks.airflow.providers.standard.hooks.subprocess.SubprocessHook","filename":"subprocess.py","lineno":99}
{"timestamp":"2026-02-04T22:30:34.360690Z","level":"info","event":" 'rating': '4.8',","logger":"airflow.task.hooks.airflow.providers.standard.hooks.subprocess.SubprocessHook","filename":"subprocess.py","lineno":99}
{"timestamp":"2026-02-04T22:30:34.360717Z","level":"info","event":" 'short_title': 'headset',","logger":"airflow.task.hooks.airflow.providers.standard.hooks.subprocess.SubprocessHook","filename":"subprocess.py","lineno":99}
{"timestamp":"2026-02-04T22:30:34.360743Z","level":"info","event":" 'site_name': 'mercado_livre',","logger":"airflow.task.hooks.airflow.providers.standard.hooks.subprocess.SubprocessHook","filename":"subprocess.py","lineno":99}
{"timestamp":"2026-02-04T22:30:34.360769Z","level":"info","event":" 'storage': 'N/A'}","logger":"airflow.task.hooks.airflow.providers.standard.hooks.subprocess.SubprocessHook","filename":"subprocess.py","lineno":99}
{"timestamp":"2026-02-04T22:30:34.363941Z","level":"info","event":"2026-02-04 22:30:34 [scrapy.core.scraper] DEBUG: Scraped from <200 https://lista.mercadolivre.com.br/headset>","logger":"airflow.task.hooks.airflow.providers.standard.hooks.subprocess.SubprocessHook","filename":"subprocess.py","lineno":99}
{"timestamp":"2026-02-04T22:30:34.364036Z","level":"info","event":"{'color': 'N/A',","logger":"airflow.task.hooks.airflow.providers.standard.hooks.subprocess.SubprocessHook","filename":"subprocess.py","lineno":99}
{"timestamp":"2026-02-04T22:30:34.364092Z","level":"info","event":" 'full_title': 'Fone De Ouvido Headset Rgb Led Pc Computador Vídeogame',","logger":"airflow.task.hooks.airflow.providers.standard.hooks.subprocess.SubprocessHook","filename":"subprocess.py","lineno":99}
{"timestamp":"2026-02-04T22:30:34.364132Z","level":"info","event":" 'memory': 'N/A',","logger":"airflow.task.hooks.airflow.providers.standard.hooks.subprocess.SubprocessHook","filename":"subprocess.py","lineno":99}
{"timestamp":"2026-02-04T22:30:34.364164Z","level":"info","event":" 'price': '157',","logger":"airflow.task.hooks.airflow.providers.standard.hooks.subprocess.SubprocessHook","filename":"subprocess.py","lineno":99}
{"timestamp":"2026-02-04T22:30:34.364195Z","level":"info","event":" 'rating': '4.6',","logger":"airflow.task.hooks.airflow.providers.standard.hooks.subprocess.SubprocessHook","filename":"subprocess.py","lineno":99}
{"timestamp":"2026-02-04T22:30:34.364223Z","level":"info","event":" 'short_title': 'headset',","logger":"airflow.task.hooks.airflow.providers.standard.hooks.subprocess.SubprocessHook","filename":"subprocess.py","lineno":99}
{"timestamp":"2026-02-04T22:30:34.364249Z","level":"info","event":" 'site_name': 'mercado_livre',","logger":"airflow.task.hooks.airflow.providers.standard.hooks.subprocess.SubprocessHook","filename":"subprocess.py","lineno":99}
{"timestamp":"2026-02-04T22:30:34.364277Z","level":"info","event":" 'storage': 'N/A'}","logger":"airflow.task.hooks.airflow.providers.standard.hooks.subprocess.SubprocessHook","filename":"subprocess.py","lineno":99}
{"timestamp":"2026-02-04T22:30:34.365685Z","level":"info","event":"2026-02-04 22:30:34 [scrapy.core.scraper] DEBUG: Scraped from <200 https://lista.mercadolivre.com.br/headset>","logger":"airflow.task.hooks.airflow.providers.standard.hooks.subprocess.SubprocessHook","filename":"subprocess.py","lineno":99}
{"timestamp":"2026-02-04T22:30:34.365790Z","level":"info","event":"{'color': 'Preto',","logger":"airflow.task.hooks.airflow.providers.standard.hooks.subprocess.SubprocessHook","filename":"subprocess.py","lineno":99}
{"timestamp":"2026-02-04T22:30:34.365846Z","level":"info","event":" 'full_title': 'Headphone Bluetooth Redução De Ruído Com Microfone Cor Cor '","logger":"airflow.task.hooks.airflow.providers.standard.hooks.subprocess.SubprocessHook","filename":"subprocess.py","lineno":99}
{"timestamp":"2026-02-04T22:30:34.365885Z","level":"info","event":"               'Preto',","logger":"airflow.task.hooks.airflow.providers.standard.hooks.subprocess.SubprocessHook","filename":"subprocess.py","lineno":99}
{"timestamp":"2026-02-04T22:30:34.365916Z","level":"info","event":" 'memory': 'N/A',","logger":"airflow.task.hooks.airflow.providers.standard.hooks.subprocess.SubprocessHook","filename":"subprocess.py","lineno":99}
{"timestamp":"2026-02-04T22:30:34.365963Z","level":"info","event":" 'price': '282',","logger":"airflow.task.hooks.airflow.providers.standard.hooks.subprocess.SubprocessHook","filename":"subprocess.py","lineno":99}
{"timestamp":"2026-02-04T22:30:34.365993Z","level":"info","event":" 'rating': '4.8',","logger":"airflow.task.hooks.airflow.providers.standard.hooks.subprocess.SubprocessHook","filename":"subprocess.py","lineno":99}
{"timestamp":"2026-02-04T22:30:34.366020Z","level":"info","event":" 'short_title': 'headset',","logger":"airflow.task.hooks.airflow.providers.standard.hooks.subprocess.SubprocessHook","filename":"subprocess.py","lineno":99}
{"timestamp":"2026-02-04T22:30:34.366047Z","level":"info","event":" 'site_name': 'mercado_livre',","logger":"airflow.task.hooks.airflow.providers.standard.hooks.subprocess.SubprocessHook","filename":"subprocess.py","lineno":99}
{"timestamp":"2026-02-04T22:30:34.366073Z","level":"info","event":" 'storage': 'N/A'}","logger":"airflow.task.hooks.airflow.providers.standard.hooks.subprocess.SubprocessHook","filename":"subprocess.py","lineno":99}
{"timestamp":"2026-02-04T22:30:34.367448Z","level":"info","event":"2026-02-04 22:30:34 [scrapy.core.scraper] DEBUG: Scraped from <200 https://lista.mercadolivre.com.br/headset>","logger":"airflow.task.hooks.airflow.providers.standard.hooks.subprocess.SubprocessHook","filename":"subprocess.py","lineno":99}
{"timestamp":"2026-02-04T22:30:34.367548Z","level":"info","event":"{'color': 'N/A',","logger":"airflow.task.hooks.airflow.providers.standard.hooks.subprocess.SubprocessHook","filename":"subprocess.py","lineno":99}
{"timestamp":"2026-02-04T22:30:34.367603Z","level":"info","event":" 'full_title': 'Headset HP DHH-1601, Drivers 40mm, Conector P2 3,5mm, Cabo 2m, '","logger":"airflow.task.hooks.airflow.providers.standard.hooks.subprocess.SubprocessHook","filename":"subprocess.py","lineno":99}
{"timestamp":"2026-02-04T22:30:34.367641Z","level":"info","event":"               'Preto',","logger":"airflow.task.hooks.airflow.providers.standard.hooks.subprocess.SubprocessHook","filename":"subprocess.py","lineno":99}
{"timestamp":"2026-02-04T22:30:34.367673Z","level":"info","event":" 'memory': 'N/A',","logger":"airflow.task.hooks.airflow.providers.standard.hooks.subprocess.SubprocessHook","filename":"subprocess.py","lineno":99}
{"timestamp":"2026-02-04T22:30:34.367703Z","level":"info","event":" 'price': '77',","logger":"airflow.task.hooks.airflow.providers.standard.hooks.subprocess.SubprocessHook","filename":"subprocess.py","lineno":99}
{"timestamp":"2026-02-04T22:30:34.367730Z","level":"info","event":" 'rating': '4.7',","logger":"airflow.task.hooks.airflow.providers.standard.hooks.subprocess.SubprocessHook","filename":"subprocess.py","lineno":99}
{"timestamp":"2026-02-04T22:30:34.367758Z","level":"info","event":" 'short_title': 'headset',","logger":"airflow.task.hooks.airflow.providers.standard.hooks.subprocess.SubprocessHook","filename":"subprocess.py","lineno":99}
{"timestamp":"2026-02-04T22:30:34.367785Z","level":"info","event":" 'site_name': 'mercado_livre',","logger":"airflow.task.hooks.airflow.providers.standard.hooks.subprocess.SubprocessHook","filename":"subprocess.py","lineno":99}
{"timestamp":"2026-02-04T22:30:34.367811Z","level":"info","event":" 'storage': 'N/A'}","logger":"airflow.task.hooks.airflow.providers.standard.hooks.subprocess.SubprocessHook","filename":"subprocess.py","lineno":99}
{"timestamp":"2026-02-04T22:30:34.369070Z","level":"info","event":"2026-02-04 22:30:34 [scrapy.core.scraper] DEBUG: Scraped from <200 https://lista.mercadolivre.com.br/headset>","logger":"airflow.task.hooks.airflow.providers.standard.hooks.subprocess.SubprocessHook","filename":"subprocess.py","lineno":99}
{"timestamp":"2026-02-04T22:30:34.369177Z","level":"info","event":"{'color': 'Rosa',","logger":"airflow.task.hooks.airflow.providers.standard.hooks.subprocess.SubprocessHook","filename":"subprocess.py","lineno":99}
{"timestamp":"2026-02-04T22:30:34.369232Z","level":"info","event":" 'full_title': 'Fone Orelhas Gatinho Sem Fio Led Bluetooth Música Infantil Cor '","logger":"airflow.task.hooks.airflow.providers.standard.hooks.subprocess.SubprocessHook","filename":"subprocess.py","lineno":99}
{"timestamp":"2026-02-04T22:30:34.369306Z","level":"info","event":"               'Rosa',","logger":"airflow.task.hooks.airflow.providers.standard.hooks.subprocess.SubprocessHook","filename":"subprocess.py","lineno":99}
{"timestamp":"2026-02-04T22:30:34.369347Z","level":"info","event":" 'memory': 'N/A',","logger":"airflow.task.hooks.airflow.providers.standard.hooks.subprocess.SubprocessHook","filename":"subprocess.py","lineno":99}
{"timestamp":"2026-02-04T22:30:34.369378Z","level":"info","event":" 'price': '69',","logger":"airflow.task.hooks.airflow.providers.standard.hooks.subprocess.SubprocessHook","filename":"subprocess.py","lineno":99}
{"timestamp":"2026-02-04T22:30:34.369407Z","level":"info","event":" 'rating': '4.7',","logger":"airflow.task.hooks.airflow.providers.standard.hooks.subprocess.SubprocessHook","filename":"subprocess.py","lineno":99}
{"timestamp":"2026-02-04T22:30:34.369435Z","level":"info","event":" 'short_title': 'headset',","logger":"airflow.task.hooks.airflow.providers.standard.hooks.subprocess.SubprocessHook","filename":"subprocess.py","lineno":99}
{"timestamp":"2026-02-04T22:30:34.369463Z","level":"info","event":" 'site_name': 'mercado_livre',","logger":"airflow.task.hooks.airflow.providers.standard.hooks.subprocess.SubprocessHook","filename":"subprocess.py","lineno":99}
{"timestamp":"2026-02-04T22:30:34.369490Z","level":"info","event":" 'storage': 'N/A'}","logger":"airflow.task.hooks.airflow.providers.standard.hooks.subprocess.SubprocessHook","filename":"subprocess.py","lineno":99}
{"timestamp":"2026-02-04T22:30:34.370799Z","level":"info","event":"2026-02-04 22:30:34 [scrapy.core.scraper] DEBUG: Scraped from <200 https://lista.mercadolivre.com.br/headset>","logger":"airflow.task.hooks.airflow.providers.standard.hooks.subprocess.SubprocessHook","filename":"subprocess.py","lineno":99}
{"timestamp":"2026-02-04T22:30:34.370887Z","level":"info","event":"{'color': 'Preto',","logger":"airflow.task.hooks.airflow.providers.standard.hooks.subprocess.SubprocessHook","filename":"subprocess.py","lineno":99}
{"timestamp":"2026-02-04T22:30:34.370939Z","level":"info","event":" 'full_title': 'Headset Pro P2 Preto E Cinza Multilaser Ph316',","logger":"airflow.task.hooks.airflow.providers.standard.hooks.subprocess.SubprocessHook","filename":"subprocess.py","lineno":99}
{"timestamp":"2026-02-04T22:30:34.370973Z","level":"info","event":" 'memory': 'N/A',","logger":"airflow.task.hooks.airflow.providers.standard.hooks.subprocess.SubprocessHook","filename":"subprocess.py","lineno":99}
{"timestamp":"2026-02-04T22:30:34.371004Z","level":"info","event":" 'price': '72',","logger":"airflow.task.hooks.airflow.providers.standard.hooks.subprocess.SubprocessHook","filename":"subprocess.py","lineno":99}
{"timestamp":"2026-02-04T22:30:34.371033Z","level":"info","event":" 'rating': '4.5',","logger":"airflow.task.hooks.airflow.providers.standard.hooks.subprocess.SubprocessHook","filename":"subprocess.py","lineno":99}
{"timestamp":"2026-02-04T22:30:34.371060Z","level":"info","event":" 'short_title': 'headset',","logger":"airflow.task.hooks.airflow.providers.standard.hooks.subprocess.SubprocessHook","filename":"subprocess.py","lineno":99}
{"timestamp":"2026-02-04T22:30:34.371087Z","level":"info","event":" 'site_name': 'mercado_livre',","logger":"airflow.task.hooks.airflow.providers.standard.hooks.subprocess.SubprocessHook","filename":"subprocess.py","lineno":99}
{"timestamp":"2026-02-04T22:30:34.371113Z","level":"info","event":" 'storage': 'N/A'}","logger":"airflow.task.hooks.airflow.providers.standard.hooks.subprocess.SubprocessHook","filename":"subprocess.py","lineno":99}
{"timestamp":"2026-02-04T22:30:34.372359Z","level":"info","event":"2026-02-04 22:30:34 [scrapy.core.scraper] DEBUG: Scraped from <200 https://lista.mercadolivre.com.br/headset>","logger":"airflow.task.hooks.airflow.providers.standard.hooks.subprocess.SubprocessHook","filename":"subprocess.py","lineno":99}
{"timestamp":"2026-02-04T22:30:34.372448Z","level":"info","event":"{'color': 'Preto',","logger":"airflow.task.hooks.airflow.providers.standard.hooks.subprocess.SubprocessHook","filename":"subprocess.py","lineno":99}
{"timestamp":"2026-02-04T22:30:34.372500Z","level":"info","event":" 'full_title': 'Fone De Ouvido Bluetooth Com Microfone Sem Fio, Bluetooth 5.4, '","logger":"airflow.task.hooks.airflow.providers.standard.hooks.subprocess.SubprocessHook","filename":"subprocess.py","lineno":99}
{"timestamp":"2026-02-04T22:30:34.372537Z","level":"info","event":"               'Anc Cancelamento De Ruido 22db, Estéreo Hi-fi, Enc(chamada Hd '","logger":"airflow.task.hooks.airflow.providers.standard.hooks.subprocess.SubprocessHook","filename":"subprocess.py","lineno":99}
{"timestamp":"2026-02-04T22:30:34.372571Z","level":"info","event":"               'Bluetooth), 50 Horas De Reproduço, Design Dobrável, Ba-fon003 '","logger":"airflow.task.hooks.airflow.providers.standard.hooks.subprocess.SubprocessHook","filename":"subprocess.py","lineno":99}
{"timestamp":"2026-02-04T22:30:34.372601Z","level":"info","event":"               'Cor Preto',","logger":"airflow.task.hooks.airflow.providers.standard.hooks.subprocess.SubprocessHook","filename":"subprocess.py","lineno":99}
{"timestamp":"2026-02-04T22:30:34.372629Z","level":"info","event":" 'memory': 'N/A',","logger":"airflow.task.hooks.airflow.providers.standard.hooks.subprocess.SubprocessHook","filename":"subprocess.py","lineno":99}
{"timestamp":"2026-02-04T22:30:34.372655Z","level":"info","event":" 'price': '256',","logger":"airflow.task.hooks.airflow.providers.standard.hooks.subprocess.SubprocessHook","filename":"subprocess.py","lineno":99}
{"timestamp":"2026-02-04T22:30:34.372682Z","level":"info","event":" 'rating': '4.7',","logger":"airflow.task.hooks.airflow.providers.standard.hooks.subprocess.SubprocessHook","filename":"subprocess.py","lineno":99}
{"timestamp":"2026-02-04T22:30:34.372708Z","level":"info","event":" 'short_title': 'headset',","logger":"airflow.task.hooks.airflow.providers.standard.hooks.subprocess.SubprocessHook","filename":"subprocess.py","lineno":99}
{"timestamp":"2026-02-04T22:30:34.372735Z","level":"info","event":" 'site_name': 'mercado_livre',","logger":"airflow.task.hooks.airflow.providers.standard.hooks.subprocess.SubprocessHook","filename":"subprocess.py","lineno":99}
{"timestamp":"2026-02-04T22:30:34.372761Z","level":"info","event":" 'storage': 'N/A'}","logger":"airflow.task.hooks.airflow.providers.standard.hooks.subprocess.SubprocessHook","filename":"subprocess.py","lineno":99}
{"timestamp":"2026-02-04T22:30:34.374116Z","level":"info","event":"2026-02-04 22:30:34 [scrapy.core.scraper] DEBUG: Scraped from <200 https://lista.mercadolivre.com.br/headset>","logger":"airflow.task.hooks.airflow.providers.standard.hooks.subprocess.SubprocessHook","filename":"subprocess.py","lineno":99}
{"timestamp":"2026-02-04T22:30:34.374228Z","level":"info","event":"{'color': 'N/A',","logger":"airflow.task.hooks.airflow.providers.standard.hooks.subprocess.SubprocessHook","filename":"subprocess.py","lineno":99}
{"timestamp":"2026-02-04T22:30:34.374294Z","level":"info","event":" 'full_title': 'Headset com fio H111 com Microfone com Redução de Ruído e '","logger":"airflow.task.hooks.airflow.providers.standard.hooks.subprocess.SubprocessHook","filename":"subprocess.py","lineno":99}
{"timestamp":"2026-02-04T22:30:34.374334Z","level":"info","event":"               'Conexão 3,5mm BT 1 Unidade Logitech',","logger":"airflow.task.hooks.airflow.providers.standard.hooks.subprocess.SubprocessHook","filename":"subprocess.py","lineno":99}
{"timestamp":"2026-02-04T22:30:34.374365Z","level":"info","event":" 'memory': 'N/A',","logger":"airflow.task.hooks.airflow.providers.standard.hooks.subprocess.SubprocessHook","filename":"subprocess.py","lineno":99}
{"timestamp":"2026-02-04T22:30:34.374394Z","level":"info","event":" 'price': '99',","logger":"airflow.task.hooks.airflow.providers.standard.hooks.subprocess.SubprocessHook","filename":"subprocess.py","lineno":99}
{"timestamp":"2026-02-04T22:30:34.374422Z","level":"info","event":" 'rating': '4.6',","logger":"airflow.task.hooks.airflow.providers.standard.hooks.subprocess.SubprocessHook","filename":"subprocess.py","lineno":99}
{"timestamp":"2026-02-04T22:30:34.374448Z","level":"info","event":" 'short_title': 'headset',","logger":"airflow.task.hooks.airflow.providers.standard.hooks.subprocess.SubprocessHook","filename":"subprocess.py","lineno":99}
{"timestamp":"2026-02-04T22:30:34.374474Z","level":"info","event":" 'site_name': 'mercado_livre',","logger":"airflow.task.hooks.airflow.providers.standard.hooks.subprocess.SubprocessHook","filename":"subprocess.py","lineno":99}
{"timestamp":"2026-02-04T22:30:34.374501Z","level":"info","event":" 'storage': 'N/A'}","logger":"airflow.task.hooks.airflow.providers.standard.hooks.subprocess.SubprocessHook","filename":"subprocess.py","lineno":99}
{"timestamp":"2026-02-04T22:30:34.376030Z","level":"info","event":"2026-02-04 22:30:34 [scrapy.core.scraper] DEBUG: Scraped from <200 https://lista.mercadolivre.com.br/headset>","logger":"airflow.task.hooks.airflow.providers.standard.hooks.subprocess.SubprocessHook","filename":"subprocess.py","lineno":99}
{"timestamp":"2026-02-04T22:30:34.376139Z","level":"info","event":"{'color': 'Branco',","logger":"airflow.task.hooks.airflow.providers.standard.hooks.subprocess.SubprocessHook","filename":"subprocess.py","lineno":99}
{"timestamp":"2026-02-04T22:30:34.376200Z","level":"info","event":" 'full_title': 'Headset Bluetooth Redução De Ruído Do Anc Com Microfone '","logger":"airflow.task.hooks.airflow.providers.standard.hooks.subprocess.SubprocessHook","filename":"subprocess.py","lineno":99}
{"timestamp":"2026-02-04T22:30:34.376247Z","level":"info","event":"               'Enc(Chamada Hd Bluetooth), Fone Bluetooth , Bateria 30 Horas, '","logger":"airflow.task.hooks.airflow.providers.standard.hooks.subprocess.SubprocessHook","filename":"subprocess.py","lineno":99}
{"timestamp":"2026-02-04T22:30:34.376286Z","level":"info","event":"               'Hifi Chamadas Por Bluetooth, Cor Branco Basike Ba-FON113',","logger":"airflow.task.hooks.airflow.providers.standard.hooks.subprocess.SubprocessHook","filename":"subprocess.py","lineno":99}
{"timestamp":"2026-02-04T22:30:34.376326Z","level":"info","event":" 'memory': 'N/A',","logger":"airflow.task.hooks.airflow.providers.standard.hooks.subprocess.SubprocessHook","filename":"subprocess.py","lineno":99}
{"timestamp":"2026-02-04T22:30:34.376370Z","level":"info","event":" 'price': '241',","logger":"airflow.task.hooks.airflow.providers.standard.hooks.subprocess.SubprocessHook","filename":"subprocess.py","lineno":99}
{"timestamp":"2026-02-04T22:30:34.376399Z","level":"info","event":" 'rating': '4.8',","logger":"airflow.task.hooks.airflow.providers.standard.hooks.subprocess.SubprocessHook","filename":"subprocess.py","lineno":99}
{"timestamp":"2026-02-04T22:30:34.376427Z","level":"info","event":" 'short_title': 'headset',","logger":"airflow.task.hooks.airflow.providers.standard.hooks.subprocess.SubprocessHook","filename":"subprocess.py","lineno":99}
{"timestamp":"2026-02-04T22:30:34.376452Z","level":"info","event":" 'site_name': 'mercado_livre',","logger":"airflow.task.hooks.airflow.providers.standard.hooks.subprocess.SubprocessHook","filename":"subprocess.py","lineno":99}
{"timestamp":"2026-02-04T22:30:34.376478Z","level":"info","event":" 'storage': 'N/A'}","logger":"airflow.task.hooks.airflow.providers.standard.hooks.subprocess.SubprocessHook","filename":"subprocess.py","lineno":99}
{"timestamp":"2026-02-04T22:30:34.377777Z","level":"info","event":"2026-02-04 22:30:34 [scrapy.core.scraper] DEBUG: Scraped from <200 https://lista.mercadolivre.com.br/headset>","logger":"airflow.task.hooks.airflow.providers.standard.hooks.subprocess.SubprocessHook","filename":"subprocess.py","lineno":99}
{"timestamp":"2026-02-04T22:30:34.377871Z","level":"info","event":"{'color': 'N/A',","logger":"airflow.task.hooks.airflow.providers.standard.hooks.subprocess.SubprocessHook","filename":"subprocess.py","lineno":99}
{"timestamp":"2026-02-04T22:30:34.377934Z","level":"info","event":" 'full_title': 'Fone De Ouvido Headset Office Usb Microfone Reunião Empresa '","logger":"airflow.task.hooks.airflow.providers.standard.hooks.subprocess.SubprocessHook","filename":"subprocess.py","lineno":99}
{"timestamp":"2026-02-04T22:30:34.377981Z","level":"info","event":"               'Call Computador Telefone Pc Notebook Microfone Para Reunião '","logger":"airflow.task.hooks.airflow.providers.standard.hooks.subprocess.SubprocessHook","filename":"subprocess.py","lineno":99}
{"timestamp":"2026-02-04T22:30:34.378021Z","level":"info","event":"               'Home Office Jogos Trabalho Empresa\\xa0com\\xa0nf-e',","logger":"airflow.task.hooks.airflow.providers.standard.hooks.subprocess.SubprocessHook","filename":"subprocess.py","lineno":99}
{"timestamp":"2026-02-04T22:30:34.378054Z","level":"info","event":" 'memory': 'N/A',","logger":"airflow.task.hooks.airflow.providers.standard.hooks.subprocess.SubprocessHook","filename":"subprocess.py","lineno":99}
{"timestamp":"2026-02-04T22:30:34.378090Z","level":"info","event":" 'price': '69',","logger":"airflow.task.hooks.airflow.providers.standard.hooks.subprocess.SubprocessHook","filename":"subprocess.py","lineno":99}
{"timestamp":"2026-02-04T22:30:34.378118Z","level":"info","event":" 'rating': '4.7',","logger":"airflow.task.hooks.airflow.providers.standard.hooks.subprocess.SubprocessHook","filename":"subprocess.py","lineno":99}
{"timestamp":"2026-02-04T22:30:34.378144Z","level":"info","event":" 'short_title': 'headset',","logger":"airflow.task.hooks.airflow.providers.standard.hooks.subprocess.SubprocessHook","filename":"subprocess.py","lineno":99}
{"timestamp":"2026-02-04T22:30:34.378193Z","level":"info","event":" 'site_name': 'mercado_livre',","logger":"airflow.task.hooks.airflow.providers.standard.hooks.subprocess.SubprocessHook","filename":"subprocess.py","lineno":99}
{"timestamp":"2026-02-04T22:30:34.378225Z","level":"info","event":" 'storage': 'N/A'}","logger":"airflow.task.hooks.airflow.providers.standard.hooks.subprocess.SubprocessHook","filename":"subprocess.py","lineno":99}
{"timestamp":"2026-02-04T22:30:34.379355Z","level":"info","event":"2026-02-04 22:30:34 [scrapy.core.scraper] DEBUG: Scraped from <200 https://lista.mercadolivre.com.br/headset>","logger":"airflow.task.hooks.airflow.providers.standard.hooks.subprocess.SubprocessHook","filename":"subprocess.py","lineno":99}
{"timestamp":"2026-02-04T22:30:34.379440Z","level":"info","event":"{'color': 'Preto',","logger":"airflow.task.hooks.airflow.providers.standard.hooks.subprocess.SubprocessHook","filename":"subprocess.py","lineno":99}
{"timestamp":"2026-02-04T22:30:34.379491Z","level":"info","event":" 'full_title': 'Espumas Earpad Almofadas Par Compatível Com Hyperx Cloud '","logger":"airflow.task.hooks.airflow.providers.standard.hooks.subprocess.SubprocessHook","filename":"subprocess.py","lineno":99}
{"timestamp":"2026-02-04T22:30:34.379525Z","level":"info","event":"               'Stinger Cor Preto Tecido',","logger":"airflow.task.hooks.airflow.providers.standard.hooks.subprocess.SubprocessHook","filename":"subprocess.py","lineno":99}
{"timestamp":"2026-02-04T22:30:34.379555Z","level":"info","event":" 'memory': 'N/A',","logger":"airflow.task.hooks.airflow.providers.standard.hooks.subprocess.SubprocessHook","filename":"subprocess.py","lineno":99}
{"timestamp":"2026-02-04T22:30:34.379584Z","level":"info","event":" 'price': '56',","logger":"airflow.task.hooks.airflow.providers.standard.hooks.subprocess.SubprocessHook","filename":"subprocess.py","lineno":99}
{"timestamp":"2026-02-04T22:30:34.379610Z","level":"info","event":" 'rating': '4.8',","logger":"airflow.task.hooks.airflow.providers.standard.hooks.subprocess.SubprocessHook","filename":"subprocess.py","lineno":99}
{"timestamp":"2026-02-04T22:30:34.379636Z","level":"info","event":" 'short_title': 'headset',","logger":"airflow.task.hooks.airflow.providers.standard.hooks.subprocess.SubprocessHook","filename":"subprocess.py","lineno":99}
{"timestamp":"2026-02-04T22:30:34.379663Z","level":"info","event":" 'site_name': 'mercado_livre',","logger":"airflow.task.hooks.airflow.providers.standard.hooks.subprocess.SubprocessHook","filename":"subprocess.py","lineno":99}
{"timestamp":"2026-02-04T22:30:34.379690Z","level":"info","event":" 'storage': 'N/A'}","logger":"airflow.task.hooks.airflow.providers.standard.hooks.subprocess.SubprocessHook","filename":"subprocess.py","lineno":99}
{"timestamp":"2026-02-04T22:30:34.380952Z","level":"info","event":"2026-02-04 22:30:34 [scrapy.core.scraper] DEBUG: Scraped from <200 https://lista.mercadolivre.com.br/headset>","logger":"airflow.task.hooks.airflow.providers.standard.hooks.subprocess.SubprocessHook","filename":"subprocess.py","lineno":99}
{"timestamp":"2026-02-04T22:30:34.381057Z","level":"info","event":"{'color': 'Preto',","logger":"airflow.task.hooks.airflow.providers.standard.hooks.subprocess.SubprocessHook","filename":"subprocess.py","lineno":99}
{"timestamp":"2026-02-04T22:30:34.381113Z","level":"info","event":" 'full_title': 'Headset Sem Fio Fallen Pantera Eco Light Wireless Preto 50mm '","logger":"airflow.task.hooks.airflow.providers.standard.hooks.subprocess.SubprocessHook","filename":"subprocess.py","lineno":99}
{"timestamp":"2026-02-04T22:30:34.381149Z","level":"info","event":"               'Bateria 45h',","logger":"airflow.task.hooks.airflow.providers.standard.hooks.subprocess.SubprocessHook","filename":"subprocess.py","lineno":99}
{"timestamp":"2026-02-04T22:30:34.381181Z","level":"info","event":" 'memory': 'N/A',","logger":"airflow.task.hooks.airflow.providers.standard.hooks.subprocess.SubprocessHook","filename":"subprocess.py","lineno":99}
{"timestamp":"2026-02-04T22:30:34.381210Z","level":"info","event":" 'price': '612',","logger":"airflow.task.hooks.airflow.providers.standard.hooks.subprocess.SubprocessHook","filename":"subprocess.py","lineno":99}
{"timestamp":"2026-02-04T22:30:34.381237Z","level":"info","event":" 'rating': '4.7',","logger":"airflow.task.hooks.airflow.providers.standard.hooks.subprocess.SubprocessHook","filename":"subprocess.py","lineno":99}
{"timestamp":"2026-02-04T22:30:34.381264Z","level":"info","event":" 'short_title': 'headset',","logger":"airflow.task.hooks.airflow.providers.standard.hooks.subprocess.SubprocessHook","filename":"subprocess.py","lineno":99}
{"timestamp":"2026-02-04T22:30:34.381302Z","level":"info","event":" 'site_name': 'mercado_livre',","logger":"airflow.task.hooks.airflow.providers.standard.hooks.subprocess.SubprocessHook","filename":"subprocess.py","lineno":99}
{"timestamp":"2026-02-04T22:30:34.381346Z","level":"info","event":" 'storage': 'N/A'}","logger":"airflow.task.hooks.airflow.providers.standard.hooks.subprocess.SubprocessHook","filename":"subprocess.py","lineno":99}
{"timestamp":"2026-02-04T22:30:34.382619Z","level":"info","event":"2026-02-04 22:30:34 [scrapy.core.scraper] DEBUG: Scraped from <200 https://lista.mercadolivre.com.br/headset>","logger":"airflow.task.hooks.airflow.providers.standard.hooks.subprocess.SubprocessHook","filename":"subprocess.py","lineno":99}
{"timestamp":"2026-02-04T22:30:34.382719Z","level":"info","event":"{'color': 'Preto',","logger":"airflow.task.hooks.airflow.providers.standard.hooks.subprocess.SubprocessHook","filename":"subprocess.py","lineno":99}
{"timestamp":"2026-02-04T22:30:34.382774Z","level":"info","event":" 'full_title': 'Headset Qcy H3 Lite Anc Bluetooth 5.3 Multiponto 60h Cor Preto',","logger":"airflow.task.hooks.airflow.providers.standard.hooks.subprocess.SubprocessHook","filename":"subprocess.py","lineno":99}
{"timestamp":"2026-02-04T22:30:34.382846Z","level":"info","event":" 'memory': 'N/A',","logger":"airflow.task.hooks.airflow.providers.standard.hooks.subprocess.SubprocessHook","filename":"subprocess.py","lineno":99}
{"timestamp":"2026-02-04T22:30:34.382903Z","level":"info","event":" 'price': '336',","logger":"airflow.task.hooks.airflow.providers.standard.hooks.subprocess.SubprocessHook","filename":"subprocess.py","lineno":99}
{"timestamp":"2026-02-04T22:30:34.382938Z","level":"info","event":" 'rating': '4.9',","logger":"airflow.task.hooks.airflow.providers.standard.hooks.subprocess.SubprocessHook","filename":"subprocess.py","lineno":99}
{"timestamp":"2026-02-04T22:30:34.382968Z","level":"info","event":" 'short_title': 'headset',","logger":"airflow.task.hooks.airflow.providers.standard.hooks.subprocess.SubprocessHook","filename":"subprocess.py","lineno":99}
{"timestamp":"2026-02-04T22:30:34.382997Z","level":"info","event":" 'site_name': 'mercado_livre',","logger":"airflow.task.hooks.airflow.providers.standard.hooks.subprocess.SubprocessHook","filename":"subprocess.py","lineno":99}
{"timestamp":"2026-02-04T22:30:34.383025Z","level":"info","event":" 'storage': 'N/A'}","logger":"airflow.task.hooks.airflow.providers.standard.hooks.subprocess.SubprocessHook","filename":"subprocess.py","lineno":99}
{"timestamp":"2026-02-04T22:30:34.383994Z","level":"info","event":"2026-02-04 22:30:34 [scrapy.core.scraper] DEBUG: Scraped from <200 https://lista.mercadolivre.com.br/headset>","logger":"airflow.task.hooks.airflow.providers.standard.hooks.subprocess.SubprocessHook","filename":"subprocess.py","lineno":99}
{"timestamp":"2026-02-04T22:30:34.384085Z","level":"info","event":"{'color': 'Preto',","logger":"airflow.task.hooks.airflow.providers.standard.hooks.subprocess.SubprocessHook","filename":"subprocess.py","lineno":99}
{"timestamp":"2026-02-04T22:30:34.384137Z","level":"info","event":" 'full_title': 'Headset Evolut Eg306, Led Rainbow, Multi Plataforma Cor Preto '","logger":"airflow.task.hooks.airflow.providers.standard.hooks.subprocess.SubprocessHook","filename":"subprocess.py","lineno":99}
{"timestamp":"2026-02-04T22:30:34.384172Z","level":"info","event":"               'Luz Rainbow',","logger":"airflow.task.hooks.airflow.providers.standard.hooks.subprocess.SubprocessHook","filename":"subprocess.py","lineno":99}
{"timestamp":"2026-02-04T22:30:34.384203Z","level":"info","event":" 'memory': 'N/A',","logger":"airflow.task.hooks.airflow.providers.standard.hooks.subprocess.SubprocessHook","filename":"subprocess.py","lineno":99}
{"timestamp":"2026-02-04T22:30:34.384231Z","level":"info","event":" 'price': '78',","logger":"airflow.task.hooks.airflow.providers.standard.hooks.subprocess.SubprocessHook","filename":"subprocess.py","lineno":99}
{"timestamp":"2026-02-04T22:30:34.384257Z","level":"info","event":" 'rating': '4.7',","logger":"airflow.task.hooks.airflow.providers.standard.hooks.subprocess.SubprocessHook","filename":"subprocess.py","lineno":99}
{"timestamp":"2026-02-04T22:30:34.384285Z","level":"info","event":" 'short_title': 'headset',","logger":"airflow.task.hooks.airflow.providers.standard.hooks.subprocess.SubprocessHook","filename":"subprocess.py","lineno":99}
{"timestamp":"2026-02-04T22:30:34.384311Z","level":"info","event":" 'site_name': 'mercado_livre',","logger":"airflow.task.hooks.airflow.providers.standard.hooks.subprocess.SubprocessHook","filename":"subprocess.py","lineno":99}
{"timestamp":"2026-02-04T22:30:34.384337Z","level":"info","event":" 'storage': 'N/A'}","logger":"airflow.task.hooks.airflow.providers.standard.hooks.subprocess.SubprocessHook","filename":"subprocess.py","lineno":99}
{"timestamp":"2026-02-04T22:30:34.385509Z","level":"info","event":"2026-02-04 22:30:34 [scrapy.core.scraper] DEBUG: Scraped from <200 https://lista.mercadolivre.com.br/headset>","logger":"airflow.task.hooks.airflow.providers.standard.hooks.subprocess.SubprocessHook","filename":"subprocess.py","lineno":99}
{"timestamp":"2026-02-04T22:30:34.385596Z","level":"info","event":"{'color': 'Preto',","logger":"airflow.task.hooks.airflow.providers.standard.hooks.subprocess.SubprocessHook","filename":"subprocess.py","lineno":99}
{"timestamp":"2026-02-04T22:30:34.385648Z","level":"info","event":" 'full_title': 'Fone de Ouvido Bluetooth 5.3 Onistek Sem Fio com Microfone '","logger":"airflow.task.hooks.airflow.providers.standard.hooks.subprocess.SubprocessHook","filename":"subprocess.py","lineno":99}
{"timestamp":"2026-02-04T22:30:34.385683Z","level":"info","event":"               'Preto',","logger":"airflow.task.hooks.airflow.providers.standard.hooks.subprocess.SubprocessHook","filename":"subprocess.py","lineno":99}
{"timestamp":"2026-02-04T22:30:34.385714Z","level":"info","event":" 'memory': 'N/A',","logger":"airflow.task.hooks.airflow.providers.standard.hooks.subprocess.SubprocessHook","filename":"subprocess.py","lineno":99}
{"timestamp":"2026-02-04T22:30:34.385742Z","level":"info","event":" 'price': '69',","logger":"airflow.task.hooks.airflow.providers.standard.hooks.subprocess.SubprocessHook","filename":"subprocess.py","lineno":99}
{"timestamp":"2026-02-04T22:30:34.385768Z","level":"info","event":" 'rating': '5.0',","logger":"airflow.task.hooks.airflow.providers.standard.hooks.subprocess.SubprocessHook","filename":"subprocess.py","lineno":99}
{"timestamp":"2026-02-04T22:30:34.385794Z","level":"info","event":" 'short_title': 'headset',","logger":"airflow.task.hooks.airflow.providers.standard.hooks.subprocess.SubprocessHook","filename":"subprocess.py","lineno":99}
{"timestamp":"2026-02-04T22:30:34.385820Z","level":"info","event":" 'site_name': 'mercado_livre',","logger":"airflow.task.hooks.airflow.providers.standard.hooks.subprocess.SubprocessHook","filename":"subprocess.py","lineno":99}
{"timestamp":"2026-02-04T22:30:34.385846Z","level":"info","event":" 'storage': 'N/A'}","logger":"airflow.task.hooks.airflow.providers.standard.hooks.subprocess.SubprocessHook","filename":"subprocess.py","lineno":99}
{"timestamp":"2026-02-04T22:30:34.387013Z","level":"info","event":"2026-02-04 22:30:34 [scrapy.core.scraper] DEBUG: Scraped from <200 https://lista.mercadolivre.com.br/headset>","logger":"airflow.task.hooks.airflow.providers.standard.hooks.subprocess.SubprocessHook","filename":"subprocess.py","lineno":99}
{"timestamp":"2026-02-04T22:30:34.387098Z","level":"info","event":"{'color': 'Preto',","logger":"airflow.task.hooks.airflow.providers.standard.hooks.subprocess.SubprocessHook","filename":"subprocess.py","lineno":99}
{"timestamp":"2026-02-04T22:30:34.387148Z","level":"info","event":" 'full_title': 'Headset Qcy H3 Anc Adaptativo Bluetooth 5.3 Multiponto 60h Cor '","logger":"airflow.task.hooks.airflow.providers.standard.hooks.subprocess.SubprocessHook","filename":"subprocess.py","lineno":99}
{"timestamp":"2026-02-04T22:30:34.387183Z","level":"info","event":"               'Preto',","logger":"airflow.task.hooks.airflow.providers.standard.hooks.subprocess.SubprocessHook","filename":"subprocess.py","lineno":99}
{"timestamp":"2026-02-04T22:30:34.387212Z","level":"info","event":" 'memory': 'N/A',","logger":"airflow.task.hooks.airflow.providers.standard.hooks.subprocess.SubprocessHook","filename":"subprocess.py","lineno":99}
{"timestamp":"2026-02-04T22:30:34.387240Z","level":"info","event":" 'price': '362',","logger":"airflow.task.hooks.airflow.providers.standard.hooks.subprocess.SubprocessHook","filename":"subprocess.py","lineno":99}
{"timestamp":"2026-02-04T22:30:34.387268Z","level":"info","event":" 'rating': '4.9',","logger":"airflow.task.hooks.airflow.providers.standard.hooks.subprocess.SubprocessHook","filename":"subprocess.py","lineno":99}
{"timestamp":"2026-02-04T22:30:34.387295Z","level":"info","event":" 'short_title': 'headset',","logger":"airflow.task.hooks.airflow.providers.standard.hooks.subprocess.SubprocessHook","filename":"subprocess.py","lineno":99}
{"timestamp":"2026-02-04T22:30:34.387321Z","level":"info","event":" 'site_name': 'mercado_livre',","logger":"airflow.task.hooks.airflow.providers.standard.hooks.subprocess.SubprocessHook","filename":"subprocess.py","lineno":99}
{"timestamp":"2026-02-04T22:30:34.387347Z","level":"info","event":" 'storage': 'N/A'}","logger":"airflow.task.hooks.airflow.providers.standard.hooks.subprocess.SubprocessHook","filename":"subprocess.py","lineno":99}
{"timestamp":"2026-02-04T22:30:34.388526Z","level":"info","event":"2026-02-04 22:30:34 [scrapy.core.scraper] DEBUG: Scraped from <200 https://lista.mercadolivre.com.br/headset>","logger":"airflow.task.hooks.airflow.providers.standard.hooks.subprocess.SubprocessHook","filename":"subprocess.py","lineno":99}
{"timestamp":"2026-02-04T22:30:34.388610Z","level":"info","event":"{'color': 'N/A',","logger":"airflow.task.hooks.airflow.providers.standard.hooks.subprocess.SubprocessHook","filename":"subprocess.py","lineno":99}
{"timestamp":"2026-02-04T22:30:34.388660Z","level":"info","event":" 'full_title': 'Fone De Ouvido Headset Office P/ Computador Telefone Pc '","logger":"airflow.task.hooks.airflow.providers.standard.hooks.subprocess.SubprocessHook","filename":"subprocess.py","lineno":99}
{"timestamp":"2026-02-04T22:30:34.388695Z","level":"info","event":"               'Notebook C/ Conector Cabo Usb Com Microfone Para Reunião Home '","logger":"airflow.task.hooks.airflow.providers.standard.hooks.subprocess.SubprocessHook","filename":"subprocess.py","lineno":99}
{"timestamp":"2026-02-04T22:30:34.388726Z","level":"info","event":"               'Office Jogos Trabalho Empresa Inma',","logger":"airflow.task.hooks.airflow.providers.standard.hooks.subprocess.SubprocessHook","filename":"subprocess.py","lineno":99}
{"timestamp":"2026-02-04T22:30:34.388755Z","level":"info","event":" 'memory': 'N/A',","logger":"airflow.task.hooks.airflow.providers.standard.hooks.subprocess.SubprocessHook","filename":"subprocess.py","lineno":99}
{"timestamp":"2026-02-04T22:30:34.388783Z","level":"info","event":" 'price': '78',","logger":"airflow.task.hooks.airflow.providers.standard.hooks.subprocess.SubprocessHook","filename":"subprocess.py","lineno":99}
{"timestamp":"2026-02-04T22:30:34.388810Z","level":"info","event":" 'rating': '4.7',","logger":"airflow.task.hooks.airflow.providers.standard.hooks.subprocess.SubprocessHook","filename":"subprocess.py","lineno":99}
{"timestamp":"2026-02-04T22:30:34.388835Z","level":"info","event":" 'short_title': 'headset',","logger":"airflow.task.hooks.airflow.providers.standard.hooks.subprocess.SubprocessHook","filename":"subprocess.py","lineno":99}
{"timestamp":"2026-02-04T22:30:34.388861Z","level":"info","event":" 'site_name': 'mercado_livre',","logger":"airflow.task.hooks.airflow.providers.standard.hooks.subprocess.SubprocessHook","filename":"subprocess.py","lineno":99}
{"timestamp":"2026-02-04T22:30:34.388887Z","level":"info","event":" 'storage': 'N/A'}","logger":"airflow.task.hooks.airflow.providers.standard.hooks.subprocess.SubprocessHook","filename":"subprocess.py","lineno":99}
{"timestamp":"2026-02-04T22:30:34.390098Z","level":"info","event":"2026-02-04 22:30:34 [scrapy.core.scraper] DEBUG: Scraped from <200 https://lista.mercadolivre.com.br/headset>","logger":"airflow.task.hooks.airflow.providers.standard.hooks.subprocess.SubprocessHook","filename":"subprocess.py","lineno":99}
{"timestamp":"2026-02-04T22:30:34.390184Z","level":"info","event":"{'color': 'N/A',","logger":"airflow.task.hooks.airflow.providers.standard.hooks.subprocess.SubprocessHook","filename":"subprocess.py","lineno":99}
{"timestamp":"2026-02-04T22:30:34.390234Z","level":"info","event":" 'full_title': 'Headset EPM IMPORTS RGB LED com Microfone e Cancelamento de '","logger":"airflow.task.hooks.airflow.providers.standard.hooks.subprocess.SubprocessHook","filename":"subprocess.py","lineno":99}
{"timestamp":"2026-02-04T22:30:34.390267Z","level":"info","event":"               'Ruído para PS5/PS4/Xbox PC',","logger":"airflow.task.hooks.airflow.providers.standard.hooks.subprocess.SubprocessHook","filename":"subprocess.py","lineno":99}
{"timestamp":"2026-02-04T22:30:34.390298Z","level":"info","event":" 'memory': 'N/A',","logger":"airflow.task.hooks.airflow.providers.standard.hooks.subprocess.SubprocessHook","filename":"subprocess.py","lineno":99}
{"timestamp":"2026-02-04T22:30:34.390326Z","level":"info","event":" 'price': '78',","logger":"airflow.task.hooks.airflow.providers.standard.hooks.subprocess.SubprocessHook","filename":"subprocess.py","lineno":99}
{"timestamp":"2026-02-04T22:30:34.390352Z","level":"info","event":" 'rating': '4.8',","logger":"airflow.task.hooks.airflow.providers.standard.hooks.subprocess.SubprocessHook","filename":"subprocess.py","lineno":99}
{"timestamp":"2026-02-04T22:30:34.390378Z","level":"info","event":" 'short_title': 'headset',","logger":"airflow.task.hooks.airflow.providers.standard.hooks.subprocess.SubprocessHook","filename":"subprocess.py","lineno":99}
{"timestamp":"2026-02-04T22:30:34.390404Z","level":"info","event":" 'site_name': 'mercado_livre',","logger":"airflow.task.hooks.airflow.providers.standard.hooks.subprocess.SubprocessHook","filename":"subprocess.py","lineno":99}
{"timestamp":"2026-02-04T22:30:34.390430Z","level":"info","event":" 'storage': 'N/A'}","logger":"airflow.task.hooks.airflow.providers.standard.hooks.subprocess.SubprocessHook","filename":"subprocess.py","lineno":99}
{"timestamp":"2026-02-04T22:30:34.391801Z","level":"info","event":"2026-02-04 22:30:34 [scrapy.core.scraper] DEBUG: Scraped from <200 https://lista.mercadolivre.com.br/headset>","logger":"airflow.task.hooks.airflow.providers.standard.hooks.subprocess.SubprocessHook","filename":"subprocess.py","lineno":99}
{"timestamp":"2026-02-04T22:30:34.391910Z","level":"info","event":"{'color': 'Branco',","logger":"airflow.task.hooks.airflow.providers.standard.hooks.subprocess.SubprocessHook","filename":"subprocess.py","lineno":99}
{"timestamp":"2026-02-04T22:30:34.391960Z","level":"info","event":" 'full_title': 'Fone De Ouvido P9 Sem Fio Bluetooth Headphone Over-ear Cor '","logger":"airflow.task.hooks.airflow.providers.standard.hooks.subprocess.SubprocessHook","filename":"subprocess.py","lineno":99}
{"timestamp":"2026-02-04T22:30:34.391993Z","level":"info","event":"               'Branco',","logger":"airflow.task.hooks.airflow.providers.standard.hooks.subprocess.SubprocessHook","filename":"subprocess.py","lineno":99}
{"timestamp":"2026-02-04T22:30:34.392022Z","level":"info","event":" 'memory': 'N/A',","logger":"airflow.task.hooks.airflow.providers.standard.hooks.subprocess.SubprocessHook","filename":"subprocess.py","lineno":99}
{"timestamp":"2026-02-04T22:30:34.392051Z","level":"info","event":" 'price': '44',","logger":"airflow.task.hooks.airflow.providers.standard.hooks.subprocess.SubprocessHook","filename":"subprocess.py","lineno":99}
{"timestamp":"2026-02-04T22:30:34.392077Z","level":"info","event":" 'rating': '+5 vendidos',","logger":"airflow.task.hooks.airflow.providers.standard.hooks.subprocess.SubprocessHook","filename":"subprocess.py","lineno":99}
{"timestamp":"2026-02-04T22:30:34.392103Z","level":"info","event":" 'short_title': 'headset',","logger":"airflow.task.hooks.airflow.providers.standard.hooks.subprocess.SubprocessHook","filename":"subprocess.py","lineno":99}
{"timestamp":"2026-02-04T22:30:34.392130Z","level":"info","event":" 'site_name': 'mercado_livre',","logger":"airflow.task.hooks.airflow.providers.standard.hooks.subprocess.SubprocessHook","filename":"subprocess.py","lineno":99}
{"timestamp":"2026-02-04T22:30:34.392156Z","level":"info","event":" 'storage': 'N/A'}","logger":"airflow.task.hooks.airflow.providers.standard.hooks.subprocess.SubprocessHook","filename":"subprocess.py","lineno":99}
{"timestamp":"2026-02-04T22:30:34.393538Z","level":"info","event":"2026-02-04 22:30:34 [scrapy.core.scraper] DEBUG: Scraped from <200 https://lista.mercadolivre.com.br/headset>","logger":"airflow.task.hooks.airflow.providers.standard.hooks.subprocess.SubprocessHook","filename":"subprocess.py","lineno":99}
{"timestamp":"2026-02-04T22:30:34.393640Z","level":"info","event":"{'color': 'White',","logger":"airflow.task.hooks.airflow.providers.standard.hooks.subprocess.SubprocessHook","filename":"subprocess.py","lineno":99}
{"timestamp":"2026-02-04T22:30:34.393749Z","level":"info","event":" 'full_title': 'Headset Havit H2002d Edição Cores White Red Roxo Pink Cor Azul',","logger":"airflow.task.hooks.airflow.providers.standard.hooks.subprocess.SubprocessHook","filename":"subprocess.py","lineno":99}
{"timestamp":"2026-02-04T22:30:34.393806Z","level":"info","event":" 'memory': 'N/A',","logger":"airflow.task.hooks.airflow.providers.standard.hooks.subprocess.SubprocessHook","filename":"subprocess.py","lineno":99}
{"timestamp":"2026-02-04T22:30:34.393839Z","level":"info","event":" 'price': '259',","logger":"airflow.task.hooks.airflow.providers.standard.hooks.subprocess.SubprocessHook","filename":"subprocess.py","lineno":99}
{"timestamp":"2026-02-04T22:30:34.393867Z","level":"info","event":" 'rating': '4.8',","logger":"airflow.task.hooks.airflow.providers.standard.hooks.subprocess.SubprocessHook","filename":"subprocess.py","lineno":99}
{"timestamp":"2026-02-04T22:30:34.393895Z","level":"info","event":" 'short_title': 'headset',","logger":"airflow.task.hooks.airflow.providers.standard.hooks.subprocess.SubprocessHook","filename":"subprocess.py","lineno":99}
{"timestamp":"2026-02-04T22:30:34.393922Z","level":"info","event":" 'site_name': 'mercado_livre',","logger":"airflow.task.hooks.airflow.providers.standard.hooks.subprocess.SubprocessHook","filename":"subprocess.py","lineno":99}
{"timestamp":"2026-02-04T22:30:34.393969Z","level":"info","event":" 'storage': 'N/A'}","logger":"airflow.task.hooks.airflow.providers.standard.hooks.subprocess.SubprocessHook","filename":"subprocess.py","lineno":99}
{"timestamp":"2026-02-04T22:30:34.395248Z","level":"info","event":"2026-02-04 22:30:34 [scrapy.core.scraper] DEBUG: Scraped from <200 https://lista.mercadolivre.com.br/headset>","logger":"airflow.task.hooks.airflow.providers.standard.hooks.subprocess.SubprocessHook","filename":"subprocess.py","lineno":99}
{"timestamp":"2026-02-04T22:30:34.395335Z","level":"info","event":"{'color': 'Preto',","logger":"airflow.task.hooks.airflow.providers.standard.hooks.subprocess.SubprocessHook","filename":"subprocess.py","lineno":99}
{"timestamp":"2026-02-04T22:30:34.395418Z","level":"info","event":" 'full_title': 'Headset Pixxo EPH222 Preto Controle Volume Cabo 2.1m Microfone '","logger":"airflow.task.hooks.airflow.providers.standard.hooks.subprocess.SubprocessHook","filename":"subprocess.py","lineno":99}
{"timestamp":"2026-02-04T22:30:34.395465Z","level":"info","event":"               'Flexível',","logger":"airflow.task.hooks.airflow.providers.standard.hooks.subprocess.SubprocessHook","filename":"subprocess.py","lineno":99}
{"timestamp":"2026-02-04T22:30:34.395497Z","level":"info","event":" 'memory': 'N/A',","logger":"airflow.task.hooks.airflow.providers.standard.hooks.subprocess.SubprocessHook","filename":"subprocess.py","lineno":99}
{"timestamp":"2026-02-04T22:30:34.395528Z","level":"info","event":" 'price': '59',","logger":"airflow.task.hooks.airflow.providers.standard.hooks.subprocess.SubprocessHook","filename":"subprocess.py","lineno":99}
{"timestamp":"2026-02-04T22:30:34.395555Z","level":"info","event":" 'rating': '4.4',","logger":"airflow.task.hooks.airflow.providers.standard.hooks.subprocess.SubprocessHook","filename":"subprocess.py","lineno":99}
{"timestamp":"2026-02-04T22:30:34.395581Z","level":"info","event":" 'short_title': 'headset',","logger":"airflow.task.hooks.airflow.providers.standard.hooks.subprocess.SubprocessHook","filename":"subprocess.py","lineno":99}
{"timestamp":"2026-02-04T22:30:34.395608Z","level":"info","event":" 'site_name': 'mercado_livre',","logger":"airflow.task.hooks.airflow.providers.standard.hooks.subprocess.SubprocessHook","filename":"subprocess.py","lineno":99}
{"timestamp":"2026-02-04T22:30:34.395634Z","level":"info","event":" 'storage': 'N/A'}","logger":"airflow.task.hooks.airflow.providers.standard.hooks.subprocess.SubprocessHook","filename":"subprocess.py","lineno":99}
{"timestamp":"2026-02-04T22:30:34.396813Z","level":"info","event":"2026-02-04 22:30:34 [scrapy.core.scraper] DEBUG: Scraped from <200 https://lista.mercadolivre.com.br/headset>","logger":"airflow.task.hooks.airflow.providers.standard.hooks.subprocess.SubprocessHook","filename":"subprocess.py","lineno":99}
{"timestamp":"2026-02-04T22:30:34.396903Z","level":"info","event":"{'color': 'Preto',","logger":"airflow.task.hooks.airflow.providers.standard.hooks.subprocess.SubprocessHook","filename":"subprocess.py","lineno":99}
{"timestamp":"2026-02-04T22:30:34.397104Z","level":"info","event":" 'full_title': 'Headset Havit H2002d Edição Cor Preto',","logger":"airflow.task.hooks.airflow.providers.standard.hooks.subprocess.SubprocessHook","filename":"subprocess.py","lineno":99}
{"timestamp":"2026-02-04T22:30:34.397174Z","level":"info","event":" 'memory': 'N/A',","logger":"airflow.task.hooks.airflow.providers.standard.hooks.subprocess.SubprocessHook","filename":"subprocess.py","lineno":99}
{"timestamp":"2026-02-04T22:30:34.397215Z","level":"info","event":" 'price': '219',","logger":"airflow.task.hooks.airflow.providers.standard.hooks.subprocess.SubprocessHook","filename":"subprocess.py","lineno":99}
{"timestamp":"2026-02-04T22:30:34.397365Z","level":"info","event":" 'rating': '4.8',","logger":"airflow.task.hooks.airflow.providers.standard.hooks.subprocess.SubprocessHook","filename":"subprocess.py","lineno":99}
{"timestamp":"2026-02-04T22:30:34.397443Z","level":"info","event":" 'short_title': 'headset',","logger":"airflow.task.hooks.airflow.providers.standard.hooks.subprocess.SubprocessHook","filename":"subprocess.py","lineno":99}
{"timestamp":"2026-02-04T22:30:34.397496Z","level":"info","event":" 'site_name': 'mercado_livre',","logger":"airflow.task.hooks.airflow.providers.standard.hooks.subprocess.SubprocessHook","filename":"subprocess.py","lineno":99}
{"timestamp":"2026-02-04T22:30:34.397531Z","level":"info","event":" 'storage': 'N/A'}","logger":"airflow.task.hooks.airflow.providers.standard.hooks.subprocess.SubprocessHook","filename":"subprocess.py","lineno":99}
{"timestamp":"2026-02-04T22:30:34.398962Z","level":"info","event":"2026-02-04 22:30:34 [scrapy.core.engine] INFO: Closing spider (finished)","logger":"airflow.task.hooks.airflow.providers.standard.hooks.subprocess.SubprocessHook","filename":"subprocess.py","lineno":99}
{"timestamp":"2026-02-04T22:30:34.399562Z","level":"info","event":"2026-02-04 22:30:34 [scrapy.statscollectors] INFO: Dumping Scrapy stats:","logger":"airflow.task.hooks.airflow.providers.standard.hooks.subprocess.SubprocessHook","filename":"subprocess.py","lineno":99}
{"timestamp":"2026-02-04T22:30:34.399629Z","level":"info","event":"{'downloader/request_bytes': 2224,","logger":"airflow.task.hooks.airflow.providers.standard.hooks.subprocess.SubprocessHook","filename":"subprocess.py","lineno":99}
{"timestamp":"2026-02-04T22:30:34.399670Z","level":"info","event":" 'downloader/request_count': 6,","logger":"airflow.task.hooks.airflow.providers.standard.hooks.subprocess.SubprocessHook","filename":"subprocess.py","lineno":99}
{"timestamp":"2026-02-04T22:30:34.399702Z","level":"info","event":" 'downloader/request_method_count/GET': 6,","logger":"airflow.task.hooks.airflow.providers.standard.hooks.subprocess.SubprocessHook","filename":"subprocess.py","lineno":99}
{"timestamp":"2026-02-04T22:30:34.399731Z","level":"info","event":" 'downloader/response_bytes': 2274678,","logger":"airflow.task.hooks.airflow.providers.standard.hooks.subprocess.SubprocessHook","filename":"subprocess.py","lineno":99}
{"timestamp":"2026-02-04T22:30:34.399759Z","level":"info","event":" 'downloader/response_count': 6,","logger":"airflow.task.hooks.airflow.providers.standard.hooks.subprocess.SubprocessHook","filename":"subprocess.py","lineno":99}
{"timestamp":"2026-02-04T22:30:34.399785Z","level":"info","event":" 'downloader/response_status_count/200': 6,","logger":"airflow.task.hooks.airflow.providers.standard.hooks.subprocess.SubprocessHook","filename":"subprocess.py","lineno":99}
{"timestamp":"2026-02-04T22:30:34.399812Z","level":"info","event":" 'elapsed_time_seconds': 27.222667,","logger":"airflow.task.hooks.airflow.providers.standard.hooks.subprocess.SubprocessHook","filename":"subprocess.py","lineno":99}
{"timestamp":"2026-02-04T22:30:34.399838Z","level":"info","event":" 'finish_reason': 'finished',","logger":"airflow.task.hooks.airflow.providers.standard.hooks.subprocess.SubprocessHook","filename":"subprocess.py","lineno":99}
{"timestamp":"2026-02-04T22:30:34.399865Z","level":"info","event":" 'finish_time': datetime.datetime(2026, 2, 4, 22, 30, 34, 399183, tzinfo=datetime.timezone.utc),","logger":"airflow.task.hooks.airflow.providers.standard.hooks.subprocess.SubprocessHook","filename":"subprocess.py","lineno":99}
{"timestamp":"2026-02-04T22:30:34.399892Z","level":"info","event":" 'httpcompression/response_bytes': 14088702,","logger":"airflow.task.hooks.airflow.providers.standard.hooks.subprocess.SubprocessHook","filename":"subprocess.py","lineno":99}
{"timestamp":"2026-02-04T22:30:34.399919Z","level":"info","event":" 'httpcompression/response_count': 6,","logger":"airflow.task.hooks.airflow.providers.standard.hooks.subprocess.SubprocessHook","filename":"subprocess.py","lineno":99}
{"timestamp":"2026-02-04T22:30:34.399947Z","level":"info","event":" 'item_scraped_count': 284,","logger":"airflow.task.hooks.airflow.providers.standard.hooks.subprocess.SubprocessHook","filename":"subprocess.py","lineno":99}
{"timestamp":"2026-02-04T22:30:34.399975Z","level":"info","event":" 'items_per_minute': 631.1111111111111,","logger":"airflow.task.hooks.airflow.providers.standard.hooks.subprocess.SubprocessHook","filename":"subprocess.py","lineno":99}
{"timestamp":"2026-02-04T22:30:34.400002Z","level":"info","event":" 'log_count/DEBUG': 295,","logger":"airflow.task.hooks.airflow.providers.standard.hooks.subprocess.SubprocessHook","filename":"subprocess.py","lineno":99}
{"timestamp":"2026-02-04T22:30:34.400030Z","level":"info","event":" 'log_count/INFO': 10,","logger":"airflow.task.hooks.airflow.providers.standard.hooks.subprocess.SubprocessHook","filename":"subprocess.py","lineno":99}
{"timestamp":"2026-02-04T22:30:34.400058Z","level":"info","event":" 'memusage/max': 236335104,","logger":"airflow.task.hooks.airflow.providers.standard.hooks.subprocess.SubprocessHook","filename":"subprocess.py","lineno":99}
{"timestamp":"2026-02-04T22:30:34.400086Z","level":"info","event":" 'memusage/startup': 236335104,","logger":"airflow.task.hooks.airflow.providers.standard.hooks.subprocess.SubprocessHook","filename":"subprocess.py","lineno":99}
{"timestamp":"2026-02-04T22:30:34.400113Z","level":"info","event":" 'response_received_count': 6,","logger":"airflow.task.hooks.airflow.providers.standard.hooks.subprocess.SubprocessHook","filename":"subprocess.py","lineno":99}
{"timestamp":"2026-02-04T22:30:34.400140Z","level":"info","event":" 'responses_per_minute': 13.333333333333332,","logger":"airflow.task.hooks.airflow.providers.standard.hooks.subprocess.SubprocessHook","filename":"subprocess.py","lineno":99}
{"timestamp":"2026-02-04T22:30:34.400165Z","level":"info","event":" 'robotstxt/request_count': 1,","logger":"airflow.task.hooks.airflow.providers.standard.hooks.subprocess.SubprocessHook","filename":"subprocess.py","lineno":99}
{"timestamp":"2026-02-04T22:30:34.400191Z","level":"info","event":" 'robotstxt/response_count': 1,","logger":"airflow.task.hooks.airflow.providers.standard.hooks.subprocess.SubprocessHook","filename":"subprocess.py","lineno":99}
{"timestamp":"2026-02-04T22:30:34.400217Z","level":"info","event":" 'robotstxt/response_status_count/200': 1,","logger":"airflow.task.hooks.airflow.providers.standard.hooks.subprocess.SubprocessHook","filename":"subprocess.py","lineno":99}
{"timestamp":"2026-02-04T22:30:34.400243Z","level":"info","event":" 'scheduler/dequeued': 5,","logger":"airflow.task.hooks.airflow.providers.standard.hooks.subprocess.SubprocessHook","filename":"subprocess.py","lineno":99}
{"timestamp":"2026-02-04T22:30:34.400269Z","level":"info","event":" 'scheduler/dequeued/memory': 5,","logger":"airflow.task.hooks.airflow.providers.standard.hooks.subprocess.SubprocessHook","filename":"subprocess.py","lineno":99}
{"timestamp":"2026-02-04T22:30:34.400296Z","level":"info","event":" 'scheduler/enqueued': 5,","logger":"airflow.task.hooks.airflow.providers.standard.hooks.subprocess.SubprocessHook","filename":"subprocess.py","lineno":99}
{"timestamp":"2026-02-04T22:30:34.400326Z","level":"info","event":" 'scheduler/enqueued/memory': 5,","logger":"airflow.task.hooks.airflow.providers.standard.hooks.subprocess.SubprocessHook","filename":"subprocess.py","lineno":99}
{"timestamp":"2026-02-04T22:30:34.400352Z","level":"info","event":" 'start_time': datetime.datetime(2026, 2, 4, 22, 30, 7, 176516, tzinfo=datetime.timezone.utc)}","logger":"airflow.task.hooks.airflow.providers.standard.hooks.subprocess.SubprocessHook","filename":"subprocess.py","lineno":99}
{"timestamp":"2026-02-04T22:30:34.400382Z","level":"info","event":"2026-02-04 22:30:34 [scrapy.core.engine] INFO: Spider closed (finished)","logger":"airflow.task.hooks.airflow.providers.standard.hooks.subprocess.SubprocessHook","filename":"subprocess.py","lineno":99}
{"timestamp":"2026-02-04T22:30:34.641217Z","level":"info","event":"Command exited with return code 0","logger":"airflow.task.hooks.airflow.providers.standard.hooks.subprocess.SubprocessHook","filename":"subprocess.py","lineno":103}
{"timestamp":"2026-02-04T22:30:34.643078Z","level":"info","event":"Pushing xcom","ti":"RuntimeTaskInstance(id=UUID('019c2ac6-d7b6-7c9e-b12e-4e3e653995af'), task_id='run_scrapy_mercado_livre', dag_id='scrapy_pipeline', run_id='scheduled__2026-02-04T22:30:00+00:00', try_number=1, dag_version_id=UUID('019c1489-5544-7059-b1ee-b747d346a304'), map_index=-1, hostname='b63c8f3d905d', context_carrier={}, task=<Task(BashOperator): run_scrapy_mercado_livre>, bundle_instance=LocalDagBundle(name=dags-folder), max_tries=0, start_date=datetime.datetime(2026, 2, 4, 22, 30, 1, 357539, tzinfo=datetime.timezone.utc), end_date=None, state=<TaskInstanceState.RUNNING: 'running'>, is_mapped=False, rendered_map_index=None)","logger":"task","filename":"task_runner.py","lineno":1370}
