{"timestamp":"2026-01-21T00:00:05.258034Z","level":"info","event":"DAG bundles loaded: dags-folder","logger":"airflow.dag_processing.bundles.manager.DagBundlesManager","filename":"manager.py","lineno":179}
{"timestamp":"2026-01-21T00:00:05.259984Z","level":"info","event":"Filling up the DagBag from /opt/airflow/dags/scrapy_pipeline.py","logger":"airflow.models.dagbag.DagBag","filename":"dagbag.py","lineno":593}
{"timestamp":"2026-01-21T00:00:05.691923Z","level":"info","event":"Tmp dir root location: /tmp","logger":"airflow.task.hooks.airflow.providers.standard.hooks.subprocess.SubprocessHook","filename":"subprocess.py","lineno":78}
{"timestamp":"2026-01-21T00:00:05.692247Z","level":"info","event":"Running command: ['/usr/bin/bash', '-c', 'export PYTHONPATH=$PYTHONPATH:/opt/airflow/project/ecommerce_scraper && python3 -m scrapy crawl cute_mercado_livre_spider']","logger":"airflow.task.hooks.airflow.providers.standard.hooks.subprocess.SubprocessHook","filename":"subprocess.py","lineno":80}
{"timestamp":"2026-01-21T00:00:05.694325Z","level":"info","event":"Output:","logger":"airflow.task.hooks.airflow.providers.standard.hooks.subprocess.SubprocessHook","filename":"subprocess.py","lineno":92}
{"timestamp":"2026-01-21T00:00:06.458765Z","level":"info","event":"2026-01-21 00:00:06 [scrapy.utils.log] INFO: Scrapy 2.13.4 started (bot: ecommerce_scraper)","logger":"airflow.task.hooks.airflow.providers.standard.hooks.subprocess.SubprocessHook","filename":"subprocess.py","lineno":99}
{"timestamp":"2026-01-21T00:00:06.470307Z","level":"info","event":"2026-01-21 00:00:06 [scrapy.utils.log] INFO: Versions:","logger":"airflow.task.hooks.airflow.providers.standard.hooks.subprocess.SubprocessHook","filename":"subprocess.py","lineno":99}
{"timestamp":"2026-01-21T00:00:06.470485Z","level":"info","event":"{'lxml': '6.0.2',","logger":"airflow.task.hooks.airflow.providers.standard.hooks.subprocess.SubprocessHook","filename":"subprocess.py","lineno":99}
{"timestamp":"2026-01-21T00:00:06.470550Z","level":"info","event":" 'libxml2': '2.9.14',","logger":"airflow.task.hooks.airflow.providers.standard.hooks.subprocess.SubprocessHook","filename":"subprocess.py","lineno":99}
{"timestamp":"2026-01-21T00:00:06.470590Z","level":"info","event":" 'cssselect': '1.3.0',","logger":"airflow.task.hooks.airflow.providers.standard.hooks.subprocess.SubprocessHook","filename":"subprocess.py","lineno":99}
{"timestamp":"2026-01-21T00:00:06.470623Z","level":"info","event":" 'parsel': '1.10.0',","logger":"airflow.task.hooks.airflow.providers.standard.hooks.subprocess.SubprocessHook","filename":"subprocess.py","lineno":99}
{"timestamp":"2026-01-21T00:00:06.470655Z","level":"info","event":" 'w3lib': '2.3.1',","logger":"airflow.task.hooks.airflow.providers.standard.hooks.subprocess.SubprocessHook","filename":"subprocess.py","lineno":99}
{"timestamp":"2026-01-21T00:00:06.470685Z","level":"info","event":" 'Twisted': '25.5.0',","logger":"airflow.task.hooks.airflow.providers.standard.hooks.subprocess.SubprocessHook","filename":"subprocess.py","lineno":99}
{"timestamp":"2026-01-21T00:00:06.470714Z","level":"info","event":" 'Python': '3.12.12 (main, Dec 12 2025, 21:44:08) [GCC 12.2.0]',","logger":"airflow.task.hooks.airflow.providers.standard.hooks.subprocess.SubprocessHook","filename":"subprocess.py","lineno":99}
{"timestamp":"2026-01-21T00:00:06.470743Z","level":"info","event":" 'pyOpenSSL': '25.3.0 (OpenSSL 3.5.4 30 Sep 2025)',","logger":"airflow.task.hooks.airflow.providers.standard.hooks.subprocess.SubprocessHook","filename":"subprocess.py","lineno":99}
{"timestamp":"2026-01-21T00:00:06.470770Z","level":"info","event":" 'cryptography': '46.0.3',","logger":"airflow.task.hooks.airflow.providers.standard.hooks.subprocess.SubprocessHook","filename":"subprocess.py","lineno":99}
{"timestamp":"2026-01-21T00:00:06.470798Z","level":"info","event":" 'Platform': 'Linux-6.6.87.2-microsoft-standard-WSL2-x86_64-with-glibc2.36'}","logger":"airflow.task.hooks.airflow.providers.standard.hooks.subprocess.SubprocessHook","filename":"subprocess.py","lineno":99}
{"timestamp":"2026-01-21T00:00:06.472106Z","level":"info","event":"2026-01-21 00:00:06 [scrapy.addons] INFO: Enabled addons:","logger":"airflow.task.hooks.airflow.providers.standard.hooks.subprocess.SubprocessHook","filename":"subprocess.py","lineno":99}
{"timestamp":"2026-01-21T00:00:06.472206Z","level":"info","event":"[]","logger":"airflow.task.hooks.airflow.providers.standard.hooks.subprocess.SubprocessHook","filename":"subprocess.py","lineno":99}
{"timestamp":"2026-01-21T00:00:06.475469Z","level":"info","event":"2026-01-21 00:00:06 [asyncio] DEBUG: Using selector: EpollSelector","logger":"airflow.task.hooks.airflow.providers.standard.hooks.subprocess.SubprocessHook","filename":"subprocess.py","lineno":99}
{"timestamp":"2026-01-21T00:00:06.475825Z","level":"info","event":"2026-01-21 00:00:06 [scrapy.utils.log] DEBUG: Using reactor: twisted.internet.asyncioreactor.AsyncioSelectorReactor","logger":"airflow.task.hooks.airflow.providers.standard.hooks.subprocess.SubprocessHook","filename":"subprocess.py","lineno":99}
{"timestamp":"2026-01-21T00:00:06.475911Z","level":"info","event":"2026-01-21 00:00:06 [scrapy.utils.log] DEBUG: Using asyncio event loop: asyncio.unix_events._UnixSelectorEventLoop","logger":"airflow.task.hooks.airflow.providers.standard.hooks.subprocess.SubprocessHook","filename":"subprocess.py","lineno":99}
{"timestamp":"2026-01-21T00:00:06.479857Z","level":"info","event":"2026-01-21 00:00:06 [scrapy.extensions.telnet] INFO: Telnet Password: 59a77d5a838d9616","logger":"airflow.task.hooks.airflow.providers.standard.hooks.subprocess.SubprocessHook","filename":"subprocess.py","lineno":99}
{"timestamp":"2026-01-21T00:00:06.497465Z","level":"info","event":"2026-01-21 00:00:06 [scrapy.middleware] INFO: Enabled extensions:","logger":"airflow.task.hooks.airflow.providers.standard.hooks.subprocess.SubprocessHook","filename":"subprocess.py","lineno":99}
{"timestamp":"2026-01-21T00:00:06.497642Z","level":"info","event":"['scrapy.extensions.corestats.CoreStats',","logger":"airflow.task.hooks.airflow.providers.standard.hooks.subprocess.SubprocessHook","filename":"subprocess.py","lineno":99}
{"timestamp":"2026-01-21T00:00:06.497708Z","level":"info","event":" 'scrapy.extensions.telnet.TelnetConsole',","logger":"airflow.task.hooks.airflow.providers.standard.hooks.subprocess.SubprocessHook","filename":"subprocess.py","lineno":99}
{"timestamp":"2026-01-21T00:00:06.497754Z","level":"info","event":" 'scrapy.extensions.memusage.MemoryUsage',","logger":"airflow.task.hooks.airflow.providers.standard.hooks.subprocess.SubprocessHook","filename":"subprocess.py","lineno":99}
{"timestamp":"2026-01-21T00:00:06.497792Z","level":"info","event":" 'scrapy.extensions.logstats.LogStats',","logger":"airflow.task.hooks.airflow.providers.standard.hooks.subprocess.SubprocessHook","filename":"subprocess.py","lineno":99}
{"timestamp":"2026-01-21T00:00:06.497829Z","level":"info","event":" 'scrapy.extensions.throttle.AutoThrottle']","logger":"airflow.task.hooks.airflow.providers.standard.hooks.subprocess.SubprocessHook","filename":"subprocess.py","lineno":99}
{"timestamp":"2026-01-21T00:00:06.497869Z","level":"info","event":"2026-01-21 00:00:06 [scrapy.crawler] INFO: Overridden settings:","logger":"airflow.task.hooks.airflow.providers.standard.hooks.subprocess.SubprocessHook","filename":"subprocess.py","lineno":99}
{"timestamp":"2026-01-21T00:00:06.497906Z","level":"info","event":"{'AUTOTHROTTLE_ENABLED': True,","logger":"airflow.task.hooks.airflow.providers.standard.hooks.subprocess.SubprocessHook","filename":"subprocess.py","lineno":99}
{"timestamp":"2026-01-21T00:00:06.497944Z","level":"info","event":" 'BOT_NAME': 'ecommerce_scraper',","logger":"airflow.task.hooks.airflow.providers.standard.hooks.subprocess.SubprocessHook","filename":"subprocess.py","lineno":99}
{"timestamp":"2026-01-21T00:00:06.497979Z","level":"info","event":" 'CONCURRENT_REQUESTS_PER_DOMAIN': 1,","logger":"airflow.task.hooks.airflow.providers.standard.hooks.subprocess.SubprocessHook","filename":"subprocess.py","lineno":99}
{"timestamp":"2026-01-21T00:00:06.498012Z","level":"info","event":" 'DOWNLOAD_DELAY': 1,","logger":"airflow.task.hooks.airflow.providers.standard.hooks.subprocess.SubprocessHook","filename":"subprocess.py","lineno":99}
{"timestamp":"2026-01-21T00:00:06.498051Z","level":"info","event":" 'FEED_EXPORT_ENCODING': 'utf-8',","logger":"airflow.task.hooks.airflow.providers.standard.hooks.subprocess.SubprocessHook","filename":"subprocess.py","lineno":99}
{"timestamp":"2026-01-21T00:00:06.498101Z","level":"info","event":" 'NEWSPIDER_MODULE': 'ecommerce_scraper.spiders',","logger":"airflow.task.hooks.airflow.providers.standard.hooks.subprocess.SubprocessHook","filename":"subprocess.py","lineno":99}
{"timestamp":"2026-01-21T00:00:06.498137Z","level":"info","event":" 'ROBOTSTXT_OBEY': True,","logger":"airflow.task.hooks.airflow.providers.standard.hooks.subprocess.SubprocessHook","filename":"subprocess.py","lineno":99}
{"timestamp":"2026-01-21T00:00:06.498171Z","level":"info","event":" 'SPIDER_MODULES': ['ecommerce_scraper.spiders']}","logger":"airflow.task.hooks.airflow.providers.standard.hooks.subprocess.SubprocessHook","filename":"subprocess.py","lineno":99}
{"timestamp":"2026-01-21T00:00:06.860144Z","level":"info","event":"2026-01-21 00:00:06 [faker.factory] DEBUG: Not in REPL -> leaving logger event level as is.","logger":"airflow.task.hooks.airflow.providers.standard.hooks.subprocess.SubprocessHook","filename":"subprocess.py","lineno":99}
{"timestamp":"2026-01-21T00:00:06.924916Z","level":"info","event":"2026-01-21 00:00:06 [scrapy_ua_rotator.middleware] DEBUG: Loaded User-Agent provider: scrapy_ua_rotator.providers.FakeUserAgentProvider","logger":"airflow.task.hooks.airflow.providers.standard.hooks.subprocess.SubprocessHook","filename":"subprocess.py","lineno":99}
{"timestamp":"2026-01-21T00:00:07.020520Z","level":"info","event":"2026-01-21 00:00:07 [scrapy.middleware] INFO: Enabled downloader middlewares:","logger":"airflow.task.hooks.airflow.providers.standard.hooks.subprocess.SubprocessHook","filename":"subprocess.py","lineno":99}
{"timestamp":"2026-01-21T00:00:07.020724Z","level":"info","event":"['scrapy.downloadermiddlewares.offsite.OffsiteMiddleware',","logger":"airflow.task.hooks.airflow.providers.standard.hooks.subprocess.SubprocessHook","filename":"subprocess.py","lineno":99}
{"timestamp":"2026-01-21T00:00:07.020781Z","level":"info","event":" 'scrapy.downloadermiddlewares.robotstxt.RobotsTxtMiddleware',","logger":"airflow.task.hooks.airflow.providers.standard.hooks.subprocess.SubprocessHook","filename":"subprocess.py","lineno":99}
{"timestamp":"2026-01-21T00:00:07.020818Z","level":"info","event":" 'scrapy.downloadermiddlewares.httpauth.HttpAuthMiddleware',","logger":"airflow.task.hooks.airflow.providers.standard.hooks.subprocess.SubprocessHook","filename":"subprocess.py","lineno":99}
{"timestamp":"2026-01-21T00:00:07.020851Z","level":"info","event":" 'scrapy.downloadermiddlewares.downloadtimeout.DownloadTimeoutMiddleware',","logger":"airflow.task.hooks.airflow.providers.standard.hooks.subprocess.SubprocessHook","filename":"subprocess.py","lineno":99}
{"timestamp":"2026-01-21T00:00:07.020881Z","level":"info","event":" 'scrapy.downloadermiddlewares.defaultheaders.DefaultHeadersMiddleware',","logger":"airflow.task.hooks.airflow.providers.standard.hooks.subprocess.SubprocessHook","filename":"subprocess.py","lineno":99}
{"timestamp":"2026-01-21T00:00:07.020910Z","level":"info","event":" 'scrapy_ua_rotator.middleware.RandomUserAgentMiddleware',","logger":"airflow.task.hooks.airflow.providers.standard.hooks.subprocess.SubprocessHook","filename":"subprocess.py","lineno":99}
{"timestamp":"2026-01-21T00:00:07.020939Z","level":"info","event":" 'scrapy.downloadermiddlewares.retry.RetryMiddleware',","logger":"airflow.task.hooks.airflow.providers.standard.hooks.subprocess.SubprocessHook","filename":"subprocess.py","lineno":99}
{"timestamp":"2026-01-21T00:00:07.020967Z","level":"info","event":" 'scrapy.downloadermiddlewares.redirect.MetaRefreshMiddleware',","logger":"airflow.task.hooks.airflow.providers.standard.hooks.subprocess.SubprocessHook","filename":"subprocess.py","lineno":99}
{"timestamp":"2026-01-21T00:00:07.020993Z","level":"info","event":" 'scrapy.downloadermiddlewares.httpcompression.HttpCompressionMiddleware',","logger":"airflow.task.hooks.airflow.providers.standard.hooks.subprocess.SubprocessHook","filename":"subprocess.py","lineno":99}
{"timestamp":"2026-01-21T00:00:07.021020Z","level":"info","event":" 'scrapy.downloadermiddlewares.redirect.RedirectMiddleware',","logger":"airflow.task.hooks.airflow.providers.standard.hooks.subprocess.SubprocessHook","filename":"subprocess.py","lineno":99}
{"timestamp":"2026-01-21T00:00:07.021048Z","level":"info","event":" 'scrapy.downloadermiddlewares.cookies.CookiesMiddleware',","logger":"airflow.task.hooks.airflow.providers.standard.hooks.subprocess.SubprocessHook","filename":"subprocess.py","lineno":99}
{"timestamp":"2026-01-21T00:00:07.021074Z","level":"info","event":" 'scrapy.downloadermiddlewares.httpproxy.HttpProxyMiddleware',","logger":"airflow.task.hooks.airflow.providers.standard.hooks.subprocess.SubprocessHook","filename":"subprocess.py","lineno":99}
{"timestamp":"2026-01-21T00:00:07.021101Z","level":"info","event":" 'scrapy.downloadermiddlewares.stats.DownloaderStats']","logger":"airflow.task.hooks.airflow.providers.standard.hooks.subprocess.SubprocessHook","filename":"subprocess.py","lineno":99}
{"timestamp":"2026-01-21T00:00:07.026209Z","level":"info","event":"2026-01-21 00:00:07 [scrapy.middleware] INFO: Enabled spider middlewares:","logger":"airflow.task.hooks.airflow.providers.standard.hooks.subprocess.SubprocessHook","filename":"subprocess.py","lineno":99}
{"timestamp":"2026-01-21T00:00:07.026345Z","level":"info","event":"['scrapy.spidermiddlewares.start.StartSpiderMiddleware',","logger":"airflow.task.hooks.airflow.providers.standard.hooks.subprocess.SubprocessHook","filename":"subprocess.py","lineno":99}
{"timestamp":"2026-01-21T00:00:07.026400Z","level":"info","event":" 'scrapy.spidermiddlewares.httperror.HttpErrorMiddleware',","logger":"airflow.task.hooks.airflow.providers.standard.hooks.subprocess.SubprocessHook","filename":"subprocess.py","lineno":99}
{"timestamp":"2026-01-21T00:00:07.026438Z","level":"info","event":" 'scrapy.spidermiddlewares.referer.RefererMiddleware',","logger":"airflow.task.hooks.airflow.providers.standard.hooks.subprocess.SubprocessHook","filename":"subprocess.py","lineno":99}
{"timestamp":"2026-01-21T00:00:07.026470Z","level":"info","event":" 'scrapy.spidermiddlewares.urllength.UrlLengthMiddleware',","logger":"airflow.task.hooks.airflow.providers.standard.hooks.subprocess.SubprocessHook","filename":"subprocess.py","lineno":99}
{"timestamp":"2026-01-21T00:00:07.026498Z","level":"info","event":" 'scrapy.spidermiddlewares.depth.DepthMiddleware']","logger":"airflow.task.hooks.airflow.providers.standard.hooks.subprocess.SubprocessHook","filename":"subprocess.py","lineno":99}
{"timestamp":"2026-01-21T00:00:07.046736Z","level":"info","event":"2026-01-21 00:00:07 [scrapy.middleware] INFO: Enabled item pipelines:","logger":"airflow.task.hooks.airflow.providers.standard.hooks.subprocess.SubprocessHook","filename":"subprocess.py","lineno":99}
{"timestamp":"2026-01-21T00:00:07.046909Z","level":"info","event":"['ecommerce_scraper.pipelines.PostgresPipeline']","logger":"airflow.task.hooks.airflow.providers.standard.hooks.subprocess.SubprocessHook","filename":"subprocess.py","lineno":99}
{"timestamp":"2026-01-21T00:00:07.047319Z","level":"info","event":"2026-01-21 00:00:07 [scrapy.core.engine] INFO: Spider opened","logger":"airflow.task.hooks.airflow.providers.standard.hooks.subprocess.SubprocessHook","filename":"subprocess.py","lineno":99}
{"timestamp":"2026-01-21T00:00:07.064552Z","level":"info","event":"2026-01-21 00:00:07 [py.warnings] WARNING: /home/airflow/.local/lib/python3.12/site-packages/scrapy/core/spidermw.py:433: ScrapyDeprecationWarning: ecommerce_scraper.spiders.mercado_livre_scraper.MercadoLivreSpider defines the deprecated start_requests() method. start_requests() has been deprecated in favor of a new method, start(), to support asynchronous code execution. start_requests() will stop being called in a future version of Scrapy. If you use Scrapy 2.13 or higher only, replace start_requests() with start(); note that start() is a coroutine (async def). If you need to maintain compatibility with lower Scrapy versions, when overriding start_requests() in a spider class, override start() as well; you can use super() to reuse the inherited start() implementation without copy-pasting. See the release notes of Scrapy 2.13 for details: https://docs.scrapy.org/en/2.13/news.html","logger":"airflow.task.hooks.airflow.providers.standard.hooks.subprocess.SubprocessHook","filename":"subprocess.py","lineno":99}
{"timestamp":"2026-01-21T00:00:07.064702Z","level":"info","event":"  warn(","logger":"airflow.task.hooks.airflow.providers.standard.hooks.subprocess.SubprocessHook","filename":"subprocess.py","lineno":99}
{"timestamp":"2026-01-21T00:00:07.064756Z","level":"info","event":"","logger":"airflow.task.hooks.airflow.providers.standard.hooks.subprocess.SubprocessHook","filename":"subprocess.py","lineno":99}
{"timestamp":"2026-01-21T00:00:07.103073Z","level":"info","event":"2026-01-21 00:00:07 [scrapy.extensions.logstats] INFO: Crawled 0 pages (at 0 pages/min), scraped 0 items (at 0 items/min)","logger":"airflow.task.hooks.airflow.providers.standard.hooks.subprocess.SubprocessHook","filename":"subprocess.py","lineno":99}
{"timestamp":"2026-01-21T00:00:07.104285Z","level":"info","event":"2026-01-21 00:00:07 [scrapy.extensions.telnet] INFO: Telnet console listening on 127.0.0.1:6023","logger":"airflow.task.hooks.airflow.providers.standard.hooks.subprocess.SubprocessHook","filename":"subprocess.py","lineno":99}
{"timestamp":"2026-01-21T00:00:07.616240Z","level":"info","event":"2026-01-21 00:00:07 [scrapy.core.engine] DEBUG: Crawled (200) <GET https://lista.mercadolivre.com.br/robots.txt> (referer: None)","logger":"airflow.task.hooks.airflow.providers.standard.hooks.subprocess.SubprocessHook","filename":"subprocess.py","lineno":99}
{"timestamp":"2026-01-21T00:00:14.478949Z","level":"info","event":"2026-01-21 00:00:14 [scrapy.core.engine] DEBUG: Crawled (200) <GET https://lista.mercadolivre.com.br/notebook#D%5BA:notebook%5D> (referer: None)","logger":"airflow.task.hooks.airflow.providers.standard.hooks.subprocess.SubprocessHook","filename":"subprocess.py","lineno":99}
{"timestamp":"2026-01-21T00:00:14.658807Z","level":"info","event":"2026-01-21 00:00:14 [scrapy.core.scraper] DEBUG: Scraped from <200 https://lista.mercadolivre.com.br/notebook>","logger":"airflow.task.hooks.airflow.providers.standard.hooks.subprocess.SubprocessHook","filename":"subprocess.py","lineno":99}
{"timestamp":"2026-01-21T00:00:14.659002Z","level":"info","event":"{'color': 'N/A',","logger":"airflow.task.hooks.airflow.providers.standard.hooks.subprocess.SubprocessHook","filename":"subprocess.py","lineno":99}
{"timestamp":"2026-01-21T00:00:14.659058Z","level":"info","event":" 'full_title': 'Notebook Positivo Vision C15m Intel Celeron N4500 Windows 11 '","logger":"airflow.task.hooks.airflow.providers.standard.hooks.subprocess.SubprocessHook","filename":"subprocess.py","lineno":99}
{"timestamp":"2026-01-21T00:00:14.659139Z","level":"info","event":"               'Home 8gb Ram 128gb Emmc Tela 15 Full Hd Ips Antirreflexo - '","logger":"airflow.task.hooks.airflow.providers.standard.hooks.subprocess.SubprocessHook","filename":"subprocess.py","lineno":99}
{"timestamp":"2026-01-21T00:00:14.659182Z","level":"info","event":"               'Minitela E Tecla Copilot - Permite Upgrade De Memória Ssd - '","logger":"airflow.task.hooks.airflow.providers.standard.hooks.subprocess.SubprocessHook","filename":"subprocess.py","lineno":99}
{"timestamp":"2026-01-21T00:00:14.659216Z","level":"info","event":"               'Cinza',","logger":"airflow.task.hooks.airflow.providers.standard.hooks.subprocess.SubprocessHook","filename":"subprocess.py","lineno":99}
{"timestamp":"2026-01-21T00:00:14.659247Z","level":"info","event":" 'memory': '8gb',","logger":"airflow.task.hooks.airflow.providers.standard.hooks.subprocess.SubprocessHook","filename":"subprocess.py","lineno":99}
{"timestamp":"2026-01-21T00:00:14.659276Z","level":"info","event":" 'price': '2.855',","logger":"airflow.task.hooks.airflow.providers.standard.hooks.subprocess.SubprocessHook","filename":"subprocess.py","lineno":99}
{"timestamp":"2026-01-21T00:00:14.659304Z","level":"info","event":" 'rating': '4.8',","logger":"airflow.task.hooks.airflow.providers.standard.hooks.subprocess.SubprocessHook","filename":"subprocess.py","lineno":99}
{"timestamp":"2026-01-21T00:00:14.659331Z","level":"info","event":" 'site_name': 'mercado_livre',","logger":"airflow.task.hooks.airflow.providers.standard.hooks.subprocess.SubprocessHook","filename":"subprocess.py","lineno":99}
{"timestamp":"2026-01-21T00:00:14.659357Z","level":"info","event":" 'storage': 'N/A'}","logger":"airflow.task.hooks.airflow.providers.standard.hooks.subprocess.SubprocessHook","filename":"subprocess.py","lineno":99}
{"timestamp":"2026-01-21T00:00:14.706967Z","level":"info","event":"2026-01-21 00:00:14 [scrapy.core.scraper] DEBUG: Scraped from <200 https://lista.mercadolivre.com.br/notebook>","logger":"airflow.task.hooks.airflow.providers.standard.hooks.subprocess.SubprocessHook","filename":"subprocess.py","lineno":99}
{"timestamp":"2026-01-21T00:00:14.707144Z","level":"info","event":"{'color': 'N/A',","logger":"airflow.task.hooks.airflow.providers.standard.hooks.subprocess.SubprocessHook","filename":"subprocess.py","lineno":99}
{"timestamp":"2026-01-21T00:00:14.707238Z","level":"info","event":" 'full_title': 'Notebook HP 256R G9 Intel Core i5-1334U 15.6 HD Intel UHD '","logger":"airflow.task.hooks.airflow.providers.standard.hooks.subprocess.SubprocessHook","filename":"subprocess.py","lineno":99}
{"timestamp":"2026-01-21T00:00:14.707319Z","level":"info","event":"               '256GB SSD 16GB RAM Windows 11 Home 64 PLS SL - BQ9L2AT#AK4',","logger":"airflow.task.hooks.airflow.providers.standard.hooks.subprocess.SubprocessHook","filename":"subprocess.py","lineno":99}
{"timestamp":"2026-01-21T00:00:14.707360Z","level":"info","event":" 'memory': '16GB',","logger":"airflow.task.hooks.airflow.providers.standard.hooks.subprocess.SubprocessHook","filename":"subprocess.py","lineno":99}
{"timestamp":"2026-01-21T00:00:14.707392Z","level":"info","event":" 'price': '4.599',","logger":"airflow.task.hooks.airflow.providers.standard.hooks.subprocess.SubprocessHook","filename":"subprocess.py","lineno":99}
{"timestamp":"2026-01-21T00:00:14.707422Z","level":"info","event":" 'rating': '4.9',","logger":"airflow.task.hooks.airflow.providers.standard.hooks.subprocess.SubprocessHook","filename":"subprocess.py","lineno":99}
{"timestamp":"2026-01-21T00:00:14.707449Z","level":"info","event":" 'site_name': 'mercado_livre',","logger":"airflow.task.hooks.airflow.providers.standard.hooks.subprocess.SubprocessHook","filename":"subprocess.py","lineno":99}
{"timestamp":"2026-01-21T00:00:14.707476Z","level":"info","event":" 'storage': '256GB'}","logger":"airflow.task.hooks.airflow.providers.standard.hooks.subprocess.SubprocessHook","filename":"subprocess.py","lineno":99}
{"timestamp":"2026-01-21T00:00:14.708560Z","level":"info","event":"2026-01-21 00:00:14 [scrapy.core.scraper] DEBUG: Scraped from <200 https://lista.mercadolivre.com.br/notebook>","logger":"airflow.task.hooks.airflow.providers.standard.hooks.subprocess.SubprocessHook","filename":"subprocess.py","lineno":99}
{"timestamp":"2026-01-21T00:00:14.708653Z","level":"info","event":"{'color': 'N/A',","logger":"airflow.task.hooks.airflow.providers.standard.hooks.subprocess.SubprocessHook","filename":"subprocess.py","lineno":99}
{"timestamp":"2026-01-21T00:00:14.708706Z","level":"info","event":" 'full_title': \"Notebook Multi Ultra Celeron N4020c 4gb 128gb W11 15,6'' Cinza \"","logger":"airflow.task.hooks.airflow.providers.standard.hooks.subprocess.SubprocessHook","filename":"subprocess.py","lineno":99}
{"timestamp":"2026-01-21T00:00:14.708745Z","level":"info","event":"               '- Ub261',","logger":"airflow.task.hooks.airflow.providers.standard.hooks.subprocess.SubprocessHook","filename":"subprocess.py","lineno":99}
{"timestamp":"2026-01-21T00:00:14.708779Z","level":"info","event":" 'memory': 'N/A',","logger":"airflow.task.hooks.airflow.providers.standard.hooks.subprocess.SubprocessHook","filename":"subprocess.py","lineno":99}
{"timestamp":"2026-01-21T00:00:14.708809Z","level":"info","event":" 'price': '2.098',","logger":"airflow.task.hooks.airflow.providers.standard.hooks.subprocess.SubprocessHook","filename":"subprocess.py","lineno":99}
{"timestamp":"2026-01-21T00:00:14.708839Z","level":"info","event":" 'rating': '4.6',","logger":"airflow.task.hooks.airflow.providers.standard.hooks.subprocess.SubprocessHook","filename":"subprocess.py","lineno":99}
{"timestamp":"2026-01-21T00:00:14.708909Z","level":"info","event":" 'site_name': 'mercado_livre',","logger":"airflow.task.hooks.airflow.providers.standard.hooks.subprocess.SubprocessHook","filename":"subprocess.py","lineno":99}
{"timestamp":"2026-01-21T00:00:14.708967Z","level":"info","event":" 'storage': 'N/A'}","logger":"airflow.task.hooks.airflow.providers.standard.hooks.subprocess.SubprocessHook","filename":"subprocess.py","lineno":99}
{"timestamp":"2026-01-21T00:00:14.710037Z","level":"info","event":"2026-01-21 00:00:14 [scrapy.core.scraper] DEBUG: Scraped from <200 https://lista.mercadolivre.com.br/notebook>","logger":"airflow.task.hooks.airflow.providers.standard.hooks.subprocess.SubprocessHook","filename":"subprocess.py","lineno":99}
{"timestamp":"2026-01-21T00:00:14.710124Z","level":"info","event":"{'color': 'N/A',","logger":"airflow.task.hooks.airflow.providers.standard.hooks.subprocess.SubprocessHook","filename":"subprocess.py","lineno":99}
{"timestamp":"2026-01-21T00:00:14.710174Z","level":"info","event":" 'full_title': \"Notebook Multi Ultra Celeron N4020c 4gb 128gb W11 14'' Cinza\",","logger":"airflow.task.hooks.airflow.providers.standard.hooks.subprocess.SubprocessHook","filename":"subprocess.py","lineno":99}
{"timestamp":"2026-01-21T00:00:14.710210Z","level":"info","event":" 'memory': 'N/A',","logger":"airflow.task.hooks.airflow.providers.standard.hooks.subprocess.SubprocessHook","filename":"subprocess.py","lineno":99}
{"timestamp":"2026-01-21T00:00:14.710294Z","level":"info","event":" 'price': '2.064',","logger":"airflow.task.hooks.airflow.providers.standard.hooks.subprocess.SubprocessHook","filename":"subprocess.py","lineno":99}
{"timestamp":"2026-01-21T00:00:14.710330Z","level":"info","event":" 'rating': '4.6',","logger":"airflow.task.hooks.airflow.providers.standard.hooks.subprocess.SubprocessHook","filename":"subprocess.py","lineno":99}
{"timestamp":"2026-01-21T00:00:14.710361Z","level":"info","event":" 'site_name': 'mercado_livre',","logger":"airflow.task.hooks.airflow.providers.standard.hooks.subprocess.SubprocessHook","filename":"subprocess.py","lineno":99}
{"timestamp":"2026-01-21T00:00:14.710440Z","level":"info","event":" 'storage': 'N/A'}","logger":"airflow.task.hooks.airflow.providers.standard.hooks.subprocess.SubprocessHook","filename":"subprocess.py","lineno":99}
{"timestamp":"2026-01-21T00:00:14.711331Z","level":"info","event":"2026-01-21 00:00:14 [scrapy.core.scraper] DEBUG: Scraped from <200 https://lista.mercadolivre.com.br/notebook>","logger":"airflow.task.hooks.airflow.providers.standard.hooks.subprocess.SubprocessHook","filename":"subprocess.py","lineno":99}
{"timestamp":"2026-01-21T00:00:14.711416Z","level":"info","event":"{'color': 'N/A',","logger":"airflow.task.hooks.airflow.providers.standard.hooks.subprocess.SubprocessHook","filename":"subprocess.py","lineno":99}
{"timestamp":"2026-01-21T00:00:14.711467Z","level":"info","event":" 'full_title': 'Notebook Acer Nitro V15 ANV15-52-737P Intel Core i7-13620H '","logger":"airflow.task.hooks.airflow.providers.standard.hooks.subprocess.SubprocessHook","filename":"subprocess.py","lineno":99}
{"timestamp":"2026-01-21T00:00:14.711502Z","level":"info","event":"               '13ªG 16GB RAM 512GB SSD RTX4050 FHD 15.6”',","logger":"airflow.task.hooks.airflow.providers.standard.hooks.subprocess.SubprocessHook","filename":"subprocess.py","lineno":99}
{"timestamp":"2026-01-21T00:00:14.711535Z","level":"info","event":" 'memory': '16GB',","logger":"airflow.task.hooks.airflow.providers.standard.hooks.subprocess.SubprocessHook","filename":"subprocess.py","lineno":99}
{"timestamp":"2026-01-21T00:00:14.711564Z","level":"info","event":" 'price': '8.999',","logger":"airflow.task.hooks.airflow.providers.standard.hooks.subprocess.SubprocessHook","filename":"subprocess.py","lineno":99}
{"timestamp":"2026-01-21T00:00:14.711592Z","level":"info","event":" 'rating': '5.0',","logger":"airflow.task.hooks.airflow.providers.standard.hooks.subprocess.SubprocessHook","filename":"subprocess.py","lineno":99}
{"timestamp":"2026-01-21T00:00:14.711619Z","level":"info","event":" 'site_name': 'mercado_livre',","logger":"airflow.task.hooks.airflow.providers.standard.hooks.subprocess.SubprocessHook","filename":"subprocess.py","lineno":99}
{"timestamp":"2026-01-21T00:00:14.711646Z","level":"info","event":" 'storage': '512GB'}","logger":"airflow.task.hooks.airflow.providers.standard.hooks.subprocess.SubprocessHook","filename":"subprocess.py","lineno":99}
{"timestamp":"2026-01-21T00:00:14.712705Z","level":"info","event":"2026-01-21 00:00:14 [scrapy.core.scraper] DEBUG: Scraped from <200 https://lista.mercadolivre.com.br/notebook>","logger":"airflow.task.hooks.airflow.providers.standard.hooks.subprocess.SubprocessHook","filename":"subprocess.py","lineno":99}
{"timestamp":"2026-01-21T00:00:14.712792Z","level":"info","event":"{'color': 'N/A',","logger":"airflow.task.hooks.airflow.providers.standard.hooks.subprocess.SubprocessHook","filename":"subprocess.py","lineno":99}
{"timestamp":"2026-01-21T00:00:14.712844Z","level":"info","event":" 'full_title': \"Notebook Multi Ultra Celeron N4020c 4gb 128gb W11 15,6'' Cinza \"","logger":"airflow.task.hooks.airflow.providers.standard.hooks.subprocess.SubprocessHook","filename":"subprocess.py","lineno":99}
{"timestamp":"2026-01-21T00:00:14.712895Z","level":"info","event":"               '- Ub261',","logger":"airflow.task.hooks.airflow.providers.standard.hooks.subprocess.SubprocessHook","filename":"subprocess.py","lineno":99}
{"timestamp":"2026-01-21T00:00:14.712929Z","level":"info","event":" 'memory': 'N/A',","logger":"airflow.task.hooks.airflow.providers.standard.hooks.subprocess.SubprocessHook","filename":"subprocess.py","lineno":99}
{"timestamp":"2026-01-21T00:00:14.712959Z","level":"info","event":" 'price': '2.098',","logger":"airflow.task.hooks.airflow.providers.standard.hooks.subprocess.SubprocessHook","filename":"subprocess.py","lineno":99}
{"timestamp":"2026-01-21T00:00:14.713015Z","level":"info","event":" 'rating': '4.6',","logger":"airflow.task.hooks.airflow.providers.standard.hooks.subprocess.SubprocessHook","filename":"subprocess.py","lineno":99}
{"timestamp":"2026-01-21T00:00:14.713059Z","level":"info","event":" 'site_name': 'mercado_livre',","logger":"airflow.task.hooks.airflow.providers.standard.hooks.subprocess.SubprocessHook","filename":"subprocess.py","lineno":99}
{"timestamp":"2026-01-21T00:00:14.713093Z","level":"info","event":" 'storage': 'N/A'}","logger":"airflow.task.hooks.airflow.providers.standard.hooks.subprocess.SubprocessHook","filename":"subprocess.py","lineno":99}
{"timestamp":"2026-01-21T00:00:14.714160Z","level":"info","event":"2026-01-21 00:00:14 [scrapy.core.scraper] DEBUG: Scraped from <200 https://lista.mercadolivre.com.br/notebook>","logger":"airflow.task.hooks.airflow.providers.standard.hooks.subprocess.SubprocessHook","filename":"subprocess.py","lineno":99}
{"timestamp":"2026-01-21T00:00:14.714266Z","level":"info","event":"{'color': 'N/A',","logger":"airflow.task.hooks.airflow.providers.standard.hooks.subprocess.SubprocessHook","filename":"subprocess.py","lineno":99}
{"timestamp":"2026-01-21T00:00:14.714320Z","level":"info","event":" 'full_title': \"Notebook Multi Ultra Celeron N4020c 4gb 128gb W11 14'' Cinza\",","logger":"airflow.task.hooks.airflow.providers.standard.hooks.subprocess.SubprocessHook","filename":"subprocess.py","lineno":99}
{"timestamp":"2026-01-21T00:00:14.714428Z","level":"info","event":" 'memory': 'N/A',","logger":"airflow.task.hooks.airflow.providers.standard.hooks.subprocess.SubprocessHook","filename":"subprocess.py","lineno":99}
{"timestamp":"2026-01-21T00:00:14.714469Z","level":"info","event":" 'price': '2.064',","logger":"airflow.task.hooks.airflow.providers.standard.hooks.subprocess.SubprocessHook","filename":"subprocess.py","lineno":99}
{"timestamp":"2026-01-21T00:00:14.714502Z","level":"info","event":" 'rating': '4.6',","logger":"airflow.task.hooks.airflow.providers.standard.hooks.subprocess.SubprocessHook","filename":"subprocess.py","lineno":99}
{"timestamp":"2026-01-21T00:00:14.714532Z","level":"info","event":" 'site_name': 'mercado_livre',","logger":"airflow.task.hooks.airflow.providers.standard.hooks.subprocess.SubprocessHook","filename":"subprocess.py","lineno":99}
{"timestamp":"2026-01-21T00:00:14.714560Z","level":"info","event":" 'storage': 'N/A'}","logger":"airflow.task.hooks.airflow.providers.standard.hooks.subprocess.SubprocessHook","filename":"subprocess.py","lineno":99}
{"timestamp":"2026-01-21T00:00:14.715416Z","level":"info","event":"2026-01-21 00:00:14 [scrapy.core.scraper] DEBUG: Scraped from <200 https://lista.mercadolivre.com.br/notebook>","logger":"airflow.task.hooks.airflow.providers.standard.hooks.subprocess.SubprocessHook","filename":"subprocess.py","lineno":99}
{"timestamp":"2026-01-21T00:00:14.715504Z","level":"info","event":"{'color': 'Cinza',","logger":"airflow.task.hooks.airflow.providers.standard.hooks.subprocess.SubprocessHook","filename":"subprocess.py","lineno":99}
{"timestamp":"2026-01-21T00:00:14.715592Z","level":"info","event":" 'full_title': 'Notebook Vaio Fe16 Amd Ryzen 7-5825u Linux 16gb RAM 512gb Ssd '","logger":"airflow.task.hooks.airflow.providers.standard.hooks.subprocess.SubprocessHook","filename":"subprocess.py","lineno":99}
{"timestamp":"2026-01-21T00:00:14.715632Z","level":"info","event":"               'Wi-Fi 6 Tela 16\" Ips Wuxga Antirreflexo Cinza Grafite '","logger":"airflow.task.hooks.airflow.providers.standard.hooks.subprocess.SubprocessHook","filename":"subprocess.py","lineno":99}
{"timestamp":"2026-01-21T00:00:14.715667Z","level":"info","event":"               'Vjfe69f11xb0121h - Permite upgrade de memória RAM e SSD',","logger":"airflow.task.hooks.airflow.providers.standard.hooks.subprocess.SubprocessHook","filename":"subprocess.py","lineno":99}
{"timestamp":"2026-01-21T00:00:14.715697Z","level":"info","event":" 'memory': '16gb',","logger":"airflow.task.hooks.airflow.providers.standard.hooks.subprocess.SubprocessHook","filename":"subprocess.py","lineno":99}
{"timestamp":"2026-01-21T00:00:14.715726Z","level":"info","event":" 'price': '4.999',","logger":"airflow.task.hooks.airflow.providers.standard.hooks.subprocess.SubprocessHook","filename":"subprocess.py","lineno":99}
{"timestamp":"2026-01-21T00:00:14.715804Z","level":"info","event":" 'rating': '4.8',","logger":"airflow.task.hooks.airflow.providers.standard.hooks.subprocess.SubprocessHook","filename":"subprocess.py","lineno":99}
{"timestamp":"2026-01-21T00:00:14.715891Z","level":"info","event":" 'site_name': 'mercado_livre',","logger":"airflow.task.hooks.airflow.providers.standard.hooks.subprocess.SubprocessHook","filename":"subprocess.py","lineno":99}
{"timestamp":"2026-01-21T00:00:14.715930Z","level":"info","event":" 'storage': '512gb'}","logger":"airflow.task.hooks.airflow.providers.standard.hooks.subprocess.SubprocessHook","filename":"subprocess.py","lineno":99}
{"timestamp":"2026-01-21T00:00:14.716680Z","level":"info","event":"2026-01-21 00:00:14 [scrapy.core.scraper] DEBUG: Scraped from <200 https://lista.mercadolivre.com.br/notebook>","logger":"airflow.task.hooks.airflow.providers.standard.hooks.subprocess.SubprocessHook","filename":"subprocess.py","lineno":99}
{"timestamp":"2026-01-21T00:00:14.716788Z","level":"info","event":"{'color': 'N/A',","logger":"airflow.task.hooks.airflow.providers.standard.hooks.subprocess.SubprocessHook","filename":"subprocess.py","lineno":99}
{"timestamp":"2026-01-21T00:00:14.716841Z","level":"info","event":" 'full_title': 'Notebook Samsung Galaxy Book Go, Windows 11 Home, Snapdragon '","logger":"airflow.task.hooks.airflow.providers.standard.hooks.subprocess.SubprocessHook","filename":"subprocess.py","lineno":99}
{"timestamp":"2026-01-21T00:00:14.716892Z","level":"info","event":"               \"7c, 4gb, 128gb Ufs, 14'' Full Hd Led, 1.38kg Com Copilot \"","logger":"airflow.task.hooks.airflow.providers.standard.hooks.subprocess.SubprocessHook","filename":"subprocess.py","lineno":99}
{"timestamp":"2026-01-21T00:00:14.716926Z","level":"info","event":"               'Integrado',","logger":"airflow.task.hooks.airflow.providers.standard.hooks.subprocess.SubprocessHook","filename":"subprocess.py","lineno":99}
{"timestamp":"2026-01-21T00:00:14.716956Z","level":"info","event":" 'memory': 'N/A',","logger":"airflow.task.hooks.airflow.providers.standard.hooks.subprocess.SubprocessHook","filename":"subprocess.py","lineno":99}
{"timestamp":"2026-01-21T00:00:14.717001Z","level":"info","event":" 'price': '2.799',","logger":"airflow.task.hooks.airflow.providers.standard.hooks.subprocess.SubprocessHook","filename":"subprocess.py","lineno":99}
{"timestamp":"2026-01-21T00:00:14.717036Z","level":"info","event":" 'rating': '4.9',","logger":"airflow.task.hooks.airflow.providers.standard.hooks.subprocess.SubprocessHook","filename":"subprocess.py","lineno":99}
{"timestamp":"2026-01-21T00:00:14.717067Z","level":"info","event":" 'site_name': 'mercado_livre',","logger":"airflow.task.hooks.airflow.providers.standard.hooks.subprocess.SubprocessHook","filename":"subprocess.py","lineno":99}
{"timestamp":"2026-01-21T00:00:14.717154Z","level":"info","event":" 'storage': 'N/A'}","logger":"airflow.task.hooks.airflow.providers.standard.hooks.subprocess.SubprocessHook","filename":"subprocess.py","lineno":99}
{"timestamp":"2026-01-21T00:00:14.718017Z","level":"info","event":"2026-01-21 00:00:14 [scrapy.core.scraper] DEBUG: Scraped from <200 https://lista.mercadolivre.com.br/notebook>","logger":"airflow.task.hooks.airflow.providers.standard.hooks.subprocess.SubprocessHook","filename":"subprocess.py","lineno":99}
{"timestamp":"2026-01-21T00:00:14.718099Z","level":"info","event":"{'color': 'N/A',","logger":"airflow.task.hooks.airflow.providers.standard.hooks.subprocess.SubprocessHook","filename":"subprocess.py","lineno":99}
{"timestamp":"2026-01-21T00:00:14.718150Z","level":"info","event":" 'full_title': 'Notebook Ultra, Linux, 15,6 Pol. HD, Intel Celeron, 240GB SSD/ '","logger":"airflow.task.hooks.airflow.providers.standard.hooks.subprocess.SubprocessHook","filename":"subprocess.py","lineno":99}
{"timestamp":"2026-01-21T00:00:14.718216Z","level":"info","event":"               '8GB RAM, Cinza Escovado - UB262',","logger":"airflow.task.hooks.airflow.providers.standard.hooks.subprocess.SubprocessHook","filename":"subprocess.py","lineno":99}
{"timestamp":"2026-01-21T00:00:14.718264Z","level":"info","event":" 'memory': '8GB',","logger":"airflow.task.hooks.airflow.providers.standard.hooks.subprocess.SubprocessHook","filename":"subprocess.py","lineno":99}
{"timestamp":"2026-01-21T00:00:14.718299Z","level":"info","event":" 'price': '1.899',","logger":"airflow.task.hooks.airflow.providers.standard.hooks.subprocess.SubprocessHook","filename":"subprocess.py","lineno":99}
{"timestamp":"2026-01-21T00:00:14.718328Z","level":"info","event":" 'rating': '4.7',","logger":"airflow.task.hooks.airflow.providers.standard.hooks.subprocess.SubprocessHook","filename":"subprocess.py","lineno":99}
{"timestamp":"2026-01-21T00:00:14.718355Z","level":"info","event":" 'site_name': 'mercado_livre',","logger":"airflow.task.hooks.airflow.providers.standard.hooks.subprocess.SubprocessHook","filename":"subprocess.py","lineno":99}
{"timestamp":"2026-01-21T00:00:14.718382Z","level":"info","event":" 'storage': '240GB'}","logger":"airflow.task.hooks.airflow.providers.standard.hooks.subprocess.SubprocessHook","filename":"subprocess.py","lineno":99}
{"timestamp":"2026-01-21T00:00:14.719338Z","level":"info","event":"2026-01-21 00:00:14 [scrapy.core.scraper] DEBUG: Scraped from <200 https://lista.mercadolivre.com.br/notebook>","logger":"airflow.task.hooks.airflow.providers.standard.hooks.subprocess.SubprocessHook","filename":"subprocess.py","lineno":99}
{"timestamp":"2026-01-21T00:00:14.719421Z","level":"info","event":"{'color': 'N/A',","logger":"airflow.task.hooks.airflow.providers.standard.hooks.subprocess.SubprocessHook","filename":"subprocess.py","lineno":99}
{"timestamp":"2026-01-21T00:00:14.719471Z","level":"info","event":" 'full_title': 'Notebook HP 256R G9 Intel Core i3-1315U 15.6 HD Intel UHD '","logger":"airflow.task.hooks.airflow.providers.standard.hooks.subprocess.SubprocessHook","filename":"subprocess.py","lineno":99}
{"timestamp":"2026-01-21T00:00:14.719504Z","level":"info","event":"               'Graphics 256GB SSD 8GB RAM Windows 11 Home 64 SL - BQ9K8AT#AK4',","logger":"airflow.task.hooks.airflow.providers.standard.hooks.subprocess.SubprocessHook","filename":"subprocess.py","lineno":99}
{"timestamp":"2026-01-21T00:00:14.719534Z","level":"info","event":" 'memory': '8GB',","logger":"airflow.task.hooks.airflow.providers.standard.hooks.subprocess.SubprocessHook","filename":"subprocess.py","lineno":99}
{"timestamp":"2026-01-21T00:00:14.719562Z","level":"info","event":" 'price': '3.899',","logger":"airflow.task.hooks.airflow.providers.standard.hooks.subprocess.SubprocessHook","filename":"subprocess.py","lineno":99}
{"timestamp":"2026-01-21T00:00:14.719589Z","level":"info","event":" 'rating': '4.9',","logger":"airflow.task.hooks.airflow.providers.standard.hooks.subprocess.SubprocessHook","filename":"subprocess.py","lineno":99}
{"timestamp":"2026-01-21T00:00:14.719616Z","level":"info","event":" 'site_name': 'mercado_livre',","logger":"airflow.task.hooks.airflow.providers.standard.hooks.subprocess.SubprocessHook","filename":"subprocess.py","lineno":99}
{"timestamp":"2026-01-21T00:00:14.719698Z","level":"info","event":" 'storage': '256GB'}","logger":"airflow.task.hooks.airflow.providers.standard.hooks.subprocess.SubprocessHook","filename":"subprocess.py","lineno":99}
{"timestamp":"2026-01-21T00:00:14.720604Z","level":"info","event":"2026-01-21 00:00:14 [scrapy.core.scraper] DEBUG: Scraped from <200 https://lista.mercadolivre.com.br/notebook>","logger":"airflow.task.hooks.airflow.providers.standard.hooks.subprocess.SubprocessHook","filename":"subprocess.py","lineno":99}
{"timestamp":"2026-01-21T00:00:14.720686Z","level":"info","event":"{'color': 'N/A',","logger":"airflow.task.hooks.airflow.providers.standard.hooks.subprocess.SubprocessHook","filename":"subprocess.py","lineno":99}
{"timestamp":"2026-01-21T00:00:14.720735Z","level":"info","event":" 'full_title': 'Notebook HP IA PC Probook 14\" 440 G11 I Intel Core Ultra '","logger":"airflow.task.hooks.airflow.providers.standard.hooks.subprocess.SubprocessHook","filename":"subprocess.py","lineno":99}
{"timestamp":"2026-01-21T00:00:14.720768Z","level":"info","event":"               '5-125u, 16GB RAM, SSD 512GB, Windows 11 Home - SKU CL5X4LA',","logger":"airflow.task.hooks.airflow.providers.standard.hooks.subprocess.SubprocessHook","filename":"subprocess.py","lineno":99}
{"timestamp":"2026-01-21T00:00:14.720799Z","level":"info","event":" 'memory': '16GB',","logger":"airflow.task.hooks.airflow.providers.standard.hooks.subprocess.SubprocessHook","filename":"subprocess.py","lineno":99}
{"timestamp":"2026-01-21T00:00:14.720857Z","level":"info","event":" 'price': '7.999',","logger":"airflow.task.hooks.airflow.providers.standard.hooks.subprocess.SubprocessHook","filename":"subprocess.py","lineno":99}
{"timestamp":"2026-01-21T00:00:14.720926Z","level":"info","event":" 'rating': '5.0',","logger":"airflow.task.hooks.airflow.providers.standard.hooks.subprocess.SubprocessHook","filename":"subprocess.py","lineno":99}
{"timestamp":"2026-01-21T00:00:14.720961Z","level":"info","event":" 'site_name': 'mercado_livre',","logger":"airflow.task.hooks.airflow.providers.standard.hooks.subprocess.SubprocessHook","filename":"subprocess.py","lineno":99}
{"timestamp":"2026-01-21T00:00:14.720991Z","level":"info","event":" 'storage': 'N/A'}","logger":"airflow.task.hooks.airflow.providers.standard.hooks.subprocess.SubprocessHook","filename":"subprocess.py","lineno":99}
{"timestamp":"2026-01-21T00:00:14.721969Z","level":"info","event":"2026-01-21 00:00:14 [scrapy.core.scraper] DEBUG: Scraped from <200 https://lista.mercadolivre.com.br/notebook>","logger":"airflow.task.hooks.airflow.providers.standard.hooks.subprocess.SubprocessHook","filename":"subprocess.py","lineno":99}
{"timestamp":"2026-01-21T00:00:14.722049Z","level":"info","event":"{'color': 'Preto',","logger":"airflow.task.hooks.airflow.providers.standard.hooks.subprocess.SubprocessHook","filename":"subprocess.py","lineno":99}
{"timestamp":"2026-01-21T00:00:14.722097Z","level":"info","event":" 'full_title': 'Notebook Dell Inspiron I15-i1300-a15p Core 3 8gb 512gb W11 '","logger":"airflow.task.hooks.airflow.providers.standard.hooks.subprocess.SubprocessHook","filename":"subprocess.py","lineno":99}
{"timestamp":"2026-01-21T00:00:14.722130Z","level":"info","event":"               'Preto',","logger":"airflow.task.hooks.airflow.providers.standard.hooks.subprocess.SubprocessHook","filename":"subprocess.py","lineno":99}
{"timestamp":"2026-01-21T00:00:14.722160Z","level":"info","event":" 'memory': 'N/A',","logger":"airflow.task.hooks.airflow.providers.standard.hooks.subprocess.SubprocessHook","filename":"subprocess.py","lineno":99}
{"timestamp":"2026-01-21T00:00:14.722187Z","level":"info","event":" 'price': '3.699',","logger":"airflow.task.hooks.airflow.providers.standard.hooks.subprocess.SubprocessHook","filename":"subprocess.py","lineno":99}
{"timestamp":"2026-01-21T00:00:14.722215Z","level":"info","event":" 'rating': '4.9',","logger":"airflow.task.hooks.airflow.providers.standard.hooks.subprocess.SubprocessHook","filename":"subprocess.py","lineno":99}
{"timestamp":"2026-01-21T00:00:14.722242Z","level":"info","event":" 'site_name': 'mercado_livre',","logger":"airflow.task.hooks.airflow.providers.standard.hooks.subprocess.SubprocessHook","filename":"subprocess.py","lineno":99}
{"timestamp":"2026-01-21T00:00:14.722268Z","level":"info","event":" 'storage': 'N/A'}","logger":"airflow.task.hooks.airflow.providers.standard.hooks.subprocess.SubprocessHook","filename":"subprocess.py","lineno":99}
{"timestamp":"2026-01-21T00:00:14.723224Z","level":"info","event":"2026-01-21 00:00:14 [scrapy.core.scraper] DEBUG: Scraped from <200 https://lista.mercadolivre.com.br/notebook>","logger":"airflow.task.hooks.airflow.providers.standard.hooks.subprocess.SubprocessHook","filename":"subprocess.py","lineno":99}
{"timestamp":"2026-01-21T00:00:14.723305Z","level":"info","event":"{'color': 'Grey',","logger":"airflow.task.hooks.airflow.providers.standard.hooks.subprocess.SubprocessHook","filename":"subprocess.py","lineno":99}
{"timestamp":"2026-01-21T00:00:14.723353Z","level":"info","event":" 'full_title': 'Notebook Lenovo Ideapad 1 15iru7 Intel Core i3-1315u 8gb 256gb '","logger":"airflow.task.hooks.airflow.providers.standard.hooks.subprocess.SubprocessHook","filename":"subprocess.py","lineno":99}
{"timestamp":"2026-01-21T00:00:14.723385Z","level":"info","event":"               'Ssd Windows 11 15.6 - 83qj0001bo Cloud Grey',","logger":"airflow.task.hooks.airflow.providers.standard.hooks.subprocess.SubprocessHook","filename":"subprocess.py","lineno":99}
{"timestamp":"2026-01-21T00:00:14.723416Z","level":"info","event":" 'memory': 'N/A',","logger":"airflow.task.hooks.airflow.providers.standard.hooks.subprocess.SubprocessHook","filename":"subprocess.py","lineno":99}
{"timestamp":"2026-01-21T00:00:14.723443Z","level":"info","event":" 'price': '4.150',","logger":"airflow.task.hooks.airflow.providers.standard.hooks.subprocess.SubprocessHook","filename":"subprocess.py","lineno":99}
{"timestamp":"2026-01-21T00:00:14.723469Z","level":"info","event":" 'rating': '4.9',","logger":"airflow.task.hooks.airflow.providers.standard.hooks.subprocess.SubprocessHook","filename":"subprocess.py","lineno":99}
{"timestamp":"2026-01-21T00:00:14.723497Z","level":"info","event":" 'site_name': 'mercado_livre',","logger":"airflow.task.hooks.airflow.providers.standard.hooks.subprocess.SubprocessHook","filename":"subprocess.py","lineno":99}
{"timestamp":"2026-01-21T00:00:14.723523Z","level":"info","event":" 'storage': '256gb'}","logger":"airflow.task.hooks.airflow.providers.standard.hooks.subprocess.SubprocessHook","filename":"subprocess.py","lineno":99}
{"timestamp":"2026-01-21T00:00:14.724625Z","level":"info","event":"2026-01-21 00:00:14 [scrapy.core.scraper] DEBUG: Scraped from <200 https://lista.mercadolivre.com.br/notebook>","logger":"airflow.task.hooks.airflow.providers.standard.hooks.subprocess.SubprocessHook","filename":"subprocess.py","lineno":99}
{"timestamp":"2026-01-21T00:00:14.724737Z","level":"info","event":"{'color': 'Grey',","logger":"airflow.task.hooks.airflow.providers.standard.hooks.subprocess.SubprocessHook","filename":"subprocess.py","lineno":99}
{"timestamp":"2026-01-21T00:00:14.724800Z","level":"info","event":" 'full_title': 'Notebook Lenovo Ideapad Slim 3 15irh10 Intel Core i5-13420h '","logger":"airflow.task.hooks.airflow.providers.standard.hooks.subprocess.SubprocessHook","filename":"subprocess.py","lineno":99}
{"timestamp":"2026-01-21T00:00:14.724844Z","level":"info","event":"               '8gb 256gb Ssd Windows 11 15.3 - 83ns0003br Luna Grey',","logger":"airflow.task.hooks.airflow.providers.standard.hooks.subprocess.SubprocessHook","filename":"subprocess.py","lineno":99}
{"timestamp":"2026-01-21T00:00:14.724904Z","level":"info","event":" 'memory': 'N/A',","logger":"airflow.task.hooks.airflow.providers.standard.hooks.subprocess.SubprocessHook","filename":"subprocess.py","lineno":99}
{"timestamp":"2026-01-21T00:00:14.724943Z","level":"info","event":" 'price': '3.399',","logger":"airflow.task.hooks.airflow.providers.standard.hooks.subprocess.SubprocessHook","filename":"subprocess.py","lineno":99}
{"timestamp":"2026-01-21T00:00:14.724978Z","level":"info","event":" 'rating': '4.9',","logger":"airflow.task.hooks.airflow.providers.standard.hooks.subprocess.SubprocessHook","filename":"subprocess.py","lineno":99}
{"timestamp":"2026-01-21T00:00:14.725012Z","level":"info","event":" 'site_name': 'mercado_livre',","logger":"airflow.task.hooks.airflow.providers.standard.hooks.subprocess.SubprocessHook","filename":"subprocess.py","lineno":99}
{"timestamp":"2026-01-21T00:00:14.725044Z","level":"info","event":" 'storage': '256gb'}","logger":"airflow.task.hooks.airflow.providers.standard.hooks.subprocess.SubprocessHook","filename":"subprocess.py","lineno":99}
{"timestamp":"2026-01-21T00:00:14.726161Z","level":"info","event":"2026-01-21 00:00:14 [scrapy.core.scraper] DEBUG: Scraped from <200 https://lista.mercadolivre.com.br/notebook>","logger":"airflow.task.hooks.airflow.providers.standard.hooks.subprocess.SubprocessHook","filename":"subprocess.py","lineno":99}
{"timestamp":"2026-01-21T00:00:14.726250Z","level":"info","event":"{'color': 'N/A',","logger":"airflow.task.hooks.airflow.providers.standard.hooks.subprocess.SubprocessHook","filename":"subprocess.py","lineno":99}
{"timestamp":"2026-01-21T00:00:14.726300Z","level":"info","event":" 'full_title': 'Notebook Lenovo Yoga Slim 7i Intel Core Ultra 5 125H 16gb RAM '","logger":"airflow.task.hooks.airflow.providers.standard.hooks.subprocess.SubprocessHook","filename":"subprocess.py","lineno":99}
{"timestamp":"2026-01-21T00:00:14.726334Z","level":"info","event":"               '512gb SSD Windows 11 Home Tela 14\" 83GM0003BR',","logger":"airflow.task.hooks.airflow.providers.standard.hooks.subprocess.SubprocessHook","filename":"subprocess.py","lineno":99}
{"timestamp":"2026-01-21T00:00:14.726366Z","level":"info","event":" 'memory': '16gb',","logger":"airflow.task.hooks.airflow.providers.standard.hooks.subprocess.SubprocessHook","filename":"subprocess.py","lineno":99}
{"timestamp":"2026-01-21T00:00:14.726394Z","level":"info","event":" 'price': '5.133',","logger":"airflow.task.hooks.airflow.providers.standard.hooks.subprocess.SubprocessHook","filename":"subprocess.py","lineno":99}
{"timestamp":"2026-01-21T00:00:14.726421Z","level":"info","event":" 'rating': '5.0',","logger":"airflow.task.hooks.airflow.providers.standard.hooks.subprocess.SubprocessHook","filename":"subprocess.py","lineno":99}
{"timestamp":"2026-01-21T00:00:14.726448Z","level":"info","event":" 'site_name': 'mercado_livre',","logger":"airflow.task.hooks.airflow.providers.standard.hooks.subprocess.SubprocessHook","filename":"subprocess.py","lineno":99}
{"timestamp":"2026-01-21T00:00:14.726474Z","level":"info","event":" 'storage': '512gb'}","logger":"airflow.task.hooks.airflow.providers.standard.hooks.subprocess.SubprocessHook","filename":"subprocess.py","lineno":99}
{"timestamp":"2026-01-21T00:00:14.727424Z","level":"info","event":"2026-01-21 00:00:14 [scrapy.core.scraper] DEBUG: Scraped from <200 https://lista.mercadolivre.com.br/notebook>","logger":"airflow.task.hooks.airflow.providers.standard.hooks.subprocess.SubprocessHook","filename":"subprocess.py","lineno":99}
{"timestamp":"2026-01-21T00:00:14.727506Z","level":"info","event":"{'color': 'N/A',","logger":"airflow.task.hooks.airflow.providers.standard.hooks.subprocess.SubprocessHook","filename":"subprocess.py","lineno":99}
{"timestamp":"2026-01-21T00:00:14.727555Z","level":"info","event":" 'full_title': 'Notebook Lenovo Ideapad 1i Celeron Office 365 4gb 128gb W11',","logger":"airflow.task.hooks.airflow.providers.standard.hooks.subprocess.SubprocessHook","filename":"subprocess.py","lineno":99}
{"timestamp":"2026-01-21T00:00:14.727588Z","level":"info","event":" 'memory': 'N/A',","logger":"airflow.task.hooks.airflow.providers.standard.hooks.subprocess.SubprocessHook","filename":"subprocess.py","lineno":99}
{"timestamp":"2026-01-21T00:00:14.727616Z","level":"info","event":" 'price': '2.712',","logger":"airflow.task.hooks.airflow.providers.standard.hooks.subprocess.SubprocessHook","filename":"subprocess.py","lineno":99}
{"timestamp":"2026-01-21T00:00:14.727645Z","level":"info","event":" 'rating': '4.8',","logger":"airflow.task.hooks.airflow.providers.standard.hooks.subprocess.SubprocessHook","filename":"subprocess.py","lineno":99}
{"timestamp":"2026-01-21T00:00:14.727672Z","level":"info","event":" 'site_name': 'mercado_livre',","logger":"airflow.task.hooks.airflow.providers.standard.hooks.subprocess.SubprocessHook","filename":"subprocess.py","lineno":99}
{"timestamp":"2026-01-21T00:00:14.727698Z","level":"info","event":" 'storage': 'N/A'}","logger":"airflow.task.hooks.airflow.providers.standard.hooks.subprocess.SubprocessHook","filename":"subprocess.py","lineno":99}
{"timestamp":"2026-01-21T00:00:14.729010Z","level":"info","event":"2026-01-21 00:00:14 [scrapy.core.scraper] DEBUG: Scraped from <200 https://lista.mercadolivre.com.br/notebook>","logger":"airflow.task.hooks.airflow.providers.standard.hooks.subprocess.SubprocessHook","filename":"subprocess.py","lineno":99}
{"timestamp":"2026-01-21T00:00:14.729100Z","level":"info","event":"{'color': 'N/A',","logger":"airflow.task.hooks.airflow.providers.standard.hooks.subprocess.SubprocessHook","filename":"subprocess.py","lineno":99}
{"timestamp":"2026-01-21T00:00:14.729149Z","level":"info","event":" 'full_title': 'Notebook Vaio Fe16 Amd Ryzen 7 5825u Linux 8gb RAM 512gb Ssd '","logger":"airflow.task.hooks.airflow.providers.standard.hooks.subprocess.SubprocessHook","filename":"subprocess.py","lineno":99}
{"timestamp":"2026-01-21T00:00:14.729183Z","level":"info","event":"               'Wi-Fi 6 Tela 16\" Ips Wuxga Antirreflexo - Cinza Grafite '","logger":"airflow.task.hooks.airflow.providers.standard.hooks.subprocess.SubprocessHook","filename":"subprocess.py","lineno":99}
{"timestamp":"2026-01-21T00:00:14.729214Z","level":"info","event":"               'Vjfe69f11xb0321h - Permite upgrade de memória RAM e SSD',","logger":"airflow.task.hooks.airflow.providers.standard.hooks.subprocess.SubprocessHook","filename":"subprocess.py","lineno":99}
{"timestamp":"2026-01-21T00:00:14.729243Z","level":"info","event":" 'memory': '8gb',","logger":"airflow.task.hooks.airflow.providers.standard.hooks.subprocess.SubprocessHook","filename":"subprocess.py","lineno":99}
{"timestamp":"2026-01-21T00:00:14.729271Z","level":"info","event":" 'price': '3.999',","logger":"airflow.task.hooks.airflow.providers.standard.hooks.subprocess.SubprocessHook","filename":"subprocess.py","lineno":99}
{"timestamp":"2026-01-21T00:00:14.729298Z","level":"info","event":" 'rating': '4.8',","logger":"airflow.task.hooks.airflow.providers.standard.hooks.subprocess.SubprocessHook","filename":"subprocess.py","lineno":99}
{"timestamp":"2026-01-21T00:00:14.729324Z","level":"info","event":" 'site_name': 'mercado_livre',","logger":"airflow.task.hooks.airflow.providers.standard.hooks.subprocess.SubprocessHook","filename":"subprocess.py","lineno":99}
{"timestamp":"2026-01-21T00:00:14.729349Z","level":"info","event":" 'storage': '512gb'}","logger":"airflow.task.hooks.airflow.providers.standard.hooks.subprocess.SubprocessHook","filename":"subprocess.py","lineno":99}
{"timestamp":"2026-01-21T00:00:14.730416Z","level":"info","event":"2026-01-21 00:00:14 [scrapy.core.scraper] DEBUG: Scraped from <200 https://lista.mercadolivre.com.br/notebook>","logger":"airflow.task.hooks.airflow.providers.standard.hooks.subprocess.SubprocessHook","filename":"subprocess.py","lineno":99}
{"timestamp":"2026-01-21T00:00:14.730499Z","level":"info","event":"{'color': 'N/A',","logger":"airflow.task.hooks.airflow.providers.standard.hooks.subprocess.SubprocessHook","filename":"subprocess.py","lineno":99}
{"timestamp":"2026-01-21T00:00:14.730548Z","level":"info","event":" 'full_title': 'Notebook Acer Aspire Go 15 Ag15-51p-55c8 Intel Core I5 13ª '","logger":"airflow.task.hooks.airflow.providers.standard.hooks.subprocess.SubprocessHook","filename":"subprocess.py","lineno":99}
{"timestamp":"2026-01-21T00:00:14.730582Z","level":"info","event":"               'Ger. 8gb Ram 512gb Ssd W11 15.3 Ips Full Hd',","logger":"airflow.task.hooks.airflow.providers.standard.hooks.subprocess.SubprocessHook","filename":"subprocess.py","lineno":99}
{"timestamp":"2026-01-21T00:00:14.730612Z","level":"info","event":" 'memory': '8gb',","logger":"airflow.task.hooks.airflow.providers.standard.hooks.subprocess.SubprocessHook","filename":"subprocess.py","lineno":99}
{"timestamp":"2026-01-21T00:00:14.730640Z","level":"info","event":" 'price': '5.599',","logger":"airflow.task.hooks.airflow.providers.standard.hooks.subprocess.SubprocessHook","filename":"subprocess.py","lineno":99}
{"timestamp":"2026-01-21T00:00:14.730668Z","level":"info","event":" 'rating': '5.0',","logger":"airflow.task.hooks.airflow.providers.standard.hooks.subprocess.SubprocessHook","filename":"subprocess.py","lineno":99}
{"timestamp":"2026-01-21T00:00:14.730695Z","level":"info","event":" 'site_name': 'mercado_livre',","logger":"airflow.task.hooks.airflow.providers.standard.hooks.subprocess.SubprocessHook","filename":"subprocess.py","lineno":99}
{"timestamp":"2026-01-21T00:00:14.730722Z","level":"info","event":" 'storage': '512gb'}","logger":"airflow.task.hooks.airflow.providers.standard.hooks.subprocess.SubprocessHook","filename":"subprocess.py","lineno":99}
{"timestamp":"2026-01-21T00:00:14.731759Z","level":"info","event":"2026-01-21 00:00:14 [scrapy.core.scraper] DEBUG: Scraped from <200 https://lista.mercadolivre.com.br/notebook>","logger":"airflow.task.hooks.airflow.providers.standard.hooks.subprocess.SubprocessHook","filename":"subprocess.py","lineno":99}
{"timestamp":"2026-01-21T00:00:14.731841Z","level":"info","event":"{'color': 'Silver',","logger":"airflow.task.hooks.airflow.providers.standard.hooks.subprocess.SubprocessHook","filename":"subprocess.py","lineno":99}
{"timestamp":"2026-01-21T00:00:14.731891Z","level":"info","event":" 'full_title': 'Notebook Asus Vivobook 16 X1605va Intel Core I7 1355u 16gb Ram '","logger":"airflow.task.hooks.airflow.providers.standard.hooks.subprocess.SubprocessHook","filename":"subprocess.py","lineno":99}
{"timestamp":"2026-01-21T00:00:14.731924Z","level":"info","event":"               '512gb Ssd Windows 11 Home Tela 16 Ips Fhd Silver - Mb763w',","logger":"airflow.task.hooks.airflow.providers.standard.hooks.subprocess.SubprocessHook","filename":"subprocess.py","lineno":99}
{"timestamp":"2026-01-21T00:00:14.731955Z","level":"info","event":" 'memory': '16gb',","logger":"airflow.task.hooks.airflow.providers.standard.hooks.subprocess.SubprocessHook","filename":"subprocess.py","lineno":99}
{"timestamp":"2026-01-21T00:00:14.731982Z","level":"info","event":" 'price': '4.999',","logger":"airflow.task.hooks.airflow.providers.standard.hooks.subprocess.SubprocessHook","filename":"subprocess.py","lineno":99}
{"timestamp":"2026-01-21T00:00:14.732010Z","level":"info","event":" 'rating': '4.8',","logger":"airflow.task.hooks.airflow.providers.standard.hooks.subprocess.SubprocessHook","filename":"subprocess.py","lineno":99}
{"timestamp":"2026-01-21T00:00:14.732036Z","level":"info","event":" 'site_name': 'mercado_livre',","logger":"airflow.task.hooks.airflow.providers.standard.hooks.subprocess.SubprocessHook","filename":"subprocess.py","lineno":99}
{"timestamp":"2026-01-21T00:00:14.732062Z","level":"info","event":" 'storage': '512gb'}","logger":"airflow.task.hooks.airflow.providers.standard.hooks.subprocess.SubprocessHook","filename":"subprocess.py","lineno":99}
{"timestamp":"2026-01-21T00:00:14.733125Z","level":"info","event":"2026-01-21 00:00:14 [scrapy.core.scraper] DEBUG: Scraped from <200 https://lista.mercadolivre.com.br/notebook>","logger":"airflow.task.hooks.airflow.providers.standard.hooks.subprocess.SubprocessHook","filename":"subprocess.py","lineno":99}
{"timestamp":"2026-01-21T00:00:14.733209Z","level":"info","event":"{'color': 'N/A',","logger":"airflow.task.hooks.airflow.providers.standard.hooks.subprocess.SubprocessHook","filename":"subprocess.py","lineno":99}
{"timestamp":"2026-01-21T00:00:14.733258Z","level":"info","event":" 'full_title': 'Notebook Lenovo Slim3 R7 8gb 256gb Ssd 15.3 Fhd Linux',","logger":"airflow.task.hooks.airflow.providers.standard.hooks.subprocess.SubprocessHook","filename":"subprocess.py","lineno":99}
{"timestamp":"2026-01-21T00:00:14.733291Z","level":"info","event":" 'memory': 'N/A',","logger":"airflow.task.hooks.airflow.providers.standard.hooks.subprocess.SubprocessHook","filename":"subprocess.py","lineno":99}
{"timestamp":"2026-01-21T00:00:14.733321Z","level":"info","event":" 'price': '3.499',","logger":"airflow.task.hooks.airflow.providers.standard.hooks.subprocess.SubprocessHook","filename":"subprocess.py","lineno":99}
{"timestamp":"2026-01-21T00:00:14.733348Z","level":"info","event":" 'rating': '4.9',","logger":"airflow.task.hooks.airflow.providers.standard.hooks.subprocess.SubprocessHook","filename":"subprocess.py","lineno":99}
{"timestamp":"2026-01-21T00:00:14.733375Z","level":"info","event":" 'site_name': 'mercado_livre',","logger":"airflow.task.hooks.airflow.providers.standard.hooks.subprocess.SubprocessHook","filename":"subprocess.py","lineno":99}
{"timestamp":"2026-01-21T00:00:14.733403Z","level":"info","event":" 'storage': '256gb'}","logger":"airflow.task.hooks.airflow.providers.standard.hooks.subprocess.SubprocessHook","filename":"subprocess.py","lineno":99}
{"timestamp":"2026-01-21T00:00:14.734453Z","level":"info","event":"2026-01-21 00:00:14 [scrapy.core.scraper] DEBUG: Scraped from <200 https://lista.mercadolivre.com.br/notebook>","logger":"airflow.task.hooks.airflow.providers.standard.hooks.subprocess.SubprocessHook","filename":"subprocess.py","lineno":99}
{"timestamp":"2026-01-21T00:00:14.734539Z","level":"info","event":"{'color': 'Cinza',","logger":"airflow.task.hooks.airflow.providers.standard.hooks.subprocess.SubprocessHook","filename":"subprocess.py","lineno":99}
{"timestamp":"2026-01-21T00:00:14.734589Z","level":"info","event":" 'full_title': 'Notebook 2 Em 1 Positivo Duo Intel Celeron N4500 4gb Ram 128gb '","logger":"airflow.task.hooks.airflow.providers.standard.hooks.subprocess.SubprocessHook","filename":"subprocess.py","lineno":99}
{"timestamp":"2026-01-21T00:00:14.734621Z","level":"info","event":"               'De Armazenamento, Tela 11\" Hd Ips Touch Com Caneta Capacitiva, '","logger":"airflow.task.hooks.airflow.providers.standard.hooks.subprocess.SubprocessHook","filename":"subprocess.py","lineno":99}
{"timestamp":"2026-01-21T00:00:14.734651Z","level":"info","event":"               'Windows 11 Home Cinza C4128e',","logger":"airflow.task.hooks.airflow.providers.standard.hooks.subprocess.SubprocessHook","filename":"subprocess.py","lineno":99}
{"timestamp":"2026-01-21T00:00:14.734698Z","level":"info","event":" 'memory': '4gb',","logger":"airflow.task.hooks.airflow.providers.standard.hooks.subprocess.SubprocessHook","filename":"subprocess.py","lineno":99}
{"timestamp":"2026-01-21T00:00:14.734736Z","level":"info","event":" 'price': '1.699',","logger":"airflow.task.hooks.airflow.providers.standard.hooks.subprocess.SubprocessHook","filename":"subprocess.py","lineno":99}
{"timestamp":"2026-01-21T00:00:14.734765Z","level":"info","event":" 'rating': '4.9',","logger":"airflow.task.hooks.airflow.providers.standard.hooks.subprocess.SubprocessHook","filename":"subprocess.py","lineno":99}
{"timestamp":"2026-01-21T00:00:14.734793Z","level":"info","event":" 'site_name': 'mercado_livre',","logger":"airflow.task.hooks.airflow.providers.standard.hooks.subprocess.SubprocessHook","filename":"subprocess.py","lineno":99}
{"timestamp":"2026-01-21T00:00:14.734820Z","level":"info","event":" 'storage': 'N/A'}","logger":"airflow.task.hooks.airflow.providers.standard.hooks.subprocess.SubprocessHook","filename":"subprocess.py","lineno":99}
{"timestamp":"2026-01-21T00:00:14.735878Z","level":"info","event":"2026-01-21 00:00:14 [scrapy.core.scraper] DEBUG: Scraped from <200 https://lista.mercadolivre.com.br/notebook>","logger":"airflow.task.hooks.airflow.providers.standard.hooks.subprocess.SubprocessHook","filename":"subprocess.py","lineno":99}
{"timestamp":"2026-01-21T00:00:14.735960Z","level":"info","event":"{'color': 'N/A',","logger":"airflow.task.hooks.airflow.providers.standard.hooks.subprocess.SubprocessHook","filename":"subprocess.py","lineno":99}
{"timestamp":"2026-01-21T00:00:14.736009Z","level":"info","event":" 'full_title': 'Notebook Ideapad Slim 3 Ryzen 7 7735hs 8gb 512gb Ssd Amd '","logger":"airflow.task.hooks.airflow.providers.standard.hooks.subprocess.SubprocessHook","filename":"subprocess.py","lineno":99}
{"timestamp":"2026-01-21T00:00:14.736041Z","level":"info","event":"               'Radeon Graphics 15.3 (1920x1200) Linux 83mms00100',","logger":"airflow.task.hooks.airflow.providers.standard.hooks.subprocess.SubprocessHook","filename":"subprocess.py","lineno":99}
{"timestamp":"2026-01-21T00:00:14.736071Z","level":"info","event":" 'memory': 'N/A',","logger":"airflow.task.hooks.airflow.providers.standard.hooks.subprocess.SubprocessHook","filename":"subprocess.py","lineno":99}
{"timestamp":"2026-01-21T00:00:14.736100Z","level":"info","event":" 'price': '6.299',","logger":"airflow.task.hooks.airflow.providers.standard.hooks.subprocess.SubprocessHook","filename":"subprocess.py","lineno":99}
{"timestamp":"2026-01-21T00:00:14.736127Z","level":"info","event":" 'rating': '4.9',","logger":"airflow.task.hooks.airflow.providers.standard.hooks.subprocess.SubprocessHook","filename":"subprocess.py","lineno":99}
{"timestamp":"2026-01-21T00:00:14.736154Z","level":"info","event":" 'site_name': 'mercado_livre',","logger":"airflow.task.hooks.airflow.providers.standard.hooks.subprocess.SubprocessHook","filename":"subprocess.py","lineno":99}
{"timestamp":"2026-01-21T00:00:14.736181Z","level":"info","event":" 'storage': '512gb'}","logger":"airflow.task.hooks.airflow.providers.standard.hooks.subprocess.SubprocessHook","filename":"subprocess.py","lineno":99}
{"timestamp":"2026-01-21T00:00:14.737162Z","level":"info","event":"2026-01-21 00:00:14 [scrapy.core.scraper] DEBUG: Scraped from <200 https://lista.mercadolivre.com.br/notebook>","logger":"airflow.task.hooks.airflow.providers.standard.hooks.subprocess.SubprocessHook","filename":"subprocess.py","lineno":99}
{"timestamp":"2026-01-21T00:00:14.737243Z","level":"info","event":"{'color': 'Grey',","logger":"airflow.task.hooks.airflow.providers.standard.hooks.subprocess.SubprocessHook","filename":"subprocess.py","lineno":99}
{"timestamp":"2026-01-21T00:00:14.737293Z","level":"info","event":" 'full_title': 'Notebook Lenovo Ideapad Slim 3 15irh10 Intel Core i7-13620h '","logger":"airflow.task.hooks.airflow.providers.standard.hooks.subprocess.SubprocessHook","filename":"subprocess.py","lineno":99}
{"timestamp":"2026-01-21T00:00:14.737325Z","level":"info","event":"               '16gb 512gb Ssd Linux 15.3 - 83nss00100 Luna Grey',","logger":"airflow.task.hooks.airflow.providers.standard.hooks.subprocess.SubprocessHook","filename":"subprocess.py","lineno":99}
{"timestamp":"2026-01-21T00:00:14.737355Z","level":"info","event":" 'memory': 'N/A',","logger":"airflow.task.hooks.airflow.providers.standard.hooks.subprocess.SubprocessHook","filename":"subprocess.py","lineno":99}
{"timestamp":"2026-01-21T00:00:14.737382Z","level":"info","event":" 'price': '4.799',","logger":"airflow.task.hooks.airflow.providers.standard.hooks.subprocess.SubprocessHook","filename":"subprocess.py","lineno":99}
{"timestamp":"2026-01-21T00:00:14.737409Z","level":"info","event":" 'rating': '4.9',","logger":"airflow.task.hooks.airflow.providers.standard.hooks.subprocess.SubprocessHook","filename":"subprocess.py","lineno":99}
{"timestamp":"2026-01-21T00:00:14.737435Z","level":"info","event":" 'site_name': 'mercado_livre',","logger":"airflow.task.hooks.airflow.providers.standard.hooks.subprocess.SubprocessHook","filename":"subprocess.py","lineno":99}
{"timestamp":"2026-01-21T00:00:14.737461Z","level":"info","event":" 'storage': '512gb'}","logger":"airflow.task.hooks.airflow.providers.standard.hooks.subprocess.SubprocessHook","filename":"subprocess.py","lineno":99}
{"timestamp":"2026-01-21T00:00:14.738611Z","level":"info","event":"2026-01-21 00:00:14 [scrapy.core.scraper] DEBUG: Scraped from <200 https://lista.mercadolivre.com.br/notebook>","logger":"airflow.task.hooks.airflow.providers.standard.hooks.subprocess.SubprocessHook","filename":"subprocess.py","lineno":99}
{"timestamp":"2026-01-21T00:00:14.738693Z","level":"info","event":"{'color': 'N/A',","logger":"airflow.task.hooks.airflow.providers.standard.hooks.subprocess.SubprocessHook","filename":"subprocess.py","lineno":99}
{"timestamp":"2026-01-21T00:00:14.738742Z","level":"info","event":" 'full_title': 'Notebook Aspire Ag15-71pt-58sx Ci5 8gb 512gb Ssd Touch Led W11 '","logger":"airflow.task.hooks.airflow.providers.standard.hooks.subprocess.SubprocessHook","filename":"subprocess.py","lineno":99}
{"timestamp":"2026-01-21T00:00:14.738775Z","level":"info","event":"               'Acer',","logger":"airflow.task.hooks.airflow.providers.standard.hooks.subprocess.SubprocessHook","filename":"subprocess.py","lineno":99}
{"timestamp":"2026-01-21T00:00:14.738804Z","level":"info","event":" 'memory': 'N/A',","logger":"airflow.task.hooks.airflow.providers.standard.hooks.subprocess.SubprocessHook","filename":"subprocess.py","lineno":99}
{"timestamp":"2026-01-21T00:00:14.738831Z","level":"info","event":" 'price': '4.012',","logger":"airflow.task.hooks.airflow.providers.standard.hooks.subprocess.SubprocessHook","filename":"subprocess.py","lineno":99}
{"timestamp":"2026-01-21T00:00:14.738858Z","level":"info","event":" 'rating': '4.9',","logger":"airflow.task.hooks.airflow.providers.standard.hooks.subprocess.SubprocessHook","filename":"subprocess.py","lineno":99}
{"timestamp":"2026-01-21T00:00:14.738884Z","level":"info","event":" 'site_name': 'mercado_livre',","logger":"airflow.task.hooks.airflow.providers.standard.hooks.subprocess.SubprocessHook","filename":"subprocess.py","lineno":99}
{"timestamp":"2026-01-21T00:00:14.738909Z","level":"info","event":" 'storage': '512gb'}","logger":"airflow.task.hooks.airflow.providers.standard.hooks.subprocess.SubprocessHook","filename":"subprocess.py","lineno":99}
{"timestamp":"2026-01-21T00:00:14.739880Z","level":"info","event":"2026-01-21 00:00:14 [scrapy.core.scraper] DEBUG: Scraped from <200 https://lista.mercadolivre.com.br/notebook>","logger":"airflow.task.hooks.airflow.providers.standard.hooks.subprocess.SubprocessHook","filename":"subprocess.py","lineno":99}
{"timestamp":"2026-01-21T00:00:14.739961Z","level":"info","event":"{'color': 'Cinza',","logger":"airflow.task.hooks.airflow.providers.standard.hooks.subprocess.SubprocessHook","filename":"subprocess.py","lineno":99}
{"timestamp":"2026-01-21T00:00:14.740010Z","level":"info","event":" 'full_title': 'Notebook Lenovo Ideapad I3-1315 8gb 512gb Ssd 15.6 Fhd Linux '","logger":"airflow.task.hooks.airflow.providers.standard.hooks.subprocess.SubprocessHook","filename":"subprocess.py","lineno":99}
{"timestamp":"2026-01-21T00:00:14.740043Z","level":"info","event":"               'Cinza',","logger":"airflow.task.hooks.airflow.providers.standard.hooks.subprocess.SubprocessHook","filename":"subprocess.py","lineno":99}
{"timestamp":"2026-01-21T00:00:14.740071Z","level":"info","event":" 'memory': 'N/A',","logger":"airflow.task.hooks.airflow.providers.standard.hooks.subprocess.SubprocessHook","filename":"subprocess.py","lineno":99}
{"timestamp":"2026-01-21T00:00:14.740098Z","level":"info","event":" 'price': '3.499',","logger":"airflow.task.hooks.airflow.providers.standard.hooks.subprocess.SubprocessHook","filename":"subprocess.py","lineno":99}
{"timestamp":"2026-01-21T00:00:14.740125Z","level":"info","event":" 'rating': '4.9',","logger":"airflow.task.hooks.airflow.providers.standard.hooks.subprocess.SubprocessHook","filename":"subprocess.py","lineno":99}
{"timestamp":"2026-01-21T00:00:14.740150Z","level":"info","event":" 'site_name': 'mercado_livre',","logger":"airflow.task.hooks.airflow.providers.standard.hooks.subprocess.SubprocessHook","filename":"subprocess.py","lineno":99}
{"timestamp":"2026-01-21T00:00:14.740177Z","level":"info","event":" 'storage': '512gb'}","logger":"airflow.task.hooks.airflow.providers.standard.hooks.subprocess.SubprocessHook","filename":"subprocess.py","lineno":99}
{"timestamp":"2026-01-21T00:00:14.741178Z","level":"info","event":"2026-01-21 00:00:14 [scrapy.core.scraper] DEBUG: Scraped from <200 https://lista.mercadolivre.com.br/notebook>","logger":"airflow.task.hooks.airflow.providers.standard.hooks.subprocess.SubprocessHook","filename":"subprocess.py","lineno":99}
{"timestamp":"2026-01-21T00:00:14.741260Z","level":"info","event":"{'color': 'Silver',","logger":"airflow.task.hooks.airflow.providers.standard.hooks.subprocess.SubprocessHook","filename":"subprocess.py","lineno":99}
{"timestamp":"2026-01-21T00:00:14.741433Z","level":"info","event":" 'full_title': 'Notebook ASUS Vivobook 15, Intel Core i5 1334U 1,3 GHz, 8GB '","logger":"airflow.task.hooks.airflow.providers.standard.hooks.subprocess.SubprocessHook","filename":"subprocess.py","lineno":99}
{"timestamp":"2026-01-21T00:00:14.741521Z","level":"info","event":"               'Ram, 256GB SSD, KeepOS Linux, Tela 15,6\" FHD, Cool Silver - '","logger":"airflow.task.hooks.airflow.providers.standard.hooks.subprocess.SubprocessHook","filename":"subprocess.py","lineno":99}
{"timestamp":"2026-01-21T00:00:14.741567Z","level":"info","event":"               'X1504VA-NJ1739',","logger":"airflow.task.hooks.airflow.providers.standard.hooks.subprocess.SubprocessHook","filename":"subprocess.py","lineno":99}
{"timestamp":"2026-01-21T00:00:14.741599Z","level":"info","event":" 'memory': '8GB',","logger":"airflow.task.hooks.airflow.providers.standard.hooks.subprocess.SubprocessHook","filename":"subprocess.py","lineno":99}
{"timestamp":"2026-01-21T00:00:14.741629Z","level":"info","event":" 'price': '2.899',","logger":"airflow.task.hooks.airflow.providers.standard.hooks.subprocess.SubprocessHook","filename":"subprocess.py","lineno":99}
{"timestamp":"2026-01-21T00:00:14.741657Z","level":"info","event":" 'rating': '4.9',","logger":"airflow.task.hooks.airflow.providers.standard.hooks.subprocess.SubprocessHook","filename":"subprocess.py","lineno":99}
{"timestamp":"2026-01-21T00:00:14.741684Z","level":"info","event":" 'site_name': 'mercado_livre',","logger":"airflow.task.hooks.airflow.providers.standard.hooks.subprocess.SubprocessHook","filename":"subprocess.py","lineno":99}
{"timestamp":"2026-01-21T00:00:14.741710Z","level":"info","event":" 'storage': '256GB'}","logger":"airflow.task.hooks.airflow.providers.standard.hooks.subprocess.SubprocessHook","filename":"subprocess.py","lineno":99}
{"timestamp":"2026-01-21T00:00:14.743221Z","level":"info","event":"2026-01-21 00:00:14 [scrapy.core.scraper] DEBUG: Scraped from <200 https://lista.mercadolivre.com.br/notebook>","logger":"airflow.task.hooks.airflow.providers.standard.hooks.subprocess.SubprocessHook","filename":"subprocess.py","lineno":99}
{"timestamp":"2026-01-21T00:00:14.743313Z","level":"info","event":"{'color': 'Black',","logger":"airflow.task.hooks.airflow.providers.standard.hooks.subprocess.SubprocessHook","filename":"subprocess.py","lineno":99}
{"timestamp":"2026-01-21T00:00:14.743362Z","level":"info","event":" 'full_title': 'Notebook ASUS TUF Gaming A15, NVIDIA RTX 2050, AMD RYZEN 7 '","logger":"airflow.task.hooks.airflow.providers.standard.hooks.subprocess.SubprocessHook","filename":"subprocess.py","lineno":99}
{"timestamp":"2026-01-21T00:00:14.743395Z","level":"info","event":"               '7435HS 3,1 GHz , 16GB RAM, 512GB SSD, Windows 11 Home, Tela '","logger":"airflow.task.hooks.airflow.providers.standard.hooks.subprocess.SubprocessHook","filename":"subprocess.py","lineno":99}
{"timestamp":"2026-01-21T00:00:14.743425Z","level":"info","event":"               '15,6\" FHD Nível IPS 144Hz, Graphite Black - FA506NFR-HN060W',","logger":"airflow.task.hooks.airflow.providers.standard.hooks.subprocess.SubprocessHook","filename":"subprocess.py","lineno":99}
{"timestamp":"2026-01-21T00:00:14.743454Z","level":"info","event":" 'memory': '16GB',","logger":"airflow.task.hooks.airflow.providers.standard.hooks.subprocess.SubprocessHook","filename":"subprocess.py","lineno":99}
{"timestamp":"2026-01-21T00:00:14.743483Z","level":"info","event":" 'price': '6.999',","logger":"airflow.task.hooks.airflow.providers.standard.hooks.subprocess.SubprocessHook","filename":"subprocess.py","lineno":99}
{"timestamp":"2026-01-21T00:00:14.743511Z","level":"info","event":" 'rating': '4.9',","logger":"airflow.task.hooks.airflow.providers.standard.hooks.subprocess.SubprocessHook","filename":"subprocess.py","lineno":99}
{"timestamp":"2026-01-21T00:00:14.743537Z","level":"info","event":" 'site_name': 'mercado_livre',","logger":"airflow.task.hooks.airflow.providers.standard.hooks.subprocess.SubprocessHook","filename":"subprocess.py","lineno":99}
{"timestamp":"2026-01-21T00:00:14.743565Z","level":"info","event":" 'storage': '512GB'}","logger":"airflow.task.hooks.airflow.providers.standard.hooks.subprocess.SubprocessHook","filename":"subprocess.py","lineno":99}
{"timestamp":"2026-01-21T00:00:14.744556Z","level":"info","event":"2026-01-21 00:00:14 [scrapy.core.scraper] DEBUG: Scraped from <200 https://lista.mercadolivre.com.br/notebook>","logger":"airflow.task.hooks.airflow.providers.standard.hooks.subprocess.SubprocessHook","filename":"subprocess.py","lineno":99}
{"timestamp":"2026-01-21T00:00:14.744638Z","level":"info","event":"{'color': 'N/A',","logger":"airflow.task.hooks.airflow.providers.standard.hooks.subprocess.SubprocessHook","filename":"subprocess.py","lineno":99}
{"timestamp":"2026-01-21T00:00:14.744687Z","level":"info","event":" 'full_title': 'Notebook Acer Nitro V15 ANV15-41-R2GT AMD Ryzen 7 7735HS RTX '","logger":"airflow.task.hooks.airflow.providers.standard.hooks.subprocess.SubprocessHook","filename":"subprocess.py","lineno":99}
{"timestamp":"2026-01-21T00:00:14.744720Z","level":"info","event":"               '4050 16 GB RAM 512 GB SSD Full HD 15.6”',","logger":"airflow.task.hooks.airflow.providers.standard.hooks.subprocess.SubprocessHook","filename":"subprocess.py","lineno":99}
{"timestamp":"2026-01-21T00:00:14.744751Z","level":"info","event":" 'memory': '16 GB',","logger":"airflow.task.hooks.airflow.providers.standard.hooks.subprocess.SubprocessHook","filename":"subprocess.py","lineno":99}
{"timestamp":"2026-01-21T00:00:14.744778Z","level":"info","event":" 'price': '5.999',","logger":"airflow.task.hooks.airflow.providers.standard.hooks.subprocess.SubprocessHook","filename":"subprocess.py","lineno":99}
{"timestamp":"2026-01-21T00:00:14.744806Z","level":"info","event":" 'rating': '4.9',","logger":"airflow.task.hooks.airflow.providers.standard.hooks.subprocess.SubprocessHook","filename":"subprocess.py","lineno":99}
{"timestamp":"2026-01-21T00:00:14.744833Z","level":"info","event":" 'site_name': 'mercado_livre',","logger":"airflow.task.hooks.airflow.providers.standard.hooks.subprocess.SubprocessHook","filename":"subprocess.py","lineno":99}
{"timestamp":"2026-01-21T00:00:14.744859Z","level":"info","event":" 'storage': '512 GB'}","logger":"airflow.task.hooks.airflow.providers.standard.hooks.subprocess.SubprocessHook","filename":"subprocess.py","lineno":99}
{"timestamp":"2026-01-21T00:00:14.745913Z","level":"info","event":"2026-01-21 00:00:14 [scrapy.core.scraper] DEBUG: Scraped from <200 https://lista.mercadolivre.com.br/notebook>","logger":"airflow.task.hooks.airflow.providers.standard.hooks.subprocess.SubprocessHook","filename":"subprocess.py","lineno":99}
{"timestamp":"2026-01-21T00:00:14.746001Z","level":"info","event":"{'color': 'N/A',","logger":"airflow.task.hooks.airflow.providers.standard.hooks.subprocess.SubprocessHook","filename":"subprocess.py","lineno":99}
{"timestamp":"2026-01-21T00:00:14.746067Z","level":"info","event":" 'full_title': 'Notebook Acer Nitro V ANV15-51-57WS Intel Core i5-13420H '","logger":"airflow.task.hooks.airflow.providers.standard.hooks.subprocess.SubprocessHook","filename":"subprocess.py","lineno":99}
{"timestamp":"2026-01-21T00:00:14.746105Z","level":"info","event":"               '13ªGeração 512SSD 8GB Nvidia GeForce RTX 3050 GDDR6 Linux '","logger":"airflow.task.hooks.airflow.providers.standard.hooks.subprocess.SubprocessHook","filename":"subprocess.py","lineno":99}
{"timestamp":"2026-01-21T00:00:14.746135Z","level":"info","event":"               \"Gutta 15,6'\",","logger":"airflow.task.hooks.airflow.providers.standard.hooks.subprocess.SubprocessHook","filename":"subprocess.py","lineno":99}
{"timestamp":"2026-01-21T00:00:14.746164Z","level":"info","event":" 'memory': 'N/A',","logger":"airflow.task.hooks.airflow.providers.standard.hooks.subprocess.SubprocessHook","filename":"subprocess.py","lineno":99}
{"timestamp":"2026-01-21T00:00:14.746193Z","level":"info","event":" 'price': '4.989',","logger":"airflow.task.hooks.airflow.providers.standard.hooks.subprocess.SubprocessHook","filename":"subprocess.py","lineno":99}
{"timestamp":"2026-01-21T00:00:14.746219Z","level":"info","event":" 'rating': '4.8',","logger":"airflow.task.hooks.airflow.providers.standard.hooks.subprocess.SubprocessHook","filename":"subprocess.py","lineno":99}
{"timestamp":"2026-01-21T00:00:14.746245Z","level":"info","event":" 'site_name': 'mercado_livre',","logger":"airflow.task.hooks.airflow.providers.standard.hooks.subprocess.SubprocessHook","filename":"subprocess.py","lineno":99}
{"timestamp":"2026-01-21T00:00:14.746271Z","level":"info","event":" 'storage': 'N/A'}","logger":"airflow.task.hooks.airflow.providers.standard.hooks.subprocess.SubprocessHook","filename":"subprocess.py","lineno":99}
{"timestamp":"2026-01-21T00:00:14.747285Z","level":"info","event":"2026-01-21 00:00:14 [scrapy.core.scraper] DEBUG: Scraped from <200 https://lista.mercadolivre.com.br/notebook>","logger":"airflow.task.hooks.airflow.providers.standard.hooks.subprocess.SubprocessHook","filename":"subprocess.py","lineno":99}
{"timestamp":"2026-01-21T00:00:14.747369Z","level":"info","event":"{'color': 'Grey',","logger":"airflow.task.hooks.airflow.providers.standard.hooks.subprocess.SubprocessHook","filename":"subprocess.py","lineno":99}
{"timestamp":"2026-01-21T00:00:14.747419Z","level":"info","event":" 'full_title': 'Notebook Lenovo Ideapad 1 Amd Ryzen 3 8gb 256gb Windows 11 '","logger":"airflow.task.hooks.airflow.providers.standard.hooks.subprocess.SubprocessHook","filename":"subprocess.py","lineno":99}
{"timestamp":"2026-01-21T00:00:14.747452Z","level":"info","event":"               'Cloud Grey',","logger":"airflow.task.hooks.airflow.providers.standard.hooks.subprocess.SubprocessHook","filename":"subprocess.py","lineno":99}
{"timestamp":"2026-01-21T00:00:14.747481Z","level":"info","event":" 'memory': 'N/A',","logger":"airflow.task.hooks.airflow.providers.standard.hooks.subprocess.SubprocessHook","filename":"subprocess.py","lineno":99}
{"timestamp":"2026-01-21T00:00:14.747508Z","level":"info","event":" 'price': '2.299',","logger":"airflow.task.hooks.airflow.providers.standard.hooks.subprocess.SubprocessHook","filename":"subprocess.py","lineno":99}
{"timestamp":"2026-01-21T00:00:14.747536Z","level":"info","event":" 'rating': '+5 vendidos',","logger":"airflow.task.hooks.airflow.providers.standard.hooks.subprocess.SubprocessHook","filename":"subprocess.py","lineno":99}
{"timestamp":"2026-01-21T00:00:14.747562Z","level":"info","event":" 'site_name': 'mercado_livre',","logger":"airflow.task.hooks.airflow.providers.standard.hooks.subprocess.SubprocessHook","filename":"subprocess.py","lineno":99}
{"timestamp":"2026-01-21T00:00:14.747587Z","level":"info","event":" 'storage': 'N/A'}","logger":"airflow.task.hooks.airflow.providers.standard.hooks.subprocess.SubprocessHook","filename":"subprocess.py","lineno":99}
{"timestamp":"2026-01-21T00:00:14.748615Z","level":"info","event":"2026-01-21 00:00:14 [scrapy.core.scraper] DEBUG: Scraped from <200 https://lista.mercadolivre.com.br/notebook>","logger":"airflow.task.hooks.airflow.providers.standard.hooks.subprocess.SubprocessHook","filename":"subprocess.py","lineno":99}
{"timestamp":"2026-01-21T00:00:14.748700Z","level":"info","event":"{'color': 'Grey',","logger":"airflow.task.hooks.airflow.providers.standard.hooks.subprocess.SubprocessHook","filename":"subprocess.py","lineno":99}
{"timestamp":"2026-01-21T00:00:14.748749Z","level":"info","event":" 'full_title': 'Notebook Lenovo Ideapad Slim 3 15irh10 Intel Core i5-13420h '","logger":"airflow.task.hooks.airflow.providers.standard.hooks.subprocess.SubprocessHook","filename":"subprocess.py","lineno":99}
{"timestamp":"2026-01-21T00:00:14.748781Z","level":"info","event":"               '16gb 512gb Ssd Windows 11 15.3 - 83ns0001br Luna Grey',","logger":"airflow.task.hooks.airflow.providers.standard.hooks.subprocess.SubprocessHook","filename":"subprocess.py","lineno":99}
{"timestamp":"2026-01-21T00:00:14.748812Z","level":"info","event":" 'memory': 'N/A',","logger":"airflow.task.hooks.airflow.providers.standard.hooks.subprocess.SubprocessHook","filename":"subprocess.py","lineno":99}
{"timestamp":"2026-01-21T00:00:14.748839Z","level":"info","event":" 'price': '3.999',","logger":"airflow.task.hooks.airflow.providers.standard.hooks.subprocess.SubprocessHook","filename":"subprocess.py","lineno":99}
{"timestamp":"2026-01-21T00:00:14.748882Z","level":"info","event":" 'rating': '4.9',","logger":"airflow.task.hooks.airflow.providers.standard.hooks.subprocess.SubprocessHook","filename":"subprocess.py","lineno":99}
{"timestamp":"2026-01-21T00:00:14.748914Z","level":"info","event":" 'site_name': 'mercado_livre',","logger":"airflow.task.hooks.airflow.providers.standard.hooks.subprocess.SubprocessHook","filename":"subprocess.py","lineno":99}
{"timestamp":"2026-01-21T00:00:14.748941Z","level":"info","event":" 'storage': '512gb'}","logger":"airflow.task.hooks.airflow.providers.standard.hooks.subprocess.SubprocessHook","filename":"subprocess.py","lineno":99}
{"timestamp":"2026-01-21T00:00:14.749930Z","level":"info","event":"2026-01-21 00:00:14 [scrapy.core.scraper] DEBUG: Scraped from <200 https://lista.mercadolivre.com.br/notebook>","logger":"airflow.task.hooks.airflow.providers.standard.hooks.subprocess.SubprocessHook","filename":"subprocess.py","lineno":99}
{"timestamp":"2026-01-21T00:00:14.750015Z","level":"info","event":"{'color': 'N/A',","logger":"airflow.task.hooks.airflow.providers.standard.hooks.subprocess.SubprocessHook","filename":"subprocess.py","lineno":99}
{"timestamp":"2026-01-21T00:00:14.750064Z","level":"info","event":" 'full_title': 'Notebook Vaio Fe16 Intel Core I5 13ª Gen Windows 11 Home 16gb '","logger":"airflow.task.hooks.airflow.providers.standard.hooks.subprocess.SubprocessHook","filename":"subprocess.py","lineno":99}
{"timestamp":"2026-01-21T00:00:14.750098Z","level":"info","event":"               '512gb Ssd Wi-fi 6 Tela 16\" Ips Wuxga Antirreflexo - Cinza '","logger":"airflow.task.hooks.airflow.providers.standard.hooks.subprocess.SubprocessHook","filename":"subprocess.py","lineno":99}
{"timestamp":"2026-01-21T00:00:14.750128Z","level":"info","event":"               'Grafite - Vjfe62f11x-b0321h - Memória Expansível Até 64gb',","logger":"airflow.task.hooks.airflow.providers.standard.hooks.subprocess.SubprocessHook","filename":"subprocess.py","lineno":99}
{"timestamp":"2026-01-21T00:00:14.750157Z","level":"info","event":" 'memory': 'N/A',","logger":"airflow.task.hooks.airflow.providers.standard.hooks.subprocess.SubprocessHook","filename":"subprocess.py","lineno":99}
{"timestamp":"2026-01-21T00:00:14.750186Z","level":"info","event":" 'price': '5.799',","logger":"airflow.task.hooks.airflow.providers.standard.hooks.subprocess.SubprocessHook","filename":"subprocess.py","lineno":99}
{"timestamp":"2026-01-21T00:00:14.750213Z","level":"info","event":" 'rating': '4.8',","logger":"airflow.task.hooks.airflow.providers.standard.hooks.subprocess.SubprocessHook","filename":"subprocess.py","lineno":99}
{"timestamp":"2026-01-21T00:00:14.750239Z","level":"info","event":" 'site_name': 'mercado_livre',","logger":"airflow.task.hooks.airflow.providers.standard.hooks.subprocess.SubprocessHook","filename":"subprocess.py","lineno":99}
{"timestamp":"2026-01-21T00:00:14.750265Z","level":"info","event":" 'storage': '512gb'}","logger":"airflow.task.hooks.airflow.providers.standard.hooks.subprocess.SubprocessHook","filename":"subprocess.py","lineno":99}
{"timestamp":"2026-01-21T00:00:14.751371Z","level":"info","event":"2026-01-21 00:00:14 [scrapy.core.scraper] DEBUG: Scraped from <200 https://lista.mercadolivre.com.br/notebook>","logger":"airflow.task.hooks.airflow.providers.standard.hooks.subprocess.SubprocessHook","filename":"subprocess.py","lineno":99}
{"timestamp":"2026-01-21T00:00:14.751461Z","level":"info","event":"{'color': 'N/A',","logger":"airflow.task.hooks.airflow.providers.standard.hooks.subprocess.SubprocessHook","filename":"subprocess.py","lineno":99}
{"timestamp":"2026-01-21T00:00:14.751514Z","level":"info","event":" 'full_title': 'Notebook Vaio Fe16 Intel Core I3-1315u Linux 8gb Ram 256gb Ssd '","logger":"airflow.task.hooks.airflow.providers.standard.hooks.subprocess.SubprocessHook","filename":"subprocess.py","lineno":99}
{"timestamp":"2026-01-21T00:00:14.751553Z","level":"info","event":"               'Tela 16 Ips Wuxga Antirreflexo - Cinza Grafite - '","logger":"airflow.task.hooks.airflow.providers.standard.hooks.subprocess.SubprocessHook","filename":"subprocess.py","lineno":99}
{"timestamp":"2026-01-21T00:00:14.751587Z","level":"info","event":"               'Vjfe62f11x-b0811h',","logger":"airflow.task.hooks.airflow.providers.standard.hooks.subprocess.SubprocessHook","filename":"subprocess.py","lineno":99}
{"timestamp":"2026-01-21T00:00:14.751661Z","level":"info","event":" 'memory': '8gb',","logger":"airflow.task.hooks.airflow.providers.standard.hooks.subprocess.SubprocessHook","filename":"subprocess.py","lineno":99}
{"timestamp":"2026-01-21T00:00:14.751709Z","level":"info","event":" 'price': '3.290',","logger":"airflow.task.hooks.airflow.providers.standard.hooks.subprocess.SubprocessHook","filename":"subprocess.py","lineno":99}
{"timestamp":"2026-01-21T00:00:14.751741Z","level":"info","event":" 'rating': '5.0',","logger":"airflow.task.hooks.airflow.providers.standard.hooks.subprocess.SubprocessHook","filename":"subprocess.py","lineno":99}
{"timestamp":"2026-01-21T00:00:14.751770Z","level":"info","event":" 'site_name': 'mercado_livre',","logger":"airflow.task.hooks.airflow.providers.standard.hooks.subprocess.SubprocessHook","filename":"subprocess.py","lineno":99}
{"timestamp":"2026-01-21T00:00:14.751800Z","level":"info","event":" 'storage': '256gb'}","logger":"airflow.task.hooks.airflow.providers.standard.hooks.subprocess.SubprocessHook","filename":"subprocess.py","lineno":99}
{"timestamp":"2026-01-21T00:00:14.752677Z","level":"info","event":"2026-01-21 00:00:14 [scrapy.core.scraper] DEBUG: Scraped from <200 https://lista.mercadolivre.com.br/notebook>","logger":"airflow.task.hooks.airflow.providers.standard.hooks.subprocess.SubprocessHook","filename":"subprocess.py","lineno":99}
{"timestamp":"2026-01-21T00:00:14.752761Z","level":"info","event":"{'color': 'Cinza',","logger":"airflow.task.hooks.airflow.providers.standard.hooks.subprocess.SubprocessHook","filename":"subprocess.py","lineno":99}
{"timestamp":"2026-01-21T00:00:14.752811Z","level":"info","event":" 'full_title': 'Notebook Acer Aspire Go 15 I3 1305u 8gb 256gb Ssd Linux Cor '","logger":"airflow.task.hooks.airflow.providers.standard.hooks.subprocess.SubprocessHook","filename":"subprocess.py","lineno":99}
{"timestamp":"2026-01-21T00:00:14.752844Z","level":"info","event":"               'Cinza',","logger":"airflow.task.hooks.airflow.providers.standard.hooks.subprocess.SubprocessHook","filename":"subprocess.py","lineno":99}
{"timestamp":"2026-01-21T00:00:14.752891Z","level":"info","event":" 'memory': 'N/A',","logger":"airflow.task.hooks.airflow.providers.standard.hooks.subprocess.SubprocessHook","filename":"subprocess.py","lineno":99}
{"timestamp":"2026-01-21T00:00:14.752923Z","level":"info","event":" 'price': '3.699',","logger":"airflow.task.hooks.airflow.providers.standard.hooks.subprocess.SubprocessHook","filename":"subprocess.py","lineno":99}
{"timestamp":"2026-01-21T00:00:14.752951Z","level":"info","event":" 'rating': '4.9',","logger":"airflow.task.hooks.airflow.providers.standard.hooks.subprocess.SubprocessHook","filename":"subprocess.py","lineno":99}
{"timestamp":"2026-01-21T00:00:14.752977Z","level":"info","event":" 'site_name': 'mercado_livre',","logger":"airflow.task.hooks.airflow.providers.standard.hooks.subprocess.SubprocessHook","filename":"subprocess.py","lineno":99}
{"timestamp":"2026-01-21T00:00:14.753004Z","level":"info","event":" 'storage': '256gb'}","logger":"airflow.task.hooks.airflow.providers.standard.hooks.subprocess.SubprocessHook","filename":"subprocess.py","lineno":99}
{"timestamp":"2026-01-21T00:00:14.763198Z","level":"info","event":"2026-01-21 00:00:14 [scrapy.core.scraper] DEBUG: Scraped from <200 https://lista.mercadolivre.com.br/notebook>","logger":"airflow.task.hooks.airflow.providers.standard.hooks.subprocess.SubprocessHook","filename":"subprocess.py","lineno":99}
{"timestamp":"2026-01-21T00:00:14.763363Z","level":"info","event":"{'color': 'Silver',","logger":"airflow.task.hooks.airflow.providers.standard.hooks.subprocess.SubprocessHook","filename":"subprocess.py","lineno":99}
{"timestamp":"2026-01-21T00:00:14.763414Z","level":"info","event":" 'full_title': 'Notebook ASUS Vivobook S14 S3407CA Intel Core Ultra 5 225H '","logger":"airflow.task.hooks.airflow.providers.standard.hooks.subprocess.SubprocessHook","filename":"subprocess.py","lineno":99}
{"timestamp":"2026-01-21T00:00:14.763451Z","level":"info","event":"               '16GB Ram 512GB SSD Windows 11 Tela 14\" LED FHD Silver - LY113W',","logger":"airflow.task.hooks.airflow.providers.standard.hooks.subprocess.SubprocessHook","filename":"subprocess.py","lineno":99}
{"timestamp":"2026-01-21T00:00:14.763482Z","level":"info","event":" 'memory': '16GB',","logger":"airflow.task.hooks.airflow.providers.standard.hooks.subprocess.SubprocessHook","filename":"subprocess.py","lineno":99}
{"timestamp":"2026-01-21T00:00:14.763511Z","level":"info","event":" 'price': '8.499',","logger":"airflow.task.hooks.airflow.providers.standard.hooks.subprocess.SubprocessHook","filename":"subprocess.py","lineno":99}
{"timestamp":"2026-01-21T00:00:14.763539Z","level":"info","event":" 'rating': '5.0',","logger":"airflow.task.hooks.airflow.providers.standard.hooks.subprocess.SubprocessHook","filename":"subprocess.py","lineno":99}
{"timestamp":"2026-01-21T00:00:14.763566Z","level":"info","event":" 'site_name': 'mercado_livre',","logger":"airflow.task.hooks.airflow.providers.standard.hooks.subprocess.SubprocessHook","filename":"subprocess.py","lineno":99}
{"timestamp":"2026-01-21T00:00:14.763593Z","level":"info","event":" 'storage': '512GB'}","logger":"airflow.task.hooks.airflow.providers.standard.hooks.subprocess.SubprocessHook","filename":"subprocess.py","lineno":99}
{"timestamp":"2026-01-21T00:00:14.765358Z","level":"info","event":"2026-01-21 00:00:14 [scrapy.core.scraper] DEBUG: Scraped from <200 https://lista.mercadolivre.com.br/notebook>","logger":"airflow.task.hooks.airflow.providers.standard.hooks.subprocess.SubprocessHook","filename":"subprocess.py","lineno":99}
{"timestamp":"2026-01-21T00:00:14.765441Z","level":"info","event":"{'color': 'N/A',","logger":"airflow.task.hooks.airflow.providers.standard.hooks.subprocess.SubprocessHook","filename":"subprocess.py","lineno":99}
{"timestamp":"2026-01-21T00:00:14.765491Z","level":"info","event":" 'full_title': 'Notebook VAIO FE 16 Intel Core i5-1334U Linux, 32GB RAM 512GB '","logger":"airflow.task.hooks.airflow.providers.standard.hooks.subprocess.SubprocessHook","filename":"subprocess.py","lineno":99}
{"timestamp":"2026-01-21T00:00:14.765526Z","level":"info","event":"               'SSD Tela 16\" IPS WUXGA Antireflexo - Cinza Grafite - '","logger":"airflow.task.hooks.airflow.providers.standard.hooks.subprocess.SubprocessHook","filename":"subprocess.py","lineno":99}
{"timestamp":"2026-01-21T00:00:14.765557Z","level":"info","event":"               'VJFE62F11X-B0111H - Permite upgrade de memória RAM e SSD',","logger":"airflow.task.hooks.airflow.providers.standard.hooks.subprocess.SubprocessHook","filename":"subprocess.py","lineno":99}
{"timestamp":"2026-01-21T00:00:14.765587Z","level":"info","event":" 'memory': '32GB',","logger":"airflow.task.hooks.airflow.providers.standard.hooks.subprocess.SubprocessHook","filename":"subprocess.py","lineno":99}
{"timestamp":"2026-01-21T00:00:14.765615Z","level":"info","event":" 'price': '6.499',","logger":"airflow.task.hooks.airflow.providers.standard.hooks.subprocess.SubprocessHook","filename":"subprocess.py","lineno":99}
{"timestamp":"2026-01-21T00:00:14.765642Z","level":"info","event":" 'rating': '4.9',","logger":"airflow.task.hooks.airflow.providers.standard.hooks.subprocess.SubprocessHook","filename":"subprocess.py","lineno":99}
{"timestamp":"2026-01-21T00:00:14.765669Z","level":"info","event":" 'site_name': 'mercado_livre',","logger":"airflow.task.hooks.airflow.providers.standard.hooks.subprocess.SubprocessHook","filename":"subprocess.py","lineno":99}
{"timestamp":"2026-01-21T00:00:14.765696Z","level":"info","event":" 'storage': '512GB'}","logger":"airflow.task.hooks.airflow.providers.standard.hooks.subprocess.SubprocessHook","filename":"subprocess.py","lineno":99}
{"timestamp":"2026-01-21T00:00:14.766791Z","level":"info","event":"2026-01-21 00:00:14 [scrapy.core.scraper] DEBUG: Scraped from <200 https://lista.mercadolivre.com.br/notebook>","logger":"airflow.task.hooks.airflow.providers.standard.hooks.subprocess.SubprocessHook","filename":"subprocess.py","lineno":99}
{"timestamp":"2026-01-21T00:00:14.766887Z","level":"info","event":"{'color': 'N/A',","logger":"airflow.task.hooks.airflow.providers.standard.hooks.subprocess.SubprocessHook","filename":"subprocess.py","lineno":99}
{"timestamp":"2026-01-21T00:00:14.766940Z","level":"info","event":" 'full_title': 'Notebook Positivo Vision R15m Amd Ryzen 5-5625u Linux 8gb Ram '","logger":"airflow.task.hooks.airflow.providers.standard.hooks.subprocess.SubprocessHook","filename":"subprocess.py","lineno":99}
{"timestamp":"2026-01-21T00:00:14.766979Z","level":"info","event":"               '256gb Ssd Wi-fi 6 Tela 15 Full Hd Ips Antirreflexo - Permite '","logger":"airflow.task.hooks.airflow.providers.standard.hooks.subprocess.SubprocessHook","filename":"subprocess.py","lineno":99}
{"timestamp":"2026-01-21T00:00:14.767012Z","level":"info","event":"               'Upgrade De Memória Ram E Ssd - Preto',","logger":"airflow.task.hooks.airflow.providers.standard.hooks.subprocess.SubprocessHook","filename":"subprocess.py","lineno":99}
{"timestamp":"2026-01-21T00:00:14.767044Z","level":"info","event":" 'memory': '8gb',","logger":"airflow.task.hooks.airflow.providers.standard.hooks.subprocess.SubprocessHook","filename":"subprocess.py","lineno":99}
{"timestamp":"2026-01-21T00:00:14.767074Z","level":"info","event":" 'price': '3.855',","logger":"airflow.task.hooks.airflow.providers.standard.hooks.subprocess.SubprocessHook","filename":"subprocess.py","lineno":99}
{"timestamp":"2026-01-21T00:00:14.767101Z","level":"info","event":" 'rating': '4.8',","logger":"airflow.task.hooks.airflow.providers.standard.hooks.subprocess.SubprocessHook","filename":"subprocess.py","lineno":99}
{"timestamp":"2026-01-21T00:00:14.767129Z","level":"info","event":" 'site_name': 'mercado_livre',","logger":"airflow.task.hooks.airflow.providers.standard.hooks.subprocess.SubprocessHook","filename":"subprocess.py","lineno":99}
{"timestamp":"2026-01-21T00:00:14.767160Z","level":"info","event":" 'storage': '256gb'}","logger":"airflow.task.hooks.airflow.providers.standard.hooks.subprocess.SubprocessHook","filename":"subprocess.py","lineno":99}
{"timestamp":"2026-01-21T00:00:14.768452Z","level":"info","event":"2026-01-21 00:00:14 [scrapy.core.scraper] DEBUG: Scraped from <200 https://lista.mercadolivre.com.br/notebook>","logger":"airflow.task.hooks.airflow.providers.standard.hooks.subprocess.SubprocessHook","filename":"subprocess.py","lineno":99}
{"timestamp":"2026-01-21T00:00:14.768555Z","level":"info","event":"{'color': 'Cinza',","logger":"airflow.task.hooks.airflow.providers.standard.hooks.subprocess.SubprocessHook","filename":"subprocess.py","lineno":99}
{"timestamp":"2026-01-21T00:00:14.768607Z","level":"info","event":" 'full_title': 'Notebook Asus Tuf Gaming F16 Fx607vj Nvidia Rtx 3050 Intel '","logger":"airflow.task.hooks.airflow.providers.standard.hooks.subprocess.SubprocessHook","filename":"subprocess.py","lineno":99}
{"timestamp":"2026-01-21T00:00:14.768644Z","level":"info","event":"               'Core 5 210h 16gb Ram 512gb Ssd Windows 11 Home Tela 16 Nível '","logger":"airflow.task.hooks.airflow.providers.standard.hooks.subprocess.SubprocessHook","filename":"subprocess.py","lineno":99}
{"timestamp":"2026-01-21T00:00:14.768676Z","level":"info","event":"               'Ips 144hz Cinza - Rl007w',","logger":"airflow.task.hooks.airflow.providers.standard.hooks.subprocess.SubprocessHook","filename":"subprocess.py","lineno":99}
{"timestamp":"2026-01-21T00:00:14.768707Z","level":"info","event":" 'memory': '16gb',","logger":"airflow.task.hooks.airflow.providers.standard.hooks.subprocess.SubprocessHook","filename":"subprocess.py","lineno":99}
{"timestamp":"2026-01-21T00:00:14.768736Z","level":"info","event":" 'price': '8.999',","logger":"airflow.task.hooks.airflow.providers.standard.hooks.subprocess.SubprocessHook","filename":"subprocess.py","lineno":99}
{"timestamp":"2026-01-21T00:00:14.768763Z","level":"info","event":" 'rating': '5.0',","logger":"airflow.task.hooks.airflow.providers.standard.hooks.subprocess.SubprocessHook","filename":"subprocess.py","lineno":99}
{"timestamp":"2026-01-21T00:00:14.768789Z","level":"info","event":" 'site_name': 'mercado_livre',","logger":"airflow.task.hooks.airflow.providers.standard.hooks.subprocess.SubprocessHook","filename":"subprocess.py","lineno":99}
{"timestamp":"2026-01-21T00:00:14.768816Z","level":"info","event":" 'storage': '512gb'}","logger":"airflow.task.hooks.airflow.providers.standard.hooks.subprocess.SubprocessHook","filename":"subprocess.py","lineno":99}
{"timestamp":"2026-01-21T00:00:14.770052Z","level":"info","event":"2026-01-21 00:00:14 [scrapy.core.scraper] DEBUG: Scraped from <200 https://lista.mercadolivre.com.br/notebook>","logger":"airflow.task.hooks.airflow.providers.standard.hooks.subprocess.SubprocessHook","filename":"subprocess.py","lineno":99}
{"timestamp":"2026-01-21T00:00:14.770159Z","level":"info","event":"{'color': 'Gray',","logger":"airflow.task.hooks.airflow.providers.standard.hooks.subprocess.SubprocessHook","filename":"subprocess.py","lineno":99}
{"timestamp":"2026-01-21T00:00:14.770212Z","level":"info","event":" 'full_title': 'Notebook ASUS TUF Gaming F16, NVIDIA RTX 3050, Intel Core 5 '","logger":"airflow.task.hooks.airflow.providers.standard.hooks.subprocess.SubprocessHook","filename":"subprocess.py","lineno":99}
{"timestamp":"2026-01-21T00:00:14.770249Z","level":"info","event":"               '210H 2,2 GHz, 8GB RAM, 512GB SSD, KeepOS Linux, Tela 16\" FHD+ '","logger":"airflow.task.hooks.airflow.providers.standard.hooks.subprocess.SubprocessHook","filename":"subprocess.py","lineno":99}
{"timestamp":"2026-01-21T00:00:14.770281Z","level":"info","event":"               'Nível IPS 144Hz, Mecha Gray - FX607VJ-RL002',","logger":"airflow.task.hooks.airflow.providers.standard.hooks.subprocess.SubprocessHook","filename":"subprocess.py","lineno":99}
{"timestamp":"2026-01-21T00:00:14.770313Z","level":"info","event":" 'memory': '8GB',","logger":"airflow.task.hooks.airflow.providers.standard.hooks.subprocess.SubprocessHook","filename":"subprocess.py","lineno":99}
{"timestamp":"2026-01-21T00:00:14.770341Z","level":"info","event":" 'price': '4.949',","logger":"airflow.task.hooks.airflow.providers.standard.hooks.subprocess.SubprocessHook","filename":"subprocess.py","lineno":99}
{"timestamp":"2026-01-21T00:00:14.770368Z","level":"info","event":" 'rating': '5.0',","logger":"airflow.task.hooks.airflow.providers.standard.hooks.subprocess.SubprocessHook","filename":"subprocess.py","lineno":99}
{"timestamp":"2026-01-21T00:00:14.770395Z","level":"info","event":" 'site_name': 'mercado_livre',","logger":"airflow.task.hooks.airflow.providers.standard.hooks.subprocess.SubprocessHook","filename":"subprocess.py","lineno":99}
{"timestamp":"2026-01-21T00:00:14.770421Z","level":"info","event":" 'storage': '512GB'}","logger":"airflow.task.hooks.airflow.providers.standard.hooks.subprocess.SubprocessHook","filename":"subprocess.py","lineno":99}
{"timestamp":"2026-01-21T00:00:14.771625Z","level":"info","event":"2026-01-21 00:00:14 [scrapy.core.scraper] DEBUG: Scraped from <200 https://lista.mercadolivre.com.br/notebook>","logger":"airflow.task.hooks.airflow.providers.standard.hooks.subprocess.SubprocessHook","filename":"subprocess.py","lineno":99}
{"timestamp":"2026-01-21T00:00:14.771723Z","level":"info","event":"{'color': 'Cinza',","logger":"airflow.task.hooks.airflow.providers.standard.hooks.subprocess.SubprocessHook","filename":"subprocess.py","lineno":99}
{"timestamp":"2026-01-21T00:00:14.771776Z","level":"info","event":" 'full_title': 'Notebook Asus Tuf Gaming F16 Fx608jhr Nvidia Rtx 5050 Intel '","logger":"airflow.task.hooks.airflow.providers.standard.hooks.subprocess.SubprocessHook","filename":"subprocess.py","lineno":99}
{"timestamp":"2026-01-21T00:00:14.771835Z","level":"info","event":"               'Core I7 14650hx 16gb Ram 512gb Ssd Windows 11 Home Tela 16 '","logger":"airflow.task.hooks.airflow.providers.standard.hooks.subprocess.SubprocessHook","filename":"subprocess.py","lineno":99}
{"timestamp":"2026-01-21T00:00:14.771884Z","level":"info","event":"               '165hz Nível Ips Cinza - Rv016w',","logger":"airflow.task.hooks.airflow.providers.standard.hooks.subprocess.SubprocessHook","filename":"subprocess.py","lineno":99}
{"timestamp":"2026-01-21T00:00:14.771919Z","level":"info","event":" 'memory': '16gb',","logger":"airflow.task.hooks.airflow.providers.standard.hooks.subprocess.SubprocessHook","filename":"subprocess.py","lineno":99}
{"timestamp":"2026-01-21T00:00:14.771950Z","level":"info","event":" 'price': '11.999',","logger":"airflow.task.hooks.airflow.providers.standard.hooks.subprocess.SubprocessHook","filename":"subprocess.py","lineno":99}
{"timestamp":"2026-01-21T00:00:14.771979Z","level":"info","event":" 'rating': '4.9',","logger":"airflow.task.hooks.airflow.providers.standard.hooks.subprocess.SubprocessHook","filename":"subprocess.py","lineno":99}
{"timestamp":"2026-01-21T00:00:14.772008Z","level":"info","event":" 'site_name': 'mercado_livre',","logger":"airflow.task.hooks.airflow.providers.standard.hooks.subprocess.SubprocessHook","filename":"subprocess.py","lineno":99}
{"timestamp":"2026-01-21T00:00:14.772050Z","level":"info","event":" 'storage': '512gb'}","logger":"airflow.task.hooks.airflow.providers.standard.hooks.subprocess.SubprocessHook","filename":"subprocess.py","lineno":99}
{"timestamp":"2026-01-21T00:00:14.773266Z","level":"info","event":"2026-01-21 00:00:14 [scrapy.core.scraper] DEBUG: Scraped from <200 https://lista.mercadolivre.com.br/notebook>","logger":"airflow.task.hooks.airflow.providers.standard.hooks.subprocess.SubprocessHook","filename":"subprocess.py","lineno":99}
{"timestamp":"2026-01-21T00:00:14.773355Z","level":"info","event":"{'color': 'N/A',","logger":"airflow.task.hooks.airflow.providers.standard.hooks.subprocess.SubprocessHook","filename":"subprocess.py","lineno":99}
{"timestamp":"2026-01-21T00:00:14.773404Z","level":"info","event":" 'full_title': 'Notebook Vaio Fe16 Amd Ryzen 5-5625u Windows 11 Home 12gb RAM '","logger":"airflow.task.hooks.airflow.providers.standard.hooks.subprocess.SubprocessHook","filename":"subprocess.py","lineno":99}
{"timestamp":"2026-01-21T00:00:14.773438Z","level":"info","event":"               '512gb Ssd Wi-fi 6 Tela 16\" Ips Wuxga Antirreflexo - Cinza '","logger":"airflow.task.hooks.airflow.providers.standard.hooks.subprocess.SubprocessHook","filename":"subprocess.py","lineno":99}
{"timestamp":"2026-01-21T00:00:14.773471Z","level":"info","event":"               'Grafite Vjfe69f11x-b1221h - Permite upgrade de memória RAM e '","logger":"airflow.task.hooks.airflow.providers.standard.hooks.subprocess.SubprocessHook","filename":"subprocess.py","lineno":99}
{"timestamp":"2026-01-21T00:00:14.773501Z","level":"info","event":"               'SSD',","logger":"airflow.task.hooks.airflow.providers.standard.hooks.subprocess.SubprocessHook","filename":"subprocess.py","lineno":99}
{"timestamp":"2026-01-21T00:00:14.773529Z","level":"info","event":" 'memory': '12gb',","logger":"airflow.task.hooks.airflow.providers.standard.hooks.subprocess.SubprocessHook","filename":"subprocess.py","lineno":99}
{"timestamp":"2026-01-21T00:00:14.773558Z","level":"info","event":" 'price': '4.718',","logger":"airflow.task.hooks.airflow.providers.standard.hooks.subprocess.SubprocessHook","filename":"subprocess.py","lineno":99}
{"timestamp":"2026-01-21T00:00:14.773584Z","level":"info","event":" 'rating': '4.9',","logger":"airflow.task.hooks.airflow.providers.standard.hooks.subprocess.SubprocessHook","filename":"subprocess.py","lineno":99}
{"timestamp":"2026-01-21T00:00:14.773609Z","level":"info","event":" 'site_name': 'mercado_livre',","logger":"airflow.task.hooks.airflow.providers.standard.hooks.subprocess.SubprocessHook","filename":"subprocess.py","lineno":99}
{"timestamp":"2026-01-21T00:00:14.773635Z","level":"info","event":" 'storage': '512gb'}","logger":"airflow.task.hooks.airflow.providers.standard.hooks.subprocess.SubprocessHook","filename":"subprocess.py","lineno":99}
{"timestamp":"2026-01-21T00:00:14.774586Z","level":"info","event":"2026-01-21 00:00:14 [scrapy.core.scraper] DEBUG: Scraped from <200 https://lista.mercadolivre.com.br/notebook>","logger":"airflow.task.hooks.airflow.providers.standard.hooks.subprocess.SubprocessHook","filename":"subprocess.py","lineno":99}
{"timestamp":"2026-01-21T00:00:14.774668Z","level":"info","event":"{'color': 'N/A',","logger":"airflow.task.hooks.airflow.providers.standard.hooks.subprocess.SubprocessHook","filename":"subprocess.py","lineno":99}
{"timestamp":"2026-01-21T00:00:14.774719Z","level":"info","event":" 'full_title': 'Notebook Lenovo Ideapad 1i Intel Core i5 - 1235U, 8GB RAM, '","logger":"airflow.task.hooks.airflow.providers.standard.hooks.subprocess.SubprocessHook","filename":"subprocess.py","lineno":99}
{"timestamp":"2026-01-21T00:00:14.774752Z","level":"info","event":"               \"512GB SSD, Windows 11 Home, Tela 15,6'' HD - 82VY000QBR\",","logger":"airflow.task.hooks.airflow.providers.standard.hooks.subprocess.SubprocessHook","filename":"subprocess.py","lineno":99}
{"timestamp":"2026-01-21T00:00:14.774781Z","level":"info","event":" 'memory': '8GB',","logger":"airflow.task.hooks.airflow.providers.standard.hooks.subprocess.SubprocessHook","filename":"subprocess.py","lineno":99}
{"timestamp":"2026-01-21T00:00:14.774809Z","level":"info","event":" 'price': '4.500',","logger":"airflow.task.hooks.airflow.providers.standard.hooks.subprocess.SubprocessHook","filename":"subprocess.py","lineno":99}
{"timestamp":"2026-01-21T00:00:14.774836Z","level":"info","event":" 'rating': '4.9',","logger":"airflow.task.hooks.airflow.providers.standard.hooks.subprocess.SubprocessHook","filename":"subprocess.py","lineno":99}
{"timestamp":"2026-01-21T00:00:14.774863Z","level":"info","event":" 'site_name': 'mercado_livre',","logger":"airflow.task.hooks.airflow.providers.standard.hooks.subprocess.SubprocessHook","filename":"subprocess.py","lineno":99}
{"timestamp":"2026-01-21T00:00:14.774889Z","level":"info","event":" 'storage': '512GB'}","logger":"airflow.task.hooks.airflow.providers.standard.hooks.subprocess.SubprocessHook","filename":"subprocess.py","lineno":99}
{"timestamp":"2026-01-21T00:00:14.775852Z","level":"info","event":"2026-01-21 00:00:14 [scrapy.core.scraper] DEBUG: Scraped from <200 https://lista.mercadolivre.com.br/notebook>","logger":"airflow.task.hooks.airflow.providers.standard.hooks.subprocess.SubprocessHook","filename":"subprocess.py","lineno":99}
{"timestamp":"2026-01-21T00:00:14.775934Z","level":"info","event":"{'color': 'Cinza',","logger":"airflow.task.hooks.airflow.providers.standard.hooks.subprocess.SubprocessHook","filename":"subprocess.py","lineno":99}
{"timestamp":"2026-01-21T00:00:14.775983Z","level":"info","event":" 'full_title': 'Notebook Lenovo Ideapad I5-13420h 8gb 1tb Ssd15.3 Fhd Linux '","logger":"airflow.task.hooks.airflow.providers.standard.hooks.subprocess.SubprocessHook","filename":"subprocess.py","lineno":99}
{"timestamp":"2026-01-21T00:00:14.776017Z","level":"info","event":"               'Cinza',","logger":"airflow.task.hooks.airflow.providers.standard.hooks.subprocess.SubprocessHook","filename":"subprocess.py","lineno":99}
{"timestamp":"2026-01-21T00:00:14.776047Z","level":"info","event":" 'memory': 'N/A',","logger":"airflow.task.hooks.airflow.providers.standard.hooks.subprocess.SubprocessHook","filename":"subprocess.py","lineno":99}
{"timestamp":"2026-01-21T00:00:14.776076Z","level":"info","event":" 'price': '3.999',","logger":"airflow.task.hooks.airflow.providers.standard.hooks.subprocess.SubprocessHook","filename":"subprocess.py","lineno":99}
{"timestamp":"2026-01-21T00:00:14.776105Z","level":"info","event":" 'rating': '4.9',","logger":"airflow.task.hooks.airflow.providers.standard.hooks.subprocess.SubprocessHook","filename":"subprocess.py","lineno":99}
{"timestamp":"2026-01-21T00:00:14.776132Z","level":"info","event":" 'site_name': 'mercado_livre',","logger":"airflow.task.hooks.airflow.providers.standard.hooks.subprocess.SubprocessHook","filename":"subprocess.py","lineno":99}
{"timestamp":"2026-01-21T00:00:14.776159Z","level":"info","event":" 'storage': '1tb'}","logger":"airflow.task.hooks.airflow.providers.standard.hooks.subprocess.SubprocessHook","filename":"subprocess.py","lineno":99}
{"timestamp":"2026-01-21T00:00:14.777160Z","level":"info","event":"2026-01-21 00:00:14 [scrapy.core.scraper] DEBUG: Scraped from <200 https://lista.mercadolivre.com.br/notebook>","logger":"airflow.task.hooks.airflow.providers.standard.hooks.subprocess.SubprocessHook","filename":"subprocess.py","lineno":99}
{"timestamp":"2026-01-21T00:00:14.777243Z","level":"info","event":"{'color': 'Silver',","logger":"airflow.task.hooks.airflow.providers.standard.hooks.subprocess.SubprocessHook","filename":"subprocess.py","lineno":99}
{"timestamp":"2026-01-21T00:00:14.777293Z","level":"info","event":" 'full_title': 'Notebook Asus Vivobook S14 S3407va Intel Core I7 13620h 16gb '","logger":"airflow.task.hooks.airflow.providers.standard.hooks.subprocess.SubprocessHook","filename":"subprocess.py","lineno":99}
{"timestamp":"2026-01-21T00:00:14.777354Z","level":"info","event":"               'Ram 512gb Ssd Windows 11 Tela 14 Led Fhd Silver - Ly043w',","logger":"airflow.task.hooks.airflow.providers.standard.hooks.subprocess.SubprocessHook","filename":"subprocess.py","lineno":99}
{"timestamp":"2026-01-21T00:00:14.777409Z","level":"info","event":" 'memory': '16gb',","logger":"airflow.task.hooks.airflow.providers.standard.hooks.subprocess.SubprocessHook","filename":"subprocess.py","lineno":99}
{"timestamp":"2026-01-21T00:00:14.777455Z","level":"info","event":" 'price': '7.999',","logger":"airflow.task.hooks.airflow.providers.standard.hooks.subprocess.SubprocessHook","filename":"subprocess.py","lineno":99}
{"timestamp":"2026-01-21T00:00:14.777503Z","level":"info","event":" 'rating': '4.8',","logger":"airflow.task.hooks.airflow.providers.standard.hooks.subprocess.SubprocessHook","filename":"subprocess.py","lineno":99}
{"timestamp":"2026-01-21T00:00:14.777557Z","level":"info","event":" 'site_name': 'mercado_livre',","logger":"airflow.task.hooks.airflow.providers.standard.hooks.subprocess.SubprocessHook","filename":"subprocess.py","lineno":99}
{"timestamp":"2026-01-21T00:00:14.777606Z","level":"info","event":" 'storage': '512gb'}","logger":"airflow.task.hooks.airflow.providers.standard.hooks.subprocess.SubprocessHook","filename":"subprocess.py","lineno":99}
{"timestamp":"2026-01-21T00:00:14.778907Z","level":"info","event":"2026-01-21 00:00:14 [scrapy.core.scraper] DEBUG: Scraped from <200 https://lista.mercadolivre.com.br/notebook>","logger":"airflow.task.hooks.airflow.providers.standard.hooks.subprocess.SubprocessHook","filename":"subprocess.py","lineno":99}
{"timestamp":"2026-01-21T00:00:14.779016Z","level":"info","event":"{'color': 'Cinza',","logger":"airflow.task.hooks.airflow.providers.standard.hooks.subprocess.SubprocessHook","filename":"subprocess.py","lineno":99}
{"timestamp":"2026-01-21T00:00:14.779069Z","level":"info","event":" 'full_title': 'Notebook Dell Latitude 3410 Core I7 10th 16gb 256gb Ssd Nvme '","logger":"airflow.task.hooks.airflow.providers.standard.hooks.subprocess.SubprocessHook","filename":"subprocess.py","lineno":99}
{"timestamp":"2026-01-21T00:00:14.779106Z","level":"info","event":"               'Cor Cinza - Excelente (Recondicionado)',","logger":"airflow.task.hooks.airflow.providers.standard.hooks.subprocess.SubprocessHook","filename":"subprocess.py","lineno":99}
{"timestamp":"2026-01-21T00:00:14.779140Z","level":"info","event":" 'memory': 'N/A',","logger":"airflow.task.hooks.airflow.providers.standard.hooks.subprocess.SubprocessHook","filename":"subprocess.py","lineno":99}
{"timestamp":"2026-01-21T00:00:14.779170Z","level":"info","event":" 'price': '2.779',","logger":"airflow.task.hooks.airflow.providers.standard.hooks.subprocess.SubprocessHook","filename":"subprocess.py","lineno":99}
{"timestamp":"2026-01-21T00:00:14.779198Z","level":"info","event":" 'rating': '4.6',","logger":"airflow.task.hooks.airflow.providers.standard.hooks.subprocess.SubprocessHook","filename":"subprocess.py","lineno":99}
{"timestamp":"2026-01-21T00:00:14.779226Z","level":"info","event":" 'site_name': 'mercado_livre',","logger":"airflow.task.hooks.airflow.providers.standard.hooks.subprocess.SubprocessHook","filename":"subprocess.py","lineno":99}
{"timestamp":"2026-01-21T00:00:14.779253Z","level":"info","event":" 'storage': '256gb'}","logger":"airflow.task.hooks.airflow.providers.standard.hooks.subprocess.SubprocessHook","filename":"subprocess.py","lineno":99}
{"timestamp":"2026-01-21T00:00:14.780286Z","level":"info","event":"2026-01-21 00:00:14 [scrapy.core.scraper] DEBUG: Scraped from <200 https://lista.mercadolivre.com.br/notebook>","logger":"airflow.task.hooks.airflow.providers.standard.hooks.subprocess.SubprocessHook","filename":"subprocess.py","lineno":99}
{"timestamp":"2026-01-21T00:00:14.780376Z","level":"info","event":"{'color': 'Cinza',","logger":"airflow.task.hooks.airflow.providers.standard.hooks.subprocess.SubprocessHook","filename":"subprocess.py","lineno":99}
{"timestamp":"2026-01-21T00:00:14.780438Z","level":"info","event":" 'full_title': 'Notebook ASUS TUF Gaming F16 FX608JHR NVIDIA RTX 5050 Intel '","logger":"airflow.task.hooks.airflow.providers.standard.hooks.subprocess.SubprocessHook","filename":"subprocess.py","lineno":99}
{"timestamp":"2026-01-21T00:00:14.780484Z","level":"info","event":"               'Core i7 14650HX 8GB Ram 512GB SSD Linux KeepOS Tela 16\" 165Hz '","logger":"airflow.task.hooks.airflow.providers.standard.hooks.subprocess.SubprocessHook","filename":"subprocess.py","lineno":99}
{"timestamp":"2026-01-21T00:00:14.780524Z","level":"info","event":"               'Nível IPS Cinza - RV019',","logger":"airflow.task.hooks.airflow.providers.standard.hooks.subprocess.SubprocessHook","filename":"subprocess.py","lineno":99}
{"timestamp":"2026-01-21T00:00:14.780563Z","level":"info","event":" 'memory': '8GB',","logger":"airflow.task.hooks.airflow.providers.standard.hooks.subprocess.SubprocessHook","filename":"subprocess.py","lineno":99}
{"timestamp":"2026-01-21T00:00:14.780598Z","level":"info","event":" 'price': '10.499',","logger":"airflow.task.hooks.airflow.providers.standard.hooks.subprocess.SubprocessHook","filename":"subprocess.py","lineno":99}
{"timestamp":"2026-01-21T00:00:14.780632Z","level":"info","event":" 'rating': '5.0',","logger":"airflow.task.hooks.airflow.providers.standard.hooks.subprocess.SubprocessHook","filename":"subprocess.py","lineno":99}
{"timestamp":"2026-01-21T00:00:14.780666Z","level":"info","event":" 'site_name': 'mercado_livre',","logger":"airflow.task.hooks.airflow.providers.standard.hooks.subprocess.SubprocessHook","filename":"subprocess.py","lineno":99}
{"timestamp":"2026-01-21T00:00:14.780700Z","level":"info","event":" 'storage': '512GB'}","logger":"airflow.task.hooks.airflow.providers.standard.hooks.subprocess.SubprocessHook","filename":"subprocess.py","lineno":99}
{"timestamp":"2026-01-21T00:00:14.781625Z","level":"info","event":"2026-01-21 00:00:14 [scrapy.core.scraper] DEBUG: Scraped from <200 https://lista.mercadolivre.com.br/notebook>","logger":"airflow.task.hooks.airflow.providers.standard.hooks.subprocess.SubprocessHook","filename":"subprocess.py","lineno":99}
{"timestamp":"2026-01-21T00:00:14.781712Z","level":"info","event":"{'color': 'Preto',","logger":"airflow.task.hooks.airflow.providers.standard.hooks.subprocess.SubprocessHook","filename":"subprocess.py","lineno":99}
{"timestamp":"2026-01-21T00:00:14.781763Z","level":"info","event":" 'full_title': 'Notebook Dell Latitude 3420 Preto 14\" 1366 px x 768 px disco '","logger":"airflow.task.hooks.airflow.providers.standard.hooks.subprocess.SubprocessHook","filename":"subprocess.py","lineno":99}
{"timestamp":"2026-01-21T00:00:14.781799Z","level":"info","event":"               'SSD PCIe 256 GB Intel 1135G7 8GB de Ram - Excelente '","logger":"airflow.task.hooks.airflow.providers.standard.hooks.subprocess.SubprocessHook","filename":"subprocess.py","lineno":99}
{"timestamp":"2026-01-21T00:00:14.781831Z","level":"info","event":"               '(Recondicionado)',","logger":"airflow.task.hooks.airflow.providers.standard.hooks.subprocess.SubprocessHook","filename":"subprocess.py","lineno":99}
{"timestamp":"2026-01-21T00:00:14.781860Z","level":"info","event":" 'memory': 'N/A',","logger":"airflow.task.hooks.airflow.providers.standard.hooks.subprocess.SubprocessHook","filename":"subprocess.py","lineno":99}
{"timestamp":"2026-01-21T00:00:14.781888Z","level":"info","event":" 'price': '2.444',","logger":"airflow.task.hooks.airflow.providers.standard.hooks.subprocess.SubprocessHook","filename":"subprocess.py","lineno":99}
{"timestamp":"2026-01-21T00:00:14.781915Z","level":"info","event":" 'rating': '4.9',","logger":"airflow.task.hooks.airflow.providers.standard.hooks.subprocess.SubprocessHook","filename":"subprocess.py","lineno":99}
{"timestamp":"2026-01-21T00:00:14.781941Z","level":"info","event":" 'site_name': 'mercado_livre',","logger":"airflow.task.hooks.airflow.providers.standard.hooks.subprocess.SubprocessHook","filename":"subprocess.py","lineno":99}
{"timestamp":"2026-01-21T00:00:14.781967Z","level":"info","event":" 'storage': 'N/A'}","logger":"airflow.task.hooks.airflow.providers.standard.hooks.subprocess.SubprocessHook","filename":"subprocess.py","lineno":99}
{"timestamp":"2026-01-21T00:00:14.782921Z","level":"info","event":"2026-01-21 00:00:14 [scrapy.core.scraper] DEBUG: Scraped from <200 https://lista.mercadolivre.com.br/notebook>","logger":"airflow.task.hooks.airflow.providers.standard.hooks.subprocess.SubprocessHook","filename":"subprocess.py","lineno":99}
{"timestamp":"2026-01-21T00:00:14.783009Z","level":"info","event":"{'color': 'Preto',","logger":"airflow.task.hooks.airflow.providers.standard.hooks.subprocess.SubprocessHook","filename":"subprocess.py","lineno":99}
{"timestamp":"2026-01-21T00:00:14.783060Z","level":"info","event":" 'full_title': 'Notebook Dell Inspiron I15-i1300-a60p 15.6 I5 16gb 1tb W11 '","logger":"airflow.task.hooks.airflow.providers.standard.hooks.subprocess.SubprocessHook","filename":"subprocess.py","lineno":99}
{"timestamp":"2026-01-21T00:00:14.783097Z","level":"info","event":"               'Preto',","logger":"airflow.task.hooks.airflow.providers.standard.hooks.subprocess.SubprocessHook","filename":"subprocess.py","lineno":99}
{"timestamp":"2026-01-21T00:00:14.783127Z","level":"info","event":" 'memory': 'N/A',","logger":"airflow.task.hooks.airflow.providers.standard.hooks.subprocess.SubprocessHook","filename":"subprocess.py","lineno":99}
{"timestamp":"2026-01-21T00:00:14.783154Z","level":"info","event":" 'price': '5.399',","logger":"airflow.task.hooks.airflow.providers.standard.hooks.subprocess.SubprocessHook","filename":"subprocess.py","lineno":99}
{"timestamp":"2026-01-21T00:00:14.783182Z","level":"info","event":" 'rating': '4.9',","logger":"airflow.task.hooks.airflow.providers.standard.hooks.subprocess.SubprocessHook","filename":"subprocess.py","lineno":99}
{"timestamp":"2026-01-21T00:00:14.783210Z","level":"info","event":" 'site_name': 'mercado_livre',","logger":"airflow.task.hooks.airflow.providers.standard.hooks.subprocess.SubprocessHook","filename":"subprocess.py","lineno":99}
{"timestamp":"2026-01-21T00:00:14.783236Z","level":"info","event":" 'storage': 'N/A'}","logger":"airflow.task.hooks.airflow.providers.standard.hooks.subprocess.SubprocessHook","filename":"subprocess.py","lineno":99}
{"timestamp":"2026-01-21T00:00:14.784233Z","level":"info","event":"2026-01-21 00:00:14 [scrapy.core.scraper] DEBUG: Scraped from <200 https://lista.mercadolivre.com.br/notebook>","logger":"airflow.task.hooks.airflow.providers.standard.hooks.subprocess.SubprocessHook","filename":"subprocess.py","lineno":99}
{"timestamp":"2026-01-21T00:00:14.784318Z","level":"info","event":"{'color': 'N/A',","logger":"airflow.task.hooks.airflow.providers.standard.hooks.subprocess.SubprocessHook","filename":"subprocess.py","lineno":99}
{"timestamp":"2026-01-21T00:00:14.784369Z","level":"info","event":" 'full_title': 'Notebook Acer Vero AV15-53P-56HM Intel Core i5 – 1335U 15.6” '","logger":"airflow.task.hooks.airflow.providers.standard.hooks.subprocess.SubprocessHook","filename":"subprocess.py","lineno":99}
{"timestamp":"2026-01-21T00:00:14.784404Z","level":"info","event":"               'Full HD Intel Iris Xe 512 GB SSD 8 GB RAM Windows 11 Home',","logger":"airflow.task.hooks.airflow.providers.standard.hooks.subprocess.SubprocessHook","filename":"subprocess.py","lineno":99}
{"timestamp":"2026-01-21T00:00:14.784435Z","level":"info","event":" 'memory': '8 GB',","logger":"airflow.task.hooks.airflow.providers.standard.hooks.subprocess.SubprocessHook","filename":"subprocess.py","lineno":99}
{"timestamp":"2026-01-21T00:00:14.784464Z","level":"info","event":" 'price': '4.511',","logger":"airflow.task.hooks.airflow.providers.standard.hooks.subprocess.SubprocessHook","filename":"subprocess.py","lineno":99}
{"timestamp":"2026-01-21T00:00:14.784491Z","level":"info","event":" 'rating': '4.9',","logger":"airflow.task.hooks.airflow.providers.standard.hooks.subprocess.SubprocessHook","filename":"subprocess.py","lineno":99}
{"timestamp":"2026-01-21T00:00:14.784518Z","level":"info","event":" 'site_name': 'mercado_livre',","logger":"airflow.task.hooks.airflow.providers.standard.hooks.subprocess.SubprocessHook","filename":"subprocess.py","lineno":99}
{"timestamp":"2026-01-21T00:00:14.784544Z","level":"info","event":" 'storage': '512 GB'}","logger":"airflow.task.hooks.airflow.providers.standard.hooks.subprocess.SubprocessHook","filename":"subprocess.py","lineno":99}
{"timestamp":"2026-01-21T00:00:14.785628Z","level":"info","event":"2026-01-21 00:00:14 [scrapy.core.scraper] DEBUG: Scraped from <200 https://lista.mercadolivre.com.br/notebook>","logger":"airflow.task.hooks.airflow.providers.standard.hooks.subprocess.SubprocessHook","filename":"subprocess.py","lineno":99}
{"timestamp":"2026-01-21T00:00:14.785712Z","level":"info","event":"{'color': 'Azul',","logger":"airflow.task.hooks.airflow.providers.standard.hooks.subprocess.SubprocessHook","filename":"subprocess.py","lineno":99}
{"timestamp":"2026-01-21T00:00:14.785761Z","level":"info","event":" 'full_title': 'Notebook Acer Aspire Go 15 Core I5-1334u 256gb 8gb Ddr5 '","logger":"airflow.task.hooks.airflow.providers.standard.hooks.subprocess.SubprocessHook","filename":"subprocess.py","lineno":99}
{"timestamp":"2026-01-21T00:00:14.785795Z","level":"info","event":"               'Azul-escuro',","logger":"airflow.task.hooks.airflow.providers.standard.hooks.subprocess.SubprocessHook","filename":"subprocess.py","lineno":99}
{"timestamp":"2026-01-21T00:00:14.785826Z","level":"info","event":" 'memory': 'N/A',","logger":"airflow.task.hooks.airflow.providers.standard.hooks.subprocess.SubprocessHook","filename":"subprocess.py","lineno":99}
{"timestamp":"2026-01-21T00:00:14.785854Z","level":"info","event":" 'price': '4.499',","logger":"airflow.task.hooks.airflow.providers.standard.hooks.subprocess.SubprocessHook","filename":"subprocess.py","lineno":99}
{"timestamp":"2026-01-21T00:00:14.785881Z","level":"info","event":" 'rating': '4.9',","logger":"airflow.task.hooks.airflow.providers.standard.hooks.subprocess.SubprocessHook","filename":"subprocess.py","lineno":99}
{"timestamp":"2026-01-21T00:00:14.785907Z","level":"info","event":" 'site_name': 'mercado_livre',","logger":"airflow.task.hooks.airflow.providers.standard.hooks.subprocess.SubprocessHook","filename":"subprocess.py","lineno":99}
{"timestamp":"2026-01-21T00:00:14.785934Z","level":"info","event":" 'storage': 'N/A'}","logger":"airflow.task.hooks.airflow.providers.standard.hooks.subprocess.SubprocessHook","filename":"subprocess.py","lineno":99}
{"timestamp":"2026-01-21T00:00:14.786896Z","level":"info","event":"2026-01-21 00:00:14 [scrapy.core.scraper] DEBUG: Scraped from <200 https://lista.mercadolivre.com.br/notebook>","logger":"airflow.task.hooks.airflow.providers.standard.hooks.subprocess.SubprocessHook","filename":"subprocess.py","lineno":99}
{"timestamp":"2026-01-21T00:00:14.786980Z","level":"info","event":"{'color': 'Cinza',","logger":"airflow.task.hooks.airflow.providers.standard.hooks.subprocess.SubprocessHook","filename":"subprocess.py","lineno":99}
{"timestamp":"2026-01-21T00:00:14.787029Z","level":"info","event":" 'full_title': 'Notebook Rog Strix G16 G615jpr Nvidia Rtx 5070 Intel Core I9 '","logger":"airflow.task.hooks.airflow.providers.standard.hooks.subprocess.SubprocessHook","filename":"subprocess.py","lineno":99}
{"timestamp":"2026-01-21T00:00:14.787062Z","level":"info","event":"               '14900hx 32gb Ram 1tb Ssd Windows 11 Home Tela 16 240hz Led '","logger":"airflow.task.hooks.airflow.providers.standard.hooks.subprocess.SubprocessHook","filename":"subprocess.py","lineno":99}
{"timestamp":"2026-01-21T00:00:14.787092Z","level":"info","event":"               'Cinza - S5001w',","logger":"airflow.task.hooks.airflow.providers.standard.hooks.subprocess.SubprocessHook","filename":"subprocess.py","lineno":99}
{"timestamp":"2026-01-21T00:00:14.787121Z","level":"info","event":" 'memory': '32gb',","logger":"airflow.task.hooks.airflow.providers.standard.hooks.subprocess.SubprocessHook","filename":"subprocess.py","lineno":99}
{"timestamp":"2026-01-21T00:00:14.787150Z","level":"info","event":" 'price': '19.999',","logger":"airflow.task.hooks.airflow.providers.standard.hooks.subprocess.SubprocessHook","filename":"subprocess.py","lineno":99}
{"timestamp":"2026-01-21T00:00:14.787178Z","level":"info","event":" 'rating': '4.8',","logger":"airflow.task.hooks.airflow.providers.standard.hooks.subprocess.SubprocessHook","filename":"subprocess.py","lineno":99}
{"timestamp":"2026-01-21T00:00:14.787205Z","level":"info","event":" 'site_name': 'mercado_livre',","logger":"airflow.task.hooks.airflow.providers.standard.hooks.subprocess.SubprocessHook","filename":"subprocess.py","lineno":99}
{"timestamp":"2026-01-21T00:00:14.787231Z","level":"info","event":" 'storage': '1tb'}","logger":"airflow.task.hooks.airflow.providers.standard.hooks.subprocess.SubprocessHook","filename":"subprocess.py","lineno":99}
{"timestamp":"2026-01-21T00:00:14.788340Z","level":"info","event":"2026-01-21 00:00:14 [scrapy.core.scraper] DEBUG: Scraped from <200 https://lista.mercadolivre.com.br/notebook>","logger":"airflow.task.hooks.airflow.providers.standard.hooks.subprocess.SubprocessHook","filename":"subprocess.py","lineno":99}
{"timestamp":"2026-01-21T00:00:14.788428Z","level":"info","event":"{'color': 'Black',","logger":"airflow.task.hooks.airflow.providers.standard.hooks.subprocess.SubprocessHook","filename":"subprocess.py","lineno":99}
{"timestamp":"2026-01-21T00:00:14.788477Z","level":"info","event":" 'full_title': 'Notebook ASUS Vivobook Go 15 E1504 AMD RYZEN 5 7520U 8GB Ram '","logger":"airflow.task.hooks.airflow.providers.standard.hooks.subprocess.SubprocessHook","filename":"subprocess.py","lineno":99}
{"timestamp":"2026-01-21T00:00:14.788511Z","level":"info","event":"               '256GB SSD Linux KeepOS 15,6” FHD Black E1504FA-NJ731',","logger":"airflow.task.hooks.airflow.providers.standard.hooks.subprocess.SubprocessHook","filename":"subprocess.py","lineno":99}
{"timestamp":"2026-01-21T00:00:14.788542Z","level":"info","event":" 'memory': '8GB',","logger":"airflow.task.hooks.airflow.providers.standard.hooks.subprocess.SubprocessHook","filename":"subprocess.py","lineno":99}
{"timestamp":"2026-01-21T00:00:14.788572Z","level":"info","event":" 'price': '2.629',","logger":"airflow.task.hooks.airflow.providers.standard.hooks.subprocess.SubprocessHook","filename":"subprocess.py","lineno":99}
{"timestamp":"2026-01-21T00:00:14.788600Z","level":"info","event":" 'rating': '4.8',","logger":"airflow.task.hooks.airflow.providers.standard.hooks.subprocess.SubprocessHook","filename":"subprocess.py","lineno":99}
{"timestamp":"2026-01-21T00:00:14.788627Z","level":"info","event":" 'site_name': 'mercado_livre',","logger":"airflow.task.hooks.airflow.providers.standard.hooks.subprocess.SubprocessHook","filename":"subprocess.py","lineno":99}
{"timestamp":"2026-01-21T00:00:14.788655Z","level":"info","event":" 'storage': '256GB'}","logger":"airflow.task.hooks.airflow.providers.standard.hooks.subprocess.SubprocessHook","filename":"subprocess.py","lineno":99}
{"timestamp":"2026-01-21T00:00:14.789625Z","level":"info","event":"2026-01-21 00:00:14 [scrapy.core.scraper] DEBUG: Scraped from <200 https://lista.mercadolivre.com.br/notebook>","logger":"airflow.task.hooks.airflow.providers.standard.hooks.subprocess.SubprocessHook","filename":"subprocess.py","lineno":99}
{"timestamp":"2026-01-21T00:00:14.789708Z","level":"info","event":"{'color': 'N/A',","logger":"airflow.task.hooks.airflow.providers.standard.hooks.subprocess.SubprocessHook","filename":"subprocess.py","lineno":99}
{"timestamp":"2026-01-21T00:00:14.789757Z","level":"info","event":" 'full_title': 'Notebook Aspire Go Ag15-71p-5939 Ci5 8gb 256gb Ssd Led Tn W11 '","logger":"airflow.task.hooks.airflow.providers.standard.hooks.subprocess.SubprocessHook","filename":"subprocess.py","lineno":99}
{"timestamp":"2026-01-21T00:00:14.789789Z","level":"info","event":"               'Acer',","logger":"airflow.task.hooks.airflow.providers.standard.hooks.subprocess.SubprocessHook","filename":"subprocess.py","lineno":99}
{"timestamp":"2026-01-21T00:00:14.789818Z","level":"info","event":" 'memory': 'N/A',","logger":"airflow.task.hooks.airflow.providers.standard.hooks.subprocess.SubprocessHook","filename":"subprocess.py","lineno":99}
{"timestamp":"2026-01-21T00:00:14.789847Z","level":"info","event":" 'price': '3.653',","logger":"airflow.task.hooks.airflow.providers.standard.hooks.subprocess.SubprocessHook","filename":"subprocess.py","lineno":99}
{"timestamp":"2026-01-21T00:00:14.789874Z","level":"info","event":" 'rating': '4.9',","logger":"airflow.task.hooks.airflow.providers.standard.hooks.subprocess.SubprocessHook","filename":"subprocess.py","lineno":99}
{"timestamp":"2026-01-21T00:00:14.789900Z","level":"info","event":" 'site_name': 'mercado_livre',","logger":"airflow.task.hooks.airflow.providers.standard.hooks.subprocess.SubprocessHook","filename":"subprocess.py","lineno":99}
{"timestamp":"2026-01-21T00:00:14.789927Z","level":"info","event":" 'storage': '256gb'}","logger":"airflow.task.hooks.airflow.providers.standard.hooks.subprocess.SubprocessHook","filename":"subprocess.py","lineno":99}
{"timestamp":"2026-01-21T00:00:14.790897Z","level":"info","event":"2026-01-21 00:00:14 [scrapy.core.scraper] DEBUG: Scraped from <200 https://lista.mercadolivre.com.br/notebook>","logger":"airflow.task.hooks.airflow.providers.standard.hooks.subprocess.SubprocessHook","filename":"subprocess.py","lineno":99}
{"timestamp":"2026-01-21T00:00:14.790979Z","level":"info","event":"{'color': 'Cinza',","logger":"airflow.task.hooks.airflow.providers.standard.hooks.subprocess.SubprocessHook","filename":"subprocess.py","lineno":99}
{"timestamp":"2026-01-21T00:00:14.791028Z","level":"info","event":" 'full_title': 'Notebook Positivo Vision C14 Lumina BAR Celeron 4GB 128GB eMMC '","logger":"airflow.task.hooks.airflow.providers.standard.hooks.subprocess.SubprocessHook","filename":"subprocess.py","lineno":99}
{"timestamp":"2026-01-21T00:00:14.791060Z","level":"info","event":"               'Tela 14 Polegadas HD Antirreflexo Windows 11 Tecla Link Cinza',","logger":"airflow.task.hooks.airflow.providers.standard.hooks.subprocess.SubprocessHook","filename":"subprocess.py","lineno":99}
{"timestamp":"2026-01-21T00:00:14.791090Z","level":"info","event":" 'memory': 'N/A',","logger":"airflow.task.hooks.airflow.providers.standard.hooks.subprocess.SubprocessHook","filename":"subprocess.py","lineno":99}
{"timestamp":"2026-01-21T00:00:14.791118Z","level":"info","event":" 'price': '1.799',","logger":"airflow.task.hooks.airflow.providers.standard.hooks.subprocess.SubprocessHook","filename":"subprocess.py","lineno":99}
{"timestamp":"2026-01-21T00:00:14.791145Z","level":"info","event":" 'rating': '4.6',","logger":"airflow.task.hooks.airflow.providers.standard.hooks.subprocess.SubprocessHook","filename":"subprocess.py","lineno":99}
{"timestamp":"2026-01-21T00:00:14.791172Z","level":"info","event":" 'site_name': 'mercado_livre',","logger":"airflow.task.hooks.airflow.providers.standard.hooks.subprocess.SubprocessHook","filename":"subprocess.py","lineno":99}
{"timestamp":"2026-01-21T00:00:14.791198Z","level":"info","event":" 'storage': 'N/A'}","logger":"airflow.task.hooks.airflow.providers.standard.hooks.subprocess.SubprocessHook","filename":"subprocess.py","lineno":99}
{"timestamp":"2026-01-21T00:00:14.791335Z","level":"info","event":"2026-01-21 00:00:14 [scrapy.downloadermiddlewares.robotstxt] DEBUG: Forbidden by robots.txt: <GET https://lista.mercadolivre.com.br/informatica/portateis-acessorios/notebooks/notebook_Desde_51_NoIndex_True>","logger":"airflow.task.hooks.airflow.providers.standard.hooks.subprocess.SubprocessHook","filename":"subprocess.py","lineno":99}
{"timestamp":"2026-01-21T00:00:14.893856Z","level":"info","event":"2026-01-21 00:00:14 [scrapy.core.engine] INFO: Closing spider (finished)","logger":"airflow.task.hooks.airflow.providers.standard.hooks.subprocess.SubprocessHook","filename":"subprocess.py","lineno":99}
{"timestamp":"2026-01-21T00:00:14.894735Z","level":"info","event":"2026-01-21 00:00:14 [scrapy.statscollectors] INFO: Dumping Scrapy stats:","logger":"airflow.task.hooks.airflow.providers.standard.hooks.subprocess.SubprocessHook","filename":"subprocess.py","lineno":99}
{"timestamp":"2026-01-21T00:00:14.894853Z","level":"info","event":"{'downloader/exception_count': 1,","logger":"airflow.task.hooks.airflow.providers.standard.hooks.subprocess.SubprocessHook","filename":"subprocess.py","lineno":99}
{"timestamp":"2026-01-21T00:00:14.894906Z","level":"info","event":" 'downloader/exception_type_count/scrapy.exceptions.IgnoreRequest': 1,","logger":"airflow.task.hooks.airflow.providers.standard.hooks.subprocess.SubprocessHook","filename":"subprocess.py","lineno":99}
{"timestamp":"2026-01-21T00:00:14.894945Z","level":"info","event":" 'downloader/request_bytes': 710,","logger":"airflow.task.hooks.airflow.providers.standard.hooks.subprocess.SubprocessHook","filename":"subprocess.py","lineno":99}
{"timestamp":"2026-01-21T00:00:14.894977Z","level":"info","event":" 'downloader/request_count': 2,","logger":"airflow.task.hooks.airflow.providers.standard.hooks.subprocess.SubprocessHook","filename":"subprocess.py","lineno":99}
{"timestamp":"2026-01-21T00:00:14.895006Z","level":"info","event":" 'downloader/request_method_count/GET': 2,","logger":"airflow.task.hooks.airflow.providers.standard.hooks.subprocess.SubprocessHook","filename":"subprocess.py","lineno":99}
{"timestamp":"2026-01-21T00:00:14.895035Z","level":"info","event":" 'downloader/response_bytes': 481566,","logger":"airflow.task.hooks.airflow.providers.standard.hooks.subprocess.SubprocessHook","filename":"subprocess.py","lineno":99}
{"timestamp":"2026-01-21T00:00:14.895062Z","level":"info","event":" 'downloader/response_count': 2,","logger":"airflow.task.hooks.airflow.providers.standard.hooks.subprocess.SubprocessHook","filename":"subprocess.py","lineno":99}
{"timestamp":"2026-01-21T00:00:14.895088Z","level":"info","event":" 'downloader/response_status_count/200': 2,","logger":"airflow.task.hooks.airflow.providers.standard.hooks.subprocess.SubprocessHook","filename":"subprocess.py","lineno":99}
{"timestamp":"2026-01-21T00:00:14.895115Z","level":"info","event":" 'elapsed_time_seconds': 7.791503,","logger":"airflow.task.hooks.airflow.providers.standard.hooks.subprocess.SubprocessHook","filename":"subprocess.py","lineno":99}
{"timestamp":"2026-01-21T00:00:14.895142Z","level":"info","event":" 'finish_reason': 'finished',","logger":"airflow.task.hooks.airflow.providers.standard.hooks.subprocess.SubprocessHook","filename":"subprocess.py","lineno":99}
{"timestamp":"2026-01-21T00:00:14.895170Z","level":"info","event":" 'finish_time': datetime.datetime(2026, 1, 21, 0, 0, 14, 894218, tzinfo=datetime.timezone.utc),","logger":"airflow.task.hooks.airflow.providers.standard.hooks.subprocess.SubprocessHook","filename":"subprocess.py","lineno":99}
{"timestamp":"2026-01-21T00:00:14.895242Z","level":"info","event":" 'httpcompression/response_bytes': 3015353,","logger":"airflow.task.hooks.airflow.providers.standard.hooks.subprocess.SubprocessHook","filename":"subprocess.py","lineno":99}
{"timestamp":"2026-01-21T00:00:14.895289Z","level":"info","event":" 'httpcompression/response_count': 2,","logger":"airflow.task.hooks.airflow.providers.standard.hooks.subprocess.SubprocessHook","filename":"subprocess.py","lineno":99}
{"timestamp":"2026-01-21T00:00:14.895320Z","level":"info","event":" 'item_scraped_count': 55,","logger":"airflow.task.hooks.airflow.providers.standard.hooks.subprocess.SubprocessHook","filename":"subprocess.py","lineno":99}
{"timestamp":"2026-01-21T00:00:14.895349Z","level":"info","event":" 'items_per_minute': 471.42857142857144,","logger":"airflow.task.hooks.airflow.providers.standard.hooks.subprocess.SubprocessHook","filename":"subprocess.py","lineno":99}
{"timestamp":"2026-01-21T00:00:14.895378Z","level":"info","event":" 'log_count/DEBUG': 63,","logger":"airflow.task.hooks.airflow.providers.standard.hooks.subprocess.SubprocessHook","filename":"subprocess.py","lineno":99}
{"timestamp":"2026-01-21T00:00:14.895405Z","level":"info","event":" 'log_count/INFO': 10,","logger":"airflow.task.hooks.airflow.providers.standard.hooks.subprocess.SubprocessHook","filename":"subprocess.py","lineno":99}
{"timestamp":"2026-01-21T00:00:14.895431Z","level":"info","event":" 'log_count/WARNING': 1,","logger":"airflow.task.hooks.airflow.providers.standard.hooks.subprocess.SubprocessHook","filename":"subprocess.py","lineno":99}
{"timestamp":"2026-01-21T00:00:14.895456Z","level":"info","event":" 'memusage/max': 222859264,","logger":"airflow.task.hooks.airflow.providers.standard.hooks.subprocess.SubprocessHook","filename":"subprocess.py","lineno":99}
{"timestamp":"2026-01-21T00:00:14.895482Z","level":"info","event":" 'memusage/startup': 222859264,","logger":"airflow.task.hooks.airflow.providers.standard.hooks.subprocess.SubprocessHook","filename":"subprocess.py","lineno":99}
{"timestamp":"2026-01-21T00:00:14.895507Z","level":"info","event":" 'request_depth_max': 1,","logger":"airflow.task.hooks.airflow.providers.standard.hooks.subprocess.SubprocessHook","filename":"subprocess.py","lineno":99}
{"timestamp":"2026-01-21T00:00:14.895532Z","level":"info","event":" 'response_received_count': 2,","logger":"airflow.task.hooks.airflow.providers.standard.hooks.subprocess.SubprocessHook","filename":"subprocess.py","lineno":99}
{"timestamp":"2026-01-21T00:00:14.895557Z","level":"info","event":" 'responses_per_minute': 17.142857142857142,","logger":"airflow.task.hooks.airflow.providers.standard.hooks.subprocess.SubprocessHook","filename":"subprocess.py","lineno":99}
{"timestamp":"2026-01-21T00:00:14.895583Z","level":"info","event":" 'robotstxt/forbidden': 1,","logger":"airflow.task.hooks.airflow.providers.standard.hooks.subprocess.SubprocessHook","filename":"subprocess.py","lineno":99}
{"timestamp":"2026-01-21T00:00:14.895608Z","level":"info","event":" 'robotstxt/request_count': 1,","logger":"airflow.task.hooks.airflow.providers.standard.hooks.subprocess.SubprocessHook","filename":"subprocess.py","lineno":99}
{"timestamp":"2026-01-21T00:00:14.895634Z","level":"info","event":" 'robotstxt/response_count': 1,","logger":"airflow.task.hooks.airflow.providers.standard.hooks.subprocess.SubprocessHook","filename":"subprocess.py","lineno":99}
{"timestamp":"2026-01-21T00:00:14.895660Z","level":"info","event":" 'robotstxt/response_status_count/200': 1,","logger":"airflow.task.hooks.airflow.providers.standard.hooks.subprocess.SubprocessHook","filename":"subprocess.py","lineno":99}
{"timestamp":"2026-01-21T00:00:14.895686Z","level":"info","event":" 'scheduler/dequeued': 2,","logger":"airflow.task.hooks.airflow.providers.standard.hooks.subprocess.SubprocessHook","filename":"subprocess.py","lineno":99}
{"timestamp":"2026-01-21T00:00:14.895712Z","level":"info","event":" 'scheduler/dequeued/memory': 2,","logger":"airflow.task.hooks.airflow.providers.standard.hooks.subprocess.SubprocessHook","filename":"subprocess.py","lineno":99}
{"timestamp":"2026-01-21T00:00:14.895737Z","level":"info","event":" 'scheduler/enqueued': 2,","logger":"airflow.task.hooks.airflow.providers.standard.hooks.subprocess.SubprocessHook","filename":"subprocess.py","lineno":99}
{"timestamp":"2026-01-21T00:00:14.895762Z","level":"info","event":" 'scheduler/enqueued/memory': 2,","logger":"airflow.task.hooks.airflow.providers.standard.hooks.subprocess.SubprocessHook","filename":"subprocess.py","lineno":99}
{"timestamp":"2026-01-21T00:00:14.895788Z","level":"info","event":" 'start_time': datetime.datetime(2026, 1, 21, 0, 0, 7, 102715, tzinfo=datetime.timezone.utc)}","logger":"airflow.task.hooks.airflow.providers.standard.hooks.subprocess.SubprocessHook","filename":"subprocess.py","lineno":99}
{"timestamp":"2026-01-21T00:00:14.895817Z","level":"info","event":"2026-01-21 00:00:14 [scrapy.core.engine] INFO: Spider closed (finished)","logger":"airflow.task.hooks.airflow.providers.standard.hooks.subprocess.SubprocessHook","filename":"subprocess.py","lineno":99}
{"timestamp":"2026-01-21T00:00:15.100456Z","level":"info","event":"Command exited with return code 0","logger":"airflow.task.hooks.airflow.providers.standard.hooks.subprocess.SubprocessHook","filename":"subprocess.py","lineno":103}
{"timestamp":"2026-01-21T00:00:15.102303Z","level":"info","event":"Pushing xcom","ti":"RuntimeTaskInstance(id=UUID('019bddd9-db5e-7140-9314-154ef9471296'), task_id='run_scrapy', dag_id='scrapy_pipeline', run_id='scheduled__2026-01-21T00:00:00+00:00', try_number=1, dag_version_id=UUID('019bc472-70f3-7d89-9f0c-dbdc5725b3ef'), map_index=-1, hostname='4fc5979f3cf4', context_carrier={}, task=<Task(BashOperator): run_scrapy>, bundle_instance=LocalDagBundle(name=dags-folder), max_tries=0, start_date=datetime.datetime(2026, 1, 21, 0, 0, 1, 726027, tzinfo=datetime.timezone.utc), end_date=None, state=<TaskInstanceState.RUNNING: 'running'>, is_mapped=False, rendered_map_index=None)","logger":"task","filename":"task_runner.py","lineno":1370}
